frequency,pdr
11,-66.6
12,-71.3333333333
13,-64.3333333333
14,-62.0
15,-72.4545454545
16,-63.2
17,-64.0
18,-74.2
19,-72.7
20,-73.7
21,-67.3
22,-63.8
23,-67.0
24,-66.1
25,-68.0
26,-67.8
