frequency,pdr
11,-65.8888888889
12,-65.1111111111
13,-60.4
14,-65.7
15,-66.0
16,-68.3
17,-65.4
18,-63.2
19,-59.9
20,-65.2
21,-68.1
22,-58.8
23,-60.8
24,-74.5
25,-61.4
26,-55.4
