frequency,pdr
11,-72.2222222222
12,-68.4444444444
13,-75.2222222222
14,-74.5555555556
15,-66.4
16,-66.8
17,-69.7
18,-67.0
19,-64.8
20,-65.3
21,-63.4
22,-67.0
23,-64.2
24,-63.3
25,-80.3
26,-64.0
