frequency,pdr
11,-49.0
12,-56.5555555556
13,-62.1818181818
14,-53.6
15,-52.9
16,-56.1
17,-50.5
18,-51.9
19,-54.4
20,-52.0
21,-52.0
22,-54.8
23,-54.0
24,-52.0
25,-53.0
26,-55.0
