frequency,pdr
11,-57.9
12,-52.7777777778
13,-62.1111111111
14,-53.9
15,-58.3
16,-61.4
17,-46.4
18,-51.8
19,-51.1
20,-58.2
21,-55.0
22,-53.6
23,-55.4
24,-46.9
25,-52.0
26,-55.0
