frequency,pdr
11,-55.2
12,-59.1111111111
13,-59.5555555556
14,-70.7
15,-55.0
16,-55.0
17,-62.5
18,-61.0
19,-70.0
20,-63.0
21,-57.3
22,-55.0
23,-55.0
24,-68.1
25,-64.9
26,-62.9
