frequency,pdr
11,-58.9090909091
12,-60.2
13,-64.8888888889
14,-59.2
15,-55.0
16,-55.0
17,-61.0
18,-58.0
19,-61.0
20,-67.0
21,-75.6
22,-60.2
23,-56.9
24,-58.3
25,-58.0
26,-63.0
