frequency,pdr
11,-64.4
12,-65.5555555556
13,-61.5
14,-61.2
15,-67.6
16,-65.3
17,-61.0
18,-67.0
19,-71.1
20,-70.7
21,-70.1
22,-71.7
23,-77.6666666667
24,-66.7
25,-76.9
26,-64.0
