frequency,pdr
11,-61.8
12,-65.5555555556
13,-84.3333333333
14,-69.4
15,-62.1
16,-72.1
17,-73.8
18,-67.0
19,-60.6
20,-58.1
21,-61.9
22,-59.0
23,-67.6
24,-64.1
25,-66.8
26,-72.2
