frequency,pdr
11,-66.7777777778
12,-53.1111111111
13,-63.3
14,-55.0
15,-55.0
16,-55.0
17,-52.0
18,-46.0
19,-47.8
20,-48.2
21,-49.2
22,-48.3
23,-49.9
24,-51.5
25,-53.0
26,-55.0
