frequency,pdr
11,-64.2222222222
12,-70.4444444444
13,-61.0
14,-69.1111111111
15,-63.5
16,-59.7
17,-67.6
18,-68.3
19,-58.0
20,-56.1
21,-63.1
22,-61.4
23,-65.8
24,-62.0
25,-75.6
26,-69.9
