frequency,pdr
11,-63.0
12,-66.1111111111
13,-62.1111111111
14,-67.1
15,-77.6
16,-67.0
17,-67.0
18,-70.0
19,-72.2
20,-68.8
21,-67.0
22,-62.3
23,-58.0
24,-64.0
25,-64.0
26,-58.0
