frequency,pdr
11,-49.0
12,-54.3333333333
13,-52.8888888889
14,-52.0
15,-51.6
16,-50.1
17,-67.8
18,-52.8
19,-46.3
20,-63.3
21,-52.9
22,-46.3
23,-46.0
24,-43.0
25,-59.7
26,-61.4
