frequency,pdr
11,-66.8888888889
12,-57.8888888889
13,-68.2222222222
14,-61.6
15,-61.0
16,-58.0
17,-59.9
18,-65.3
19,-55.0
20,-66.5
21,-60.8
22,-62.2
23,-67.0
24,-55.0
25,-61.0
26,-58.0
