frequency,pdr
11,-64.0
12,-70.2
13,-63.7777777778
14,-61.0
15,-66.9
16,-61.0
17,-67.2
18,-63.6
19,-67.0
20,-64.0
21,-67.7
22,-81.1111111111
23,-69.9
24,-67.0
25,-65.7
26,-65.3
