frequency,pdr
11,-73.1
12,-63.5555555556
13,-64.2222222222
14,-61.6
15,-65.3
16,-77.3
17,-59.0
18,-59.3
19,-59.9
20,-62.0
21,-63.0
22,-70.9
23,-60.5
24,-65.2
25,-68.7
26,-77.6
