frequency,pdr
11,-90.0
12,-89.2222222222
13,-88.625
14,-89.8571428571
15,-90.3
16,-89.4
17,-91.0
18,-91.0
19,-91.0
20,-91.0
21,-91.0
25,-91.0
