frequency,pdr
11,-88.1428571429
12,-89.3333333333
13,-88.0
14,-87.2857142857
15,-90.6
18,-91.0
19,-91.0
20,-91.0
21,-90.5
22,-89.0
23,-90.0
24,-88.0
25,-86.9
26,-87.9
