frequency,pdr
11,-82.0
12,-80.0
13,-79.2222222222
14,-78.8
15,-78.0
16,-77.2
17,-79.0
18,-79.0
19,-80.1
20,-82.0
21,-86.0
22,-89.7142857143
23,-89.0
24,-87.0
25,-84.3
26,-85.0
