frequency,pdr
11,-69.1111111111
12,-70.0
13,-70.8888888889
14,-70.0
15,-70.0
16,-70.1
17,-70.1
18,-70.0
19,-70.0
20,-70.0
21,-70.1
22,-71.0
23,-71.0
24,-70.0
25,-70.0
26,-69.0
