frequency,pdr
11,-82.2222222222
12,-83.0
13,-82.0
14,-82.0
15,-82.5
16,-83.0
17,-85.0
18,-87.0
19,-88.0
20,-88.0
21,-87.9
22,-88.2222222222
23,-91.0
24,-90.2
25,-89.0
26,-90.0
