frequency,pdr
11,-88.3333333333
12,-86.0
13,-88.625
14,-89.4444444444
15,-90.9
16,-91.0
17,-91.0
23,-91.0
24,-91.0
25,-91.0
26,-91.0
