frequency,pdr
11,-86.875
12,-86.4444444444
13,-86.0
14,-85.7142857143
15,-90.0
16,-91.0
17,-90.0
18,-87.0
19,-85.0
20,-84.0
21,-85.0
22,-86.1111111111
23,-90.0
24,-91.0
25,-91.0
26,-91.0
