frequency,pdr
11,-75.8888888889
12,-75.8888888889
13,-73.0
14,-72.6
15,-70.7
16,-70.0
17,-69.8
18,-67.8
19,-68.7
20,-67.8
21,-67.1
22,-67.4
23,-67.9
24,-68.9
25,-68.3
26,-67.8
