frequency,pdr
11,-77.8888888889
12,-84.7777777778
13,-82.0
14,-79.1
15,-76.6
16,-73.9
17,-73.0
18,-73.6
19,-75.2
20,-75.3
21,-76.0
22,-76.7
23,-76.4
24,-76.0
25,-73.1
26,-73.2
