frequency,pdr
11,-80.8888888889
12,-80.0
13,-80.2222222222
14,-81.5454545455
15,-82.0
16,-85.0
17,-88.9
18,-90.0
19,-86.0
20,-82.0
21,-80.1
22,-79.3
23,-79.0
24,-79.6
25,-80.7
26,-81.1
