frequency,pdr
11,-85.0
12,-89.7777777778
13,-90.1111111111
14,-90.0
15,-87.0
16,-87.5
17,-91.0
19,-91.0
20,-90.0
21,-89.2
22,-86.3333333333
23,-87.9
24,-89.3
25,-90.8
26,-91.0
