frequency,pdr
11,-52.0
12,-67.4444444444
13,-56.8888888889
14,-49.0
15,-49.0
16,-53.0
17,-49.0
18,-46.0
19,-45.7
20,-47.2
21,-49.4
22,-49.0
23,-48.1
24,-43.2
25,-44.0
26,-46.0
