frequency,pdr
11,-51.6
12,-52.0
13,-54.3333333333
14,-46.0
15,-49.3
16,-52.0
17,-70.4
18,-49.6
19,-54.1818181818
20,-55.0
21,-52.0
22,-55.9
23,-52.0
24,-62.0
25,-49.7
26,-51.8
