frequency,pdr
11,-63.0
12,-65.5555555556
13,-70.2222222222
14,-67.0
15,-67.0
16,-61.0
17,-65.1
18,-64.0
19,-65.0
20,-67.0
21,-60.0
22,-58.0
23,-65.7
24,-67.0
25,-69.0
26,-67.3
