frequency,pdr
11,-71.8
12,-69.5555555556
13,-61.4444444444
14,-59.8
15,-57.2
16,-55.0
17,-55.0
18,-63.6
19,-68.6
20,-72.0
21,-63.3
22,-61.1
23,-55.0
24,-66.8
25,-63.7
26,-55.0
