frequency,pdr
11,-71.7777777778
12,-66.2222222222
13,-73.3333333333
14,-68.0
15,-68.2
16,-69.1
17,-74.5
18,-61.2
19,-65.3
20,-63.8
21,-72.3
22,-67.0
23,-71.8
24,-59.9
25,-66.2
26,-68.0
