frequency,pdr
11,-61.0
12,-55.1111111111
13,-60.1
14,-68.7
15,-61.4
16,-55.0
17,-52.0
18,-55.7
19,-51.3
20,-55.7
21,-46.3
22,-61.0
23,-59.8
24,-56.4
25,-61.4444444444
26,-55.0
