frequency,pdr
11,-60.2
12,-64.5555555556
13,-76.2222222222
14,-76.0
15,-68.0
16,-66.3
17,-74.1
18,-70.0
19,-65.5
20,-73.9
21,-74.0
22,-74.5
23,-74.2857142857
24,-66.0
25,-61.0
26,-77.0
