frequency,pdr
11,-65.1111111111
12,-57.4
13,-65.5555555556
14,-53.9
15,-54.4
16,-50.1
17,-51.8
18,-53.2
19,-55.0
20,-60.4
21,-53.4
22,-56.2
23,-59.4
24,-59.0
25,-46.0
26,-49.4
