frequency,pdr
11,-45.9
12,-51.2222222222
13,-49.6666666667
14,-51.9
15,-55.4
16,-55.0
17,-76.375
18,-51.4
19,-48.4
20,-50.9
21,-52.0
22,-47.1
23,-52.0
24,-52.9
25,-52.1
26,-46.0
