frequency,pdr
11,-67.0
12,-67.0
13,-67.8888888889
14,-67.8
15,-70.7
16,-61.0
17,-66.0
18,-67.0
19,-80.4
20,-67.0
21,-67.0
22,-61.0
23,-64.7
24,-64.3
25,-61.8888888889
26,-67.0
