frequency,pdr
11,-57.0
12,-58.0
13,-64.1111111111
14,-63.9
15,-69.3
16,-68.8
17,-67.0
18,-57.1
19,-63.3
20,-56.1
21,-65.2
22,-58.0
23,-62.1
24,-71.9
25,-57.6666666667
26,-58.0
