frequency,pdr
11,-46.0
12,-55.0
13,-64.4444444444
14,-52.0
15,-57.6
16,-56.9090909091
17,-49.0
18,-53.0
19,-47.4
20,-49.0
21,-48.4
22,-49.0
23,-61.0
24,-54.0
25,-56.5
26,-53.0
