frequency,pdr
11,-67.0
12,-67.0
13,-74.75
14,-67.0
15,-67.0
16,-67.0
17,-64.0
18,-68.4
19,-67.0
20,-77.2
21,-61.0
22,-71.8
23,-79.3333333333
24,-67.0
25,-65.8888888889
26,-78.7
