frequency,pdr
11,-48.4
12,-46.0
13,-52.8888888889
14,-55.4
15,-49.6
16,-65.3
17,-46.7
18,-44.3
19,-50.9
20,-68.7
21,-54.0
22,-67.3
23,-56.5
24,-51.5
25,-66.2222222222
26,-60.0
