frequency,pdr
11,-58.0
12,-52.8888888889
13,-56.5555555556
14,-53.9
15,-49.0
16,-58.8181818182
17,-55.9
18,-51.2
19,-52.0
20,-57.6
21,-65.0
22,-58.3
23,-55.0
24,-52.0
25,-55.0
26,-53.7
