frequency,pdr
11,-55.0
12,-61.0
13,-55.7
14,-55.3
15,-55.0
16,-60.5
17,-61.8
18,-55.0
19,-54.4545454545
20,-54.4
21,-55.0
22,-56.9
23,-55.0
24,-64.3
25,-62.2222222222
26,-68.9
