frequency,pdr
11,-54.8
12,-59.8888888889
13,-57.3333333333
14,-59.4
15,-55.4
16,-64.0
17,-53.9
18,-52.0
19,-50.1
20,-65.5
21,-53.8
22,-52.6
23,-43.1
24,-43.0
25,-46.0
26,-51.9
