frequency,pdr
11,-61.0
12,-62.1
13,-62.0
14,-70.1
15,-65.3
16,-64.0
17,-61.0
18,-69.5454545455
19,-66.2
20,-69.1
21,-69.3
22,-58.4
23,-65.0909090909
24,-57.0
25,-60.7
26,-60.0
