frequency,pdr
11,-52.4
12,-50.2222222222
13,-53.2222222222
14,-59.7
15,-53.4
16,-47.9
17,-52.0
18,-49.1
19,-46.0
20,-51.2
21,-49.0
22,-46.1
23,-58.8
24,-67.5
25,-61.7
26,-56.5
