frequency,pdr
11,-50.2
12,-55.3333333333
13,-48.5555555556
14,-49.5
15,-47.6
16,-47.2
17,-46.0
18,-46.9
19,-49.0
20,-54.0
21,-48.4
22,-46.0
23,-69.3333333333
24,-50.6
25,-65.9
26,-49.0
