frequency,pdr
11,-53.5
12,-54.8888888889
13,-57.3
14,-51.1
15,-61.1
16,-55.0
17,-52.4
18,-52.0
19,-49.4
20,-53.3636363636
21,-47.4
22,-49.0
23,-43.0
24,-43.4
25,-43.0
26,-48.9
