frequency,pdr
11,-76.1111111111
12,-67.3333333333
13,-67.1
14,-58.0
15,-58.0
16,-64.0
17,-73.0
18,-65.4
19,-64.0
20,-62.6
21,-63.9
22,-61.0
23,-66.3
24,-67.1
25,-78.9
26,-69.8
