frequency,pdr
11,-70.4
12,-52.1111111111
13,-58.0909090909
14,-72.1
15,-55.0
16,-52.0
17,-64.0
18,-55.0
19,-58.0
20,-55.0
21,-64.6
22,-55.0
23,-63.1
24,-46.9
25,-49.0
26,-49.0
