frequency,pdr
11,-70.7777777778
12,-60.0
13,-64.0
14,-68.8
15,-73.3
16,-70.0
17,-71.7
18,-75.4
19,-65.1
20,-69.2
21,-70.7
22,-68.3333333333
23,-64.0
24,-64.0
25,-57.5
26,-61.2
