frequency,pdr
11,-51.3
12,-48.3333333333
13,-51.8888888889
14,-51.4
15,-65.6
16,-67.4
17,-49.2
18,-60.2
19,-58.6
20,-48.4
21,-50.7
22,-56.7
23,-55.0
24,-55.0
25,-58.9
26,-58.3
