frequency,pdr
11,-52.0
12,-54.3333333333
13,-54.5555555556
14,-55.5
15,-55.8
16,-56.9
17,-53.2
18,-52.0
19,-53.0
20,-65.6
21,-60.2
22,-63.2
23,-61.4
24,-68.2
25,-58.0
26,-56.5
