frequency,pdr
11,-69.8888888889
12,-63.5
13,-67.0
14,-67.0
15,-67.1
16,-64.0
17,-60.2
18,-62.9
19,-65.9
20,-61.1
21,-63.9
22,-59.5
23,-71.7777777778
24,-58.0
25,-61.0
