frequency,pdr
11,-61.1
12,-67.0
13,-75.7777777778
14,-68.1
15,-67.2
16,-60.7
17,-71.6
18,-74.3
19,-68.9
20,-65.8
21,-58.0
22,-71.7777777778
23,-64.4
24,-76.1
25,-61.0
26,-68.4
