frequency,pdr
11,-53.7
12,-51.1111111111
13,-58.3333333333
14,-55.3
15,-51.4
16,-54.8
17,-51.9
18,-70.3333333333
19,-55.0
20,-68.5
21,-66.0
22,-53.2
23,-55.0
24,-71.3
25,-58.2
26,-52.1
