frequency,pdr
11,-70.1111111111
12,-55.0
13,-61.5555555556
14,-60.9
15,-69.6
16,-79.0
17,-64.2
18,-59.8
19,-61.0
20,-71.9
21,-64.0
22,-64.8
23,-63.6
24,-59.7
25,-64.0
26,-61.4
