frequency,pdr
11,-55.0
12,-58.1111111111
13,-60.4444444444
14,-56.6
15,-60.9
16,-44.3
17,-58.0
18,-61.0
19,-47.8
20,-49.0
21,-53.2
22,-50.1
23,-58.9
24,-51.8
25,-55.1
26,-52.4
