frequency,pdr
11,-64.2222222222
12,-59.6666666667
13,-59.0
14,-73.9
15,-71.0
16,-60.3
17,-77.6
18,-65.0
19,-62.5
20,-63.0
21,-67.4
22,-70.0
23,-64.0
24,-64.2
25,-67.0
26,-72.9090909091
