frequency,pdr
11,-91.0
12,-88.375
13,-88.5555555556
14,-90.7777777778
15,-91.0
16,-90.8571428571
17,-91.0
19,-91.0
20,-89.5
21,-89.75
22,-89.0
23,-90.6
24,-91.0
25,-89.4
26,-88.9
