frequency,pdr
11,-80.0
12,-82.0
13,-86.8888888889
14,-90.0
15,-83.8
16,-81.8888888889
17,-80.4
18,-79.3333333333
19,-79.9
20,-81.7
21,-80.8888888889
22,-79.625
23,-81.375
24,-85.8888888889
25,-89.0
26,-87.8
