frequency,pdr
11,-91.0
13,-91.0
14,-91.0
15,-91.0
17,-89.5555555556
18,-85.6
19,-84.0
20,-88.0
21,-91.0
22,-86.25
23,-84.8571428571
24,-87.75
25,-90.0
26,-91.0
