frequency,pdr
11,-88.875
12,-89.0
13,-89.3333333333
14,-88.75
15,-89.4
16,-90.8888888889
17,-91.0
18,-91.0
19,-91.0
21,-90.875
22,-91.0
23,-91.0
24,-91.0
25,-91.0
26,-91.0
