frequency,pdr
11,-87.7
12,-87.3333333333
13,-88.7777777778
14,-90.1
15,-91.0
16,-91.0
17,-91.0
18,-91.0
19,-91.0
23,-91.0
24,-91.0
25,-91.0
26,-91.0
