frequency,pdr
11,-88.125
12,-87.75
13,-89.0
14,-90.4444444444
15,-91.0
21,-91.0
22,-90.0
23,-90.6666666667
24,-91.0
25,-91.0
26,-91.0
