frequency,pdr
11,-89.2857142857
12,-90.0
13,-90.0
14,-89.875
15,-90.5
16,-91.0
17,-91.0
19,-91.0
20,-91.0
21,-90.9
23,-90.7142857143
24,-90.0
25,-90.0
26,-88.5
