frequency,pdr
11,1.42857142857
12,1.5873015873
13,0.634920634921
14,0.793650793651
15,1.42857142857
16,1.42857142857
17,1.11111111111
18,1.42857142857
19,1.5873015873
20,1.26984126984
21,1.42857142857
22,1.5873015873
23,1.5873015873
24,1.5873015873
25,1.5873015873
26,1.5873015873
