frequency,pdr
11,-90.4285714286
12,-90.8571428571
13,-90.8888888889
14,-91.0
16,-91.0
17,-88.6666666667
18,-86.75
19,-86.0
20,-86.4
21,-88.1
25,-91.0
26,-90.0
