frequency,pdr
11,-79.3
12,-79.0
13,-79.0
14,-79.5
15,-79.0
16,-79.0
17,-79.0
18,-80.1111111111
19,-81.7
20,-82.8181818182
21,-84.6
22,-88.25
23,-91.0
24,-91.0
25,-89.1
26,-88.2
