frequency,pdr
11,-73.0
12,-76.1111111111
13,-70.3
14,-69.8
15,-69.0
16,-70.0
17,-73.1111111111
18,-79.5555555556
19,-86.0
20,-82.0
21,-79.0
22,-75.8
23,-74.1
24,-73.8
25,-74.0
26,-73.0
