frequency,pdr
11,-84.0
12,-87.4
13,-91.0
14,-91.0
15,-87.4
16,-83.0
17,-81.8888888889
18,-82.0
19,-82.0
20,-83.0
21,-83.9
22,-84.6666666667
23,-87.7777777778
24,-91.0
25,-90.5
26,-85.0
