frequency,pdr
11,-77.0
12,-72.9
13,-69.7
14,-68.5
15,-67.8
16,-67.1
17,-68.4
18,-69.5555555556
19,-70.0
20,-73.0
21,-75.8
22,-76.5454545455
23,-78.2
24,-81.5
25,-82.1
26,-80.0
