frequency,pdr
11,-90.0
12,-91.0
13,-91.0
14,-91.0
15,-91.0
16,-91.0
17,-90.7
18,-87.6666666667
19,-87.0
20,-88.3
21,-90.2222222222
22,-90.0
23,-91.0
24,-91.0
25,-91.0
