frequency,pdr
11,-90.6666666667
12,-90.25
13,-87.8333333333
14,-85.7
15,-84.2
16,-83.0
17,-83.0
18,-82.0
19,-82.6
20,-83.0
21,-82.8
22,-82.7777777778
23,-82.9
24,-83.8
25,-85.0
26,-86.0
