frequency,pdr
11,-82.5
12,-91.0
13,-85.4
14,-82.0
15,-81.3
16,-82.9
17,-86.375
18,-90.3333333333
19,-91.0
20,-90.2
21,-88.0
22,-86.2
23,-83.8888888889
24,-82.0
25,-82.7
26,-84.8
