frequency,pdr
11,-71.7
12,-62.625
13,-57.8888888889
14,-66.9
15,-56.1
16,-54.1
17,-51.1
18,-49.9
19,-55.0
20,-63.7
21,-55.0
22,-49.4
23,-55.0
24,-53.3636363636
25,-58.0
26,-53.2
