frequency,pdr
11,-63.1
12,-62.2222222222
13,-65.2222222222
14,-60.2
15,-64.0
16,-67.3
17,-59.2
18,-68.0
19,-65.5
20,-68.1
21,-67.0
22,-66.9
23,-64.0
24,-67.0
25,-68.2
26,-73.1
