frequency,pdr
11,-59.6
12,-63.75
13,-62.6666666667
14,-66.9
15,-65.9
16,-61.0
17,-61.4
18,-64.9
19,-71.3
20,-71.8
21,-59.4
22,-71.5555555556
23,-63.8
24,-69.6
25,-58.1
26,-59.8
