frequency,pdr
11,-69.7
12,-63.4444444444
13,-61.7
14,-73.5
15,-70.9090909091
16,-70.0
17,-58.0
18,-55.0
19,-61.0
20,-68.3
21,-55.5
22,-61.0
23,-67.0
24,-71.4
25,-60.9
26,-71.8
