frequency,pdr
11,-55.0
12,-57.2222222222
13,-54.6666666667
14,-61.0
15,-52.4
16,-54.2
17,-46.0
18,-49.0
19,-48.5
20,-46.0
21,-54.9
22,-49.0
23,-54.8
24,-70.1
25,-53.6
26,-54.1
