frequency,pdr
11,-55.0
12,-64.3333333333
13,-59.5555555556
14,-52.0
15,-48.8
16,-52.0
17,-50.0
18,-46.0
19,-49.0
20,-57.7
21,-48.1
22,-49.0
23,-53.0
24,-59.5
25,-52.2
26,-52.1
