frequency,pdr
11,-70.2
12,-67.2222222222
13,-62.8888888889
14,-63.2
15,-58.0
16,-58.0
17,-64.0
18,-58.0
19,-60.2
20,-64.0
21,-57.7
22,-58.0
23,-69.7
24,-58.0
25,-62.3
26,-71.3
