frequency,pdr
11,-52.0
12,-48.2
13,-56.8888888889
14,-55.5454545455
15,-51.4
16,-48.6
17,-58.1
18,-52.0
19,-51.3
20,-50.3
21,-63.0
22,-48.1
23,-64.9
24,-56.1
25,-51.7
26,-48.9
