frequency,pdr
11,-51.8
12,-57.7777777778
13,-59.7777777778
14,-55.0
15,-63.1
16,-48.7
17,-55.0
18,-52.1
19,-53.5
20,-50.5
21,-52.4
22,-63.0
23,-46.4
24,-47.4
25,-53.4
26,-46.4
