frequency,pdr
11,-44.6
12,-43.6666666667
13,-53.5555555556
14,-51.3
15,-62.8
16,-46.0
17,-46.5
18,-48.8
19,-56.2
20,-52.6
21,-46.0
22,-46.0
23,-52.1
24,-47.9
25,-52.0
26,-60.9
