frequency,pdr
11,-62.1
12,-60.2727272727
13,-53.3
14,-45.8
15,-45.0
16,-51.6
17,-55.0
18,-50.6
19,-49.0
20,-49.1
21,-47.4
22,-45.6
23,-55.3
24,-49.5
25,-63.8888888889
26,-63.1
