frequency,pdr
11,-55.0
12,-52.7777777778
13,-54.2222222222
14,-60.2
15,-55.6
16,-55.5
17,-54.7
18,-57.2
19,-55.0
20,-54.1
21,-55.0
22,-54.3
23,-53.0
24,-58.5
25,-55.0
26,-55.0
