frequency,pdr
11,-59.7
12,-57.6666666667
13,-60.7777777778
14,-55.0
15,-60.0
16,-56.6
17,-52.0
18,-55.0
19,-55.0
20,-49.0
21,-60.7
22,-55.0
23,-58.0
24,-51.7
25,-55.0
26,-55.0
