frequency,pdr
11,-55.5
12,-54.8888888889
13,-55.7777777778
14,-62.5
15,-54.7
16,-55.0
17,-49.6
18,-55.0
19,-49.0
20,-49.3
21,-58.0
22,-55.8181818182
23,-49.5
24,-48.3
25,-46.0
26,-49.2
