frequency,pdr
11,-55.0
12,-60.3333333333
13,-62.3333333333
14,-63.4
15,-66.2
16,-55.4
17,-64.1
18,-61.0
19,-53.0
20,-53.4
21,-55.0
22,-58.7
23,-52.6
24,-58.0
25,-64.0
26,-59.6
