frequency,pdr
11,-60.5
12,-64.4
13,-66.7777777778
14,-60.7272727273
15,-58.0
16,-55.0
17,-59.7
18,-68.0
19,-59.8
20,-64.0
21,-66.0
22,-67.0
23,-64.6
24,-67.0
25,-73.2
26,-61.0
