frequency,pdr
11,-55.0
12,-59.2222222222
13,-51.2
14,-53.6
15,-59.4
16,-58.0
17,-56.2
18,-52.9
19,-55.0
20,-52.0
21,-54.3
22,-55.0
23,-65.6
24,-58.0
25,-63.7272727273
26,-70.0
