frequency,pdr
11,-50.4
12,-49.1
13,-57.6666666667
14,-57.3
15,-53.7
16,-59.8
17,-58.8
18,-64.7272727273
19,-49.0
20,-66.5555555556
21,-50.5
22,-48.0
23,-55.2
24,-51.0
25,-49.0
26,-67.0
