frequency,pdr
11,-53.7777777778
12,-56.4285714286
13,-58.0
14,-55.4
15,-55.0
16,-55.0
17,-58.0
18,-60.2
19,-64.0
20,-65.1
21,-64.2
22,-64.0
23,-64.3
24,-67.5
25,-61.0
26,-58.0
