frequency,pdr
11,-53.4444444444
12,-53.0
13,-54.8
14,-56.9
15,-58.1
16,-55.0
17,-55.0
18,-58.1111111111
19,-61.0
20,-63.8
21,-66.9
22,-64.0
23,-64.0
24,-61.8
25,-60.2
26,-55.0
