frequency,pdr
11,-61.0
12,-70.0
13,-61.1
14,-61.0
15,-61.0
16,-63.7142857143
17,-60.8888888889
18,-58.0
19,-57.7777777778
20,-61.0
21,-67.0
22,-64.0
23,-61.2
24,-61.0
25,-58.9
26,-63.0
