frequency,pdr
11,-61.0
12,-60.375
13,-55.1
14,-55.0
15,-56.5
16,-62.4285714286
17,-67.0
18,-75.3333333333
19,-70.0
20,-67.0
21,-64.0
22,-58.1
23,-61.0
24,-61.0
25,-58.0
26,-61.0
