frequency,pdr
11,-53.5
12,-54.75
13,-56.9
14,-60.7
15,-58.0
16,-55.25
17,-63.1111111111
18,-63.2222222222
19,-55.0
20,-55.0
21,-55.0
22,-57.2
23,-68.4
24,-65.6
25,-61.8
26,-59.3
