frequency,pdr
11,-46.0
12,-48.875
13,-49.0
14,-49.3333333333
15,-48.7
16,-46.1
17,-50.9
18,-52.0
19,-49.0
20,-45.9
21,-44.1
22,-46.0
23,-47.6363636364
24,-49.4
25,-49.4
26,-46.0
