frequency,pdr
11,-58.2
12,-63.4444444444
13,-64.2222222222
14,-56.3
15,-55.3
16,-64.8571428571
17,-58.0
18,-57.5555555556
19,-62.1111111111
20,-67.0
21,-67.6
22,-67.0
23,-61.0
24,-66.3
25,-67.0
26,-63.8
