frequency,pdr
11,-65.6666666667
12,-64.2857142857
13,-66.2222222222
14,-67.0
15,-64.0
16,-57.4
17,-55.0
18,-58.0
19,-66.3
20,-61.3
21,-57.1
22,-55.5
23,-55.0
24,-55.0
25,-59.4
26,-67.0
