frequency,pdr
11,-67.0
12,-63.8571428571
13,-60.3333333333
14,-67.6
15,-65.5
16,-58.8571428571
17,-60.7777777778
18,-58.0
19,-74.5555555556
20,-61.1
21,-55.0
22,-55.0
23,-55.0
24,-57.0
25,-64.4
26,-68.7
