frequency,pdr
11,-60.0
12,-60.6666666667
13,-66.1111111111
14,-55.0
15,-50.0
16,-51.2
17,-57.6
18,-56.1
19,-55.0
20,-67.0
21,-55.0
22,-53.4
23,-62.0
24,-55.0
25,-50.7
26,-54.5
