frequency,pdr
11,-83.375
12,-70.0
13,-70.0
14,-69.4444444444
15,-65.6
16,-66.7142857143
17,-64.1111111111
18,-65.1111111111
19,-60.6666666667
20,-55.0
21,-54.9
22,-58.0
23,-58.0
24,-55.0
25,-53.7
26,-55.0
