frequency,pdr
11,-61.0
12,-64.0
13,-61.0
14,-64.0
15,-71.6
16,-64.4285714286
17,-64.0
18,-66.0
19,-71.0
20,-70.1
21,-66.2
22,-62.2
23,-66.0909090909
24,-65.3
25,-64.0
26,-65.1
