frequency,pdr
11,-52.0
12,-54.1428571429
13,-59.1111111111
14,-65.1111111111
15,-51.0
16,-47.8
17,-49.0
18,-53.4
19,-71.4444444444
20,-55.3
21,-52.9
22,-50.0
23,-49.0
24,-49.0
25,-54.1
26,-56.6
