frequency,pdr
11,-58.0
12,-56.2857142857
13,-57.7777777778
14,-56.6666666667
15,-64.0
16,-58.8571428571
17,-57.8
18,-57.7
19,-56.4
20,-55.0
21,-52.0
22,-51.0
23,-50.9
24,-51.7
25,-52.0
26,-53.8
