frequency,pdr
11,-65.5555555556
12,-70.25
13,-67.0
14,-67.0
15,-68.4
16,-75.5714285714
17,-73.0
18,-72.6666666667
19,-67.6666666667
20,-62.1
21,-64.0
22,-72.6
23,-77.0
24,-68.2
25,-67.0
26,-76.0
