frequency,pdr
11,-58.4444444444
12,-71.5714285714
13,-61.0
14,-60.8
15,-55.1
16,-52.25
17,-54.3333333333
18,-60.7777777778
19,-67.0
20,-61.0
21,-58.0
22,-56.6
23,-58.0
24,-59.9
25,-58.0
26,-55.8
