frequency,pdr
11,-52.0
12,-55.0
13,-68.2222222222
14,-59.3333333333
15,-52.6
16,-49.0
17,-46.0
18,-46.0
19,-46.0
20,-46.0
21,-45.6
22,-46.0
23,-46.0
24,-46.0
25,-46.1
26,-46.0
