frequency,pdr
11,-89.75
12,-89.1111111111
13,-90.0
15,-89.0
16,-86.2
17,-87.2
18,-83.2222222222
19,-84.0
20,-86.1
21,-88.1
22,-85.8888888889
23,-87.7
24,-91.0
25,-91.0
26,-91.0
