frequency,pdr
11,-86.6666666667
12,-86.1
13,-86.3
14,-87.3
15,-84.2
16,-84.0
17,-85.0
18,-83.9
19,-84.4
20,-89.5
21,-88.0
22,-87.1111111111
23,-86.8
24,-89.0
25,-88.4
26,-90.0
