frequency,pdr
11,-80.8888888889
12,-82.0
13,-87.1
14,-89.0
15,-85.0
16,-83.4
17,-82.0
18,-84.4545454545
19,-85.2
20,-90.0
21,-87.2
22,-82.3333333333
23,-81.0
24,-82.0
25,-82.0
26,-82.5
