frequency,pdr
11,-81.7777777778
12,-82.1
13,-78.4
14,-76.0
15,-76.0
16,-78.2
17,-76.0
18,-76.0
19,-76.8
20,-78.6
21,-84.2
22,-83.0
23,-86.8888888889
24,-85.8
25,-81.3
26,-83.4
