frequency,pdr
11,-89.8571428571
12,-82.1111111111
13,-83.2
14,-82.1666666667
15,-82.1
16,-81.6
17,-79.4
18,-78.9
19,-79.5
20,-76.3
21,-76.0
22,-78.3
23,-81.4
24,-83.7
25,-84.1
26,-86.4
