frequency,pdr
11,-90.6666666667
12,-86.0
13,-83.0
14,-85.0
15,-87.6
16,-91.0
17,-91.0
18,-91.0
19,-87.8
20,-88.0
21,-86.0
22,-88.1111111111
23,-91.0
24,-86.0
25,-84.2
26,-87.0
