frequency,pdr
11,-81.7777777778
12,-81.3333333333
13,-79.7
14,-82.0
15,-88.1
16,-90.0
17,-88.7
18,-89.0
19,-91.0
20,-84.9
21,-82.9
22,-83.7
23,-83.2
24,-85.0
25,-85.6
26,-82.1
