frequency,pdr
11,-85.0
12,-83.2222222222
13,-82.7142857143
14,-83.8888888889
15,-84.3
16,-86.4
17,-90.3
19,-91.0
20,-90.2
21,-91.0
23,-91.0
24,-91.0
25,-91.0
26,-91.0
