frequency,pdr
11,-86.7777777778
12,-89.7777777778
13,-91.0
15,-91.0
16,-91.0
17,-91.0
18,-91.0
19,-91.0
21,-91.0
22,-89.6
23,-90.0
24,-90.9
25,-90.4
26,-91.0
