frequency,pdr
11,-83.2222222222
12,-82.0
13,-81.8571428571
14,-81.0
15,-81.7
16,-82.0
17,-83.5
18,-85.1
19,-85.7
20,-85.8
21,-85.9
22,-85.1666666667
23,-87.5
24,-89.1
25,-90.9
26,-90.8
