frequency,pdr
11,-65.0
12,-64.4444444444
13,-64.8571428571
14,-64.0
15,-64.0
16,-64.5
17,-67.0
18,-69.0
19,-72.5
20,-73.0
21,-73.0
22,-71.0
23,-71.0
24,-73.6
25,-80.9
26,-88.4
