frequency,pdr
11,-88.5555555556
12,-84.1
13,-84.3
14,-83.4
15,-85.0
16,-89.0
17,-90.0
18,-86.0
19,-83.0
20,-82.1
21,-83.4
22,-83.7777777778
23,-82.0
24,-82.0
25,-82.0
26,-85.0
