frequency,pdr
11,-58.1
12,-58.0
13,-58.0
14,-58.0
15,-59.8
16,-61.0
17,-61.0
18,-62.4
19,-64.0
20,-67.0
21,-66.7777777778
22,-66.7777777778
23,-63.8888888889
24,-64.0
25,-64.0
26,-64.0
