frequency,pdr
11,-89.3333333333
12,-90.7
13,-91.0
14,-91.0
15,-91.0
16,-90.8
17,-90.9
18,-91.0
19,-91.0
20,-90.2
21,-86.0
22,-83.0
23,-80.7142857143
24,-79.0
25,-79.0
26,-79.0
