frequency,pdr
11,-72.9
12,-68.3
13,-70.0
14,-67.0
15,-64.5
16,-64.0
17,-64.1
18,-66.8
19,-67.0
20,-67.7
21,-72.8
22,-80.3333333333
23,-76.5714285714
24,-73.3
25,-69.6
26,-70.0
