frequency,pdr
11,-87.5
12,-87.8
13,-90.1
14,-91.0
15,-89.1
16,-85.1
17,-84.1
18,-84.0
19,-83.0
20,-83.0
21,-83.1428571429
22,-83.6666666667
23,-85.0
24,-88.5555555556
25,-90.4
26,-88.1
