frequency,pdr
11,-87.0
12,-88.3
13,-89.6666666667
14,-90.1
15,-91.0
16,-91.0
17,-91.0
19,-91.0
20,-91.0
21,-90.0
22,-89.4444444444
23,-91.0
24,-91.0
25,-91.0
26,-88.8
