frequency,pdr
11,-89.4285714286
12,-90.25
13,-86.2
14,-84.5
15,-84.0
16,-86.0
17,-85.9
18,-85.0
19,-85.2
20,-84.8
21,-83.75
22,-83.8888888889
23,-85.0
24,-85.2222222222
25,-87.6
26,-88.4
