frequency,pdr
11,-88.1
12,-86.9
13,-85.8
14,-86.1
15,-87.0
16,-86.2
17,-85.6
18,-85.5
19,-86.9
20,-87.0
21,-85.7
22,-85.2222222222
23,-87.7142857143
24,-90.0
25,-91.0
26,-91.0
