frequency,pdr
11,-83.0
12,-84.9
13,-90.0
14,-91.0
15,-91.0
16,-85.9
17,-85.1428571429
18,-88.8571428571
20,-88.0
21,-82.6
22,-80.7777777778
23,-80.0
24,-79.3
25,-79.5
26,-82.2
