frequency,pdr
11,-86.1
12,-85.0
13,-85.0
14,-84.9
15,-84.6
16,-84.8
17,-85.0
18,-87.5
19,-91.0
20,-91.0
21,-90.8333333333
22,-89.1111111111
23,-90.375
24,-91.0
25,-90.1
26,-90.7
