frequency,pdr
11,-82.0
12,-80.4
13,-79.8
14,-78.0
15,-79.0
16,-79.0
17,-76.0
18,-76.0
19,-75.6
20,-75.1
21,-75.8
22,-75.4444444444
23,-74.8571428571
24,-74.8
25,-73.8
26,-74.9
