frequency,pdr
11,-76.0
12,-73.3
13,-73.0
14,-73.0
15,-75.5
16,-77.0
17,-78.8
18,-79.0
19,-79.0
20,-79.0
21,-78.9
22,-81.2222222222
23,-86.1111111111
24,-90.1111111111
25,-85.8
26,-83.5
