frequency,pdr
11,-90.2
12,-89.8333333333
13,-88.6666666667
14,-88.0
15,-89.0
16,-89.0
17,-88.5
18,-87.8
19,-88.1
20,-89.0
21,-89.1111111111
23,-91.0
25,-91.0
26,-91.0
