frequency,pdr
11,-50.0
12,-65.2222222222
13,-59.4444444444
14,-52.0
15,-54.7
16,-51.9
17,-53.8
18,-54.6
19,-52.0
20,-54.0
21,-55.0
22,-56.5
23,-54.1
24,-55.0
25,-55.0
26,-56.5
