frequency,pdr
11,-63.8888888889
12,-59.4444444444
13,-55.0
14,-67.3
15,-64.9
16,-65.8
17,-61.4
18,-73.5
19,-73.8
20,-62.9
21,-55.0
22,-69.0
23,-61.0
24,-58.0
25,-55.0
26,-77.3
