frequency,pdr
11,-67.1
12,-75.5555555556
13,-65.1111111111
14,-65.3
15,-72.9
16,-62.6
17,-66.2
18,-71.2
19,-66.0
20,-67.0
21,-63.7
22,-60.5
23,-61.1
24,-67.0
25,-67.2
26,-66.6
