frequency,pdr
11,-45.9
12,-53.1111111111
13,-52.0
14,-52.1
15,-46.0
16,-49.0
17,-65.9
18,-51.7
19,-49.0
20,-63.1
21,-49.0
22,-61.0
23,-62.7777777778
24,-55.0
25,-52.3
26,-52.5
