frequency,pdr
11,-55.4
12,-53.2222222222
13,-57.5555555556
14,-58.3
15,-57.6
16,-61.1
17,-48.5
18,-51.8
19,-60.7
20,-55.0
21,-51.1
22,-49.0
23,-51.2
24,-51.8
25,-49.2
26,-65.6
