frequency,pdr
11,-58.4
12,-60.8888888889
13,-58.2
14,-58.5
15,-64.8
16,-58.9
17,-51.1
18,-52.0
19,-68.6
20,-61.7
21,-54.5454545455
22,-52.0
23,-51.8
24,-60.9
25,-59.3
26,-52.0
