frequency,pdr
11,-43.0
12,-47.6
13,-63.1111111111
14,-43.3
15,-50.6363636364
16,-63.9
17,-63.8
18,-63.0
19,-55.0
20,-50.8
21,-49.0
22,-43.0
23,-43.0
24,-43.0
25,-49.6
26,-44.7
