frequency,pdr
11,-52.0
12,-58.5555555556
13,-63.7777777778
14,-66.6
15,-61.2
16,-52.0
17,-54.8
18,-55.0
19,-55.0
20,-55.6
21,-57.4
22,-54.2
23,-55.0
24,-55.0
25,-60.9
26,-57.4
