frequency,pdr
11,-57.9
12,-67.3333333333
13,-60.8888888889
14,-67.0
15,-66.6
16,-66.2
17,-66.8
18,-63.9
19,-59.8
20,-59.8
21,-63.1
22,-55.0
23,-62.6
24,-67.0
25,-61.3
26,-58.0
