frequency,pdr
11,-57.9
12,-60.7777777778
13,-58.0
14,-57.9
15,-58.4545454545
16,-61.4
17,-54.0
18,-55.0
19,-61.0
20,-55.0
21,-58.0
22,-61.9
23,-69.1
24,-55.0
25,-61.9
26,-80.6
