frequency,pdr
11,-57.8
12,-66.4444444444
13,-61.2222222222
14,-54.5
15,-52.3
16,-55.0
17,-61.0
18,-65.3
19,-55.0
20,-66.2
21,-55.0
22,-64.6
23,-60.3
24,-49.7
25,-53.0
26,-52.0
