frequency,pdr
11,-90.3333333333
12,-91.0
13,-90.4
14,-88.0
15,-88.2
16,-91.0
17,-91.0
18,-88.5714285714
19,-88.3
20,-86.8
21,-84.8
22,-83.2
23,-83.5555555556
24,-82.0
25,-83.5
26,-86.1
