frequency,pdr
11,-91.0
15,-91.0
16,-91.0
17,-90.75
18,-89.4444444444
19,-89.8888888889
20,-90.1666666667
21,-91.0
24,-91.0
25,-91.0
26,-91.0
