frequency,pdr
11,-79.4
12,-86.375
13,-90.0
14,-90.3333333333
15,-90.9
16,-90.0
17,-91.0
18,-91.0
19,-85.1111111111
20,-80.8
21,-79.2
22,-80.0
23,-80.0
24,-82.4
25,-81.0
26,-81.0
