frequency,pdr
11,-83.6
12,-91.0
13,-91.0
14,-91.0
15,-88.1
16,-84.0
17,-83.0
18,-84.3
19,-85.7777777778
20,-84.0
21,-83.3333333333
22,-84.875
23,-85.0
24,-86.0
25,-88.1
26,-89.4
