frequency,pdr
11,-80.1
12,-81.5
13,-82.0
14,-83.0
15,-83.5
16,-84.0
17,-83.2222222222
18,-83.0
19,-83.3
20,-84.3
21,-87.0
23,-88.5555555556
24,-88.1
25,-88.4
26,-89.0
