frequency,pdr
11,-86.6
12,-90.8333333333
14,-91.0
15,-91.0
16,-91.0
17,-91.0
18,-89.8888888889
19,-87.6
20,-85.0
21,-85.0
22,-86.4285714286
23,-90.0
24,-91.0
25,-91.0
26,-91.0
