frequency,pdr
11,-87.7
12,-85.0
13,-85.0
14,-86.0
15,-88.0
16,-91.0
18,-91.0
19,-90.9
20,-89.6
21,-88.8571428571
22,-87.6666666667
23,-88.5
24,-88.1
25,-90.2
26,-91.0
