frequency,pdr
11,-81.4
12,-85.125
14,-89.9
15,-87.7
16,-87.2
17,-87.0
18,-84.2222222222
19,-84.125
20,-84.9
21,-84.8
23,-89.7777777778
24,-91.0
25,-91.0
26,-91.0
