frequency,pdr
11,-57.9
12,-62.1111111111
13,-56.8888888889
14,-65.7
15,-58.0
16,-59.1
17,-67.0
18,-65.3
19,-77.1
20,-59.0
21,-64.0
22,-65.6
23,-62.2
24,-67.1
25,-69.0
26,-58.0
