frequency,pdr
11,-63.4444444444
12,-66.3333333333
13,-67.7777777778
14,-72.0
15,-61.0
16,-61.0
17,-61.0
18,-61.0
19,-64.6
20,-67.0
21,-63.4
22,-65.5
23,-60.0
24,-67.0
25,-69.3
26,-80.1
