frequency,pdr
11,-64.5
12,-62.2222222222
13,-64.0
14,-64.4
15,-61.0
16,-63.0
17,-65.8
18,-67.0
19,-64.3
20,-67.0
21,-63.7
22,-79.6666666667
23,-69.5
24,-73.7
25,-67.0
26,-73.0
