frequency,pdr
11,-46.0
12,-59.4444444444
13,-52.5555555556
14,-65.4
15,-55.9
16,-52.0
17,-49.6
18,-59.7
19,-55.0
20,-52.0
21,-55.0
22,-56.2
23,-47.9
24,-61.1
25,-51.8
26,-44.0
