frequency,pdr
11,-57.8
12,-61.5555555556
13,-67.5555555556
14,-70.4
15,-64.0
16,-62.4
17,-58.0
18,-56.0
19,-60.3
20,-61.0
21,-64.0
22,-66.6
23,-76.8
24,-64.5
25,-63.9
26,-66.6
