frequency,pdr
11,-59.6666666667
12,-46.8888888889
13,-52.0
14,-48.5
15,-43.4
16,-46.7
17,-51.5
18,-49.6
19,-46.2
20,-49.0
21,-50.4
22,-50.1
23,-46.1
24,-45.0
25,-53.5
26,-46.0
