frequency,pdr
11,-58.0
12,-60.7777777778
13,-63.875
14,-65.4
15,-66.4
16,-61.7
17,-57.9
18,-56.1
19,-66.9
20,-63.2
21,-61.0
22,-55.6
23,-63.1111111111
24,-63.1
25,-59.6
26,-59.8
