frequency,pdr
11,-70.8888888889
12,-66.3333333333
13,-55.5555555556
14,-67.1
15,-65.7
16,-65.7
17,-58.2
18,-67.0
19,-69.7
20,-55.0
21,-67.9
22,-57.8
23,-60.1
24,-65.6
25,-58.0
26,-72.4
