frequency,pdr
11,-55.3
12,-63.8888888889
13,-65.1111111111
14,-61.0
15,-65.5
16,-59.1
17,-70.2
18,-59.5
19,-61.0
20,-75.4
21,-66.5
22,-70.1
23,-55.0
24,-65.3
25,-68.5
26,-69.2
