frequency,pdr
11,-58.0
12,-52.2222222222
13,-54.6666666667
14,-56.8
15,-58.0
16,-52.0
17,-54.8
18,-66.0
19,-54.0
20,-50.0
21,-48.0
22,-49.8
23,-61.2
24,-59.9
25,-55.7
26,-60.2
