frequency,pdr
11,-81.0
13,-91.0
14,-90.1
15,-85.0
16,-89.4444444444
17,-86.8888888889
18,-82.0
19,-82.6
20,-84.2
21,-79.4
22,-77.0
23,-75.8
24,-73.9
25,-73.1
26,-73.0
