frequency,pdr
11,-88.625
12,-88.0
13,-86.2222222222
14,-85.4285714286
15,-85.1
16,-84.0
17,-84.3
18,-83.0
19,-86.0
20,-86.9
21,-85.4
22,-85.0
23,-86.9
24,-89.4444444444
25,-90.5
26,-90.3
