frequency,pdr
11,-90.8
12,-86.2857142857
13,-86.1666666667
14,-85.7777777778
15,-86.7
16,-88.2857142857
17,-89.625
18,-89.0
19,-89.8571428571
20,-91.0
21,-91.0
23,-91.0
24,-91.0
26,-91.0
