frequency,pdr
11,-81.0
12,-80.4444444444
13,-79.6666666667
14,-80.1
15,-82.6
16,-86.0
17,-86.4444444444
18,-89.0
19,-87.1
20,-88.6
21,-88.7142857143
23,-87.25
24,-87.0
25,-87.0
26,-87.0
