frequency,pdr
11,-74.1
12,-76.0
13,-78.3
14,-80.4
15,-83.0
16,-85.2857142857
17,-86.2222222222
18,-85.0
19,-82.0
20,-81.0
21,-80.6
22,-82.0
23,-83.1
24,-89.0
25,-85.0
26,-82.9
