frequency,pdr
13,-90.6
14,-85.0
15,-82.0
16,-82.0
17,-82.6666666667
18,-87.1
19,-90.25
20,-89.7
21,-89.8
22,-87.4285714286
23,-88.7777777778
24,-91.0
25,-91.0
26,-91.0
