frequency,pdr
11,-86.8
12,-88.5714285714
13,-90.25
14,-91.0
15,-90.1
16,-87.75
17,-90.7142857143
18,-91.0
19,-91.0
20,-91.0
21,-91.0
23,-91.0
24,-91.0
25,-91.0
26,-91.0
