frequency,pdr
11,-63.3
12,-61.6666666667
13,-67.125
14,-62.3
15,-55.0
16,-61.6
17,-67.0
18,-68.7
19,-60.8
20,-68.2
21,-68.6
22,-74.3333333333
23,-65.0
24,-61.9
25,-59.6
26,-63.0
