frequency,pdr
11,-68.9
12,-66.2222222222
13,-61.8
14,-54.4
15,-62.4444444444
16,-55.0
17,-67.0
18,-70.0
19,-66.9
20,-77.5
21,-64.1
22,-67.0
23,-63.0
24,-55.0
25,-60.2
26,-61.0
