frequency,pdr
11,-63.4
12,-76.2222222222
13,-66.625
14,-58.2
15,-61.0
16,-62.2
17,-80.3
18,-61.6
19,-67.0
20,-63.9
21,-67.6
22,-67.5
23,-76.4444444444
24,-62.7
25,-70.7
26,-58.1
