frequency,pdr
11,-64.3
12,-67.1111111111
13,-59.375
14,-67.8
15,-67.0
16,-66.8
17,-64.0
18,-65.9
19,-62.6
20,-80.9
21,-69.5
22,-64.8
23,-70.5555555556
24,-58.7
25,-55.0
26,-66.4
