frequency,pdr
11,-58.3
12,-55.0
13,-51.8888888889
14,-59.2
15,-62.2222222222
16,-66.8
17,-58.0
18,-55.3
19,-61.6
20,-61.0
21,-63.1
22,-76.3
23,-60.7
24,-54.9
25,-55.0
26,-57.4
