frequency,pdr
11,-75.2
12,-64.1111111111
13,-62.3
14,-63.0
15,-57.6666666667
16,-58.0
17,-58.4
18,-59.3
19,-67.0
20,-67.0
21,-65.8
22,-72.5
23,-58.7
24,-58.0
25,-63.7
26,-62.0
