frequency,pdr
11,-56.2
12,-55.0
13,-56.6
14,-55.0
15,-55.0
16,-67.2
17,-56.4
18,-64.1
19,-58.1
20,-75.9
21,-66.4545454545
22,-71.1
23,-66.8888888889
24,-59.0
25,-66.1
26,-61.0
