frequency,pdr
11,-58.0
12,-54.6666666667
13,-52.9
14,-66.6
15,-68.0
16,-63.9
17,-58.4
18,-59.3
19,-55.0
20,-59.4
21,-58.0
22,-55.0
23,-64.2222222222
24,-57.7
25,-55.5
26,-62.5
