frequency,pdr
11,-55.0
12,-65.6
13,-55.3
14,-58.9
15,-63.2222222222
16,-82.4444444444
17,-71.6
18,-67.0
19,-65.3
20,-61.7
21,-64.8
22,-67.0
23,-64.0
24,-72.3
25,-64.0
26,-61.6
