frequency,pdr
11,-46.0
12,-47.3
13,-43.0
14,-43.0
15,-49.0
16,-55.8888888889
17,-44.0
18,-49.0
19,-58.9
20,-46.0
21,-47.7
22,-50.6363636364
23,-62.0
24,-62.3
25,-56.2
26,-47.9
