frequency,pdr
11,-63.3
12,-56.4444444444
13,-64.0
14,-55.0
15,-56.4444444444
16,-50.9
17,-55.0
18,-55.0
19,-55.9
20,-55.0
21,-56.5
22,-53.7
23,-62.1
24,-62.4
25,-61.0
26,-61.1
