frequency,pdr
11,-63.1
12,-62.0
13,-62.3333333333
14,-57.9
15,-74.8888888889
16,-66.1
17,-64.0
18,-58.1
19,-58.7
20,-61.0
21,-61.0
22,-56.5
23,-66.8
24,-60.8
25,-68.4
26,-68.2
