frequency,pdr
11,-60.4
12,-63.1111111111
13,-59.1111111111
14,-58.1
15,-64.5555555556
16,-53.6
17,-57.4
18,-56.8
19,-63.4
20,-64.0
21,-75.4
22,-68.2
23,-64.8888888889
24,-64.4
25,-65.4
26,-60.4
