frequency,pdr
11,-75.1
12,-65.3333333333
13,-67.7777777778
14,-61.0
15,-58.0
16,-64.5
17,-63.9
18,-72.9
19,-61.1
20,-62.3
21,-67.2
22,-61.0
23,-64.6
24,-60.5
25,-73.3
26,-68.2
