frequency,pdr
11,-48.7
12,-66.1111111111
13,-61.7777777778
14,-55.0
15,-62.0
16,-61.8
17,-59.5
18,-68.1
19,-55.0
20,-52.0
21,-52.2
22,-58.8
23,-74.5555555556
24,-65.1
25,-62.7
26,-69.5
