frequency,pdr
11,-64.0
12,-75.7777777778
13,-85.0
14,-72.2
15,-70.6666666667
16,-71.8888888889
17,-68.4
18,-61.0
19,-70.5
20,-64.0
21,-66.5
22,-69.8
23,-59.0
24,-58.0
25,-63.8
26,-69.3
