frequency,pdr
11,-58.2
12,-63.0
13,-64.4444444444
14,-66.7
15,-69.3333333333
16,-66.8
17,-60.8
18,-64.4
19,-61.0
20,-66.9
21,-58.7
22,-61.7
23,-55.8
24,-56.8
25,-68.4
26,-68.6
