frequency,pdr
11,-60.0
12,-65.3333333333
13,-57.75
14,-54.1
15,-60.5
16,-61.0
17,-55.0
18,-57.1
19,-60.7
20,-72.0
21,-56.8181818182
22,-57.4
23,-63.3333333333
24,-62.4
25,-57.8
26,-64.0
