frequency,pdr
11,-60.8
12,-65.0
13,-58.3333333333
14,-56.1
15,-60.7272727273
16,-57.9
17,-66.2
18,-70.9
19,-71.0
20,-61.0
21,-61.0
22,-61.0
23,-70.2222222222
24,-65.6
25,-67.1
26,-64.2
