frequency,pdr
11,-55.0
12,-60.2222222222
13,-56.2222222222
14,-59.4
15,-53.0
16,-55.0
17,-55.0
18,-62.1
19,-65.5
20,-67.0
21,-65.2
22,-62.0
23,-64.0
24,-68.9
25,-64.7
26,-67.0
