frequency,pdr
11,-55.0
12,-60.5555555556
13,-55.0
14,-59.6
15,-54.2
16,-58.7
17,-55.0
18,-62.7
19,-61.0
20,-55.0
21,-58.0
22,-73.9
23,-66.7777777778
24,-62.6
25,-63.2
26,-69.9
