frequency,pdr
11,-66.9
12,-52.3333333333
13,-64.25
14,-58.3
15,-59.8888888889
16,-60.9
17,-61.3
18,-60.5
19,-66.0
20,-62.1
21,-63.3636363636
22,-63.0
23,-59.3
24,-60.7
25,-72.5
26,-71.4
