frequency,pdr
11,-55.9
12,-55.0
13,-56.1
14,-66.4
15,-65.7777777778
16,-60.4
17,-64.5
18,-61.0
19,-55.0
20,-55.0
21,-72.4
22,-64.9
23,-71.5555555556
24,-58.0
25,-64.6
26,-60.4
