frequency,pdr
11,-71.4
12,-55.4444444444
13,-61.3
14,-58.1
15,-61.2222222222
16,-55.0
17,-68.4
18,-55.1
19,-63.1
20,-56.6
21,-54.7
22,-55.8
23,-59.3
24,-61.0
25,-54.4
26,-55.0
