frequency,pdr
11,-55.8
12,-55.0
13,-53.0
14,-60.9
15,-55.5555555556
16,-64.6666666667
17,-64.0
18,-67.2
19,-55.0
20,-59.3
21,-55.8
22,-60.9
23,-61.0
24,-55.3
25,-65.3
26,-60.0
