frequency,pdr
11,-56.7
12,-59.5
13,-62.6666666667
14,-60.4
15,-63.7
16,-64.0
17,-68.8
18,-64.9
19,-63.6
20,-61.0
21,-68.1
22,-81.0
23,-61.2
24,-65.4
25,-68.0
26,-68.4444444444
