frequency,pdr
11,-61.0
12,-62.7777777778
13,-61.3333333333
14,-58.0
15,-55.0
16,-58.0
17,-66.5
18,-58.4
19,-57.0
20,-65.2
21,-67.2
22,-55.4
23,-52.0
24,-70.9
25,-57.3
26,-58.0
