frequency,pdr
11,-52.7
12,-52.1111111111
13,-57.5555555556
14,-53.6
15,-59.7777777778
16,-74.4
17,-62.3
18,-60.9
19,-58.0
20,-67.2
21,-67.1
22,-71.1
23,-67.0
24,-61.7
25,-69.0
26,-58.3
