frequency,pdr
11,-61.0
12,-62.1111111111
13,-58.0
14,-59.5
15,-68.1111111111
16,-53.5
17,-52.0
18,-75.3
19,-61.0
20,-63.0
21,-74.8
22,-67.0
23,-61.0
24,-64.3
25,-64.0
26,-67.3
