frequency,pdr
11,-56.2
12,-55.0
13,-65.7777777778
14,-70.4
15,-63.7777777778
16,-54.0
17,-52.0
18,-55.5
19,-69.1
20,-52.0
21,-54.3
22,-56.8
23,-55.6
24,-59.7
25,-52.5
26,-52.8
