frequency,pdr
11,-61.2
12,-60.4444444444
13,-54.5
14,-55.3
15,-64.0
16,-75.2222222222
17,-56.6
18,-61.7
19,-62.8
20,-65.0
21,-74.4
22,-72.7
23,-55.0
24,-64.3
25,-75.3
26,-68.7
