frequency,pdr
11,-57.8
12,-52.0
13,-54.875
14,-66.9
15,-52.3333333333
16,-59.6
17,-56.5
18,-52.0
19,-58.0
20,-65.2
21,-50.1
22,-52.9
23,-68.6666666667
24,-60.6
25,-55.5
26,-58.0
