frequency,pdr
11,-60.4
12,-58.2222222222
13,-60.0
14,-66.1
15,-54.2727272727
16,-55.3
17,-63.3
18,-49.0
19,-59.6
20,-52.3
21,-54.4
22,-49.0
23,-49.0
24,-48.0
25,-46.0
26,-48.4
