frequency,pdr
11,-56.9
12,-59.1111111111
13,-57.5555555556
14,-55.6
15,-58.9
16,-61.6
17,-56.8
18,-81.8
19,-67.0
20,-58.0
21,-70.3
22,-58.0
23,-56.2
24,-61.0
25,-65.4
26,-55.6
