frequency,pdr
11,-52.0
12,-55.1111111111
13,-57.8888888889
14,-60.4
15,-64.0
16,-59.6
17,-56.8
18,-64.4
19,-52.0
20,-52.0
21,-48.9
22,-50.2
23,-55.0
24,-59.1
25,-68.1
26,-58.8
