frequency,pdr
11,-56.8
12,-52.0
13,-52.0
14,-51.6
15,-52.3333333333
16,-57.2
17,-53.8
18,-59.8
19,-61.0
20,-58.0
21,-56.0
22,-53.2
23,-55.1
24,-55.0
25,-59.6
26,-71.6666666667
