frequency,pdr
11,-59.4
12,-55.4444444444
13,-60.125
14,-79.4444444444
15,-68.1
16,-55.1
17,-56.7
18,-60.9
19,-61.0
20,-66.1
21,-55.4
22,-54.9
23,-49.7
24,-56.0
25,-58.0
26,-55.2
