frequency,pdr
11,-65.1
12,-61.3333333333
13,-56.3333333333
14,-62.2
15,-61.3
16,-66.7777777778
17,-67.5
18,-64.0
19,-60.0
20,-59.7
21,-66.7
22,-71.1
23,-55.6
24,-61.9
25,-75.0
26,-73.7777777778
