frequency,pdr
11,-54.4
12,-54.2222222222
13,-65.75
14,-67.9
15,-60.4
16,-63.0
17,-70.4
18,-72.0
19,-64.0
20,-58.0
21,-64.0
22,-61.9
23,-76.8888888889
24,-61.7
25,-54.4
26,-63.5
