frequency,pdr
11,-60.4
12,-79.3
13,-60.5555555556
14,-61.8
15,-65.1111111111
16,-59.0
17,-61.4
18,-67.0
19,-61.0
20,-65.2
21,-64.0
22,-58.0
23,-66.9
24,-63.7
25,-63.4
26,-58.0
