frequency,pdr
11,-55.0
12,-61.6666666667
13,-66.8888888889
14,-64.1
15,-68.2222222222
16,-55.5
17,-59.0
18,-70.5
19,-69.0
20,-58.0
21,-58.2
22,-61.0
23,-63.3
24,-55.8
25,-56.2
26,-66.9
