frequency,pdr
11,-63.5
12,-67.1
13,-55.4444444444
14,-55.0
15,-55.4444444444
16,-60.8
17,-57.3
18,-61.5
19,-61.4
20,-58.0
21,-55.5
22,-67.0
23,-72.8888888889
24,-74.4
25,-68.5
26,-67.1
