frequency,pdr
11,-70.7777777778
12,-61.9
13,-66.4444444444
14,-60.0
15,-71.7
16,-62.3
17,-75.9
18,-63.5
19,-55.4
20,-72.3
21,-77.1
22,-62.4
23,-67.0
24,-61.2
25,-62.1
26,-67.9
