frequency,pdr
11,-47.4
12,-49.2
13,-61.6666666667
14,-52.0
15,-53.5555555556
16,-66.3333333333
17,-58.2
18,-55.8
19,-58.0
20,-66.8
21,-58.0
22,-55.0
23,-58.8
24,-55.2
25,-58.0
26,-55.2
