frequency,pdr
11,-61.3
12,-55.0
13,-60.2222222222
14,-49.0
15,-49.5555555556
16,-57.3
17,-67.6
18,-50.1
19,-48.8
20,-53.2
21,-54.2
22,-66.6
23,-58.0
24,-55.0
25,-52.0
26,-49.0
