frequency,pdr
11,-58.7
12,-68.7777777778
13,-60.8888888889
14,-70.625
15,-67.7777777778
16,-59.3
17,-55.0
18,-54.7
19,-61.6
20,-59.6
21,-61.7
22,-63.4
23,-67.7777777778
24,-61.0
25,-55.0
26,-55.7
