frequency,pdr
11,-62.4
12,-61.5
13,-63.8888888889
14,-58.0
15,-65.5555555556
16,-60.6
17,-58.0
18,-66.4
19,-61.3
20,-67.3
21,-74.9
22,-63.7
23,-69.4444444444
24,-55.0
25,-61.5
26,-63.5
