frequency,pdr
11,-55.0
12,-49.7
13,-54.9
14,-54.8
15,-47.8888888889
16,-50.0
17,-55.0
18,-48.2
19,-57.1818181818
20,-54.0
21,-55.4
22,-59.0
23,-55.0
24,-52.3
25,-55.0
26,-50.7
