frequency,pdr
11,-61.0
12,-64.4444444444
13,-67.1111111111
14,-66.7
15,-67.1111111111
16,-66.6
17,-66.7
18,-61.0
19,-62.2
20,-73.5
21,-61.9
22,-61.0
23,-59.9
24,-69.2727272727
25,-64.9
26,-66.2
