frequency,pdr
11,-66.6
12,-61.5555555556
13,-64.0
14,-64.4
15,-59.8888888889
16,-63.5
17,-67.1
18,-67.0
19,-63.9
20,-70.5
21,-67.7
22,-69.0
23,-65.2
24,-64.0
25,-61.9
26,-63.9
