frequency,pdr
11,-46.1
12,-54.5555555556
13,-54.4444444444
14,-61.5
15,-54.6666666667
16,-51.1
17,-49.0
18,-57.4
19,-49.0
20,-50.6
21,-55.9
22,-53.8
23,-58.0
24,-66.5
25,-56.1
26,-55.0
