frequency,pdr
11,-66.0
12,-61.0
13,-69.875
14,-65.6
15,-60.1818181818
16,-66.0
17,-66.6
18,-62.9
19,-75.4
20,-67.0
21,-69.3
22,-67.0
23,-65.7777777778
24,-64.0
25,-63.8
26,-70.7777777778
