frequency,pdr
11,-62.0
12,-64.5
13,-72.4444444444
14,-68.3
15,-69.3333333333
16,-73.1
17,-56.5
18,-65.3
19,-64.1
20,-71.4
21,-70.9
22,-67.0
23,-70.1111111111
24,-64.0
25,-60.3
26,-66.9
