frequency,pdr
11,-64.0
12,-59.1111111111
13,-62.3333333333
14,-64.0
15,-57.7777777778
16,-56.9
17,-55.4
18,-69.7
19,-68.9
20,-67.1
21,-62.0
22,-60.1
23,-67.0
24,-79.4
25,-62.9
26,-70.0
