frequency,pdr
11,-62.4
12,-71.4444444444
13,-64.0
14,-67.0
15,-72.7777777778
16,-64.5
17,-72.9
18,-69.7
19,-66.7
20,-68.1
21,-68.6
22,-67.0
23,-65.5
24,-61.0
25,-62.4
26,-79.3333333333
