frequency,pdr
11,-56.6
12,-52.0
13,-55.2222222222
14,-66.3
15,-72.2222222222
16,-69.1111111111
17,-63.6
18,-55.6
19,-54.8
20,-59.4
21,-55.0
22,-54.9
23,-58.4
24,-64.0
25,-67.0
26,-71.5
