frequency,pdr
11,-55.0
12,-55.0
13,-63.8888888889
14,-63.5
15,-55.0
16,-63.7
17,-55.0
18,-55.0
19,-58.6
20,-55.0
21,-64.0
22,-61.0
23,-69.7777777778
24,-56.4
25,-73.9
26,-58.0
