frequency,pdr
11,-59.0
12,-54.9
13,-66.7777777778
14,-53.2
15,-72.2222222222
16,-60.9
17,-65.7
18,-55.0
19,-55.8
20,-58.0
21,-55.0
22,-59.0
23,-64.3
24,-55.5
25,-55.0
26,-55.0
