frequency,pdr
11,-64.5
12,-67.4
13,-57.1111111111
14,-58.0
15,-58.3
16,-55.0
17,-60.9
18,-66.6
19,-76.3
20,-64.0
21,-69.9
22,-63.6
23,-70.7777777778
24,-64.3
25,-61.0
26,-66.8
