frequency,pdr
11,-59.8
12,-58.0
13,-59.5555555556
14,-57.5
15,-57.5555555556
16,-52.9
17,-55.0
18,-66.7
19,-58.3
20,-55.1
21,-55.3
22,-65.1
23,-58.5
24,-58.0
25,-67.8
26,-67.3
