frequency,pdr
11,-55.0
12,-58.7777777778
13,-60.875
14,-55.0
15,-59.7777777778
16,-69.0
17,-58.4
18,-63.1
19,-58.0
20,-65.2
21,-67.0
22,-61.2
23,-55.0
24,-59.7
25,-63.9
26,-56.0
