frequency,pdr
11,-66.1
12,-64.1111111111
13,-55.1111111111
14,-59.0
15,-59.0
16,-64.4444444444
17,-64.6
18,-58.1
19,-58.6
20,-58.0
21,-63.4
22,-78.6
23,-67.6
24,-55.0
25,-55.0
26,-65.8
