frequency,pdr
11,-57.1
12,-64.5555555556
13,-52.1111111111
14,-51.1
15,-57.5555555556
16,-57.7
17,-54.7
18,-50.9
19,-54.1
20,-68.7
21,-63.7
22,-61.0
23,-63.8
24,-66.8
25,-72.9
26,-58.0
