frequency,pdr
11,-61.0
12,-55.0
13,-63.2222222222
14,-55.8
15,-55.8
16,-55.0
17,-65.1
18,-60.0
19,-58.0
20,-66.1
21,-66.4545454545
22,-55.0
23,-56.1
24,-61.1
25,-69.2
26,-61.9
