frequency,pdr
12,-91.0
16,-91.0
17,-91.0
18,-91.0
19,-91.0
20,-90.2222222222
21,-90.4
23,-89.0
24,-88.3
25,-88.9
26,-89.5454545455
