frequency,pdr
11,-88.3333333333
12,-90.0
13,-88.3333333333
14,-86.0
15,-85.0
16,-84.1
17,-84.0
18,-84.0
19,-83.1
20,-83.8
21,-85.0
23,-88.0
24,-89.0
25,-89.2
26,-88.7
