frequency,pdr
11,-63.4
12,-62.2222222222
13,-61.0
14,-63.4545454545
15,-61.0
16,-59.9
17,-62.1
18,-61.3333333333
19,-61.3
20,-67.0
21,-66.6
22,-61.0
23,-60.7
24,-58.0
25,-61.0
26,-67.1
