frequency,pdr
11,-49.8888888889
12,-49.3333333333
13,-49.6666666667
14,-52.0
15,-52.0
16,-51.7777777778
17,-55.0
18,-58.0
19,-61.0
20,-58.0
21,-55.0
22,-55.0
23,-55.0
24,-55.0
25,-56.9
26,-55.6
