frequency,pdr
11,-71.4444444444
12,-60.1111111111
13,-58.0
14,-58.1
15,-60.8
16,-69.7142857143
17,-62.3
18,-58.0
19,-56.6
20,-55.5
21,-57.6
22,-63.5
23,-70.0
24,-65.9
25,-70.1
26,-76.0
