frequency,pdr
11,-67.0
12,-83.9090909091
13,-69.6666666667
14,-67.0
15,-61.0
16,-59.7777777778
17,-62.1
18,-61.0
19,-63.7
20,-64.0
21,-68.4
22,-74.8
23,-67.0
24,-65.0
25,-64.0
26,-64.0
