frequency,pdr
11,-62.8
12,-71.1
13,-63.5555555556
14,-61.9
15,-63.7
16,-66.1111111111
17,-61.1
18,-60.1111111111
19,-59.4
20,-63.2
21,-67.0
22,-66.8
23,-64.0
24,-63.1
25,-61.0
26,-64.7
