frequency,pdr
11,-67.1111111111
12,-67.0
13,-66.3333333333
14,-65.8888888889
15,-67.6
16,-79.0
17,-78.0
18,-78.2222222222
19,-67.0
20,-67.0
21,-64.3
22,-65.4
23,-66.4
24,-66.3
25,-64.0
26,-60.8
