frequency,pdr
11,-58.0
12,-56.7777777778
13,-56.8
14,-58.7
15,-56.8
16,-57.6666666667
17,-61.1
18,-64.3
19,-57.6
20,-55.0
21,-56.0
22,-63.1
23,-61.0
24,-63.2
25,-64.0
26,-61.0
