frequency,pdr
11,-55.0
12,-57.4444444444
13,-60.8181818182
14,-61.7
15,-58.0
16,-57.875
17,-64.5555555556
18,-64.3333333333
19,-52.1
20,-54.4
21,-55.1
22,-55.0
23,-55.0
24,-55.0
25,-50.0
26,-53.1
