frequency,pdr
11,-64.0
12,-64.0
13,-71.2222222222
14,-70.25
15,-68.0
16,-67.0
17,-67.0
18,-65.0
19,-67.0
20,-77.875
21,-70.2857142857
22,-65.4
23,-67.0
24,-69.1
25,-70.3
26,-74.0
