frequency,pdr
11,-61.0
12,-59.0
13,-58.0
14,-62.2222222222
15,-58.3
16,-55.3333333333
17,-55.0
18,-55.0
19,-58.0
20,-62.2
21,-59.5
22,-56.8
23,-59.1
24,-68.8
25,-72.8
26,-72.2
