frequency,pdr
11,-58.6
12,-58.0
13,-65.2222222222
14,-63.2
15,-63.1818181818
16,-51.3333333333
17,-53.7
18,-55.0
19,-55.0
20,-55.3
21,-58.9
22,-58.0
23,-61.1
24,-61.0
25,-68.1
26,-64.0
