frequency,pdr
11,-53.0
12,-61.5555555556
13,-63.7
14,-57.8888888889
15,-61.0
16,-59.4285714286
17,-52.0
18,-52.9
19,-55.9
20,-59.0
21,-61.0
22,-61.0
23,-62.7
24,-64.5
25,-67.5
26,-68.4
