frequency,pdr
11,-60.7
12,-59.8888888889
13,-59.0
14,-57.9
15,-65.0
16,-58.4285714286
17,-55.0
18,-55.3333333333
19,-54.9
20,-55.0
21,-52.9
22,-55.0
23,-52.0
24,-52.0
25,-52.1
26,-59.9
