frequency,pdr
11,-59.7777777778
12,-59.8
13,-58.4444444444
14,-55.0
15,-55.0
16,-58.3
17,-64.0
18,-58.6
19,-59.0
20,-62.6
21,-68.0
22,-67.0
23,-64.0
24,-64.0
25,-65.2
26,-62.0
