frequency,pdr
11,-58.1
12,-58.6
13,-60.8
14,-60.6
15,-61.0
16,-67.0
17,-66.6
18,-66.8888888889
19,-79.2222222222
20,-69.0
21,-67.0
22,-68.4
23,-64.8
24,-60.8
25,-66.7
26,-67.4
