frequency,pdr
11,-60.9
12,-58.2222222222
13,-57.0909090909
14,-58.0
15,-63.2
16,-62.5555555556
17,-63.3
18,-62.2
19,-61.5
20,-66.8
21,-67.0
22,-64.0
23,-65.0
24,-66.2
25,-67.0
26,-86.5
