frequency,pdr
11,-67.0
12,-59.8888888889
13,-57.9
14,-58.2
15,-62.5
16,-57.8888888889
17,-56.7
18,-58.0
19,-59.2
20,-56.1
21,-55.0
22,-56.5
23,-58.2
24,-56.1
25,-54.1
26,-58.0
