frequency,pdr
11,-55.2222222222
12,-55.0
13,-55.0
14,-55.0
15,-62.8
16,-67.1428571429
17,-62.8
18,-57.0
19,-56.0909090909
20,-55.0
21,-55.0
22,-57.7
23,-58.0
24,-65.7
25,-67.5
26,-61.3
