frequency,pdr
11,-61.3333333333
12,-58.5555555556
13,-62.1
14,-67.0
15,-65.6
16,-63.6666666667
17,-69.0
18,-69.5555555556
19,-67.0
20,-69.2
21,-71.5
22,-67.0
23,-67.0
24,-70.0
25,-76.9
26,-68.0
