frequency,pdr
11,-65.4444444444
12,-71.2222222222
13,-55.5555555556
14,-58.6
15,-72.8
16,-64.7777777778
17,-60.5
18,-70.5
19,-61.1
20,-58.8
21,-61.2
22,-58.6
23,-58.0
24,-63.9
25,-61.1
26,-77.4
