frequency,pdr
11,-57.9
12,-69.0
13,-68.4285714286
14,-78.4
15,-64.1
16,-61.3333333333
17,-64.6
18,-68.6
19,-64.0
20,-62.1
21,-61.0
22,-65.0
23,-59.2
24,-63.3
25,-64.6
26,-71.4
