frequency,pdr
11,-52.0
12,-49.0
13,-56.3333333333
14,-55.0
15,-63.0
16,-66.8888888889
17,-55.1
18,-62.9
19,-55.0
20,-52.0
21,-58.0
22,-55.6
23,-55.0
24,-70.5
25,-58.0
26,-58.4
