frequency,pdr
11,-63.5
12,-52.5
13,-51.8888888889
14,-52.0
15,-53.6
16,-62.5555555556
17,-52.0
18,-54.5
19,-64.1
20,-59.0
21,-52.0
22,-59.6
23,-52.6
24,-52.0909090909
25,-61.0
26,-50.6
