frequency,pdr
11,-66.6666666667
12,-62.9
13,-67.2857142857
14,-68.8
15,-69.5
16,-65.8
17,-65.1
18,-77.4
19,-55.0
20,-61.2
21,-67.3
22,-67.5
23,-67.5
24,-63.9
25,-68.3
26,-70.0
