frequency,pdr
11,-67.2222222222
12,-67.0
13,-67.0
14,-74.7
15,-66.4
16,-68.8888888889
17,-58.7
18,-58.8
19,-61.1
20,-55.3
21,-64.9
22,-62.3
23,-63.1
24,-60.3
25,-58.0
26,-64.8
