frequency,pdr
11,-58.0
12,-61.7
13,-60.5555555556
14,-61.0
15,-66.8
16,-55.4444444444
17,-55.0
18,-64.8
19,-68.5
20,-66.2
21,-64.0
22,-59.5
23,-55.0
24,-55.0
25,-56.3
26,-65.0
