frequency,pdr
11,-57.7
12,-53.3
13,-48.8888888889
14,-53.2
15,-58.0
16,-71.6666666667
17,-69.7
18,-57.9
19,-74.4
20,-55.0
21,-55.0
22,-69.5
23,-57.9
24,-60.2727272727
25,-65.4
26,-58.1
