frequency,pdr
11,-70.0
12,-63.6
13,-53.4444444444
14,-55.0
15,-55.0
16,-57.8888888889
17,-55.0
18,-55.0
19,-55.0
20,-60.0
21,-58.6
22,-74.0
23,-65.3
24,-71.5
25,-72.2
26,-60.2
