frequency,pdr
11,-63.0
12,-55.0
13,-55.1111111111
14,-52.0
15,-58.3
16,-52.0
17,-52.2
18,-54.9
19,-58.9
20,-56.9
21,-69.3333333333
22,-57.6
23,-65.3
24,-67.7
25,-54.0
26,-54.5
