frequency,pdr
11,-84.0
12,-84.0
13,-84.0
14,-84.0
15,-84.0
16,-84.9
17,-84.4
18,-85.0
19,-86.0
20,-85.0
21,-84.8888888889
22,-83.6666666667
23,-83.8571428571
24,-84.0
25,-84.1
26,-84.0
