frequency,pdr
11,-88.1428571429
12,-86.4
13,-86.0
14,-86.7
15,-87.3
16,-88.3
17,-89.2
18,-88.8
19,-87.9
20,-89.1
21,-90.8888888889
25,-91.0
26,-91.0
