frequency,pdr
11,-91.0
12,-91.0
13,-91.0
14,-90.0
15,-87.8
16,-85.3
17,-85.8
18,-86.2
19,-87.2
20,-87.8
21,-87.5
22,-86.8888888889
23,-86.875
24,-87.1111111111
25,-89.0
26,-89.7
