frequency,pdr
11,-85.1111111111
12,-85.0
13,-84.0
14,-85.0
15,-89.7
16,-91.0
17,-91.0
18,-90.6666666667
19,-90.1
20,-90.2
21,-91.0
22,-91.0
23,-91.0
25,-91.0
26,-91.0
