frequency,pdr
11,-85.1
12,-89.3
13,-91.0
14,-91.0
15,-91.0
16,-91.0
17,-91.0
18,-91.0
19,-90.4
20,-84.0
21,-82.0
22,-81.8888888889
23,-84.5
24,-89.7272727273
25,-91.0
26,-91.0
