frequency,pdr
11,-89.8888888889
12,-88.875
13,-90.8888888889
14,-91.0
21,-91.0
23,-91.0
24,-91.0
25,-91.0
26,-91.0
