frequency,pdr
11,-87.7777777778
12,-87.875
13,-88.2222222222
14,-89.7777777778
15,-90.0
16,-85.4
17,-84.3333333333
18,-84.5555555556
19,-88.0
20,-90.0
21,-87.75
22,-85.8571428571
23,-88.4444444444
25,-91.0
26,-89.1
