frequency,pdr
11,-86.5
12,-89.8571428571
13,-84.2222222222
14,-80.3333333333
15,-82.0
16,-82.6
17,-82.4
18,-84.7
19,-86.7
20,-85.3
21,-85.2
22,-86.0
23,-85.8333333333
24,-88.0
25,-91.0
26,-91.0
