frequency,pdr
11,-90.5
12,-89.7777777778
13,-91.0
15,-91.0
16,-90.0
17,-89.0
18,-87.9
19,-88.0
20,-89.1
21,-91.0
22,-88.7777777778
23,-91.0
24,-91.0
25,-91.0
26,-91.0
