frequency,pdr
11,-91.0
12,-91.0
13,-88.7777777778
14,-90.2222222222
15,-91.0
16,-91.0
17,-91.0
18,-91.0
19,-91.0
20,-90.4
21,-91.0
23,-91.0
24,-91.0
25,-91.0
26,-88.0
