frequency,pdr
11,-68.4444444444
12,-65.4
13,-61.8888888889
14,-55.1
15,-55.2222222222
16,-62.1
17,-55.0
18,-61.0
19,-64.4
20,-76.0
21,-62.1
22,-60.7
23,-64.0
24,-67.0
25,-70.1
26,-60.5
