frequency,pdr
11,-54.7272727273
12,-54.8
13,-70.1111111111
14,-58.0
15,-60.7
16,-70.4
17,-70.4
18,-68.5
19,-64.8
20,-61.1
21,-59.2
22,-61.1
23,-55.0
24,-55.4
25,-69.0
26,-66.0
