frequency,pdr
11,-55.8181818182
12,-52.0
13,-56.6
14,-65.2
15,-51.1111111111
16,-56.2
17,-49.0
18,-49.0
19,-46.0
20,-47.4
21,-47.5
22,-60.0
23,-56.0
24,-63.9
25,-53.3
26,-48.3
