frequency,pdr
11,-78.0
12,-63.0
13,-71.7777777778
14,-58.0
15,-60.8888888889
16,-59.0
17,-65.5
18,-65.4
19,-55.0
20,-58.0
21,-65.1
22,-68.6
23,-75.9
24,-74.9
25,-68.5
26,-64.0
