frequency,pdr
11,-58.3
12,-63.1
13,-58.2222222222
14,-56.1
15,-59.3333333333
16,-55.8
17,-65.3
18,-70.7
19,-60.4
20,-62.1
21,-67.9
22,-63.1
23,-55.0
24,-55.1
25,-57.9
26,-65.6
