frequency,pdr
11,-57.3333333333
12,-63.4
13,-58.8
14,-61.0
15,-64.4444444444
16,-59.2
17,-65.4
18,-75.9
19,-58.0
20,-65.7
21,-59.0
22,-63.6
23,-61.0
24,-55.0
25,-55.0
26,-60.6
