frequency,pdr
11,-51.5
12,-48.7
13,-48.9
14,-49.0
15,-47.3333333333
16,-50.6
17,-50.8
18,-55.0
19,-55.0
20,-52.6
21,-49.0
22,-51.0
23,-52.3636363636
24,-53.0
25,-52.0
26,-63.4
