frequency,pdr
11,-63.4
12,-54.3
13,-65.3333333333
14,-67.2222222222
15,-55.0
16,-52.0
17,-64.6
18,-61.9
19,-61.4
20,-61.0
21,-55.9
22,-53.5
23,-56.6
24,-61.9
25,-55.7
26,-53.2
