frequency,pdr
11,-72.6666666667
12,-58.3
13,-62.5555555556
14,-63.1
15,-58.2
16,-74.5
17,-59.7
18,-58.0
19,-60.2
20,-67.0
21,-61.0
22,-61.8
23,-68.3
24,-58.0
25,-69.4
26,-67.1
