frequency,pdr
11,-66.1
12,-61.0
13,-75.3333333333
14,-66.7
15,-72.2222222222
16,-67.0
17,-67.0
18,-71.5
19,-64.0
20,-70.0
21,-64.2
22,-69.6
23,-67.0
24,-73.7
25,-67.0
26,-66.0
