frequency,pdr
11,-54.8
12,-49.0
13,-59.3333333333
14,-56.3
15,-50.2222222222
16,-52.0
17,-52.0
18,-54.8
19,-51.0
20,-49.0
21,-46.0
22,-52.0
23,-66.125
24,-50.4
25,-53.4
26,-46.7
