frequency,pdr
11,-65.8888888889
12,-52.0
13,-58.9
14,-52.0
15,-59.5555555556
16,-55.0
17,-56.1
18,-58.0
19,-58.0
20,-54.8
21,-54.4
22,-52.3
23,-49.3
24,-53.0
25,-60.0
26,-47.2
