frequency,pdr
11,-49.0
12,-48.7
13,-62.3333333333
14,-49.0
15,-51.0
16,-52.0
17,-53.3636363636
18,-54.7
19,-52.6
20,-53.3
21,-50.6
22,-50.7
23,-46.0
24,-49.0
25,-57.3
26,-64.1
