frequency,pdr
11,-61.5
12,-67.0
13,-63.6666666667
14,-60.8
15,-66.4444444444
16,-64.0
17,-60.1
18,-62.2
19,-69.2
20,-64.2
21,-58.0
22,-60.1
23,-63.2
24,-67.0
25,-67.0
26,-61.0
