frequency,pdr
11,-50.0
12,-58.5
13,-50.8
14,-46.0
15,-48.2
16,-52.9
17,-52.0
18,-51.8
19,-49.0
20,-46.0
21,-50.9090909091
22,-53.0
23,-55.0
24,-46.0
25,-48.4545454545
26,-46.0
