frequency,pdr
11,-52.0
12,-52.0
13,-50.0
14,-55.0
15,-53.7777777778
16,-52.0
17,-46.0
18,-52.0
19,-55.7
20,-55.1818181818
21,-55.0
22,-58.3
23,-55.7
24,-52.0
25,-52.0
26,-59.0
