frequency,pdr
11,-64.3
12,-61.9
13,-65.4444444444
14,-60.4
15,-59.5555555556
16,-66.2
17,-64.0
18,-60.1
19,-56.8
20,-65.7
21,-58.0
22,-61.0
23,-68.0
24,-61.0
25,-63.9
26,-65.8
