frequency,pdr
11,-52.6
12,-55.0
13,-65.6666666667
14,-64.6
15,-65.4444444444
16,-55.2
17,-62.7
18,-67.7
19,-67.0
20,-58.7
21,-66.9
22,-66.9
23,-73.8
24,-64.0
25,-66.9
26,-66.8
