frequency,pdr
11,-68.3333333333
12,-62.9
13,-77.75
14,-67.0
15,-63.1111111111
16,-64.0
17,-65.8
18,-68.9
19,-67.0
20,-67.0
21,-69.9
22,-69.6
23,-61.0
24,-61.0
25,-66.8
26,-62.5
