frequency,pdr
11,-63.3333333333
12,-57.8
13,-61.0
14,-68.0
15,-63.6666666667
16,-64.0
17,-64.7
18,-61.6
19,-66.4
20,-64.4
21,-65.9
22,-61.5
23,-61.0
24,-58.8
25,-61.3
26,-64.0
