frequency,pdr
11,-88.0
12,-83.0
13,-82.3333333333
14,-84.3333333333
15,-83.8
16,-83.7
17,-82.8571428571
18,-83.1666666667
19,-85.0
20,-87.7
21,-87.5
22,-87.0
23,-86.7
24,-87.5
25,-90.0
26,-89.5
