frequency,pdr
11,-84.4
12,-85.1111111111
13,-85.5454545455
14,-85.1
15,-87.5
16,-86.3
17,-82.0
18,-79.8
19,-81.4
20,-82.4
21,-84.0
22,-83.8
23,-84.8
24,-84.6
25,-85.0
26,-86.3
