frequency,pdr
11,-88.3333333333
12,-89.1111111111
13,-91.0
14,-91.0
15,-91.0
16,-91.0
17,-91.0
18,-91.0
19,-91.0
20,-91.0
21,-88.125
22,-87.0
23,-89.1428571429
24,-88.0
25,-87.5
26,-90.1
