frequency,pdr
11,-91.0
12,-90.0
13,-87.0
14,-86.0
15,-88.1
16,-90.1111111111
17,-85.0
18,-83.0
19,-82.9
20,-83.1
21,-86.0
22,-85.6666666667
23,-88.5714285714
24,-91.0
25,-89.9
26,-91.0
