frequency,pdr
11,-91.0
12,-91.0
14,-91.0
15,-91.0
16,-91.0
21,-91.0
22,-89.8
23,-88.7142857143
24,-89.1111111111
25,-91.0
26,-91.0
