frequency,pdr
11,-79.0
12,-79.1111111111
13,-80.1
14,-80.8
15,-81.0
16,-81.9
17,-83.125
18,-82.0
19,-82.0
20,-84.0
21,-82.0
22,-81.0
23,-80.2222222222
24,-79.0
25,-79.3
26,-82.0
