frequency,pdr
11,-80.5555555556
12,-82.0
13,-87.8888888889
14,-90.2857142857
15,-88.4
16,-87.5
17,-88.0
18,-90.6
19,-91.0
20,-91.0
21,-91.0
22,-91.0
23,-90.9
24,-85.0
25,-83.2
26,-82.7
