frequency,pdr
11,-70.0
12,-70.0
13,-71.7777777778
14,-73.0
15,-78.6
16,-80.0
17,-84.8
18,-91.0
19,-85.0
20,-80.0
21,-78.0
22,-76.5555555556
23,-78.0
24,-80.0
25,-80.2
26,-79.0
