frequency,pdr
11,-82.75
12,-81.8888888889
13,-82.0
14,-83.8571428571
15,-85.0
16,-86.5
17,-88.8
18,-91.0
19,-91.0
20,-91.0
21,-91.0
23,-91.0
24,-91.0
25,-90.1
26,-90.5
