frequency,pdr
11,-89.7142857143
12,-87.1111111111
13,-86.2222222222
14,-89.0
15,-91.0
16,-90.4
17,-87.8
18,-85.8
19,-85.3
20,-85.1
21,-83.7
22,-83.0
23,-83.7
24,-83.3
25,-83.7
26,-83.9
