frequency,pdr
11,-84.4444444444
12,-88.625
13,-84.8888888889
14,-84.0
15,-85.0
16,-87.3
17,-91.0
18,-91.0
21,-91.0
23,-91.0
24,-91.0
25,-91.0
26,-91.0
