frequency,pdr
11,-90.0
12,-91.0
13,-90.5
14,-90.0
15,-90.0
16,-89.0
17,-88.1
18,-87.0
19,-87.0
20,-87.1
21,-88.2
22,-88.6666666667
23,-90.2222222222
24,-91.0
25,-91.0
26,-91.0
