frequency,pdr
11,-85.0
12,-84.8888888889
13,-87.1111111111
14,-88.9
15,-87.6
16,-90.0
17,-91.0
18,-88.0
19,-86.2
20,-87.8
21,-90.4
23,-91.0
24,-91.0
25,-91.0
26,-91.0
