frequency,pdr
11,-86.2222222222
12,-89.0
13,-88.0
14,-89.2857142857
15,-91.0
16,-91.0
17,-91.0
18,-91.0
19,-91.0
20,-90.0
21,-87.875
22,-86.0
23,-87.3333333333
24,-87.9
25,-90.0
26,-91.0
