frequency,pdr
11,-72.6
12,-74.4444444444
13,-73.5555555556
14,-73.0
15,-73.0
16,-73.7
17,-73.0
18,-71.4
19,-71.1
20,-73.0
21,-77.8
22,-79.0
23,-78.8
24,-77.5
25,-76.0
26,-75.6
