frequency,pdr
11,-91.0
12,-88.8333333333
13,-85.0
14,-84.2857142857
15,-87.4
16,-91.0
18,-91.0
19,-90.5
21,-91.0
23,-91.0
24,-91.0
25,-91.0
26,-91.0
