frequency,pdr
11,-85.8888888889
12,-88.2222222222
13,-90.5714285714
14,-91.0
15,-91.0
16,-91.0
17,-90.8333333333
18,-90.8571428571
19,-90.2
20,-88.8571428571
21,-90.6666666667
22,-91.0
23,-91.0
24,-91.0
25,-91.0
26,-91.0
