frequency,pdr
11,-86.7777777778
12,-87.7777777778
13,-89.8888888889
14,-91.0
15,-91.0
16,-90.0
17,-91.0
18,-91.0
21,-91.0
23,-91.0
24,-91.0
25,-91.0
26,-91.0
