frequency,pdr
11,-58.6
12,-51.3333333333
13,-46.0
14,-46.2
15,-66.0
16,-49.0
17,-49.0
18,-49.0
19,-53.6
20,-71.0
21,-55.0
22,-50.6
23,-55.0
24,-55.0
25,-59.4444444444
26,-58.5
