frequency,pdr
11,-58.6
12,-67.1111111111
13,-68.2
14,-71.5
15,-62.1
16,-61.9
17,-63.3
18,-69.2
19,-74.3
20,-65.0
21,-69.2
22,-65.0
23,-70.7
24,-75.0
25,-68.4444444444
26,-68.5
