frequency,pdr
11,-73.9
12,-60.5
13,-59.5
14,-64.0
15,-71.4
16,-58.9
17,-61.0
18,-66.4545454545
19,-58.0
20,-63.5
21,-63.6
22,-64.8
23,-79.1111111111
24,-70.6
25,-73.0
26,-67.5
