frequency,pdr
11,-58.0
12,-65.6666666667
13,-63.7
14,-61.6
15,-63.5
16,-70.0
17,-75.7
18,-67.1
19,-64.0
20,-67.9
21,-67.0
22,-62.0
23,-65.8
24,-67.0
25,-66.6666666667
26,-62.7
