frequency,pdr
11,-69.1
12,-68.0
13,-67.0
14,-63.5
15,-74.8
16,-71.8888888889
17,-70.6
18,-68.6
19,-72.8
20,-66.0
21,-67.0
22,-76.6666666667
23,-62.0
24,-70.0
25,-74.125
26,-67.0
