frequency,pdr
11,-57.0
12,-66.3333333333
13,-67.2
14,-73.1111111111
15,-63.0
16,-66.9
17,-69.5
18,-70.7
19,-63.0
20,-70.0
21,-70.0
22,-63.8
23,-67.0
24,-67.0
25,-70.0
26,-65.1
