frequency,pdr
11,-67.2
12,-67.0
13,-61.5
14,-63.8
15,-67.0
16,-77.5555555556
17,-68.9
18,-60.7
19,-66.0
20,-65.7
21,-62.9
22,-66.7
23,-67.0
24,-71.5
25,-68.8888888889
26,-67.0
