frequency,pdr
11,-60.5
12,-64.2222222222
13,-71.7
14,-61.0
15,-58.0
16,-64.9
17,-55.0
18,-57.6
19,-67.1
20,-61.0
21,-64.3
22,-61.2
23,-64.6
24,-68.3
25,-70.2222222222
26,-67.7
