frequency,pdr
11,-69.5
12,-64.7777777778
13,-63.4
14,-66.8888888889
15,-66.0
16,-55.0
17,-70.9
18,-61.0
19,-62.5
20,-64.6
21,-58.0
22,-62.7
23,-61.0
24,-64.0
25,-59.25
26,-64.0
