frequency,pdr
11,-67.7
12,-64.4444444444
13,-77.7
14,-63.4
15,-62.0
16,-67.3333333333
17,-66.6
18,-63.5
19,-62.2
20,-61.0
21,-71.2
22,-69.5
23,-68.7
24,-68.0
25,-63.7
26,-72.5
