frequency,pdr
11,-75.1
12,-69.1111111111
13,-64.7
14,-67.0
15,-68.9
16,-78.8181818182
17,-67.0
18,-67.0
19,-69.6
20,-73.2
21,-72.2
22,-64.3
23,-65.4
24,-67.3
25,-64.625
26,-62.1
