frequency,pdr
11,-70.3
12,-60.1111111111
13,-60.2
14,-63.8
15,-63.0
16,-61.1
17,-66.9
18,-76.3
19,-55.5
20,-70.5
21,-58.0
22,-61.0
23,-61.1
24,-55.0
25,-64.3333333333
26,-61.0
