frequency,pdr
11,-74.7
12,-60.8888888889
13,-58.0
14,-58.1
15,-71.4
16,-71.4444444444
17,-60.3
18,-66.4
19,-61.5
20,-65.9
21,-65.4
22,-63.8
23,-65.3
24,-73.0
25,-65.875
26,-66.6
