frequency,pdr
11,-64.5
12,-76.7777777778
13,-63.4
14,-69.9
15,-63.1
16,-58.7
17,-61.0
18,-67.1818181818
19,-67.0
20,-62.0
21,-62.1
22,-59.1
23,-64.8
24,-65.5
25,-65.0
26,-72.7
