frequency,pdr
11,-56.2
12,-57.7777777778
13,-61.7
14,-55.1
15,-55.0
16,-63.6
17,-61.2
18,-61.0
19,-56.4
20,-55.0
21,-67.6
22,-59.6
23,-70.9
24,-61.1
25,-73.8888888889
26,-59.9
