frequency,pdr
11,-64.9
12,-63.0
13,-68.5
14,-78.7777777778
15,-59.1
16,-65.3333333333
17,-59.0
18,-65.3
19,-61.4
20,-65.0
21,-63.0
22,-62.0
23,-67.0
24,-67.0
25,-64.2
26,-60.4
