frequency,pdr
11,-62.9
12,-60.2222222222
13,-64.1
14,-60.6
15,-68.7
16,-58.1
17,-55.0
18,-57.1
19,-61.0
20,-62.0
21,-65.4
22,-64.0
23,-73.4444444444
24,-67.1
25,-70.0
26,-72.1
