frequency,pdr
11,-70.3
12,-59.4444444444
13,-55.0
14,-64.6
15,-60.1
16,-68.6666666667
17,-61.0
18,-59.5
19,-67.0
20,-55.0
21,-64.1
22,-70.3
23,-58.0
24,-65.7
25,-70.0
26,-65.0
