frequency,pdr
11,-69.4
12,-65.8888888889
13,-75.1111111111
14,-70.1
15,-76.3
16,-64.2
17,-62.7
18,-63.7
19,-64.0
20,-64.0
21,-60.7
22,-59.8
23,-66.6
24,-67.0
25,-69.5555555556
26,-62.7
