frequency,pdr
11,-62.9
12,-62.75
13,-68.5
14,-65.0
15,-67.4
16,-75.2222222222
17,-67.0
18,-73.0
19,-69.0
20,-70.3
21,-67.0
22,-74.2
23,-72.1
24,-67.0
25,-66.6666666667
26,-65.8
