frequency,pdr
11,-62.0
12,-73.1111111111
13,-76.3
14,-71.3333333333
15,-67.0
16,-82.2222222222
17,-71.5
18,-67.0
19,-69.3
20,-64.5
21,-67.1
22,-62.9
23,-67.6
24,-65.5
25,-60.1111111111
26,-61.9
