frequency,pdr
11,-61.3
12,-64.875
13,-62.2
14,-67.0
15,-65.8
16,-69.5555555556
17,-63.1
18,-58.0
19,-76.0
20,-71.9
21,-73.5
22,-79.8571428571
23,-66.1
24,-67.0
25,-68.3333333333
26,-65.4
