frequency,pdr
11,-62.5
12,-75.3333333333
13,-67.0
14,-64.5
15,-70.0
16,-62.0
17,-68.3
18,-63.3
19,-72.8
20,-62.4
21,-62.8
22,-72.7
23,-67.0
24,-67.0
25,-65.6666666667
26,-62.6
