frequency,pdr
11,-62.3
12,-65.8888888889
13,-62.9
14,-66.2
15,-67.0
16,-61.8888888889
17,-60.0
18,-63.8
19,-69.8
20,-61.0
21,-63.7
22,-61.0
23,-67.1
24,-62.9
25,-67.2222222222
26,-69.0
