frequency,pdr
11,-62.1
12,-70.7777777778
13,-76.5
14,-65.4
15,-67.0
16,-61.0
17,-67.0
18,-67.0
19,-70.0
20,-62.5
21,-61.0
22,-70.7
23,-61.0
24,-67.0
25,-72.8888888889
26,-76.9
