frequency,pdr
11,-64.5
12,-64.1
13,-67.7
14,-58.8
15,-56.5
16,-63.6
17,-61.0
18,-63.2
19,-63.5
20,-64.0
21,-68.1
22,-60.0
23,-64.4
24,-65.4545454545
25,-64.3333333333
26,-82.8
