frequency,pdr
11,-57.9
12,-57.6666666667
13,-65.4
14,-65.3
15,-80.2
16,-64.3
17,-58.0
18,-62.0
19,-63.7
20,-63.1
21,-67.0
22,-59.0
23,-69.3
24,-65.9
25,-64.1111111111
26,-70.0
