frequency,pdr
11,-67.1
12,-65.1111111111
13,-62.2
14,-82.2222222222
15,-62.9
16,-59.9
17,-61.0
18,-69.5
19,-77.6
20,-67.0
21,-63.8
22,-62.0
23,-68.2
24,-61.0
25,-58.0
26,-70.0
