frequency,pdr
11,-62.3
12,-70.0
13,-62.3
14,-59.0
15,-60.2
16,-71.4444444444
17,-62.5
18,-72.2
19,-64.3
20,-66.0
21,-63.6
22,-81.0
23,-76.0
24,-67.0
25,-62.8888888889
26,-66.6
