frequency,pdr
11,-63.4
12,-61.8888888889
13,-70.0
14,-58.0
15,-60.1
16,-63.3333333333
17,-69.3
18,-61.7
19,-67.0
20,-60.3
21,-65.6
22,-68.5
23,-61.6
24,-68.4
25,-58.125
26,-67.7
