frequency,pdr
11,0.952380952381
12,1.42857142857
13,1.42857142857
14,1.11111111111
15,1.5873015873
16,1.74603174603
17,1.42857142857
18,1.5873015873
19,0.634920634921
20,1.5873015873
21,1.5873015873
22,1.5873015873
23,1.5873015873
24,1.5873015873
25,1.5873015873
26,1.5873015873
