frequency,pdr
11,-56.2
12,-55.0
13,-57.125
14,-62.8888888889
15,-58.2222222222
16,-54.7
17,-58.2
18,-58.0
19,-59.9
20,-57.2
21,-58.0
22,-64.7
23,-57.8
24,-56.8888888889
25,-55.7
26,-63.8
