frequency,pdr
11,-46.0
12,-46.0
13,-43.1
14,-44.6666666667
15,-43.6666666667
16,-48.2
17,-53.2
18,-51.3
19,-55.0
20,-49.0
21,-53.9
22,-55.4
23,-51.8
24,-46.0
25,-44.0
26,-51.8
