frequency,pdr
11,-61.9
12,-62.7777777778
13,-59.0
14,-63.3333333333
15,-58.1
16,-54.9
17,-55.1
18,-55.0
19,-52.0
20,-55.0
21,-59.8
22,-54.9
23,-55.0
24,-57.4
25,-56.2
26,-61.0
