frequency,pdr
11,-53.0
12,-52.0
13,-52.0
14,-52.4444444444
15,-53.2222222222
16,-49.0
17,-59.0
18,-54.1
19,-49.5
20,-52.0
21,-52.8
22,-49.0
23,-49.8
24,-53.3
25,-51.4
26,-46.3
