frequency,pdr
11,-56.9
12,-55.0
13,-63.0
14,-61.1111111111
15,-66.1
16,-55.0
17,-53.5
18,-61.0
19,-55.9
20,-53.3
21,-64.9090909091
22,-68.1
23,-60.2
24,-62.4
25,-70.8
26,-59.7
