frequency,pdr
11,-68.1111111111
12,-55.5
13,-52.0
14,-62.7777777778
15,-52.0
16,-52.0
17,-53.0
18,-56.7
19,-59.5
20,-52.0
21,-64.8
22,-66.3
23,-58.0
24,-53.0
25,-65.9
26,-66.7
