frequency,pdr
11,-49.0
12,-49.3
13,-51.8888888889
14,-63.0
15,-48.7777777778
16,-58.0
17,-55.9
18,-58.5
19,-59.1
20,-58.4
21,-55.0
22,-56.1
23,-58.0
24,-51.9
25,-54.6
26,-55.0
