frequency,pdr
11,-55.8
12,-56.3333333333
13,-63.3333333333
14,-55.1111111111
15,-54.2
16,-60.8
17,-68.9
18,-58.0
19,-59.8
20,-64.1
21,-65.5
22,-58.0
23,-56.4
24,-60.5
25,-63.1
26,-61.0
