frequency,pdr
11,-70.6666666667
12,-55.0
13,-59.5555555556
14,-67.0
15,-67.0
16,-75.5
17,-65.5
18,-67.0
19,-65.7
20,-72.8
21,-61.3
22,-63.7
23,-75.6666666667
24,-60.5555555556
25,-64.0
26,-67.6
