frequency,pdr
11,-55.1
12,-61.3333333333
13,-65.8888888889
14,-67.0
15,-69.5555555556
16,-51.4
17,-52.0
18,-52.8
19,-55.0
20,-58.4
21,-54.6
22,-54.7
23,-71.2
24,-57.9
25,-55.3
26,-55.0
