frequency,pdr
11,-52.6
12,-61.8888888889
13,-66.5555555556
14,-58.1111111111
15,-52.0
16,-56.8
17,-52.2
18,-57.1
19,-63.2
20,-61.5
21,-65.4
22,-72.7
23,-70.9
24,-67.9
25,-59.9
26,-60.1
