frequency,pdr
11,-67.0
12,-57.6666666667
13,-64.0
14,-61.3333333333
15,-64.0
16,-65.3
17,-61.0
18,-58.1
19,-57.2
20,-55.8
21,-55.0
22,-59.4
23,-74.0
24,-69.1111111111
25,-63.0
26,-76.3
