frequency,pdr
11,-62.4
12,-64.0
13,-56.8
14,-55.8888888889
15,-56.6
16,-59.0
17,-55.4
18,-55.3
19,-52.8
20,-71.3636363636
21,-59.5
22,-61.0
23,-63.1
24,-66.6666666667
25,-70.3
26,-64.0
