frequency,pdr
11,-64.0
12,-64.0
13,-63.5555555556
14,-58.0
15,-72.2222222222
16,-63.9
17,-65.4
18,-62.9
19,-66.4
20,-61.6
21,-63.5
22,-67.0
23,-71.0
24,-69.8
25,-63.9
26,-66.5
