frequency,pdr
11,-58.3
12,-49.9
13,-56.3
14,-62.3333333333
15,-63.5555555556
16,-65.1
17,-63.1
18,-66.9
19,-55.0
20,-51.1
21,-58.5
22,-55.0
23,-66.7
24,-58.4444444444
25,-58.0
26,-55.0
