frequency,pdr
11,-58.1
12,-60.5555555556
13,-54.0
14,-55.0
15,-69.0
16,-60.8
17,-55.0
18,-51.5
19,-53.6
20,-58.0
21,-61.9
22,-49.2
23,-57.6
24,-66.6666666667
25,-46.0
26,-46.0
