frequency,pdr
11,-60.0
12,-59.7
13,-60.2222222222
14,-57.2
15,-58.2222222222
16,-61.0
17,-62.3
18,-66.0
19,-55.1
20,-54.9
21,-53.8
22,-73.5
23,-59.2
24,-55.1111111111
25,-55.0
26,-63.3
