frequency,pdr
11,-64.0
12,-55.1
13,-59.1
14,-71.8888888889
15,-71.4
16,-65.0
17,-63.6
18,-57.9
19,-64.4
20,-61.4
21,-58.8
22,-62.5
23,-72.7
24,-64.7777777778
25,-56.6
26,-67.0
