frequency,pdr
11,-62.4
12,-62.3333333333
13,-58.0
14,-60.5
15,-64.0
16,-71.1
17,-62.1
18,-55.1
19,-58.0
20,-60.8
21,-57.0
22,-63.5
23,-72.0
24,-65.3333333333
25,-62.6
26,-59.6
