frequency,pdr
11,-55.0
12,-55.0
13,-55.1
14,-60.2222222222
15,-65.8888888889
16,-56.0
17,-59.3
18,-58.0
19,-64.0
20,-61.0
21,-55.0
22,-64.0
23,-58.0
24,-59.7
25,-66.1
26,-68.5
