frequency,pdr
11,-55.0
12,-56.3
13,-67.0
14,-63.1111111111
15,-54.2222222222
16,-61.2
17,-57.9
18,-62.4
19,-77.1
20,-77.5
21,-66.6
22,-62.5
23,-59.4
24,-54.8888888889
25,-56.2
26,-57.5
