frequency,pdr
11,-66.8
12,-67.0
13,-82.0
14,-60.1111111111
15,-56.8888888889
16,-60.4
17,-60.5
18,-64.0
19,-67.0
20,-65.7
21,-64.0
22,-67.0
23,-67.9
24,-72.6666666667
25,-66.0
26,-64.3
