frequency,pdr
11,-55.5
12,-57.3333333333
13,-56.6
14,-61.1111111111
15,-65.3333333333
16,-57.8
17,-57.3
18,-64.1
19,-58.0
20,-70.6
21,-60.3
22,-69.2
23,-66.7
24,-61.2
25,-55.0
26,-60.2
