frequency,pdr
11,-60.5555555556
12,-61.2
13,-58.0
14,-60.1111111111
15,-54.2
16,-59.6
17,-65.9
18,-58.0
19,-67.0
20,-58.0
21,-61.4
22,-67.2
23,-68.3
24,-55.0
25,-55.0
26,-66.3
