frequency,pdr
11,-58.0
12,-62.4444444444
13,-61.1111111111
14,-66.1111111111
15,-72.1111111111
16,-67.0
17,-70.6
18,-66.7
19,-66.7
20,-71.8
21,-64.3
22,-61.4
23,-62.6
24,-68.5555555556
25,-65.1
26,-61.0
