frequency,pdr
11,-66.1111111111
12,-62.3333333333
13,-54.9
14,-57.4444444444
15,-55.0
16,-55.0
17,-66.6
18,-64.0
19,-66.3
20,-61.0
21,-70.3
22,-64.5
23,-71.1
24,-64.0
25,-74.5
26,-63.4
