frequency,pdr
11,-55.7
12,-55.4
13,-52.6666666667
14,-59.0
15,-67.0
16,-65.6
17,-60.8
18,-64.5
19,-55.4
20,-57.0
21,-70.3
22,-66.6
23,-62.7
24,-63.7777777778
25,-57.0
26,-59.8
