frequency,pdr
11,-49.7
12,-55.7272727273
13,-52.4444444444
14,-55.7
15,-55.0
16,-62.1
17,-62.4
18,-52.1
19,-50.8
20,-60.2
21,-52.0
22,-49.3
23,-60.8
24,-58.0
25,-67.1
26,-56.5
