frequency,pdr
11,-67.9
12,-62.8
13,-64.5555555556
14,-62.5555555556
15,-64.5
16,-55.0
17,-53.9
18,-54.7
19,-58.0
20,-60.8
21,-67.0
22,-75.1
23,-66.4
24,-69.4444444444
25,-64.8
26,-70.0
