frequency,pdr
11,-57.7
12,-62.5555555556
13,-61.5
14,-64.1111111111
15,-62.4444444444
16,-57.0
17,-57.5
18,-55.4
19,-63.1
20,-64.4
21,-58.7
22,-60.6
23,-54.9
24,-52.2
25,-64.2
26,-64.1
