frequency,pdr
11,-47.9
12,-44.9
13,-50.0
14,-51.8888888889
15,-51.7777777778
16,-46.0
17,-51.5
18,-43.7
19,-46.5
20,-49.7
21,-56.1
22,-46.9
23,-53.4
24,-60.2
25,-65.1
26,-64.0
