frequency,pdr
11,-65.3
12,-58.7
13,-59.1
14,-57.9
15,-57.3333333333
16,-57.0
17,-69.3
18,-57.0
19,-64.0
20,-65.3
21,-66.0
22,-61.0
23,-64.3
24,-63.7777777778
25,-66.0
26,-67.1
