frequency,pdr
11,-69.8888888889
12,-63.6
13,-57.7777777778
14,-66.9
15,-63.4444444444
16,-67.0
17,-67.7
18,-62.0
19,-55.0
20,-55.0
21,-66.8
22,-58.0
23,-62.9
24,-71.4
25,-61.0
26,-63.8
