frequency,pdr
11,-62.9
12,-60.8888888889
13,-58.0
14,-60.0
15,-53.4444444444
16,-55.0
17,-55.0
18,-52.0
19,-48.7
20,-58.8
21,-72.2
22,-69.7
23,-65.3
24,-56.1
25,-60.2
26,-53.5
