frequency,pdr
11,-46.0
12,-43.3
13,-49.0
14,-52.7777777778
15,-64.0
16,-64.0
17,-58.9
18,-55.0
19,-64.0
20,-50.0
21,-52.9
22,-59.1
23,-55.0
24,-65.2222222222
25,-50.0
26,-52.0
