frequency,pdr
11,-46.0
12,-46.0
13,-53.3333333333
14,-55.3
15,-54.5555555556
16,-46.0
17,-43.0
18,-43.0
19,-43.0
20,-43.0
21,-43.0
22,-49.0
23,-49.1
24,-49.0
25,-52.6
26,-50.3
