frequency,pdr
11,-59.3
12,-57.9
13,-54.8888888889
14,-54.0
15,-56.7777777778
16,-59.2
17,-52.0
18,-55.8
19,-50.9
20,-55.3
21,-63.0
22,-72.5
23,-55.0
24,-53.0
25,-49.1
26,-50.9
