frequency,pdr
11,-67.4444444444
12,-63.9
13,-67.0
14,-64.6666666667
15,-58.2222222222
16,-52.0
17,-61.6
18,-62.1
19,-63.3
20,-61.6
21,-77.4
22,-65.7
23,-67.3
24,-66.9
25,-60.2
26,-61.0
