frequency,pdr
11,-61.0
12,-52.3
13,-57.3333333333
14,-56.0
15,-64.3333333333
16,-59.0
17,-65.6
18,-64.0
19,-64.8
20,-75.0
21,-59.1
22,-63.8
23,-68.1
24,-60.7777777778
25,-58.3
26,-58.0
