frequency,pdr
11,-61.0
12,-60.9
13,-61.0
14,-60.2727272727
15,-55.8888888889
16,-57.2
17,-55.0
18,-55.0
19,-55.0
20,-55.0
21,-69.7
22,-56.7
23,-65.2
24,-64.0
25,-65.5
26,-55.1
