frequency,pdr
11,-62.5454545455
12,-60.7
13,-76.8333333333
14,-66.0
15,-63.0
16,-55.1
17,-58.0
18,-55.0
19,-68.0
20,-62.2
21,-64.0
22,-66.2
23,-58.0
24,-60.7
25,-65.5
26,-71.0
