frequency,pdr
11,-68.1111111111
12,-67.1
13,-62.3
14,-64.2
15,-63.5555555556
16,-67.8
17,-71.5
18,-70.1
19,-75.3
20,-60.1
21,-67.6
22,-55.2
23,-61.0
24,-75.0
25,-67.0
26,-61.1
