frequency,pdr
11,-52.0
12,-58.4444444444
13,-64.75
14,-58.0
15,-75.2222222222
16,-49.6
17,-53.3
18,-50.8
19,-66.0
20,-64.5
21,-60.9
22,-57.1
23,-65.1
24,-57.4
25,-49.0
26,-53.9
