frequency,pdr
11,-77.3333333333
12,-56.5555555556
13,-65.75
14,-61.1
15,-65.3333333333
16,-54.0
17,-55.0
18,-65.0
19,-61.3
20,-58.0
21,-67.0
22,-55.6
23,-57.8
24,-60.6
25,-58.6
26,-67.0
