frequency,pdr
11,-67.0
12,-54.4
13,-55.0
14,-59.7
15,-55.7777777778
16,-71.1
17,-67.5
18,-54.5
19,-61.1
20,-54.9
21,-57.5
22,-58.8
23,-60.2
24,-59.3333333333
25,-60.5
26,-60.2
