frequency,pdr
11,-59.6
12,-61.3333333333
13,-63.6666666667
14,-54.9
15,-57.9
16,-61.0
17,-54.8
18,-55.6
19,-56.2
20,-52.0
21,-54.6
22,-58.0
23,-62.3
24,-55.3333333333
25,-56.7
26,-62.1
