frequency,pdr
11,-71.0
12,-55.1
13,-56.8888888889
14,-57.7
15,-62.5555555556
16,-61.1
17,-55.4
18,-64.0
19,-75.5
20,-62.7
21,-56.3
22,-60.9
23,-67.0
24,-58.0
25,-78.0
26,-67.2
