frequency,pdr
11,-45.6
12,-46.0
13,-49.0
14,-55.6666666667
15,-48.0
16,-53.2
17,-48.0
18,-54.8
19,-53.3
20,-51.0
21,-49.7
22,-49.0
23,-66.9
24,-59.4444444444
25,-52.9
26,-49.0
