frequency,pdr
11,-68.1111111111
12,-58.1111111111
13,-55.1
14,-56.5555555556
15,-64.0
16,-60.7
17,-64.0
18,-67.7
19,-75.5
20,-61.0
21,-63.8
22,-63.1
23,-68.1
24,-57.9
25,-59.3
26,-55.5
