frequency,pdr
11,-58.0
12,-56.5
13,-58.0
14,-61.4
15,-61.4444444444
16,-59.7
17,-57.9
18,-58.2
19,-58.0
20,-59.7
21,-63.5
22,-61.2
23,-54.1
24,-54.5555555556
25,-59.9
26,-52.1
