frequency,pdr
11,-55.2
12,-51.4
13,-50.8888888889
14,-49.0
15,-52.1111111111
16,-59.1
17,-49.9
18,-43.0
19,-49.7
20,-45.5
21,-43.0
22,-43.0
23,-46.0
24,-43.8
25,-43.0
26,-42.0
