frequency,pdr
11,-72.5555555556
12,-60.2
13,-59.5555555556
14,-61.8888888889
15,-50.0
16,-51.3
17,-58.0
18,-56.7
19,-58.0
20,-52.2
21,-53.6
22,-53.9
23,-54.1
24,-69.7
25,-55.0
26,-58.0
