frequency,pdr
11,-57.9
12,-55.0
13,-57.1
14,-60.8888888889
15,-70.7777777778
16,-56.7
17,-65.2
18,-58.2
19,-65.4
20,-52.5
21,-69.1
22,-73.5
23,-62.3
24,-71.1111111111
25,-66.1
26,-54.2
