frequency,pdr
11,-55.0
12,-60.5555555556
13,-54.1
14,-57.4444444444
15,-61.0
16,-62.9
17,-59.9
18,-58.0
19,-55.0
20,-55.0
21,-63.8
22,-52.6
23,-49.9
24,-54.7
25,-55.0
26,-69.3
