frequency,pdr
11,-53.0
12,-50.9
13,-58.0
14,-58.7
15,-58.6666666667
16,-55.0
17,-53.0
18,-52.0
19,-52.6
20,-54.0
21,-50.7
22,-61.0
23,-59.0
24,-64.8888888889
25,-58.9
26,-61.2
