frequency,pdr
11,-61.3
12,-56.4
13,-70.75
14,-62.1111111111
15,-65.2222222222
16,-64.7
17,-61.4
18,-56.3
19,-70.4
20,-55.0
21,-61.4
22,-66.6
23,-64.2
24,-55.3
25,-63.3
26,-68.6
