frequency,pdr
11,-67.0
12,-62.0
13,-53.6
14,-63.1
15,-63.4444444444
16,-63.2
17,-63.9
18,-66.7
19,-64.0
20,-65.6
21,-61.3
22,-61.0
23,-66.6
24,-65.6666666667
25,-61.8
26,-67.0
