frequency,pdr
11,-55.0
12,-54.7
13,-59.6666666667
14,-69.7777777778
15,-64.0
16,-66.1
17,-55.0
18,-53.5
19,-72.3
20,-64.0
21,-60.3
22,-61.0
23,-69.1
24,-66.8
25,-55.0
26,-63.7
