frequency,pdr
11,-55.0
12,-54.0
13,-53.8
14,-53.2222222222
15,-65.2222222222
16,-55.0
17,-55.0
18,-65.0
19,-55.0
20,-57.2
21,-53.0
22,-62.1
23,-55.0
24,-51.5555555556
25,-52.2
26,-54.4
