frequency,pdr
11,-46.1
12,-48.9
13,-46.2222222222
14,-56.7777777778
15,-52.0
16,-56.9
17,-52.8
18,-49.0
19,-58.4
20,-47.9
21,-50.5
22,-49.5
23,-51.0
24,-46.5
25,-61.2
26,-54.8
