frequency,pdr
11,-63.8
12,-66.7777777778
13,-58.1111111111
14,-57.7
15,-63.8
16,-55.4
17,-62.6
18,-58.7
19,-61.0
20,-64.7
21,-62.2
22,-70.0
23,-69.8
24,-66.7777777778
25,-52.6
26,-67.0
