frequency,pdr
11,-58.0
12,-57.6
13,-54.6
14,-58.7
15,-58.1111111111
16,-59.4
17,-62.0
18,-57.1
19,-61.1
20,-61.1
21,-66.4
22,-66.2
23,-63.5
24,-53.8888888889
25,-59.0
26,-62.2
