frequency,pdr
11,-67.2
12,-64.4444444444
13,-58.6666666667
14,-51.7272727273
15,-57.2222222222
16,-56.3
17,-62.0
18,-66.0
19,-58.0
20,-63.9
21,-69.7
22,-69.1
23,-61.5
24,-68.1111111111
25,-58.0
26,-59.7
