frequency,pdr
11,-56.4
12,-62.7
13,-59.2222222222
14,-59.5
15,-56.7
16,-65.3
17,-61.6
18,-70.8
19,-62.3
20,-58.1
21,-56.3
22,-64.2
23,-64.9
24,-65.7777777778
25,-59.5
26,-64.3
