frequency,pdr
11,-55.0
12,-58.7777777778
13,-63.0
14,-56.4444444444
15,-58.2
16,-54.9
17,-55.0
18,-52.2
19,-52.0
20,-58.8
21,-66.2
22,-60.8
23,-62.5
24,-57.3
25,-58.0
26,-55.0
