frequency,pdr
11,-57.9
12,-57.5
13,-54.8888888889
14,-55.0
15,-59.1111111111
16,-55.1
17,-56.3
18,-57.2
19,-55.0
20,-56.5
21,-58.0
22,-52.1
23,-56.3
24,-54.5
25,-63.9
26,-62.3
