frequency,pdr
11,-60.4
12,-69.1111111111
13,-58.75
14,-56.3333333333
15,-55.0
16,-56.0
17,-63.7
18,-65.7
19,-55.0
20,-57.7
21,-61.3
22,-58.2
23,-60.8
24,-56.5555555556
25,-69.1
26,-58.0
