frequency,pdr
11,-55.0
12,-63.2
13,-47.2
14,-43.2222222222
15,-45.5555555556
16,-49.0
17,-57.4
18,-64.0
19,-58.0
20,-56.8
21,-57.8
22,-45.4
23,-46.0
24,-53.5
25,-55.9
26,-63.7
