frequency,pdr
11,-54.9
12,-52.0
13,-54.8
14,-56.1111111111
15,-57.5555555556
16,-58.7
17,-55.1
18,-61.0
19,-66.9
20,-52.2
21,-52.0
22,-52.3
23,-62.5
24,-55.5
25,-57.2
26,-60.6
