frequency,pdr
11,-48.0
12,-47.0
13,-46.0
14,-51.4444444444
15,-65.8888888889
16,-56.2
17,-51.4
18,-57.8
19,-48.9
20,-63.5
21,-52.1
22,-47.4
23,-51.7
24,-66.1
25,-58.0
26,-61.2
