frequency,pdr
11,-61.8
12,-62.0
13,-75.375
14,-71.1111111111
15,-67.7777777778
16,-55.0
17,-55.0
18,-50.9
19,-55.0
20,-62.7
21,-68.8
22,-64.6
23,-59.1
24,-58.5
25,-62.0
26,-55.0
