frequency,pdr
11,-62.0
12,-58.2222222222
13,-64.0
14,-55.0
15,-58.0
16,-60.9
17,-57.7
18,-61.6
19,-62.4
20,-64.7
21,-60.3
22,-62.9
23,-67.6
24,-68.7777777778
25,-61.0
26,-61.0
