frequency,pdr
11,-53.5
12,-60.7
13,-60.3333333333
14,-52.1
15,-56.4
16,-60.0
17,-69.9
18,-60.6
19,-60.4
20,-62.7
21,-61.5
22,-61.2
23,-53.4
24,-54.1111111111
25,-52.1
26,-62.4
