frequency,pdr
11,-57.9
12,-55.0
13,-55.0
14,-53.7777777778
15,-66.8888888889
16,-76.0
17,-61.2
18,-48.7
19,-49.0
20,-58.0
21,-62.1
22,-58.0
23,-67.9
24,-52.0
25,-51.9
26,-54.3
