frequency,pdr
11,-65.8
12,-54.1111111111
13,-52.0
14,-52.0
15,-55.0
16,-63.8
17,-55.3
18,-55.0
19,-58.1
20,-55.0
21,-55.0
22,-67.2
23,-60.9
24,-63.6666666667
25,-68.8
26,-63.2
