frequency,pdr
11,1.42857142857
12,1.5873015873
13,1.5873015873
14,1.42857142857
15,1.5873015873
16,1.5873015873
17,1.5873015873
18,1.5873015873
19,1.26984126984
20,1.5873015873
21,1.5873015873
22,1.5873015873
23,1.5873015873
24,1.5873015873
25,1.5873015873
26,1.5873015873
