frequency,pdr
11,-85.5555555556
12,-86.5555555556
13,-88.5555555556
14,-89.5
15,-90.8
16,-91.0
17,-89.0
18,-86.8
19,-86.0
20,-88.0
21,-90.8181818182
23,-91.0
24,-91.0
25,-91.0
26,-91.0
