frequency,pdr
11,-90.2222222222
12,-91.0
13,-91.0
14,-90.3333333333
15,-89.4
16,-87.7
17,-85.0
18,-82.1
19,-81.4
20,-80.2
21,-81.4
22,-82.4
23,-85.0
24,-85.0
25,-85.6
26,-86.1
