frequency,pdr
11,-90.5
12,-91.0
14,-91.0
15,-91.0
16,-91.0
17,-90.4
18,-86.2
19,-85.0
20,-85.0
21,-85.9
22,-88.4285714286
23,-90.4444444444
24,-90.0
25,-87.0
26,-85.5
