frequency,pdr
11,-90.5
12,-88.125
13,-87.4444444444
14,-89.0
15,-91.0
16,-88.5
17,-85.0
18,-85.6666666667
19,-89.4444444444
21,-91.0
23,-91.0
24,-90.875
25,-91.0
