frequency,pdr
11,-74.0
12,-73.0
13,-73.0
14,-73.0
15,-74.0
16,-76.0
17,-77.0
18,-79.0
19,-79.0
20,-79.0
21,-79.0
22,-81.3333333333
23,-84.5555555556
24,-87.4
25,-89.0
26,-87.9
