frequency,pdr
13,-91.0
14,-91.0
15,-91.0
16,-91.0
17,-88.7
18,-86.8
19,-86.2
20,-87.1
21,-87.5
22,-87.8571428571
23,-89.1111111111
24,-88.5
25,-88.0
26,-89.0
