frequency,pdr
11,-78.9
12,-77.0
13,-76.0
14,-76.0
15,-76.0
16,-76.0
17,-76.0
18,-77.3333333333
19,-79.0
20,-80.2
21,-83.0
22,-83.7
23,-82.5555555556
24,-83.3
25,-82.2
26,-83.0
