frequency,pdr
11,-88.3
12,-89.8571428571
13,-89.7
14,-87.5
15,-86.3
16,-86.4
17,-87.2
18,-86.4444444444
19,-85.0
20,-85.6
21,-88.6
22,-88.75
23,-89.125
24,-89.8
25,-91.0
26,-91.0
