frequency,pdr
11,-88.1111111111
12,-86.0
13,-86.9
14,-87.0
15,-85.1
16,-82.0
17,-81.125
18,-80.7777777778
19,-81.0
20,-81.5
21,-82.0
22,-83.9
23,-86.1
24,-90.4
