frequency,pdr
11,-90.5714285714
12,-90.8888888889
13,-90.5
14,-90.5555555556
15,-90.4
16,-89.8
17,-90.0
18,-91.0
19,-91.0
20,-90.0
21,-89.5
22,-89.2
23,-91.0
24,-91.0
25,-91.0
26,-91.0
