frequency,pdr
11,-89.3333333333
12,-91.0
13,-91.0
14,-90.9
15,-89.2
16,-89.4
17,-89.5555555556
18,-89.9
19,-89.7
20,-89.9
21,-91.0
23,-91.0
