frequency,pdr
11,-91.0
12,-91.0
13,-90.4285714286
14,-90.2222222222
15,-90.5
16,-90.6666666667
17,-91.0
18,-91.0
19,-91.0
23,-91.0
24,-91.0
25,-91.0
