frequency,pdr
11,-88.5714285714
12,-89.4
13,-90.125
14,-90.0
15,-90.8
16,-91.0
17,-91.0
21,-91.0
22,-89.8888888889
23,-88.9
24,-88.7
25,-89.0
26,-89.0
