frequency,pdr
11,-85.5555555556
12,-86.0
13,-88.1428571429
14,-91.0
16,-91.0
17,-86.8888888889
18,-84.6666666667
19,-84.7
20,-85.4
21,-90.6
23,-91.0
24,-91.0
25,-91.0
26,-91.0
