frequency,pdr
11,-87.8888888889
12,-87.4444444444
13,-85.125
14,-85.0
15,-87.1
16,-87.6
17,-89.6
18,-91.0
19,-89.1
20,-87.4
21,-90.0
23,-91.0
24,-91.0
25,-91.0
26,-91.0
