frequency,pdr
11,-85.9
12,-87.75
13,-89.2857142857
14,-90.0
15,-90.0
16,-88.9
17,-88.1428571429
18,-88.7777777778
19,-90.0
20,-90.0
21,-90.9
22,-90.0
23,-90.8181818182
24,-91.0
25,-91.0
26,-91.0
