frequency,pdr
11,-87.0
12,-88.2222222222
13,-89.5
14,-89.7777777778
15,-91.0
16,-91.0
19,-91.0
23,-91.0
24,-91.0
25,-91.0
26,-91.0
