frequency,pdr
11,-46.0
12,-47.3
13,-49.0
14,-49.0
15,-48.9
16,-47.1
17,-48.4
18,-48.5454545455
19,-46.0
20,-47.9090909091
21,-46.0
22,-47.5
23,-49.2
24,-49.0
25,-49.0
26,-49.0
