frequency,pdr
11,-60.5555555556
12,-66.3333333333
13,-69.8888888889
14,-67.0
15,-61.2
16,-60.1
17,-67.0
18,-64.0
19,-63.5
20,-68.5
21,-73.0
22,-70.8888888889
23,-59.7
24,-65.4
25,-64.0
26,-61.0
