frequency,pdr
11,-60.4
12,-66.8888888889
13,-57.8
14,-76.2222222222
15,-55.6
16,-59.1
17,-59.4
18,-64.3
19,-64.5
20,-55.0
21,-55.0
22,-65.2
23,-61.0
24,-59.5
25,-62.9
26,-62.5
