frequency,pdr
11,-65.2222222222
12,-60.5555555556
13,-63.7777777778
14,-60.9
15,-62.7
16,-55.0
17,-60.7
18,-55.3
19,-58.0
20,-64.1
21,-70.0
22,-61.0
23,-59.9
24,-62.0
25,-64.0
26,-61.0
