frequency,pdr
11,-59.8
12,-58.2222222222
13,-55.0
14,-53.1111111111
15,-55.0
16,-59.1
17,-66.7
18,-56.5
19,-56.2
20,-63.5454545455
21,-67.1
22,-67.8
23,-69.5
24,-54.2
25,-52.0
26,-56.7
