frequency,pdr
11,-60.5
12,-58.0
13,-71.8888888889
14,-69.8888888889
15,-54.6
16,-53.4
17,-52.0
18,-54.1
19,-49.0
20,-52.1
21,-48.0
22,-47.2
23,-46.0
24,-51.8
25,-49.0
26,-49.0
