frequency,pdr
11,-60.4
12,-59.1111111111
13,-50.8
14,-66.5555555556
15,-67.5
16,-49.0
17,-46.0
18,-47.9
19,-50.2
20,-47.0
21,-48.2
22,-56.2
23,-45.1
24,-46.6
25,-49.0
26,-57.4
