frequency,pdr
11,-72.1111111111
12,-55.0
13,-65.2222222222
14,-54.8
15,-59.3
16,-55.0
17,-55.0
18,-53.8
19,-53.6
20,-54.0
21,-53.3
22,-59.4
23,-52.0
24,-48.9
25,-54.2
26,-57.8
