frequency,pdr
11,-60.5
12,-59.9090909091
13,-67.0
14,-65.1111111111
15,-61.0
16,-64.4
17,-60.9
18,-70.4
19,-69.4
20,-65.2
21,-61.7
22,-55.0
23,-61.0
24,-70.3
25,-62.6
26,-64.0
