frequency,pdr
11,-70.5555555556
12,-59.6666666667
13,-61.2222222222
14,-70.6666666667
15,-62.6
16,-67.9
17,-64.1
18,-61.4
19,-67.0
20,-63.4
21,-75.9
22,-61.1
23,-58.0
24,-61.0
25,-64.6
26,-76.4
