frequency,pdr
11,-56.7777777778
12,-57.9
13,-58.6
14,-65.8888888889
15,-67.4
16,-64.0
17,-52.0
18,-59.7
19,-55.0
20,-52.0
21,-58.8
22,-51.5
23,-50.1
24,-59.8
25,-58.0
26,-58.0
