frequency,pdr
11,-50.8888888889
12,-58.1111111111
13,-60.7
14,-63.8888888889
15,-55.0
16,-54.6
17,-49.1
18,-48.6
19,-46.6
20,-64.9
21,-55.0
22,-55.0
23,-57.7
24,-59.2
25,-54.7
26,-51.3
