frequency,pdr
11,-58.0
12,-62.5555555556
13,-55.3
14,-54.0
15,-51.4
16,-52.0
17,-52.9
18,-55.0
19,-52.6
20,-49.0
21,-49.0
22,-61.0
23,-50.6363636364
24,-48.9
25,-58.1
26,-51.8
