frequency,pdr
11,-52.6
12,-59.8888888889
13,-58.9
14,-66.5555555556
15,-62.0
16,-61.0
17,-64.2
18,-55.0
19,-55.0
20,-58.0
21,-60.9
22,-64.0
23,-67.0
24,-78.9
25,-68.9
26,-61.0
