frequency,pdr
11,-61.0
12,-63.7777777778
13,-67.0
14,-63.3333333333
15,-68.9
16,-67.0
17,-67.5
18,-64.9
19,-61.7
20,-59.8
21,-68.4
22,-69.1
23,-67.0
24,-76.2
25,-64.5
26,-70.9
