frequency,pdr
11,-58.4
12,-48.7
13,-54.0
14,-53.7777777778
15,-55.0
16,-63.9
17,-61.7
18,-49.0
19,-58.3
20,-46.0
21,-52.0
22,-53.3636363636
23,-47.1
24,-58.0
25,-49.0
26,-63.5
