frequency,pdr
11,-56.6
12,-66.0833333333
13,-56.7777777778
14,-58.0
15,-54.8
16,-61.9
17,-54.5
18,-56.0
19,-55.0
20,-49.0
21,-51.9
22,-54.2
23,-55.0
24,-54.3
25,-51.7
26,-66.3
