frequency,pdr
11,-65.8888888889
12,-63.3333333333
13,-59.6
14,-67.0
15,-58.3
16,-56.5
17,-59.2
18,-53.0
19,-52.0
20,-58.0
21,-63.1
22,-67.0
23,-67.0
24,-67.8
25,-64.0
26,-65.9
