frequency,pdr
11,-50.5
12,-58.1111111111
13,-68.4444444444
14,-65.2
15,-52.0
16,-49.5
17,-64.3
18,-52.4
19,-60.1
20,-49.2
21,-57.2
22,-53.4
23,-49.0
24,-63.2
25,-56.2
26,-54.6
