frequency,pdr
11,-64.2
12,-65.7272727273
13,-69.4444444444
14,-70.7
15,-60.1
16,-62.9
17,-71.7
18,-62.3
19,-58.7
20,-58.0
21,-58.0
22,-68.0
23,-72.1
24,-75.0
25,-69.6
26,-61.2
