frequency,pdr
11,-89.9
12,-90.0
13,-90.8888888889
14,-91.0
16,-91.0
18,-91.0
19,-89.0
20,-84.8
21,-86.0
22,-88.3333333333
23,-89.0
24,-91.0
25,-91.0
26,-91.0
