frequency,pdr
11,-90.0
12,-89.8888888889
13,-89.125
14,-87.0
15,-88.2
16,-90.1428571429
17,-91.0
18,-91.0
19,-91.0
20,-89.6
21,-90.0
22,-90.2222222222
23,-91.0
24,-91.0
25,-91.0
26,-91.0
