frequency,pdr
11,-75.4444444444
12,-80.6
13,-73.0
14,-81.5555555556
15,-77.0
16,-70.0
17,-65.0
18,-64.8
19,-71.1
20,-77.0
21,-81.125
22,-70.9
23,-70.0
24,-73.6
25,-67.0
26,-64.0
