frequency,pdr
12,-91.0
15,-91.0
16,-91.0
17,-90.3333333333
18,-91.0
19,-87.3
20,-85.6
21,-86.0
23,-90.8571428571
24,-91.0
25,-90.0
26,-89.0
