frequency,pdr
11,-90.2
12,-90.125
13,-88.8571428571
15,-90.5
16,-88.6
17,-91.0
18,-91.0
19,-90.3
20,-88.8
21,-89.375
22,-86.7142857143
23,-90.0
25,-91.0
26,-86.0
