frequency,pdr
11,-88.0
12,-86.0
13,-85.2857142857
14,-87.8888888889
15,-86.0
16,-86.8
17,-85.9
18,-85.4
19,-85.0
20,-85.0
21,-84.6
23,-87.3
24,-83.8
25,-89.6
26,-91.0
