frequency,pdr
11,-68.1
12,-64.1111111111
13,-68.5714285714
14,-70.0
15,-61.9
16,-61.8
17,-67.8
18,-70.0
19,-70.0
20,-69.1818181818
21,-64.0
22,-66.7
23,-70.0
24,-70.0
25,-67.5
26,-66.8
