frequency,pdr
11,-88.9
12,-90.7777777778
13,-87.2222222222
14,-85.0
15,-82.0
16,-82.1
17,-83.0
18,-85.6
19,-91.0
21,-91.0
22,-88.0
23,-89.1
24,-86.8
25,-86.9
26,-88.0
