frequency,pdr
11,-72.9
12,-73.0
13,-72.8888888889
14,-73.0
15,-75.0
16,-78.8
17,-81.0
18,-87.8
19,-91.0
20,-86.3
21,-87.7
22,-85.3333333333
23,-87.0
24,-84.6
25,-83.0
26,-85.0
