frequency,pdr
11,-83.1
12,-83.2222222222
13,-85.7777777778
14,-89.4444444444
15,-90.8
16,-91.0
17,-91.0
18,-89.7
19,-87.2
20,-88.4
21,-91.0
25,-91.0
26,-91.0
