frequency,pdr
11,-89.5
12,-85.0
13,-83.4444444444
14,-84.25
15,-88.0
16,-90.625
17,-89.9
18,-91.0
19,-91.0
20,-88.2
21,-89.0
22,-87.125
23,-88.1111111111
24,-90.3
25,-91.0
26,-89.6
