frequency,pdr
11,-86.3333333333
12,-86.9
13,-88.8888888889
14,-89.5
15,-91.0
16,-91.0
17,-91.0
18,-91.0
19,-91.0
20,-90.8
21,-91.0
23,-91.0
24,-91.0
