frequency,pdr
11,-84.8888888889
12,-81.8888888889
13,-82.0
14,-81.8888888889
15,-83.5
16,-86.3
17,-90.0
18,-91.0
19,-91.0
20,-91.0
21,-91.0
23,-91.0
25,-91.0
26,-89.0
