frequency,pdr
11,-78.0
12,-80.4444444444
13,-76.3333333333
14,-73.0
15,-73.0
16,-74.9
17,-76.0
18,-76.0
19,-76.0
20,-73.1
21,-73.9
22,-75.5
23,-75.9
24,-74.9
25,-75.7
26,-75.1
