frequency,pdr
11,-86.4
12,-89.0
13,-83.1111111111
14,-81.8
15,-82.0
16,-85.0
17,-90.8888888889
18,-90.3333333333
19,-88.0
20,-83.1
21,-81.9
22,-81.625
23,-83.1428571429
24,-85.0
25,-87.8
26,-88.9
