frequency,pdr
11,-71.7777777778
12,-63.7
13,-66.2
14,-67.0
15,-74.0
16,-64.0
17,-58.6
18,-61.0
19,-64.5
20,-61.4
21,-62.9
22,-64.9
23,-65.9
24,-64.3
25,-66.7777777778
26,-64.0
