frequency,pdr
11,-52.0
12,-57.6666666667
13,-53.4444444444
14,-55.0
15,-64.7
16,-77.8
17,-61.9
18,-61.0
19,-64.8
20,-52.0
21,-64.3
22,-61.5
23,-64.5
24,-65.9
25,-57.8888888889
26,-58.2
