frequency,pdr
11,-65.0
12,-61.7777777778
13,-57.8
14,-77.9
15,-67.2222222222
16,-68.1
17,-61.0
18,-67.0
19,-67.0
20,-64.1
21,-62.1
22,-74.9
23,-67.0
24,-69.3
25,-61.0
26,-64.6
