frequency,pdr
11,-63.9
12,-72.5555555556
13,-64.4444444444
14,-73.0
15,-71.2
16,-68.3
17,-76.4
18,-68.8
19,-70.0
20,-81.8
21,-76.6
22,-63.8
23,-66.5
24,-70.0
25,-74.125
26,-71.9
