frequency,pdr
11,-71.4
12,-66.8
13,-71.5555555556
14,-61.0
15,-63.5555555556
16,-61.0
17,-66.8
18,-58.4
19,-58.6
20,-62.3
21,-65.9
22,-55.0
23,-63.3
24,-66.6
25,-61.0
26,-62.5
