frequency,pdr
11,-55.0
12,-49.7
13,-59.8888888889
14,-51.6
15,-55.0
16,-53.6
17,-52.0
18,-49.0
19,-50.0909090909
20,-52.0
21,-55.0
22,-56.5
23,-55.0
24,-66.6
25,-52.0
26,-52.0
