frequency,pdr
11,-61.4444444444
12,-60.9
13,-59.8888888889
14,-59.3
15,-78.9090909091
16,-63.9
17,-62.1
18,-55.0
19,-58.0
20,-55.0
21,-55.0
22,-55.0
23,-55.3
24,-56.6
25,-60.8888888889
26,-57.6
