frequency,pdr
11,-52.0
12,-52.2
13,-63.8888888889
14,-59.2
15,-54.9
16,-55.0
17,-57.1
18,-55.0
19,-55.0
20,-54.1
21,-53.9
22,-58.0
23,-59.4
24,-58.7
25,-55.2222222222
26,-62.4
