frequency,pdr
11,-55.9
12,-60.8
13,-56.1
14,-55.0
15,-49.6
16,-53.7
17,-63.5
18,-58.7
19,-58.0
20,-52.5
21,-49.0
22,-54.5
23,-63.9
24,-54.8
25,-61.4444444444
26,-56.6363636364
