frequency,pdr
11,-70.0
12,-64.3333333333
13,-76.5555555556
14,-61.0
15,-60.9
16,-62.5
17,-61.7
18,-68.3
19,-68.9
20,-67.5
21,-67.2
22,-70.5
23,-65.1
24,-65.7
25,-67.2222222222
26,-67.9
