frequency,pdr
11,-68.3333333333
12,-59.3333333333
13,-73.2222222222
14,-62.7
15,-67.8
16,-55.1
17,-57.9
18,-56.7
19,-58.0
20,-59.7
21,-64.0
22,-64.0
23,-69.0
24,-58.0
25,-63.5555555556
26,-61.0
