frequency,pdr
11,-54.4
12,-55.0
13,-52.0
14,-62.7
15,-66.6666666667
16,-52.0
17,-53.6
18,-56.2
19,-55.0
20,-56.3
21,-55.0
22,-66.0
23,-55.0
24,-64.5
25,-59.1111111111
26,-62.9
