frequency,pdr
11,-58.6
12,-55.6666666667
13,-56.3333333333
14,-52.0
15,-55.0
16,-60.9
17,-55.0
18,-49.0
19,-60.6
20,-58.0
21,-61.0
22,-65.6
23,-70.0
24,-53.6
25,-53.6
26,-55.0
