frequency,pdr
11,-64.1
12,-68.5555555556
13,-61.2222222222
14,-71.8
15,-64.0
16,-59.2
17,-58.4
18,-55.0
19,-61.0
20,-60.1
21,-58.0
22,-66.8
23,-64.6
24,-60.8
25,-57.8
26,-64.4
