frequency,pdr
11,-51.8
12,-61.2222222222
13,-54.9
14,-58.0
15,-53.8888888889
16,-54.7
17,-58.3
18,-65.3
19,-62.8
20,-70.8
21,-68.4
22,-59.4
23,-50.9
24,-58.0
25,-58.0
26,-55.0
