frequency,pdr
11,-78.375
12,-66.3333333333
13,-63.0
14,-61.6
15,-55.2727272727
16,-58.1
17,-69.1
18,-69.7
19,-68.4
20,-58.7
21,-67.9
22,-68.4
23,-65.1
24,-66.2
25,-61.2222222222
26,-59.3
