frequency,pdr
11,-77.4444444444
12,-68.3
13,-66.8
14,-72.5555555556
15,-66.8888888889
16,-62.0
17,-72.4
18,-73.2
19,-64.0
20,-62.0
21,-71.8
22,-67.9
23,-66.0
24,-62.9
25,-72.375
26,-73.4
