frequency,pdr
11,-62.1
12,-64.1111111111
13,-74.8888888889
14,-61.1
15,-60.1111111111
16,-66.9
17,-61.9
18,-71.9
19,-61.0
20,-61.0
21,-61.0
22,-73.0
23,-62.9
24,-65.4
25,-73.0
26,-70.3
