frequency,pdr
11,-59.0
12,-62.0
13,-54.7777777778
14,-55.0
15,-49.0
16,-53.0
17,-58.0
18,-60.1
19,-53.1
20,-50.2
21,-55.5
22,-51.0
23,-58.1
24,-52.0
25,-67.1111111111
26,-54.5
