frequency,pdr
11,-55.8
12,-56.4444444444
13,-57.8888888889
14,-62.6
15,-55.0
16,-55.0
17,-56.0
18,-55.1
19,-58.0
20,-52.0
21,-55.0
22,-63.9
23,-64.0
24,-58.0
25,-55.0
26,-58.0
