frequency,pdr
11,-54.3
12,-58.1111111111
13,-58.1111111111
14,-55.0
15,-55.0
16,-55.0
17,-77.9
18,-66.6
19,-58.1
20,-58.8
21,-56.7
22,-55.0
23,-54.8
24,-64.9
25,-51.4
26,-57.3
