frequency,pdr
11,-57.3
12,-58.7777777778
13,-60.7777777778
14,-70.1
15,-72.5
16,-81.8
17,-69.4
18,-71.6
19,-56.9
20,-60.7
21,-55.9
22,-74.75
23,-61.0
24,-70.0
25,-71.125
26,-67.0
