frequency,pdr
11,-73.8888888889
12,-65.3
13,-67.3333333333
14,-61.0
15,-57.9090909091
16,-65.0
17,-64.0
18,-72.5
19,-61.3
20,-62.7
21,-67.3
22,-61.0
23,-65.5
24,-60.4
25,-72.7777777778
26,-67.8
