frequency,pdr
11,-62.0
12,-56.5555555556
13,-63.7777777778
14,-65.7
15,-54.7777777778
16,-57.8
17,-59.0
18,-59.9
19,-52.0
20,-55.0
21,-58.8
22,-55.0
23,-54.7
24,-58.0
25,-62.2222222222
26,-62.3
