frequency,pdr
11,-52.9
12,-56.1
13,-59.7777777778
14,-55.1
15,-49.1
16,-56.5
17,-62.9
18,-61.0
19,-67.4
20,-55.0
21,-58.0
22,-51.3
23,-53.0
24,-52.0
25,-60.7777777778
26,-55.0
