frequency,pdr
11,-63.5
12,-49.6
13,-59.1111111111
14,-51.9
15,-58.5555555556
16,-55.1
17,-58.0
18,-54.5
19,-52.0
20,-56.6
21,-59.6
22,-51.4
23,-49.5
24,-58.1
25,-50.3
26,-49.0
