frequency,pdr
11,-64.8888888889
12,-55.0
13,-65.6666666667
14,-52.8
15,-55.4
16,-55.0
17,-52.0
18,-55.0
19,-50.9
20,-52.0
21,-49.0
22,-49.0
23,-54.6
24,-52.0
25,-54.9
26,-52.0
