frequency,pdr
11,-62.3
12,-60.7
13,-59.1111111111
14,-71.9
15,-59.3333333333
16,-58.0
17,-68.9
18,-68.5
19,-67.0
20,-72.1
21,-62.3
22,-63.8
23,-63.5
24,-63.5
25,-57.7
26,-60.1
