frequency,pdr
11,-58.0
12,-67.0
13,-72.8888888889
14,-67.0
15,-60.6666666667
16,-73.0
17,-68.8
18,-66.2
19,-60.9
20,-69.3
21,-59.7
22,-70.2
23,-62.7
24,-61.0
25,-70.75
26,-64.0
