frequency,pdr
11,-68.6
12,-63.9
13,-66.5555555556
14,-75.3
15,-58.7777777778
16,-66.3
17,-66.8
18,-67.2
19,-74.2
20,-64.1
21,-63.4
22,-74.3333333333
23,-66.4
24,-65.6
25,-63.9
26,-62.0
