frequency,pdr
11,-71.4
12,-67.1
13,-81.0
14,-67.0
15,-83.3333333333
16,-64.9
17,-62.8
18,-65.5
19,-70.5
20,-80.7
21,-73.0
22,-72.4
23,-67.1
24,-64.0
25,-58.1111111111
26,-62.2
