frequency,pdr
11,-52.0
12,-54.8888888889
13,-59.0
14,-61.4
15,-58.3
16,-53.1
17,-55.0
18,-56.4
19,-67.9
20,-67.0
21,-57.7
22,-56.1
23,-54.3
24,-58.6
25,-58.5
26,-67.5555555556
