frequency,pdr
11,-55.0
12,-60.3333333333
13,-59.9
14,-52.4
15,-63.6363636364
16,-60.5
17,-52.0
18,-66.5
19,-55.0
20,-58.2
21,-52.0
22,-69.4
23,-65.3333333333
24,-66.3
25,-58.25
26,-55.0
