frequency,pdr
11,-55.3
12,-55.0
13,-51.7777777778
14,-55.0
15,-62.8
16,-58.7
17,-58.7
18,-55.0
19,-55.9
20,-62.6
21,-63.8
22,-70.8
23,-64.0
24,-73.1
25,-55.6666666667
26,-59.5
