frequency,pdr
11,-72.7777777778
12,-52.0
13,-47.7777777778
14,-49.0
15,-49.0
16,-50.2
17,-49.0
18,-53.6
19,-61.0
20,-55.0
21,-58.6
22,-61.8
23,-57.3
24,-60.5
25,-53.0
26,-54.6
