frequency,pdr
11,-54.1
12,-56.0
13,-51.3333333333
14,-52.9
15,-49.4444444444
16,-50.7
17,-49.0
18,-58.1
19,-49.0
20,-52.3
21,-55.0
22,-52.0
23,-51.6
24,-52.3
25,-49.0
26,-56.7
