frequency,pdr
11,-62.3
12,-61.0
13,-61.9
14,-71.6
15,-64.8888888889
16,-59.0
17,-69.6
18,-58.1
19,-75.0
20,-79.7777777778
21,-74.4
22,-61.1
23,-71.8
24,-61.0
25,-64.8888888889
26,-62.3
