frequency,pdr
11,-58.3
12,-59.0
13,-58.9
14,-57.4
15,-66.4444444444
16,-60.4
17,-55.0
18,-55.0
19,-58.0
20,-61.0
21,-52.0
22,-54.0
23,-57.3333333333
24,-50.5
25,-61.2222222222
26,-57.5
