frequency,pdr
11,-64.1
12,-56.3
13,-61.8888888889
14,-62.2
15,-67.2222222222
16,-63.2
17,-65.8
18,-67.3
19,-67.6
20,-64.0
21,-60.8
22,-65.5
23,-69.5
24,-66.8
25,-61.4
26,-60.0
