frequency,pdr
11,-75.4444444444
12,-64.0
13,-61.0
14,-67.1
15,-72.6666666667
16,-67.0
17,-68.0
18,-59.8
19,-59.3
20,-60.9
21,-61.0
22,-66.1
23,-78.8888888889
24,-67.0
25,-57.8
26,-71.8
