frequency,pdr
11,-68.3
12,-67.0
13,-73.5555555556
14,-64.0
15,-66.1
16,-62.2
17,-74.3
18,-64.8
19,-64.8
20,-75.4
21,-68.0
22,-74.8
23,-67.0
24,-66.8
25,-71.9090909091
26,-64.0
