frequency,pdr
11,-62.5
12,-60.3
13,-55.6
14,-57.2
15,-59.4444444444
16,-54.5
17,-50.3
18,-63.7
19,-62.4
20,-68.1
21,-70.1
22,-63.9
23,-59.9
24,-66.7
25,-62.5555555556
26,-70.3
