frequency,pdr
11,-76.5555555556
12,-65.3333333333
13,-61.4444444444
14,-65.4
15,-63.1111111111
16,-58.0
17,-65.2
18,-67.9090909091
19,-66.9
20,-73.5
21,-71.4
22,-59.6
23,-68.3
24,-67.0
25,-62.5
26,-65.3
