frequency,pdr
11,-55.0
12,-56.0
13,-58.0
14,-61.6666666667
15,-55.0
16,-56.6
17,-56.8
18,-61.0
19,-61.9
20,-58.2727272727
21,-54.0
22,-52.0
23,-54.8
24,-59.8
25,-59.1111111111
26,-55.0
