frequency,pdr
11,-52.1
12,-58.1111111111
13,-55.4444444444
14,-55.2
15,-60.3
16,-66.4
17,-63.3
18,-60.9
19,-52.0
20,-55.0
21,-59.6
22,-59.3
23,-55.0
24,-64.6
25,-66.8888888889
26,-58.5
