frequency,pdr
11,-64.7
12,-64.2
13,-56.0
14,-58.4
15,-63.7777777778
16,-61.0
17,-61.5
18,-58.7
19,-64.0
20,-61.0
21,-55.1
22,-73.5555555556
23,-70.0
24,-65.2
25,-61.0
26,-71.4444444444
