frequency,pdr
11,-53.4
12,-53.0
13,-57.9
14,-67.3
15,-56.7777777778
16,-50.1
17,-54.6
18,-64.6
19,-55.0
20,-58.0
21,-58.0
22,-56.0909090909
23,-55.0
24,-65.5
25,-55.0
26,-56.8
