frequency,pdr
11,-87.5555555556
12,-84.3333333333
13,-82.0
14,-83.0
15,-84.0
16,-85.0
17,-85.1
18,-85.0
19,-85.2
20,-86.8
21,-88.3
22,-88.0
23,-91.0
25,-91.0
26,-91.0
