frequency,pdr
11,-89.0
12,-88.6666666667
13,-88.7777777778
14,-89.0
15,-89.3
16,-89.7
17,-89.0
18,-87.8
19,-87.0
20,-87.1
21,-89.0
23,-91.0
24,-91.0
25,-91.0
26,-91.0
