frequency,pdr
11,-64.6666666667
12,-67.0
13,-70.2
14,-65.0
15,-73.0
16,-67.0
17,-67.3
18,-81.6
19,-66.5
20,-60.4
21,-70.0
22,-70.5
23,-67.0
24,-72.3333333333
25,-64.0
26,-67.0
