frequency,pdr
11,-74.4444444444
12,-71.7777777778
13,-70.7
14,-64.5
15,-67.0
16,-67.0
17,-76.8
18,-64.0
19,-67.0
20,-70.4
21,-67.0
22,-71.8
23,-73.2
24,-67.0
25,-70.0
26,-78.8
