frequency,pdr
11,-55.3636363636
12,-51.9
13,-51.6666666667
14,-63.1111111111
15,-79.2
16,-63.5
17,-60.9
18,-62.6
19,-52.0
20,-54.5
21,-58.4
22,-52.5
23,-60.2
24,-58.8888888889
25,-60.6
26,-58.0
