frequency,pdr
11,-67.0
12,-76.2222222222
13,-81.1
14,-66.5
15,-66.6
16,-73.0
17,-55.0
18,-58.8
19,-72.3
20,-77.5
21,-58.1
22,-57.6
23,-64.0
24,-64.1
25,-68.8
26,-66.3636363636
