frequency,pdr
11,-62.9
12,-66.4
13,-62.1111111111
14,-64.0
15,-61.0
16,-61.0
17,-65.2
18,-67.0
19,-55.0
20,-59.4
21,-66.7
22,-62.5
23,-61.0
24,-64.5555555556
25,-55.2
26,-65.1
