frequency,pdr
11,-65.9
12,-64.3333333333
13,-66.1
14,-61.0
15,-58.0
16,-62.6
17,-67.5
18,-67.7
19,-60.9
20,-67.6
21,-67.8
22,-68.4
23,-79.3333333333
24,-61.0
25,-67.0
26,-61.3
