frequency,pdr
11,-64.6
12,-65.5
13,-72.3333333333
14,-59.6
15,-67.0
16,-65.2
17,-62.5
18,-70.0
19,-67.4
20,-60.1
21,-61.5
22,-58.5
23,-71.2
24,-63.8888888889
25,-67.2
26,-67.0
