frequency,pdr
11,-68.8888888889
12,-67.1111111111
13,-59.2
14,-73.7
15,-69.7
16,-58.0
17,-61.9
18,-60.1
19,-67.0
20,-68.4
21,-58.0
22,-55.0
23,-52.1
24,-56.5
25,-67.9
26,-60.4
