frequency,pdr
11,-65.1111111111
12,-59.8
13,-62.2222222222
14,-68.0
15,-68.0
16,-65.4
17,-62.3
18,-62.7
19,-58.3
20,-67.9
21,-55.0
22,-60.4
23,-61.9
24,-72.5555555556
25,-68.9
26,-61.4
