frequency,pdr
11,-58.0
12,-70.4
13,-62.4444444444
14,-64.0
15,-61.6
16,-58.0
17,-70.9
18,-67.0
19,-70.0
20,-60.8
21,-65.3
22,-61.0
23,-65.5
24,-64.2222222222
25,-73.0
26,-68.9
