frequency,pdr
11,-59.9
12,-62.7777777778
13,-70.2222222222
14,-71.7
15,-71.5
16,-62.5
17,-58.0
18,-59.9
19,-68.5
20,-70.3
21,-69.4
22,-69.6
23,-64.7
24,-67.0
25,-69.9
26,-66.4
