frequency,pdr
11,-58.1
12,-62.6
13,-62.6666666667
14,-62.9
15,-72.1
16,-61.0
17,-69.1
18,-73.8
19,-79.0
20,-72.1
21,-62.0
22,-64.0
23,-66.5
24,-61.3333333333
25,-64.8
26,-65.1
