frequency,pdr
11,-64.0
12,-66.3333333333
13,-66.6666666667
14,-61.3
15,-64.0
16,-59.8
17,-71.4
18,-62.2
19,-68.1
20,-61.0
21,-66.0
22,-60.6
23,-62.1
24,-58.5555555556
25,-58.0
26,-60.0
