frequency,pdr
11,-64.0
12,-61.0
13,-69.5555555556
14,-61.0
15,-59.8
16,-58.4
17,-58.0
18,-58.0
19,-76.2
20,-81.8
21,-68.5
22,-66.7
23,-61.0
24,-66.7777777778
25,-59.4
26,-61.0
