frequency,pdr
11,-56.0
12,-62.7777777778
13,-68.2222222222
14,-65.2
15,-67.2
16,-63.2
17,-62.0
18,-75.2
19,-77.6
20,-66.8
21,-67.0
22,-68.8
23,-69.3
24,-64.0
25,-71.6
26,-66.6
