frequency,pdr
11,-66.5555555556
12,-63.1818181818
13,-60.6
14,-61.0
15,-61.0
16,-62.7
17,-61.4
18,-79.4
19,-64.3
20,-64.0
21,-65.5
22,-66.1
23,-66.7
24,-73.3333333333
25,-61.0
26,-64.0
