frequency,pdr
11,-65.4444444444
12,-67.7
13,-66.7777777778
14,-61.0
15,-64.0
16,-66.2
17,-60.1
18,-62.1
19,-58.0
20,-65.5
21,-67.0
22,-59.0
23,-61.1
24,-79.4
25,-67.0
26,-64.3
