frequency,pdr
11,-66.9
12,-62.9
13,-64.8888888889
14,-67.0
15,-64.1
16,-67.9
17,-67.0
18,-66.7
19,-67.0
20,-61.5
21,-69.5
22,-67.0
23,-65.0
24,-69.1111111111
25,-67.0
26,-72.0
