frequency,pdr
11,-52.1
12,-63.7777777778
13,-65.2222222222
14,-64.5
15,-68.8
16,-61.1
17,-61.0
18,-69.7
19,-55.0
20,-57.0
21,-55.0
22,-65.4
23,-56.8
24,-64.0
25,-59.3
26,-53.5
