frequency,pdr
11,-60.7
12,-61.9090909091
13,-66.7777777778
14,-61.0
15,-61.1
16,-65.2
17,-67.8
18,-67.0
19,-68.9
20,-56.4
21,-62.4
22,-63.5
23,-68.0
24,-67.0
25,-66.4
26,-68.8
