frequency,pdr
11,-68.0
12,-63.8888888889
13,-71.5555555556
14,-63.2
15,-66.2
16,-70.0
17,-64.5
18,-67.0
19,-66.8
20,-64.0
21,-57.7
22,-58.8
23,-64.0
24,-68.4444444444
25,-69.9
26,-77.9
