frequency,pdr
11,-63.9
12,-59.3
13,-58.0
14,-58.5
15,-58.3
16,-62.0
17,-61.6
18,-67.0
19,-67.0
20,-70.0
21,-64.6
22,-61.9
23,-58.1
24,-59.5555555556
25,-67.7
26,-81.1111111111
