frequency,pdr
11,-73.9
12,-58.2222222222
13,-58.7777777778
14,-70.8
15,-64.0
16,-64.0
17,-64.2
18,-64.0
19,-63.9
20,-61.0
21,-61.1
22,-70.1
23,-64.0
24,-87.6666666667
25,-67.0
26,-62.7
