frequency,pdr
11,-69.5454545455
12,-55.7777777778
13,-60.3
14,-67.0
15,-72.0
16,-68.5
17,-70.0
18,-73.2
19,-62.7
20,-68.1
21,-68.8
22,-67.0
23,-61.0
24,-61.3333333333
25,-55.0
26,-59.1
