frequency,pdr
11,-67.0
12,-64.5555555556
13,-69.1111111111
14,-58.0
15,-59.4
16,-61.7
17,-61.0
18,-62.8
19,-61.0
20,-62.5
21,-73.5
22,-66.6
23,-70.0
24,-70.0
25,-78.0
26,-70.3
