frequency,pdr
11,-66.5555555556
12,-65.7777777778
13,-61.8
14,-61.0
15,-66.4
16,-65.3
17,-58.7
18,-59.4
19,-58.0
20,-55.0
21,-58.0
22,-63.9
23,-61.0
24,-75.8888888889
25,-81.1
26,-63.9
