frequency,pdr
11,-67.0
12,-77.3333333333
13,-61.4
14,-58.0
15,-62.2
16,-64.8
17,-78.3
18,-65.9
19,-68.1
20,-82.5
21,-68.4
22,-64.0
23,-64.0
24,-68.1111111111
25,-58.0
26,-58.0
