frequency,pdr
11,-66.0
12,-58.3333333333
13,-63.8888888889
14,-57.3
15,-62.4
16,-66.7
17,-55.0
18,-55.2
19,-52.7
20,-61.6
21,-64.7
22,-68.7
23,-55.0
24,-66.6666666667
25,-58.2
26,-58.2
