frequency,pdr
11,-76.7777777778
12,-67.2
13,-65.4444444444
14,-72.3
15,-64.4
16,-61.0
17,-72.2
18,-73.0
19,-62.4
20,-61.0
21,-71.1
22,-67.2
23,-64.5
24,-61.0
25,-72.4
26,-72.9
