frequency,pdr
11,-63.9
12,-64.8
13,-67.4
14,-87.1111111111
15,-72.5
16,-67.3
17,-69.8
18,-70.8
19,-75.4
20,-60.2
21,-67.7
22,-64.9
23,-61.9
24,-72.6666666667
25,-66.2
26,-64.0
