frequency,pdr
11,-70.6
12,-64.8888888889
13,-69.2222222222
14,-65.4
15,-64.0
16,-71.4
17,-61.0
18,-60.8
19,-74.1
20,-68.3
21,-63.7
22,-68.5
23,-63.8
24,-61.3
25,-62.8
26,-63.0
