frequency,pdr
11,-67.0
12,-70.2222222222
13,-66.5555555556
14,-75.2222222222
15,-59.7
16,-59.9
17,-55.0
18,-68.7
19,-55.0
20,-59.4
21,-55.0
22,-58.0
23,-52.0
24,-57.2
25,-60.3
26,-70.9
