frequency,pdr
11,-67.0
12,-65.6666666667
13,-66.3333333333
14,-67.0
15,-76.0
16,-70.7
17,-61.1
18,-71.0
19,-66.0
20,-64.6
21,-67.0
22,-70.5
23,-60.0
24,-57.8
25,-61.0
26,-59.8
