frequency,pdr
11,-58.2
12,-58.2
13,-64.1111111111
14,-55.0
15,-65.5454545455
16,-61.0
17,-64.9
18,-55.0
19,-61.0
20,-62.1
21,-68.4
22,-62.3
23,-62.9
24,-61.3333333333
25,-58.2
26,-55.0
