frequency,pdr
11,-69.7
12,-72.6666666667
13,-61.5454545455
14,-66.5
15,-74.8
16,-73.0
17,-61.8
18,-67.0
19,-64.0
20,-60.7
21,-64.1
22,-67.5
23,-73.3
24,-67.4444444444
25,-63.8
26,-67.1
