frequency,pdr
11,-61.8
12,-57.6666666667
13,-60.4444444444
14,-51.6
15,-60.8
16,-60.8
17,-65.5
18,-53.7
19,-63.6363636364
20,-55.4
21,-52.0
22,-50.0
23,-49.8
24,-57.2222222222
25,-55.0
26,-66.8
