frequency,pdr
11,-61.0
12,-55.2222222222
13,-56.8888888889
14,-64.1
15,-58.0
16,-61.0
17,-61.0
18,-65.3
19,-62.3
20,-74.3
21,-68.9
22,-64.0
23,-58.2
24,-58.6666666667
25,-67.0
26,-62.7
