frequency,pdr
11,-67.0
12,-82.7
13,-72.8888888889
14,-67.0
15,-66.2
16,-76.7
17,-75.6
18,-58.4
19,-59.9
20,-61.0
21,-66.6
22,-67.0
23,-67.0
24,-80.8888888889
25,-71.4
26,-81.3
