frequency,pdr
11,-63.2222222222
12,-61.8888888889
13,-57.9
14,-69.1818181818
15,-68.7
16,-72.5
17,-66.2
18,-67.6
19,-66.9
20,-60.2
21,-69.8
22,-70.6
23,-64.0
24,-67.0
25,-65.6
26,-64.0
