frequency,pdr
11,-55.4
12,-61.8181818182
13,-57.8
14,-58.0
15,-55.0
16,-55.2
17,-69.5
18,-64.8
19,-69.9
20,-73.2
21,-64.2
22,-56.2
23,-58.0
24,-62.5555555556
25,-58.0
26,-68.2
