frequency,pdr
11,-58.0
12,-56.4
13,-66.7777777778
14,-80.1
15,-67.2
16,-61.5
17,-69.1
18,-69.3
19,-64.0
20,-61.0
21,-63.9
22,-63.0
23,-61.9
24,-66.2222222222
25,-66.1
26,-70.3
