frequency,pdr
11,-67.6666666667
12,-63.5555555556
13,-73.2222222222
14,-67.0
15,-69.9
16,-66.6
17,-67.0
18,-65.2
19,-69.1
20,-59.5
21,-64.4
22,-65.2
23,-67.1
24,-60.0
25,-69.8
26,-63.2
