frequency,pdr
11,-55.7
12,-67.1111111111
13,-55.0
14,-75.5555555556
15,-58.2
16,-62.0
17,-59.3
18,-64.0
19,-61.0
20,-70.2
21,-59.0
22,-69.4
23,-63.4
24,-55.0
25,-61.0
26,-64.0
