frequency,pdr
11,-40.0
12,-53.2222222222
13,-43.0
14,-47.9090909091
15,-59.9
16,-48.0
17,-43.0
18,-40.0
19,-47.5
20,-46.0
21,-44.0
22,-49.0
23,-46.0
24,-43.7
25,-46.0
26,-61.2857142857
