frequency,pdr
11,-60.8
12,-70.3333333333
13,-58.0
14,-67.0
15,-61.5
16,-57.3
17,-54.1818181818
18,-57.5
19,-63.0
20,-82.0
21,-69.4
22,-66.6
23,-61.0
24,-67.1111111111
25,-65.6
26,-58.0
