frequency,pdr
11,-62.6
12,-76.7777777778
13,-58.5
14,-58.0
15,-68.4
16,-61.0
17,-63.5
18,-61.2
19,-65.1
20,-65.4
21,-67.0
22,-67.6
23,-63.0
24,-78.2222222222
25,-66.8
26,-69.1818181818
