frequency,pdr
11,-67.5
12,-67.3333333333
13,-60.7
14,-61.0
15,-68.1
16,-63.2
17,-62.8
18,-58.0
19,-68.9
20,-57.7
21,-60.3
22,-63.0
23,-72.6
24,-68.1111111111
25,-64.0
26,-76.5
