frequency,pdr
11,-59.5
12,-60.9
13,-63.8888888889
14,-55.0
15,-59.8
16,-67.4
17,-67.0
18,-60.1
19,-55.0
20,-55.0
21,-52.0
22,-69.6
23,-61.1
24,-55.7
25,-63.2
26,-56.0909090909
