frequency,pdr
11,-58.3
12,-61.1111111111
13,-71.6666666667
14,-61.1
15,-63.7
16,-74.1
17,-73.7
18,-76.8
19,-69.3
20,-72.2
21,-79.0
22,-75.8888888889
23,-64.0
24,-61.6666666667
25,-67.3
26,-69.7
