frequency,pdr
11,-62.7
12,-66.6666666667
13,-64.4444444444
14,-67.0
15,-82.7
16,-70.0
17,-70.0
18,-74.2
19,-64.0
20,-72.0
21,-69.3
22,-77.625
23,-64.0
24,-65.2222222222
25,-79.0
26,-73.6
