frequency,pdr
11,-66.3333333333
12,-72.3
13,-68.1111111111
14,-63.3
15,-67.9
16,-60.9
17,-59.0
18,-58.6
19,-75.2
20,-66.0
21,-61.9
22,-60.1
23,-65.4
24,-63.2
25,-62.4
26,-64.0
