frequency,pdr
11,-56.5
12,-63.5555555556
13,-68.6666666667
14,-67.7
15,-61.6363636364
16,-77.0
17,-68.6
18,-68.5
19,-63.4
20,-68.5
21,-67.0
22,-55.0
23,-70.3
24,-66.5555555556
25,-69.9
26,-79.4
