frequency,pdr
11,-55.0
12,-59.4444444444
13,-55.0
14,-54.4
15,-68.1
16,-52.0
17,-52.6
18,-55.0
19,-51.7
20,-53.0
21,-49.1
22,-51.4
23,-63.5
24,-59.3333333333
25,-56.0
26,-64.4
