frequency,pdr
11,-72.2
12,-61.3333333333
13,-62.6666666667
14,-55.0
15,-60.5
16,-68.9
17,-61.0
18,-64.3
19,-72.9
20,-58.0
21,-57.0
22,-66.4
23,-61.0
24,-67.3333333333
25,-63.7
26,-65.3
