frequency,pdr
11,-68.4444444444
12,-65.7
13,-59.7777777778
14,-69.3
15,-64.0
16,-81.0
17,-68.8
18,-58.0
19,-63.6
20,-54.6
21,-56.9
22,-57.9
23,-62.5
24,-71.4444444444
25,-64.1
26,-69.3
