frequency,pdr
11,-59.7
12,-62.6666666667
13,-59.1111111111
14,-52.1
15,-53.9
16,-54.6
17,-68.0
18,-61.0
19,-58.0
20,-63.3
21,-53.3
22,-55.0
23,-55.0
24,-55.0
25,-63.9
26,-55.0
