frequency,pdr
11,-65.1
12,-58.8888888889
13,-67.2222222222
14,-63.3
15,-74.6
16,-58.0
17,-67.0
18,-67.0
19,-63.4
20,-64.4
21,-73.3
22,-61.1
23,-63.9
24,-67.0
25,-61.9
26,-67.0
