frequency,pdr
11,-65.8888888889
12,-63.6
13,-62.7777777778
14,-68.3
15,-64.5
16,-67.5
17,-65.1
18,-67.0
19,-63.3
20,-66.7
21,-68.7
22,-70.0
23,-68.6
24,-70.0
25,-68.9
26,-67.8
