frequency,pdr
11,-67.4
12,-62.1818181818
13,-65.5555555556
14,-61.0
15,-58.4
16,-64.0
17,-70.0
18,-67.1
19,-77.5
20,-68.5
21,-67.4
22,-78.1
23,-73.4
24,-70.5555555556
25,-71.8
26,-60.1
