frequency,pdr
11,-60.9
12,-63.2
13,-72.0
14,-70.7777777778
15,-75.9
16,-60.2
17,-66.5
18,-77.9
19,-63.1
20,-64.0
21,-68.4
22,-64.0
23,-72.1
24,-69.1111111111
25,-64.0
26,-67.9
