frequency,pdr
11,-59.8
12,-60.1111111111
13,-61.6666666667
14,-65.0
15,-68.2
16,-70.0
17,-60.0
18,-61.1
19,-73.2
20,-65.3
21,-71.1
22,-60.9
23,-61.1
24,-64.0
25,-66.9
26,-71.5
