frequency,pdr
11,-60.1
12,-72.1111111111
13,-60.4444444444
14,-66.1
15,-67.1
16,-63.9
17,-65.7
18,-71.6
19,-70.0
20,-67.0
21,-66.9
22,-65.2
23,-66.3
24,-65.0
25,-70.1
26,-61.2
