frequency,pdr
11,-91.0
12,-91.0
13,-91.0
14,-91.0
15,-91.0
16,-91.0
17,-90.8888888889
18,-90.8571428571
19,-91.0
20,-91.0
21,-91.0
23,-91.0
24,-90.9
25,-91.0
26,-91.0
