frequency,pdr
11,-82.0
12,-80.0
13,-80.5
14,-79.0
15,-76.8
16,-76.1
17,-77.3
18,-78.9
19,-78.9
20,-78.8
21,-78.6
22,-78.2857142857
23,-78.8571428571
24,-78.8
25,-79.0
26,-76.6
