frequency,pdr
11,-83.0
12,-87.125
13,-88.3333333333
14,-89.9
15,-86.0
16,-82.2
17,-80.9
18,-79.2
19,-79.4
20,-81.0
21,-82.2727272727
22,-81.3
23,-81.4
24,-81.0
25,-81.0
26,-80.6
