frequency,pdr
11,-88.1111111111
12,-90.375
13,-90.8571428571
14,-88.0
15,-88.5
16,-91.0
18,-88.875
19,-87.8
20,-90.1
21,-91.0
23,-82.0
24,-80.9
25,-82.0
26,-82.0
