frequency,pdr
11,-66.5
12,-66.8
13,-69.3333333333
14,-70.0
15,-70.0
16,-70.0
17,-70.0
18,-70.0
19,-70.0
20,-72.1
21,-74.7
22,-77.8
23,-79.5555555556
24,-79.8
25,-77.3
26,-76.4
