frequency,pdr
11,-87.6
12,-89.8888888889
13,-91.0
15,-91.0
16,-91.0
17,-91.0
18,-90.0
19,-88.9
20,-88.1
21,-89.0
22,-87.3333333333
23,-89.0
24,-90.0
25,-91.0
26,-90.1
