frequency,pdr
11,-57.2
12,-63.1111111111
13,-58.3333333333
14,-66.3
15,-68.7
16,-64.5
17,-63.3
18,-67.0
19,-67.0
20,-55.1
21,-56.8
22,-59.8
23,-58.0
24,-57.7
25,-66.0
26,-57.6
