frequency,pdr
11,-51.1
12,-59.6666666667
13,-53.7
14,-47.5
15,-47.0
16,-49.0
17,-53.7
18,-63.3
19,-47.4
20,-48.9
21,-48.4545454545
22,-55.3
23,-43.0
24,-46.0
25,-46.0
26,-47.1
