frequency,pdr
11,-50.9
12,-56.3333333333
13,-56.3333333333
14,-55.9
15,-51.3
16,-49.0
17,-49.0
18,-47.5
19,-55.7
20,-54.6
21,-56.3
22,-52.8
23,-44.3
24,-43.0
25,-48.6
26,-51.9
