frequency,pdr
11,-68.8888888889
12,-64.2222222222
13,-72.1111111111
14,-61.0
15,-59.9
16,-63.0
17,-64.3
18,-61.0
19,-65.8
20,-61.9
21,-62.7
22,-63.9
23,-64.5
24,-74.7
25,-61.0
26,-66.9
