frequency,pdr
11,-59.7
12,-73.1111111111
13,-63.8888888889
14,-66.8
15,-61.0
16,-61.7
17,-72.0
18,-58.1
19,-59.3
20,-59.1
21,-64.0
22,-62.1
23,-62.8
24,-61.0
25,-69.4
26,-70.0
