frequency,pdr
11,-54.5
12,-59.6666666667
13,-61.7777777778
14,-60.9
15,-76.1
16,-60.0
17,-59.8
18,-60.2
19,-63.5
20,-63.2
21,-63.0
22,-61.9
23,-59.8
24,-59.9
25,-64.0
26,-68.0
