frequency,pdr
11,-59.8
12,-61.4444444444
13,-54.4444444444
14,-56.7
15,-59.4
16,-50.7
17,-52.2
18,-62.9
19,-55.0
20,-65.7
21,-61.3
22,-58.0
23,-65.0
24,-56.8
25,-57.8
26,-55.0
