frequency,pdr
11,-59.4545454545
12,-60.8888888889
13,-61.0
14,-58.0
15,-58.1
16,-68.0
17,-61.2
18,-60.9
19,-63.1
20,-64.1
21,-68.6
22,-58.0
23,-57.9
24,-65.9
25,-62.5
26,-65.7
