frequency,pdr
11,-58.2
12,-58.8888888889
13,-58.8888888889
14,-64.2
15,-62.2
16,-60.8
17,-66.9
18,-71.2
19,-66.1
20,-61.4
21,-64.2727272727
22,-69.2222222222
23,-67.0
24,-66.9
25,-65.9
26,-58.1
