frequency,pdr
11,-55.0
12,-56.8888888889
13,-69.2222222222
14,-65.2
15,-55.0
16,-64.7
17,-55.2
18,-55.0
19,-55.0
20,-61.0
21,-58.0
22,-52.7
23,-56.7
24,-61.0
25,-72.3
26,-73.2
