frequency,pdr
11,-63.5
12,-64.7777777778
13,-58.0
14,-62.2
15,-72.7
16,-59.0
17,-57.9
18,-68.3
19,-59.9
20,-63.8
21,-57.8
22,-58.0
23,-59.1
24,-56.1
25,-60.0
26,-83.2222222222
