frequency,pdr
11,-66.8888888889
12,-55.0
13,-64.7777777778
14,-44.3
15,-48.7
16,-54.0
17,-51.5
18,-46.0
19,-55.0
20,-55.4
21,-48.2
22,-56.0
23,-66.8
24,-54.2
25,-46.3
26,-58.0
