frequency,pdr
11,-55.9
12,-55.4444444444
13,-51.4444444444
14,-49.0
15,-55.0
16,-55.6
17,-52.8
18,-55.0
19,-54.2
20,-53.0
21,-58.0
22,-52.2
23,-48.3
24,-46.0
25,-49.6
26,-49.0
