frequency,pdr
11,-61.9
12,-53.6666666667
13,-51.9090909091
14,-55.0
15,-55.0
16,-50.0
17,-50.3636363636
18,-49.0
19,-53.6
20,-46.0
21,-52.0
22,-55.0
23,-56.4
24,-55.0
25,-51.7
26,-50.5
