frequency,pdr
11,-47.6
12,-52.6666666667
13,-49.0
14,-49.0
15,-46.9
16,-55.7
17,-49.0
18,-46.0
19,-49.8
20,-54.4
21,-60.8
22,-64.6666666667
23,-59.9
24,-52.0
25,-71.9
26,-52.0
