frequency,pdr
11,-75.6666666667
12,-61.0
13,-58.0
14,-55.0
15,-66.2
16,-61.0
17,-60.0
18,-56.0
19,-76.6666666667
20,-73.0
21,-65.1818181818
22,-62.5
23,-63.5
24,-74.2
25,-64.8
26,-60.9
