frequency,pdr
11,-54.3
12,-67.1111111111
13,-63.2222222222
14,-55.6
15,-59.9
16,-48.9
17,-50.5
18,-59.7
19,-49.0
20,-52.9
21,-55.0
22,-48.0
23,-48.0
24,-53.3
25,-49.0
26,-49.0
