frequency,pdr
11,-51.6
12,-47.8
13,-61.5555555556
14,-55.0
15,-50.4
16,-49.2
17,-55.8
18,-56.3
19,-54.6
20,-52.3
21,-62.0
22,-55.0
23,-51.8
24,-68.9
25,-63.0909090909
26,-64.6
