frequency,pdr
11,-71.1
12,-61.5555555556
13,-53.1111111111
14,-62.7
15,-55.9
16,-61.0
17,-63.5
18,-66.0
19,-66.1
20,-67.0
21,-59.0
22,-56.6
23,-68.5
24,-63.0
25,-67.0
26,-67.0
