frequency,pdr
11,-56.4
12,-52.5555555556
13,-58.2222222222
14,-49.5
15,-52.0
16,-46.0
17,-46.0
18,-55.2
19,-56.4
20,-49.0
21,-52.0
22,-45.9
23,-60.2
24,-47.3
25,-47.7
26,-52.0
