frequency,pdr
11,-61.2
12,-61.0
13,-77.1111111111
14,-74.0
15,-69.3
16,-58.0
17,-62.0
18,-67.9
19,-71.1818181818
20,-76.4
21,-66.6
22,-72.6
23,-67.0
24,-67.0
25,-60.8
26,-59.0
