frequency,pdr
11,-56.9
12,-55.0
13,-60.5555555556
14,-53.7
15,-59.6
16,-61.0
17,-66.0
18,-61.0
19,-55.3
20,-55.1
21,-58.0
22,-63.5
23,-61.5
24,-67.0
25,-66.3333333333
26,-61.0
