frequency,pdr
11,-57.4
12,-70.1111111111
13,-82.7777777778
14,-65.5
15,-58.2
16,-60.5
17,-59.7
18,-59.7
19,-63.4
20,-55.0
21,-68.5
22,-61.2
23,-55.0
24,-55.0
25,-60.9
26,-67.5
