frequency,pdr
11,-69.1
12,-69.5555555556
13,-70.2222222222
14,-58.6
15,-61.1
16,-64.7
17,-63.3
18,-68.5
19,-68.5
20,-68.7
21,-67.4
22,-72.0
23,-66.1
24,-67.0
25,-68.0
26,-61.0
