frequency,pdr
11,-61.6
12,-60.7
13,-62.8888888889
14,-57.8
15,-67.0
16,-73.0
17,-61.0
18,-57.1
19,-62.3
20,-64.0
21,-62.8
22,-62.2
23,-58.1
24,-62.1
25,-60.8888888889
26,-63.6
