frequency,pdr
11,-65.3333333333
12,-64.2222222222
13,-74.5555555556
14,-69.9
15,-68.9
16,-78.8
17,-70.5
18,-68.2
19,-69.2
20,-70.3
21,-71.4
22,-65.6
23,-68.3
24,-63.7
25,-66.9
26,-69.0
