frequency,pdr
11,-61.3333333333
12,-59.2222222222
13,-47.9
14,-54.0
15,-49.0
16,-52.0
17,-58.0
18,-59.0
19,-56.2
20,-52.6
21,-56.7
22,-66.5
23,-55.0
24,-58.0
25,-49.0
26,-66.6
