frequency,pdr
11,-51.1
12,-52.0
13,-49.0
14,-53.3636363636
15,-56.0
16,-48.7
17,-46.1
18,-62.0
19,-49.0
20,-46.1
21,-46.0
22,-46.0
23,-49.8
24,-52.2
25,-67.8888888889
26,-55.0
