frequency,pdr
11,-57.4
12,-63.3333333333
13,-64.0
14,-58.3
15,-55.0
16,-51.4
17,-52.0
18,-68.2
19,-67.5
20,-52.1
21,-49.2
22,-51.9
23,-49.0
24,-54.8
25,-58.6666666667
26,-68.2
