frequency,pdr
11,-67.1111111111
12,-52.4
13,-56.4444444444
14,-47.1
15,-52.0
16,-61.0
17,-55.0
18,-63.7
19,-54.9
20,-55.0
21,-56.1
22,-57.8
23,-58.0
24,-64.1
25,-53.6
26,-51.1
