frequency,pdr
11,-55.0
12,-69.2222222222
13,-64.3333333333
14,-61.6
15,-50.1
16,-55.2
17,-55.0
18,-58.9
19,-62.7
20,-65.3
21,-60.6
22,-59.2
23,-59.9
24,-61.0
25,-69.3333333333
26,-61.1
