frequency,pdr
11,-64.5
12,-66.1
13,-60.8888888889
14,-78.5
15,-68.0
16,-61.0
17,-66.5
18,-68.9
19,-66.9
20,-58.5
21,-60.5
22,-68.5
23,-69.8
24,-62.9
25,-65.1111111111
26,-62.7
