frequency,pdr
11,-59.5
12,-64.4444444444
13,-73.6666666667
14,-59.6
15,-72.2
16,-65.7
17,-62.3
18,-63.4
19,-62.2
20,-61.9
21,-67.0
22,-63.7
23,-66.0
24,-58.0
25,-55.0
26,-60.9
