frequency,pdr
11,-48.5
12,-59.6
13,-56.8
14,-55.2
15,-55.0
16,-66.1
17,-55.5
18,-63.3
19,-54.3
20,-55.2
21,-51.5
22,-55.0
23,-55.1
24,-63.5
25,-69.1111111111
26,-58.2727272727
