frequency,pdr
11,-67.6
12,-63.4444444444
13,-63.4444444444
14,-70.1
15,-61.0
16,-65.0
17,-64.2
18,-60.8
19,-64.0
20,-59.7
21,-58.4
22,-59.3
23,-58.3
24,-55.3
25,-55.0
26,-62.2
