frequency,pdr
11,-64.0
12,-68.3333333333
13,-62.4
14,-63.0
15,-72.6666666667
16,-55.7
17,-67.0
18,-77.7
19,-67.0
20,-63.9
21,-64.3
22,-64.3
23,-63.4
24,-67.0
25,-71.2222222222
26,-60.9
