frequency,pdr
11,-65.4444444444
12,-63.5555555556
13,-49.0
14,-51.3
15,-46.7
16,-68.3
17,-49.0
18,-50.6
19,-65.7
20,-58.0
21,-56.5
22,-49.5
23,-62.9
24,-54.1
25,-58.2222222222
26,-55.2
