frequency,pdr
11,-46.0
12,-59.3
13,-56.6363636364
14,-46.0
15,-51.1
16,-49.0
17,-49.0
18,-59.4
19,-61.0
20,-58.0
21,-52.3
22,-50.5
23,-49.0
24,-51.0
25,-53.2222222222
26,-49.0
