frequency,pdr
11,-60.9
12,-70.1111111111
13,-58.9090909091
14,-66.8
15,-57.0
16,-58.0
17,-63.1
18,-59.5
19,-67.3
20,-74.3
21,-63.9
22,-64.0
23,-65.4
24,-55.0
25,-57.1111111111
26,-61.4
