frequency,pdr
11,-55.2
12,-55.0
13,-61.7777777778
14,-58.1
15,-61.0
16,-61.4
17,-68.1
18,-58.2
19,-58.5
20,-62.9
21,-61.0
22,-69.4
23,-55.0
24,-60.2
25,-59.5555555556
26,-63.6
