frequency,pdr
11,-79.4444444444
12,-68.4
13,-68.6666666667
14,-58.0
15,-60.3
16,-61.0
17,-77.2
18,-81.9
19,-61.1
20,-60.2
21,-77.2
22,-73.4
23,-61.3
24,-62.3
25,-64.7
26,-64.0
