frequency,pdr
11,-55.5
12,-51.1
13,-55.3
14,-49.6
15,-52.9
16,-48.2
17,-47.7
18,-48.9
19,-48.5454545455
20,-47.8
21,-48.2
22,-51.9
23,-64.1
24,-58.0
25,-58.4444444444
26,-49.3
