frequency,pdr
11,-59.0
12,-55.4
13,-76.3333333333
14,-69.9090909091
15,-60.8
16,-70.0
17,-74.3
18,-69.2
19,-65.7
20,-63.8
21,-80.1111111111
22,-66.6
23,-62.0
24,-58.8
25,-67.0
26,-60.7
