frequency,pdr
11,-52.0
12,-63.0
13,-60.5555555556
14,-54.9
15,-57.1
16,-58.8
17,-55.0
18,-61.0
19,-55.0
20,-50.2
21,-56.5
22,-63.6
23,-56.6
24,-53.9
25,-64.5555555556
26,-67.0
