frequency,pdr
11,-68.0
12,-68.5555555556
13,-66.7777777778
14,-64.0
15,-72.3
16,-78.8
17,-65.1
18,-67.0
19,-70.4
20,-64.0
21,-66.8
22,-77.4
23,-67.0
24,-73.0
25,-76.4
26,-67.0
