frequency,pdr
11,-65.3333333333
12,-67.0
13,-65.0
14,-67.0
15,-66.0
16,-70.2
17,-65.1
18,-70.0
19,-61.9
20,-59.6
21,-59.7
22,-74.0
23,-69.5555555556
24,-66.0
25,-68.7777777778
26,-66.1
