frequency,pdr
11,-66.9
12,-70.1111111111
13,-58.8
14,-65.0
15,-64.0
16,-67.0
17,-68.2
18,-70.0
19,-76.6
20,-70.0
21,-67.0
22,-65.6
23,-79.8571428571
24,-67.5
25,-66.9
26,-67.3
