frequency,pdr
11,-58.0
12,-56.7777777778
13,-55.0
14,-61.0
15,-59.8
16,-64.6
17,-63.7
18,-70.0
19,-64.0
20,-68.9
21,-62.6
22,-65.8
23,-66.9
24,-64.0
25,-62.2222222222
26,-70.0
