frequency,pdr
11,-52.4
12,-63.3333333333
13,-61.7
14,-58.9
15,-58.0
16,-52.0
17,-63.2
18,-52.6
19,-59.4
20,-59.2
21,-52.5
22,-55.4
23,-52.3
24,-51.9
25,-50.4444444444
26,-59.3
