frequency,pdr
11,-57.4
12,-64.8888888889
13,-55.2222222222
14,-55.4
15,-55.0
16,-66.3
17,-61.0
18,-67.0
19,-52.0
20,-53.0
21,-55.3
22,-54.6
23,-59.9
24,-69.1
25,-54.8
26,-67.0
