frequency,pdr
11,-62.3
12,-60.9
13,-60.7777777778
14,-57.2
15,-59.2
16,-57.9
17,-52.3
18,-49.5
19,-46.0
20,-47.0
21,-51.2
22,-59.4
23,-49.0
24,-53.2
25,-58.3333333333
26,-51.1
