frequency,pdr
11,-61.0
12,-64.0
13,-62.1111111111
14,-67.0
15,-64.0
16,-61.0
17,-63.8
18,-61.0
19,-67.1
20,-63.8
21,-67.7
22,-61.0
23,-74.1666666667
24,-64.5
25,-73.0
26,-68.8
