frequency,pdr
11,-91.0
12,-90.875
13,-90.6666666667
14,-90.6666666667
15,-90.9
16,-91.0
17,-90.7
18,-90.0
19,-90.9
20,-90.2
21,-91.0
23,-91.0
24,-91.0
25,-91.0
