frequency,pdr
17,-91.0
18,-91.0
19,-90.8888888889
20,-90.8888888889
21,-91.0
23,-91.0
25,-91.0
