frequency,pdr
11,-58.7777777778
12,-56.5555555556
13,-63.4444444444
14,-65.0
15,-56.7
16,-52.0
17,-58.0
18,-54.1
19,-66.1
20,-63.0
21,-63.4
22,-58.8
23,-65.7
24,-71.7
25,-54.0
26,-61.8
