frequency,pdr
11,-62.2
12,-65.4444444444
13,-57.7777777778
14,-55.2
15,-52.9
16,-64.0
17,-55.7
18,-62.0
19,-58.0
20,-58.3
21,-61.2
22,-67.1
23,-64.0
24,-67.0
25,-61.0
26,-61.1
