frequency,pdr
11,-57.1
12,-57.0
13,-58.2222222222
14,-70.6666666667
15,-58.0
16,-57.7
17,-58.0
18,-58.0
19,-67.0
20,-67.6
21,-67.9
22,-62.3
23,-65.5
24,-68.5
25,-60.8
26,-54.9
