frequency,pdr
11,-65.3
12,-63.6666666667
13,-67.5555555556
14,-68.8
15,-65.2
16,-72.3
17,-65.3
18,-75.8
19,-67.3
20,-63.1
21,-65.0
22,-75.0
23,-63.6
24,-60.7
25,-65.4
26,-67.6
