frequency,pdr
11,-59.3333333333
12,-62.3333333333
13,-64.0
14,-65.2222222222
15,-76.0
16,-64.0
17,-55.0
18,-55.2
19,-76.9
20,-77.3
21,-69.1
22,-70.0
23,-76.7777777778
24,-63.0
25,-72.1111111111
26,-67.4
