frequency,pdr
11,-72.5
12,-72.2222222222
13,-58.0
14,-68.2
15,-59.6
16,-58.0
17,-60.9
18,-57.2
19,-63.0
20,-63.3
21,-66.1
22,-68.2
23,-67.9
24,-75.0
25,-73.5555555556
26,-67.4
