frequency,pdr
11,-61.7
12,-71.3333333333
13,-71.2222222222
14,-63.8
15,-65.6
16,-61.8
17,-63.8
18,-64.8
19,-66.6
20,-70.6
21,-58.6
22,-66.5
23,-61.0
24,-70.7
25,-70.0
26,-73.0
