frequency,pdr
11,-55.0
12,-58.0
13,-61.6666666667
14,-68.0
15,-54.4
16,-68.7
17,-61.0
18,-55.0
19,-55.3
20,-65.8
21,-58.0
22,-60.3
23,-54.9
24,-53.9
25,-61.6666666667
26,-68.7
