frequency,pdr
11,-52.0
12,-62.5555555556
13,-56.0
14,-66.7
15,-49.4545454545
16,-46.0
17,-54.3
18,-51.4
19,-49.7
20,-56.8
21,-53.2
22,-58.0
23,-55.0
24,-65.6
25,-55.0
26,-52.8
