frequency,pdr
11,-67.3333333333
12,-64.0
13,-59.1111111111
14,-55.0
15,-55.0
16,-58.0
17,-63.7
18,-64.0
19,-59.0
20,-73.2
21,-64.5
22,-63.6
23,-68.1
24,-67.0
25,-69.9
26,-64.0
