frequency,pdr
11,-63.6
12,-61.7777777778
13,-63.1111111111
14,-61.0
15,-60.1
16,-58.0
17,-72.0
18,-55.0
19,-55.0
20,-61.0
21,-63.9
22,-64.0
23,-64.0
24,-73.6
25,-64.0
26,-68.0
