frequency,pdr
11,-71.5555555556
12,-67.0
13,-64.3333333333
14,-63.7
15,-68.9
16,-67.1
17,-62.3
18,-73.2
19,-63.8
20,-65.1
21,-66.9
22,-67.0
23,-63.9
24,-61.0
25,-63.6
26,-61.7
