frequency,pdr
11,-66.8
12,-69.6666666667
13,-64.0
14,-65.0
15,-61.7272727273
16,-56.4
17,-60.4
18,-71.3
19,-67.6
20,-66.2
21,-68.2
22,-61.0
23,-60.6
24,-59.6
25,-60.0
26,-68.3
