frequency,pdr
11,-64.6
12,-61.7777777778
13,-64.6
14,-64.1
15,-67.0
16,-58.3
17,-58.0
18,-64.0
19,-63.2
20,-61.0
21,-61.2
22,-59.5
23,-58.0
24,-66.3
25,-72.8888888889
26,-63.4
