frequency,pdr
11,-65.4
12,-66.4444444444
13,-65.7777777778
14,-67.2
15,-56.2
16,-64.7
17,-61.3
18,-59.2
19,-66.6
20,-58.0
21,-69.8
22,-58.0
23,-62.1
24,-63.4
25,-66.3
26,-67.0
