frequency,pdr
11,-60.9
12,-65.4444444444
13,-69.4444444444
14,-74.3333333333
15,-64.0
16,-68.1
17,-58.1
18,-55.0
19,-66.7
20,-67.0
21,-66.4
22,-61.0
23,-58.2
24,-64.0
25,-63.6
26,-67.0
