frequency,pdr
11,-58.8888888889
12,-60.8888888889
13,-59.3333333333
14,-59.7
15,-66.0
16,-66.4
17,-65.4
18,-67.0
19,-61.0
20,-61.0
21,-63.9
22,-67.0
23,-77.75
24,-69.8
25,-77.1
26,-71.7
