frequency,pdr
11,-53.6
12,-60.4444444444
13,-62.6666666667
14,-59.0
15,-55.0
16,-52.0
17,-66.1
18,-71.2
19,-55.0
20,-52.0
21,-49.0
22,-52.0
23,-52.1
24,-54.5
25,-55.0
26,-55.5
