frequency,pdr
11,-61.0
12,-65.4444444444
13,-64.8888888889
14,-66.5
15,-67.1
16,-61.0
17,-66.3
18,-66.1
19,-63.7
20,-65.6
21,-58.0
22,-67.0
23,-67.0
24,-74.4
25,-69.0
26,-69.1
