frequency,pdr
11,-78.1111111111
12,-64.1111111111
13,-63.5555555556
14,-62.6
15,-70.0
16,-61.0
17,-62.5
18,-57.2
19,-61.0
20,-58.7
21,-62.4
22,-59.5
23,-69.9
24,-68.1
25,-63.8
26,-66.3
