frequency,pdr
11,-64.1111111111
12,-70.2222222222
13,-60.3333333333
14,-65.5
15,-56.3
16,-61.0
17,-59.4
18,-69.1
19,-62.2
20,-60.4
21,-76.6
22,-59.0
23,-60.4
24,-58.6
25,-69.1111111111
26,-61.0
