frequency,pdr
11,-61.6
12,-55.0
13,-59.1111111111
14,-67.0
15,-58.5
16,-59.6
17,-68.9
18,-62.7
19,-64.0
20,-63.0
21,-59.2727272727
22,-67.8
23,-55.3
24,-59.4
25,-66.8
26,-63.0
