frequency,pdr
11,-65.2
12,-62.1111111111
13,-70.3333333333
14,-61.2
15,-74.9
16,-64.6
17,-71.8
18,-62.7
19,-64.0
20,-62.6
21,-68.1
22,-67.0
23,-59.6
24,-65.4
25,-63.4
26,-66.9
