frequency,pdr
11,-66.3
12,-69.2222222222
13,-59.4444444444
14,-55.0
15,-55.0
16,-61.0
17,-63.9
18,-57.9
19,-57.9
20,-68.7
21,-68.9
22,-68.5
23,-61.2
24,-64.0
25,-55.0
26,-65.8
