frequency,pdr
11,-66.1
12,-58.7777777778
13,-68.3333333333
14,-65.7
15,-64.7
16,-63.9
17,-58.9
18,-58.5
19,-67.0
20,-59.0
21,-62.7
22,-67.0
23,-71.7
24,-71.3
25,-59.8
26,-55.0
