frequency,pdr
11,-61.4
12,-57.3333333333
13,-78.5555555556
14,-60.6
15,-55.0
16,-55.0
17,-55.0
18,-61.9
19,-61.1
20,-55.0
21,-60.6
22,-62.2
23,-64.3
24,-58.3
25,-57.3
26,-55.0
