frequency,pdr
11,-64.8
12,-61.7777777778
13,-66.8888888889
14,-56.9
15,-62.0
16,-63.0
17,-64.0
18,-66.2
19,-64.0
20,-61.8
21,-62.8
22,-64.6
23,-62.7
24,-67.0
25,-66.3
26,-61.5
