frequency,pdr
11,-61.1
12,-61.8888888889
13,-77.4
14,-59.3
15,-55.0
16,-67.5
17,-76.4
18,-55.1
19,-68.6
20,-60.2
21,-57.9
22,-58.7
23,-59.1
24,-60.3
25,-58.6666666667
26,-67.3
