frequency,pdr
11,-55.1
12,-56.3333333333
13,-58.4444444444
14,-68.3
15,-55.0
16,-59.0
17,-49.0
18,-49.5
19,-55.0
20,-58.0
21,-68.5
22,-51.0
23,-64.0
24,-54.8
25,-46.1
26,-51.6
