frequency,pdr
11,-64.1
12,-68.2222222222
13,-68.7777777778
14,-64.7
15,-64.0
16,-61.1
17,-70.1
18,-64.9
19,-63.0
20,-61.2
21,-63.6
22,-61.1
23,-61.6
24,-64.0
25,-66.1
26,-76.0
