frequency,pdr
11,-66.4
12,-71.5555555556
13,-64.1111111111
14,-77.0
15,-58.0
16,-61.0
17,-61.0
18,-76.5
19,-63.2
20,-67.1
21,-68.9
22,-66.9
23,-67.1
24,-61.0
25,-75.1
26,-78.7
