frequency,pdr
11,-59.0
12,-57.6666666667
13,-69.7777777778
14,-65.3
15,-70.0
16,-76.3
17,-64.0
18,-67.7
19,-58.0
20,-71.0
21,-58.2
22,-58.0
23,-55.0
24,-58.0
25,-71.4
26,-61.1
