frequency,pdr
11,-73.7777777778
12,-64.0
13,-62.8888888889
14,-66.2
15,-61.0
16,-67.6
17,-67.0
18,-63.9
19,-64.0
20,-66.1
21,-68.8
22,-64.7
23,-61.0
24,-59.2
25,-61.3333333333
26,-60.9
