frequency,pdr
11,-60.9
12,-62.7777777778
13,-82.4444444444
14,-69.1
15,-61.0
16,-72.5
17,-74.2
18,-66.9
19,-60.1
20,-58.0
21,-61.2
22,-59.2
23,-67.4
24,-62.8
25,-64.0
26,-73.0
