frequency,pdr
11,-51.4
12,-66.7777777778
13,-70.0
14,-79.1111111111
15,-55.0
16,-55.0
17,-55.0
18,-54.9
19,-54.4
20,-58.1
21,-52.0
22,-67.5
23,-61.0
24,-55.3
25,-55.0
26,-55.2
