frequency,pdr
11,-55.6
12,-57.1111111111
13,-68.8888888889
14,-59.8
15,-60.9
16,-69.7
17,-61.0
18,-63.9
19,-64.9
20,-66.4
21,-73.1
22,-78.2
23,-59.1
24,-66.5
25,-68.7
26,-64.0
