frequency,pdr
11,-64.4
12,-65.4444444444
13,-64.8888888889
14,-60.3
15,-57.9
16,-54.9
17,-55.0
18,-56.8
19,-61.0
20,-55.0
21,-55.0
22,-53.9
23,-57.6
24,-58.1
25,-55.0
26,-55.0
