frequency,pdr
11,-71.4444444444
12,-64.4444444444
13,-67.8888888889
14,-68.6
15,-62.8
16,-60.9
17,-69.8
18,-58.6
19,-71.9
20,-61.5
21,-64.0
22,-66.5
23,-55.6
24,-55.0
25,-67.0
26,-57.8
