frequency,pdr
11,-61.0
12,-60.4444444444
13,-58.7777777778
14,-63.7
15,-78.7
16,-65.4
17,-66.5
18,-65.5
19,-62.3
20,-81.6
21,-65.5
22,-66.4
23,-58.1
24,-68.7
25,-58.0
26,-63.0
