frequency,pdr
11,-53.7
12,-58.4444444444
13,-55.0
14,-52.0
15,-51.8
16,-59.8
17,-56.5
18,-54.1
19,-52.0
20,-58.0
21,-54.8
22,-58.5
23,-60.5
24,-58.4
25,-69.7777777778
26,-61.0
