frequency,pdr
11,-64.0
12,-59.8888888889
13,-56.8888888889
14,-56.0
15,-70.3
16,-55.2
17,-55.0
18,-65.0
19,-70.0
20,-58.1
21,-57.7
22,-64.9
23,-55.0
24,-61.0
25,-59.9
26,-64.6
