frequency,pdr
11,-58.0
12,-62.3333333333
13,-59.8888888889
14,-76.9
15,-58.5
16,-66.7
17,-65.1
18,-60.3
19,-62.1
20,-67.9
21,-68.2
22,-63.6
23,-71.6
24,-61.6
25,-73.0
26,-73.3
