frequency,pdr
11,-63.6
12,-64.0
13,-67.8888888889
14,-55.0
15,-70.3
16,-59.1
17,-75.9090909091
18,-71.9
19,-68.6
20,-70.1
21,-67.0
22,-67.0
23,-61.1
24,-55.8
25,-77.0
26,-62.4
