frequency,pdr
11,-79.0
12,-62.7777777778
13,-68.5
14,-73.0
15,-67.0
16,-67.0
17,-65.0
18,-63.9
19,-60.9
20,-70.0
21,-80.5555555556
22,-70.0
23,-63.0
24,-66.8
25,-61.1
26,-70.8
