frequency,pdr
11,-73.3333333333
12,-62.3333333333
13,-67.4
14,-59.0
15,-64.0
16,-75.3
17,-67.0
18,-69.6
19,-62.9
20,-69.4
21,-67.3
22,-59.0
23,-66.7
24,-64.0
25,-64.3
26,-69.2
