frequency,pdr
11,-67.0
12,-58.6666666667
13,-64.8888888889
14,-60.3
15,-61.0
16,-64.0
17,-67.4
18,-57.1
19,-53.6
20,-51.9
21,-51.3
22,-58.0
23,-53.6
24,-60.8
25,-61.0
26,-62.2
