frequency,pdr
11,-68.1111111111
12,-61.2222222222
13,-64.4
14,-56.9
15,-58.0
16,-59.5
17,-65.6
18,-55.5
19,-67.0
20,-64.1
21,-53.8
22,-61.0
23,-55.0
24,-64.0
25,-59.5
26,-55.0
