frequency,pdr
11,-53.6
12,-62.8888888889
13,-55.7777777778
14,-53.0
15,-57.2
16,-66.7
17,-55.5
18,-55.0
19,-69.7
20,-56.2
21,-59.2
22,-55.6
23,-56.0
24,-61.1
25,-59.7777777778
26,-68.3
