frequency,pdr
11,-64.7777777778
12,-67.0
13,-63.2
14,-67.0
15,-67.3
16,-64.4
17,-63.5
18,-62.5
19,-60.9
20,-64.0
21,-67.0
22,-64.6
23,-55.0
24,-58.0
25,-69.8888888889
26,-64.7
