frequency,pdr
11,-57.1
12,-60.1111111111
13,-63.2222222222
14,-53.6
15,-52.0
16,-48.8
17,-52.0
18,-55.0
19,-64.7
20,-54.9
21,-58.1
22,-58.0
23,-49.0
24,-54.5
25,-66.0
26,-64.7
