frequency,pdr
11,-61.6666666667
12,-67.0
13,-67.6666666667
14,-70.8888888889
15,-72.1
16,-69.6
17,-61.0
18,-76.3
19,-83.3
20,-64.0
21,-62.3
22,-65.6
23,-61.9
24,-57.0
25,-59.8
26,-67.3
