frequency,pdr
11,-64.1
12,-61.4444444444
13,-76.4444444444
14,-62.4
15,-67.0
16,-64.0
17,-59.8
18,-64.2
19,-56.4
20,-58.3
21,-61.8
22,-64.0
23,-64.0
24,-68.9
25,-67.3
26,-61.0
