frequency,pdr
11,-67.4
12,-63.7777777778
13,-66.7777777778
14,-59.3
15,-70.0
16,-61.0
17,-59.2
18,-59.0
19,-62.7
20,-61.0
21,-66.4
22,-60.7
23,-66.3
24,-59.5
25,-57.5
26,-65.3
