frequency,pdr
11,-67.0
12,-67.0
13,-70.0
14,-70.0
15,-70.0
16,-71.3
17,-73.0
18,-73.0
19,-71.6
20,-72.2
21,-75.0
22,-78.3333333333
23,-78.4444444444
24,-76.2
25,-76.0
26,-76.0
