frequency,pdr
11,-86.1
12,-88.25
13,-86.5
14,-87.8
15,-88.0
16,-86.1
17,-85.6
18,-85.2
19,-85.6
20,-86.0
21,-87.5
22,-87.8888888889
23,-89.0
24,-90.0909090909
25,-91.0
