frequency,pdr
11,-91.0
12,-90.5555555556
13,-88.0
14,-85.1
15,-83.1
16,-82.1
17,-82.1
18,-81.9
19,-81.8
20,-82.0
21,-84.0
22,-88.1111111111
23,-90.3333333333
24,-91.0
26,-91.0
