frequency,pdr
11,-84.2
12,-88.5
13,-89.1
14,-84.9
15,-82.0
16,-81.6
17,-81.7
18,-81.6
19,-82.0
20,-83.4
21,-83.6666666667
22,-83.0
23,-84.4444444444
24,-87.375
25,-88.7
26,-85.5
