frequency,pdr
11,-84.5
12,-83.9
13,-82.7
14,-83.0
15,-84.0
16,-86.0
17,-86.5
18,-84.8
19,-82.3
20,-84.0
21,-89.0
22,-88.5
23,-85.5555555556
24,-85.1111111111
25,-87.9
26,-91.0
