frequency,pdr
11,-89.5555555556
12,-89.0
13,-89.0
14,-88.3333333333
15,-88.1
16,-87.8
17,-88.2
18,-89.7
19,-90.6
20,-89.9
21,-90.0
23,-89.5
24,-89.6
25,-90.0
26,-90.1
