frequency,pdr
11,-86.2222222222
12,-83.7
13,-81.8888888889
14,-78.8
15,-76.1
16,-76.0
17,-76.0
18,-76.0
19,-76.0
20,-76.2
21,-77.0
22,-78.1
23,-78.2
24,-79.5
25,-81.6
26,-82.0
