frequency,pdr
11,-79.0
12,-79.0
13,-80.5
14,-83.6
15,-89.8
16,-91.0
17,-91.0
18,-90.6666666667
19,-86.8
20,-85.8
21,-87.5555555556
22,-87.5555555556
23,-90.7
24,-91.0
25,-89.7
26,-87.7
