frequency,pdr
11,-90.0
12,-88.2222222222
13,-86.0
14,-85.0
15,-86.4545454545
16,-86.9
17,-88.8
18,-91.0
19,-91.0
20,-90.8
21,-87.0
22,-83.7
23,-83.0
24,-84.375
25,-85.0
26,-85.0
