frequency,pdr
11,-88.0
12,-90.375
13,-91.0
14,-90.4
15,-91.0
16,-88.4
17,-88.0
18,-88.8
19,-88.2
20,-89.0
21,-89.0
22,-88.1428571429
23,-88.4444444444
24,-88.8571428571
25,-88.0
26,-85.7
