frequency,pdr
11,-50.1
12,-51.2
13,-54.2222222222
14,-59.5
15,-67.0
16,-67.1
17,-75.7777777778
18,-60.6
19,-57.2
20,-56.3
21,-65.1
22,-55.0
23,-60.1
24,-59.3
25,-58.0
26,-55.0
