frequency,pdr
11,-66.375
12,-68.3333333333
13,-61.2222222222
14,-71.4444444444
15,-67.0
16,-55.3
17,-55.0
18,-58.8
19,-62.9
20,-62.5
21,-61.0
22,-64.0
23,-66.3
24,-72.1
25,-69.3
26,-63.4
