frequency,pdr
11,-60.5
12,-65.1111111111
13,-58.6
14,-64.0
15,-56.5555555556
16,-61.5
17,-65.8
18,-64.2
19,-72.8
20,-67.0
21,-67.0
22,-65.5
23,-60.8
24,-61.0
25,-65.3
26,-55.2
