frequency,pdr
11,-73.0
12,-72.1111111111
13,-67.2222222222
14,-65.0
15,-62.6666666667
16,-76.0
17,-67.0
18,-68.7
19,-68.5
20,-65.0
21,-71.8
22,-64.0
23,-65.8
24,-63.4
25,-65.2
26,-61.8
