frequency,pdr
11,-55.0
12,-53.7
13,-57.0
14,-63.2
15,-61.8888888889
16,-58.2
17,-60.9
18,-60.5
19,-74.9
20,-65.5
21,-62.4
22,-75.4444444444
23,-62.1
24,-70.5
25,-79.0
26,-64.6
