frequency,pdr
11,-57.6
12,-64.9
13,-59.6666666667
14,-68.3
15,-59.5555555556
16,-67.4
17,-55.7
18,-61.0
19,-72.6
20,-58.5
21,-66.6
22,-68.7
23,-76.1111111111
24,-64.7
25,-57.0
26,-58.0
