frequency,pdr
11,-57.5
12,-61.8888888889
13,-70.8888888889
14,-62.0
15,-64.9
16,-55.1
17,-52.0
18,-55.0
19,-58.0
20,-64.0
21,-61.0
22,-63.0
23,-64.0
24,-60.8
25,-65.6
26,-64.0
