frequency,pdr
11,-63.4444444444
12,-66.7777777778
13,-61.3333333333
14,-59.0
15,-58.0
16,-66.2
17,-65.5
18,-67.0
19,-70.0
20,-65.4
21,-55.0
22,-55.0
23,-63.3
24,-60.1
25,-61.9
26,-58.0
