frequency,pdr
11,-58.1
12,-59.2222222222
13,-55.3333333333
14,-63.8
15,-61.1
16,-59.7
17,-63.2
18,-56.2
19,-61.0
20,-60.6
21,-61.6
22,-59.9
23,-67.9
24,-71.1
25,-58.6
26,-60.8
