frequency,pdr
11,-62.7777777778
12,-55.0
13,-53.1
14,-55.9
15,-53.1111111111
16,-51.4
17,-58.0
18,-64.0
19,-67.0
20,-52.3
21,-50.8
22,-66.4
23,-54.3
24,-53.0
25,-59.4
26,-55.6
