frequency,pdr
11,-61.7777777778
12,-58.1111111111
13,-52.0
14,-54.2
15,-58.0
16,-63.0
17,-61.3
18,-69.1
19,-63.7
20,-64.1
21,-60.8
22,-61.0
23,-55.0
24,-59.6
25,-63.7
26,-58.9
