frequency,pdr
11,-59.0
12,-67.0
13,-66.7777777778
14,-68.3333333333
15,-67.0
16,-67.0
17,-65.2
18,-66.7
19,-67.0
20,-62.5
21,-61.0
22,-69.8
23,-67.4
24,-67.0
25,-73.0
26,-69.0
