frequency,pdr
11,-68.3333333333
12,-64.3333333333
13,-70.1111111111
14,-58.0
15,-54.2
16,-61.4
17,-55.0
18,-66.0
19,-63.3
20,-59.1
21,-58.1
22,-55.0
23,-67.0
24,-68.0
25,-58.8
26,-59.2
