frequency,pdr
11,-67.5
12,-62.7777777778
13,-71.4444444444
14,-65.8
15,-63.5555555556
16,-60.9
17,-63.6
18,-72.9
19,-58.0
20,-64.0
21,-58.0
22,-67.0
23,-66.5
24,-61.0
25,-73.0
26,-67.6
