frequency,pdr
11,-62.3
12,-65.5555555556
13,-55.8888888889
14,-69.4
15,-61.3333333333
16,-55.0
17,-62.0
18,-73.9
19,-77.6
20,-61.4
21,-57.0
22,-63.6
23,-55.2
24,-55.0
25,-58.4
26,-64.0
