frequency,pdr
11,-61.3333333333
12,-63.2222222222
13,-59.6666666667
14,-55.0
15,-62.8888888889
16,-55.0
17,-61.1
18,-57.5
19,-65.9
20,-62.8
21,-60.8
22,-62.2
23,-64.0
24,-65.1
25,-64.6
26,-72.4
