frequency,pdr
11,-63.8
12,-66.8888888889
13,-58.4444444444
14,-63.6
15,-66.0
16,-59.3
17,-67.0
18,-58.0
19,-61.0
20,-61.8
21,-59.1
22,-55.6
23,-69.2
24,-55.0
25,-52.0
26,-55.0
