frequency,pdr
11,-64.7
12,-61.4444444444
13,-57.9
14,-58.2
15,-66.8888888889
16,-61.8
17,-68.5
18,-68.7
19,-58.5
20,-73.7
21,-62.1
22,-67.0
23,-55.0
24,-64.5
25,-61.0
26,-63.2
