frequency,pdr
11,-55.0
12,-60.4444444444
13,-59.9
14,-63.0
15,-68.6666666667
16,-58.0
17,-67.3
18,-68.8
19,-59.9
20,-65.4
21,-63.9
22,-67.0
23,-68.3
24,-61.0
25,-65.5
26,-69.4
