frequency,pdr
11,-66.5
12,-70.1111111111
13,-72.5555555556
14,-82.375
15,-60.8
16,-68.9
17,-64.0
18,-63.5
19,-64.3
20,-66.9
21,-65.0
22,-61.9
23,-79.1111111111
24,-67.0
25,-61.0
26,-70.0
