frequency,pdr
11,-69.6
12,-58.5555555556
13,-67.4444444444
14,-62.7
15,-55.8888888889
16,-66.0
17,-60.4
18,-57.6
19,-62.6
20,-61.0
21,-56.0909090909
22,-52.0
23,-58.2
24,-55.0
25,-51.3
26,-58.0
