frequency,pdr
11,-61.3333333333
12,-60.5
13,-70.1111111111
14,-59.1
15,-73.5555555556
16,-61.0
17,-55.7
18,-56.1
19,-58.8
20,-56.3
21,-58.9
22,-69.3
23,-53.9
24,-60.9
25,-64.9
26,-66.9
