frequency,pdr
11,-59.0
12,-55.0
13,-64.2727272727
14,-61.0
15,-69.1111111111
16,-55.8
17,-58.0
18,-60.0
19,-64.4
20,-53.0
21,-53.1
22,-59.4
23,-67.0
24,-61.0
25,-66.7
26,-61.0
