frequency,pdr
11,-61.5
12,-65.9
13,-60.1111111111
14,-56.7
15,-56.1111111111
16,-55.0
17,-56.4
18,-58.0
19,-68.4
20,-61.5
21,-69.8
22,-62.0
23,-63.8
24,-61.1
25,-65.1
26,-67.0
