frequency,pdr
11,-63.0
12,-61.4
13,-66.8888888889
14,-65.0
15,-62.8888888889
16,-65.1
17,-67.0
18,-64.1
19,-65.6
20,-55.2
21,-74.1
22,-64.3
23,-68.4
24,-59.1
25,-57.0
26,-59.5
