frequency,pdr
11,-59.9
12,-59.5555555556
13,-66.2222222222
14,-63.6
15,-58.6666666667
16,-67.0
17,-55.0
18,-55.0
19,-61.8
20,-68.6
21,-58.0
22,-56.4
23,-61.1
24,-62.8
25,-58.6
26,-57.6
