frequency,pdr
11,-67.2
12,-63.8888888889
13,-63.8888888889
14,-71.6
15,-67.8888888889
16,-66.0
17,-61.4
18,-62.5
19,-64.0
20,-69.4
21,-67.0
22,-67.0
23,-69.0
24,-60.5
25,-61.0
26,-65.6
