frequency,pdr
11,-60.3
12,-65.8888888889
13,-67.4444444444
14,-74.9
15,-69.8888888889
16,-58.0
17,-55.0
18,-56.9
19,-64.7
20,-62.6
21,-62.8181818182
22,-63.0
23,-64.0
24,-62.3
25,-65.6
26,-59.9
