frequency,pdr
11,-65.9
12,-62.4444444444
13,-64.0
14,-61.3
15,-68.3333333333
16,-61.6
17,-62.8
18,-86.9
19,-62.0
20,-75.3
21,-60.4
22,-61.1
23,-58.0
24,-66.3636363636
25,-57.4
26,-66.3
