frequency,pdr
11,-64.2857142857
12,-62.5555555556
13,-66.1
14,-60.0
15,-69.0
16,-61.2
17,-68.9
18,-66.7
19,-61.2
20,-67.5
21,-68.0
22,-64.1
23,-63.3
24,-67.9
25,-67.0
26,-58.3
