frequency,pdr
11,-58.4
12,-61.5
13,-69.6666666667
14,-61.3
15,-62.3333333333
16,-57.6
17,-58.0
18,-67.6
19,-72.4
20,-59.8
21,-60.1
22,-69.2
23,-61.0
24,-61.1
25,-72.2
26,-66.7
