frequency,pdr
11,-62.2222222222
12,-61.3333333333
13,-63.7
14,-66.3
15,-58.0
16,-58.0
17,-65.2
18,-69.2
19,-63.9
20,-60.6
21,-59.1
22,-68.9
23,-68.1
24,-61.9
25,-58.0
26,-61.0
