frequency,pdr
11,-52.0
12,-56.6
13,-57.4444444444
14,-57.2
15,-53.4444444444
16,-63.4
17,-58.2
18,-59.7
19,-61.7
20,-67.2
21,-67.0
22,-66.1
23,-61.4
24,-75.2
25,-54.8
26,-55.0
