frequency,pdr
11,-58.4
12,-63.2222222222
13,-67.5555555556
14,-57.0
15,-61.0
16,-58.2
17,-58.0
18,-68.5
19,-62.9
20,-55.4
21,-55.3
22,-57.1
23,-57.8
24,-49.0
25,-53.5
26,-52.4
