frequency,pdr
11,-63.0
12,-67.1111111111
13,-61.7
14,-63.1
15,-69.1
16,-69.1
17,-67.2
18,-65.9
19,-58.0
20,-59.6
21,-61.0
22,-71.3333333333
23,-69.1
24,-67.8
25,-69.1
26,-70.0
