frequency,pdr
11,-60.2222222222
12,-62.1111111111
13,-62.6666666667
14,-64.0
15,-64.6666666667
16,-69.3
17,-64.0
18,-63.9
19,-64.6
20,-59.3
21,-61.7
22,-67.4
23,-65.8
24,-58.0
25,-73.1
26,-58.3
