frequency,pdr
11,-65.5454545455
12,-58.0
13,-66.1111111111
14,-72.2222222222
15,-63.3
16,-70.0
17,-59.7
18,-60.2
19,-62.3
20,-75.0
21,-80.4
22,-73.0
23,-65.3
24,-60.0
25,-64.5
26,-54.8
