frequency,pdr
11,-58.6666666667
12,-60.7777777778
13,-58.0
14,-54.5
15,-58.4444444444
16,-73.4
17,-60.9
18,-49.0
19,-49.0
20,-49.0
21,-58.0
22,-52.7
23,-55.0
24,-58.0
25,-53.9
26,-55.0
