frequency,pdr
11,-57.6
12,-59.8
13,-63.6666666667
14,-70.6
15,-66.7777777778
16,-56.5
17,-62.7
18,-62.8
19,-53.9
20,-55.9
21,-74.2
22,-65.5
23,-57.9
24,-62.0
25,-64.4
26,-59.0
