frequency,pdr
11,-67.0
12,-68.7777777778
13,-68.4
14,-56.6
15,-57.7777777778
16,-59.0
17,-67.3
18,-65.1
19,-69.5
20,-62.8
21,-59.1
22,-58.0
23,-67.0
24,-76.8
25,-62.7
26,-68.3
