frequency,pdr
11,-55.4
12,-61.1111111111
13,-61.4444444444
14,-61.0
15,-64.6666666667
16,-65.6
17,-60.0
18,-64.0
19,-55.0
20,-55.0
21,-61.4
22,-63.3
23,-60.7
24,-65.5
25,-64.4
26,-61.5
