frequency,pdr
11,-63.4
12,-59.2222222222
13,-65.3
14,-65.8
15,-71.8888888889
16,-70.0
17,-72.8
18,-63.7
19,-58.0
20,-55.4
21,-64.0
22,-66.0
23,-67.0
24,-61.0
25,-75.8
26,-67.5
