frequency,pdr
11,-71.2857142857
12,-72.5555555556
13,-64.6666666667
14,-59.1
15,-68.5
16,-57.2
17,-61.3
18,-59.4
19,-61.0
20,-60.6
21,-68.6
22,-65.6
23,-58.0
24,-62.3
25,-62.5
26,-61.6
