frequency,pdr
11,-62.4
12,-64.4444444444
13,-61.0
14,-63.3
15,-70.2222222222
16,-66.7
17,-58.0
18,-58.2
19,-61.9
20,-59.2
21,-68.5
22,-60.4
23,-65.4
24,-67.0
25,-71.4
26,-64.0
