frequency,pdr
11,-59.5
12,-62.3333333333
13,-54.7
14,-59.6
15,-60.7777777778
16,-58.5
17,-58.4
18,-62.1
19,-60.6
20,-60.9
21,-64.0
22,-68.5
23,-75.8333333333
24,-69.1
25,-62.4
26,-69.4
