frequency,pdr
11,-58.5
12,-63.4444444444
13,-72.5555555556
14,-62.9
15,-76.8888888889
16,-64.0
17,-68.6
18,-60.9
19,-63.0
20,-58.0
21,-59.8
22,-57.1
23,-61.0
24,-61.0
25,-64.0
26,-64.7
