frequency,pdr
11,-62.6
12,-59.6666666667
13,-65.2222222222
14,-61.0
15,-68.3333333333
16,-58.0
17,-66.5
18,-58.0
19,-67.7
20,-61.8
21,-71.7
22,-61.9
23,-67.8
24,-61.0
25,-64.1
26,-71.2
