frequency,pdr
11,-66.875
12,-59.7777777778
13,-58.0
14,-59.8
15,-70.0
16,-64.0
17,-54.0
18,-54.5
19,-59.8
20,-73.9
21,-66.1
22,-66.9
23,-74.3333333333
24,-77.1
25,-58.8
26,-64.3
