frequency,pdr
11,-63.4
12,-71.0
13,-62.4444444444
14,-58.0
15,-63.2222222222
16,-62.7
17,-64.0
18,-61.0
19,-65.0
20,-74.7
21,-71.7
22,-61.0
23,-58.0
24,-62.0
25,-66.3
26,-67.0
