frequency,pdr
11,-69.0
12,-58.8888888889
13,-66.3
14,-67.7
15,-59.5555555556
16,-63.5454545455
17,-71.0
18,-60.9
19,-67.0
20,-67.1
21,-78.1
22,-61.4
23,-61.0
24,-66.4
25,-65.8
26,-61.2
