frequency,pdr
11,-89.2
12,-89.0
13,-90.2222222222
14,-91.0
15,-90.0
16,-90.0
17,-91.0
18,-91.0
19,-90.2222222222
20,-90.1
21,-90.7
22,-89.9
23,-90.8
24,-91.0
25,-87.6
26,-85.0
