frequency,pdr
11,-82.0
12,-81.875
13,-80.8888888889
14,-80.0
15,-81.7
16,-83.5555555556
17,-83.0
18,-82.375
19,-82.75
20,-82.5
21,-84.0
22,-83.0
23,-84.0
24,-85.0
25,-87.0
26,-89.0
