frequency,pdr
11,-72.5
12,-71.0
13,-72.5
14,-73.8
15,-78.8
16,-84.8888888889
17,-80.0
18,-77.125
19,-76.0
20,-75.0
21,-74.6
22,-75.625
23,-76.5714285714
24,-76.0
25,-76.0
26,-79.0
