frequency,pdr
11,-91.0
12,-88.8888888889
13,-86.2222222222
14,-82.0
15,-79.0
16,-79.0
17,-79.0
18,-79.0
19,-81.3
20,-83.2
21,-82.2
23,-82.0
24,-84.5
25,-86.3
26,-88.0
