frequency,pdr
15,-91.0
16,-90.8888888889
17,-89.8888888889
18,-89.5454545455
19,-90.5
20,-91.0
21,-91.0
23,-90.2222222222
24,-90.9
25,-91.0
26,-91.0
