frequency,pdr
11,-78.3
12,-77.0
13,-75.9
14,-75.1
15,-75.2
16,-79.0
17,-81.1111111111
18,-77.0
19,-76.0
20,-78.9
21,-80.7
23,-84.8571428571
24,-86.9
25,-89.5
26,-91.0
