frequency,pdr
11,-52.1
12,-46.9
13,-43.0
14,-49.0
15,-49.0
16,-51.7
17,-50.6363636364
18,-47.9090909091
19,-49.0
20,-46.0
21,-48.0
22,-43.0
23,-43.0
24,-46.0
25,-43.0
26,-43.0
