frequency,pdr
11,-61.1
12,-68.3
13,-66.5555555556
14,-65.5
15,-61.9
16,-60.9
17,-58.2
18,-58.5
19,-62.0
20,-59.9
21,-63.5
22,-60.1
23,-57.2
24,-59.6666666667
25,-61.5
26,-59.8
