frequency,pdr
11,-66.4444444444
12,-66.6
13,-60.6
14,-72.7777777778
15,-66.8
16,-66.4
17,-62.4
18,-70.0
19,-55.0
20,-65.8
21,-67.0
22,-60.7
23,-64.7
24,-57.8
25,-62.5
26,-52.6
