frequency,pdr
11,-67.0
12,-63.5
13,-78.6666666667
14,-58.0
15,-58.3
16,-64.0
17,-60.1
18,-60.8
19,-55.0
20,-61.0
21,-59.3
22,-55.0
23,-61.5
24,-63.4444444444
25,-74.0
26,-55.0
