frequency,pdr
11,-56.8
12,-52.1
13,-53.4444444444
14,-55.0
15,-55.5
16,-57.5
17,-55.5
18,-62.1
19,-49.7
20,-48.9
21,-57.6
22,-52.9
23,-50.5
24,-64.8888888889
25,-55.5
26,-54.5
