frequency,pdr
11,-58.3
12,-62.7
13,-67.1111111111
14,-66.7
15,-67.0
16,-65.2222222222
17,-61.0
18,-58.0
19,-59.3
20,-66.1
21,-63.0
22,-58.0
23,-58.5
24,-64.0
25,-67.0
26,-61.4
