frequency,pdr
11,-75.1111111111
12,-53.2
13,-68.2222222222
14,-58.0
15,-61.4
16,-57.0
17,-71.6
18,-67.0
19,-58.0
20,-64.1
21,-62.5
22,-59.7
23,-71.4
24,-68.8888888889
25,-61.4
26,-60.0
