frequency,pdr
11,-49.0
12,-50.1
13,-66.5555555556
14,-48.7
15,-55.0
16,-57.7
17,-55.0
18,-63.2
19,-55.0
20,-55.0
21,-68.4
22,-55.0
23,-52.1
24,-68.1111111111
25,-63.9
26,-50.6
