frequency,pdr
11,-60.6
12,-60.3
13,-65.2222222222
14,-58.0
15,-60.0
16,-59.1
17,-68.9
18,-53.6
19,-53.5
20,-62.4
21,-58.0
22,-52.6
23,-52.0
24,-58.2222222222
25,-61.6
26,-55.0
