frequency,pdr
11,-87.875
12,-85.0
13,-85.0
14,-83.3333333333
15,-82.0
16,-82.0
17,-80.0
18,-80.1
19,-83.0
20,-87.2
21,-91.0
22,-89.0
23,-86.1666666667
24,-82.5
25,-81.0
26,-80.0
