frequency,pdr
11,-87.0
12,-87.2
13,-88.8888888889
14,-91.0
15,-91.0
16,-91.0
17,-90.1
18,-91.0
19,-91.0
20,-89.5
21,-89.0
22,-89.1666666667
23,-89.6666666667
24,-89.3
25,-89.1
26,-90.0
