frequency,pdr
11,-85.0
12,-86.8888888889
13,-87.0
14,-84.0
15,-82.0
16,-82.2
17,-90.25
18,-91.0
19,-91.0
21,-88.7142857143
22,-86.0
23,-87.0
24,-90.875
25,-91.0
26,-89.9
