frequency,pdr
11,-91.0
12,-91.0
13,-87.0
14,-86.8
15,-90.8888888889
16,-88.5714285714
17,-87.875
18,-91.0
19,-87.7
20,-87.7777777778
21,-86.5555555556
22,-85.5
23,-88.8571428571
24,-89.875
25,-88.1
26,-90.9
