frequency,pdr
11,-76.0
12,-73.0
13,-69.8
14,-67.0
15,-65.2
16,-64.0
17,-64.0
18,-66.4545454545
19,-64.9
20,-67.4
21,-70.9
22,-73.0
23,-75.6666666667
24,-73.0
25,-73.0
26,-78.1
