frequency,pdr
11,-79.1
12,-80.8888888889
13,-80.0
14,-79.0
15,-78.9
16,-81.3
17,-83.875
18,-91.0
19,-90.5
20,-91.0
21,-91.0
22,-87.5
23,-90.3333333333
24,-88.0
25,-88.0
26,-90.0
