frequency,pdr
11,-90.7777777778
12,-90.7
13,-90.9
14,-90.6
15,-90.1
16,-90.7777777778
17,-90.7777777778
18,-91.0
19,-90.8
20,-91.0
21,-91.0
23,-90.2
24,-89.3
25,-88.5
26,-88.0
