frequency,pdr
11,-82.125
12,-83.5714285714
13,-84.5555555556
14,-86.1
15,-88.5
16,-90.6
17,-90.9
18,-91.0
19,-91.0
20,-91.0
21,-91.0
23,-91.0
24,-90.1
25,-86.7
26,-83.0
