frequency,pdr
11,-67.0
12,-71.1111111111
13,-60.0
14,-73.8
15,-73.3333333333
16,-55.7
17,-65.5
18,-67.0
19,-64.6
20,-64.5
21,-75.3333333333
22,-74.9
23,-62.4
24,-61.0
25,-60.1
26,-64.8
