frequency,pdr
11,-55.0
12,-51.9
13,-59.7777777778
14,-71.5
15,-55.2222222222
16,-69.4
17,-61.1
18,-55.0
19,-68.5
20,-55.4
21,-55.0
22,-54.7
23,-52.0
24,-55.0
25,-52.4
26,-51.6
