frequency,pdr
11,-63.2
12,-63.9
13,-68.6666666667
14,-71.2
15,-65.8888888889
16,-63.0
17,-64.0
18,-59.8
19,-65.5
20,-73.0
21,-75.4
22,-62.0
23,-58.0
24,-61.9
25,-69.8
26,-61.9
