frequency,pdr
11,-49.3
12,-49.0
13,-62.7777777778
14,-52.3
15,-54.5555555556
16,-55.0
17,-47.9
18,-61.1
19,-49.0
20,-48.5
21,-58.2
22,-64.2
23,-49.0
24,-52.7
25,-56.7
26,-60.2
