frequency,pdr
11,-53.6
12,-61.4444444444
13,-50.0
14,-52.6
15,-49.1111111111
16,-43.1
17,-43.4
18,-47.1
19,-57.6
20,-46.0
21,-54.5
22,-52.3
23,-45.5
24,-56.5
25,-53.5
26,-44.1
