frequency,pdr
11,-55.0
12,-51.8888888889
13,-51.9
14,-49.9
15,-52.5555555556
16,-50.8
17,-58.6
18,-46.0
19,-43.0
20,-46.0
21,-49.0
22,-52.0
23,-51.7
24,-53.5
25,-54.8
26,-60.4
