frequency,pdr
11,-63.5555555556
12,-58.0909090909
13,-55.0
14,-54.8
15,-52.0
16,-49.0
17,-59.2
18,-61.0
19,-62.1
20,-58.0
21,-65.5
22,-58.3
23,-61.0
24,-63.0
25,-61.4
26,-57.0
