frequency,pdr
11,-69.9
12,-63.4444444444
13,-58.625
14,-55.9
15,-60.4444444444
16,-61.0
17,-61.0
18,-63.6
19,-64.0
20,-67.0
21,-72.6
22,-67.1
23,-79.375
24,-66.0
25,-68.9
26,-76.5
