frequency,pdr
11,-66.1
12,-55.3333333333
13,-54.8888888889
14,-47.3
15,-52.0
16,-52.3
17,-46.6
18,-46.0
19,-49.8
20,-55.8
21,-47.0
22,-54.6
23,-54.0
24,-58.8
25,-51.4
26,-50.1
