frequency,pdr
11,-58.0
12,-60.1111111111
13,-58.375
14,-58.0
15,-63.5555555556
16,-60.1
17,-64.0
18,-52.0
19,-53.0
20,-59.9
21,-72.4
22,-60.8
23,-62.9
24,-72.8
25,-64.4
26,-62.4
