frequency,pdr
11,-52.0
12,-48.2
13,-56.1111111111
14,-61.0
15,-61.8888888889
16,-61.0
17,-52.1
18,-66.5
19,-60.2
20,-58.3
21,-61.3
22,-59.5
23,-54.8
24,-60.1
25,-55.0
26,-53.9
