frequency,pdr
11,-65.1
12,-67.5555555556
13,-71.4444444444
14,-67.3
15,-72.3333333333
16,-75.3
17,-66.3
18,-67.0
19,-62.5
20,-66.2
21,-70.0
22,-68.0
23,-73.9
24,-75.7
25,-67.0
26,-67.0
