frequency,pdr
11,-49.0
12,-56.6666666667
13,-52.2
14,-52.1
15,-52.1111111111
16,-59.7
17,-52.0
18,-70.9
19,-65.3
20,-56.3
21,-53.5
22,-52.8
23,-58.0
24,-55.0
25,-57.8
26,-68.7
