frequency,pdr
11,-65.3
12,-61.2222222222
13,-61.8888888889
14,-67.1
15,-66.3333333333
16,-62.8
17,-76.6
18,-64.5
19,-68.0
20,-65.7
21,-62.3
22,-77.0
23,-65.7
24,-66.0
25,-71.4
26,-65.1
