frequency,pdr
11,-67.1
12,-65.3
13,-62.7777777778
14,-59.0
15,-78.5555555556
16,-61.2
17,-67.9
18,-61.0
19,-65.3
20,-65.6
21,-67.1
22,-63.7
23,-65.3
24,-65.9
25,-64.0
26,-67.0
