frequency,pdr
11,-49.0
12,-52.0
13,-54.6666666667
14,-52.2
15,-63.2222222222
16,-58.0
17,-61.2
18,-53.5
19,-62.1
20,-51.0
21,-49.6
22,-46.0
23,-48.1
24,-66.1
25,-60.0
26,-52.0
