frequency,pdr
11,-55.0
12,-64.0
13,-64.8888888889
14,-72.6
15,-62.2222222222
16,-58.0
17,-58.0
18,-65.2
19,-66.2
20,-67.2
21,-62.9
22,-76.5555555556
23,-75.9
24,-69.2
25,-67.0
26,-61.0
