frequency,pdr
11,-50.6
12,-48.7777777778
13,-53.7777777778
14,-50.2
15,-55.0
16,-49.0
17,-48.6
18,-45.1
19,-45.8
20,-52.0
21,-50.0
22,-51.4
23,-49.3
24,-43.6
25,-43.0
26,-46.4
