frequency,pdr
11,-60.6
12,-63.5555555556
13,-63.2222222222
14,-58.0
15,-55.0
16,-56.7
17,-68.9
18,-66.8
19,-55.6
20,-67.0
21,-63.5
22,-69.3
23,-59.0
24,-60.2
25,-61.0
26,-62.9
