frequency,pdr
11,-57.3
12,-57.1111111111
13,-50.2
14,-49.0
15,-59.3333333333
16,-58.1
17,-55.0
18,-55.0
19,-52.2
20,-49.0
21,-51.8
22,-55.0
23,-58.0
24,-60.1
25,-65.0
26,-69.6
