frequency,pdr
11,-46.0
12,-65.1111111111
13,-56.2222222222
14,-51.2
15,-46.0
16,-53.7
17,-60.5
18,-46.0
19,-50.9
20,-54.9
21,-55.0
22,-56.0
23,-51.5
24,-49.0
25,-54.4
26,-60.4
