frequency,pdr
11,-53.3333333333
12,-55.0
13,-57.6666666667
14,-65.5
15,-57.9
16,-58.0
17,-68.7
18,-55.2
19,-52.9
20,-73.6
21,-66.3
22,-60.1
23,-64.5
24,-59.3
25,-59.2
26,-52.0
