frequency,pdr
11,-49.0
12,-51.0
13,-57.8888888889
14,-58.0
15,-52.5555555556
16,-47.7
17,-49.0
18,-55.2
19,-65.3
20,-51.0
21,-57.3
22,-56.7
23,-58.2
24,-55.0
25,-55.0
26,-61.9
