frequency,pdr
11,-52.1
12,-53.5
13,-62.8888888889
14,-49.0
15,-49.6666666667
16,-55.0
17,-49.0
18,-66.2
19,-53.4
20,-60.4
21,-66.9
22,-60.8
23,-55.0
24,-57.5
25,-59.2
26,-57.2
