frequency,pdr
11,-59.0
12,-59.2222222222
13,-63.7777777778
14,-65.2
15,-56.5555555556
16,-58.0
17,-78.1
18,-61.0
19,-63.7
20,-71.7
21,-64.0
22,-61.0
23,-66.6
24,-64.0
25,-68.3
26,-66.6
