frequency,pdr
11,-62.8888888889
12,-63.2222222222
13,-64.0
14,-58.0
15,-67.1111111111
16,-61.0
17,-55.0
18,-61.2
19,-63.9
20,-67.0
21,-71.8
22,-66.7
23,-67.2
24,-69.3
25,-64.1
26,-67.0
