frequency,pdr
11,-51.6
12,-52.1
13,-49.0
14,-63.7
15,-73.1428571429
16,-71.6666666667
17,-52.0
18,-50.0
19,-49.8
20,-51.0
21,-46.0
22,-53.0
23,-50.9
24,-49.0
25,-52.0
26,-58.0
