frequency,pdr
11,-51.0
12,-52.0
13,-43.0
14,-43.0
15,-47.4444444444
16,-54.9
17,-52.9090909091
18,-46.9
19,-45.6
20,-49.6
21,-50.3
22,-43.0
23,-52.0
24,-54.3
25,-58.8
26,-47.6
