frequency,pdr
11,-69.8888888889
12,-64.3333333333
13,-67.4444444444
14,-61.0
15,-59.7777777778
16,-65.5
17,-70.6
18,-67.8
19,-79.6
20,-68.9
21,-67.8
22,-78.4285714286
23,-73.7777777778
24,-71.0
25,-72.5
26,-61.0
