frequency,pdr
11,-61.0
12,-67.0
13,-72.1111111111
14,-61.0
15,-68.3333333333
16,-56.4
17,-63.4
18,-72.5
19,-61.0
20,-61.0
21,-62.5
22,-60.7
23,-64.0
24,-66.3
25,-58.6
26,-57.9
