frequency,pdr
11,-60.1
12,-59.6
13,-61.1111111111
14,-58.0
15,-61.2222222222
16,-68.9
17,-71.6
18,-72.8
19,-66.8
20,-68.5
21,-61.0
22,-58.0
23,-69.4
24,-65.9
25,-70.0
26,-70.7
