frequency,pdr
11,-49.0
12,-48.1
13,-60.5555555556
14,-57.3
15,-63.1111111111
16,-50.3
17,-49.4
18,-44.4
19,-49.0
20,-52.5
21,-47.1
22,-49.3
23,-54.7
24,-53.5
25,-54.2
26,-53.4
