frequency,pdr
11,-59.5
12,-61.1
13,-64.2222222222
14,-65.1
15,-58.6666666667
16,-67.3
17,-70.8
18,-71.5
19,-64.0
20,-65.6
21,-76.9
22,-60.7
23,-64.0
24,-66.0
25,-61.9
26,-75.7777777778
