frequency,pdr
11,-62.6
12,-63.1111111111
13,-48.9
14,-44.4
15,-49.6666666667
16,-49.0
17,-56.8
18,-60.3
19,-49.0
20,-45.3
21,-46.0
22,-45.9
23,-43.1
24,-46.0
25,-43.0
26,-43.0
