frequency,pdr
11,-52.6
12,-55.3333333333
13,-47.0
14,-49.0
15,-49.1111111111
16,-51.6
17,-62.6
18,-55.2
19,-62.0
20,-58.0
21,-56.2
22,-49.0
23,-49.0
24,-47.1
25,-49.0
26,-63.1111111111
