frequency,pdr
11,-58.9
12,-61.1111111111
13,-59.5
14,-55.0
15,-60.7777777778
16,-61.1
17,-52.6
18,-55.0
19,-68.1
20,-55.3
21,-58.8
22,-60.5
23,-61.1
24,-56.4
25,-55.0
26,-52.8
