frequency,pdr
11,-55.0
12,-65.3333333333
13,-49.1
14,-63.8
15,-49.0
16,-49.0
17,-49.0
18,-65.3
19,-55.3636363636
20,-54.4
21,-61.6
22,-63.1
23,-55.5
24,-55.0
25,-52.0
26,-56.3
