frequency,pdr
11,-61.0
12,-61.0
13,-62.5
14,-69.4
15,-68.2222222222
16,-69.2
17,-63.0
18,-68.5
19,-67.6363636364
20,-70.3
21,-60.8
22,-67.0
23,-72.5
24,-71.9
25,-71.7
26,-74.7
