frequency,pdr
11,-66.7
12,-56.7777777778
13,-51.5
14,-67.3
15,-62.6666666667
16,-58.0
17,-59.6
18,-55.0
19,-55.1
20,-57.7
21,-61.0
22,-59.4
23,-55.0
24,-54.0
25,-55.7
26,-58.0
