frequency,pdr
11,-57.2
12,-50.0
13,-66.7777777778
14,-57.2
15,-52.7777777778
16,-58.8
17,-49.0
18,-50.1
19,-61.3
20,-59.9
21,-49.0
22,-55.0
23,-52.0
24,-52.1
25,-46.0
26,-46.0
