frequency,pdr
11,-74.2222222222
12,-58.0
13,-58.6
14,-68.4
15,-60.3333333333
16,-64.0
17,-65.0
18,-62.1
19,-66.3
20,-67.2
21,-59.4
22,-62.3
23,-60.9
24,-65.9
26,-66.6
