frequency,pdr
11,-66.0
12,-71.7777777778
13,-77.8888888889
14,-68.7
15,-70.2222222222
16,-71.5
17,-70.8
18,-62.9
19,-61.5
20,-61.5
21,-64.0
22,-58.0
23,-60.2
24,-66.4
25,-62.6
26,-77.1
