frequency,pdr
11,-64.1111111111
12,-60.2222222222
13,-47.6
14,-55.0
15,-59.2222222222
16,-49.8
17,-64.4
18,-58.0
19,-54.8
20,-57.9
21,-55.0
22,-46.0
23,-46.0
24,-49.0
25,-65.0
26,-50.9
