frequency,pdr
11,-55.1
12,-61.2222222222
13,-51.7777777778
14,-50.7
15,-53.3333333333
16,-54.1
17,-46.0
18,-49.0
19,-48.7
20,-59.1
21,-56.7
22,-49.0
23,-53.4
24,-51.7
25,-55.5
26,-49.1
