frequency,pdr
11,-61.0
12,-65.3333333333
13,-73.6666666667
14,-67.0
15,-67.0
16,-72.2
17,-69.8
18,-64.2
19,-58.0
20,-61.0
21,-67.3
22,-69.0
23,-59.1
24,-65.5454545455
25,-70.4
26,-69.2
