frequency,pdr
11,-65.2222222222
12,-56.1
13,-57.1111111111
14,-48.3
15,-67.2222222222
16,-53.4
17,-59.3
18,-60.0
19,-55.0
20,-55.0
21,-58.4
22,-50.5
23,-56.8
24,-55.8
25,-55.0
26,-58.0
