frequency,pdr
11,-53.7
12,-50.4
13,-59.5555555556
14,-55.0
15,-54.2222222222
16,-56.2
17,-55.0
18,-58.8
19,-60.8
20,-55.0
21,-59.4
22,-64.7
23,-65.4
24,-61.4
25,-60.9
26,-55.0
