frequency,pdr
11,-61.0
12,-70.1111111111
13,-70.125
14,-67.4
15,-68.2222222222
16,-61.0
17,-64.0
18,-70.9
19,-65.1
20,-64.0
21,-70.4
22,-65.0
23,-63.0
24,-60.5
25,-61.0
26,-66.4
