frequency,pdr
11,-72.3333333333
12,-67.0
13,-73.1111111111
14,-61.0
15,-67.0
16,-67.2
17,-68.4
18,-65.5
19,-65.0
20,-59.3
21,-67.0
22,-64.1
23,-70.1
24,-67.2
25,-67.0
26,-67.0
