frequency,pdr
11,-58.0
12,-55.3333333333
13,-56.4444444444
14,-52.0
15,-46.1
16,-51.1
17,-61.5
18,-58.0
19,-62.6
20,-52.0
21,-55.5
22,-68.6363636364
23,-66.5
24,-58.6
25,-58.0
26,-64.9
