frequency,pdr
11,80.4761904762
12,53.3333333333
13,83.0158730159
14,94.126984127
15,98.7301587302
16,64.6031746032
17,82.2222222222
18,79.5238095238
19,88.4126984127
20,98.5714285714
21,97.9365079365
22,99.8412698413
23,100.0
24,100.0
25,100.0
26,99.2063492063
