frequency,pdr
11,91.1111111111
12,93.8095238095
13,99.2063492063
14,100.0
15,99.8412698413
16,93.4920634921
17,88.4126984127
18,98.0952380952
19,93.1746031746
20,99.8412698413
21,100.0
22,100.0
23,100.0
24,100.0
25,100.0
26,100.0
