frequency,pdr
11,100.0
12,97.619047619
13,95.7142857143
14,93.3333333333
15,97.619047619
16,89.3650793651
17,53.0158730159
18,83.0158730159
19,88.0952380952
20,99.0476190476
21,99.3650793651
22,100.0
23,100.0
24,100.0
25,100.0
26,100.0
