frequency,pdr
11,86.6666666667
12,80.9523809524
13,71.9047619048
14,84.2857142857
15,99.2063492063
16,94.126984127
17,93.8095238095
18,74.4444444444
19,97.7777777778
20,100.0
21,100.0
22,100.0
23,100.0
24,100.0
25,100.0
26,100.0
