frequency,pdr
11,80.1587301587
12,84.126984127
13,71.1111111111
14,88.5714285714
15,99.0476190476
16,100.0
17,95.873015873
18,91.5873015873
19,99.0476190476
20,99.0476190476
21,99.8412698413
22,100.0
23,100.0
24,100.0
25,99.8412698413
26,100.0
