frequency,pdr
11,82.380952381
12,81.746031746
13,82.0634920635
14,96.1904761905
15,99.5238095238
16,87.3015873016
17,81.2698412698
18,85.7142857143
19,92.6984126984
20,98.7301587302
21,99.3650793651
22,98.4126984127
23,100.0
24,99.6825396825
25,100.0
26,100.0
