frequency,pdr
11,86.9841269841
12,66.1904761905
13,95.5555555556
14,87.1428571429
15,99.6825396825
16,68.5714285714
17,95.5555555556
18,94.7619047619
19,85.0793650794
20,98.8888888889
21,99.3650793651
22,100.0
23,100.0
24,100.0
25,100.0
26,100.0
