frequency,pdr
11,95.2380952381
12,99.8412698413
13,96.3492063492
14,93.0158730159
15,99.5238095238
16,48.8888888889
17,95.5555555556
18,100.0
19,84.9206349206
20,98.8888888889
21,99.5238095238
22,100.0
23,99.8412698413
24,100.0
25,100.0
26,99.6825396825
