frequency,pdr
11,-82.0
12,-79.0
13,-81.4444444444
14,-86.1
15,-82.0
16,-82.2
17,-88.6666666667
19,-90.5
20,-91.0
21,-89.1428571429
22,-87.75
23,-84.125
24,-83.9
25,-89.7777777778
26,-91.0
