frequency,pdr
11,-85.7777777778
12,-85.0
13,-88.2222222222
14,-91.0
15,-90.1
16,-88.8888888889
17,-89.875
18,-91.0
19,-89.1
20,-90.9
21,-91.0
23,-90.8
24,-90.1111111111
25,-89.2
26,-91.0
