frequency,pdr
11,-83.5555555556
12,-84.6666666667
13,-89.25
14,-91.0
15,-91.0
16,-91.0
17,-91.0
18,-91.0
19,-91.0
21,-91.0
22,-90.5
23,-91.0
24,-91.0
25,-89.3
26,-91.0
