frequency,pdr
11,-71.6
12,-73.0
13,-73.0
14,-74.3
15,-76.0
16,-76.0
17,-77.7272727273
18,-79.0
19,-79.0
20,-79.0
21,-79.0
22,-79.2222222222
23,-79.0
24,-80.5
25,-87.7
26,-84.2
