frequency,pdr
11,-85.0
12,-88.75
13,-88.5555555556
14,-91.0
15,-90.0
16,-89.0
17,-90.8
18,-90.75
19,-87.8
20,-88.2
21,-89.875
22,-89.4444444444
24,-91.0
25,-86.2
26,-87.6
