frequency,pdr
11,-78.2
12,-79.0
13,-79.8
14,-80.2
15,-80.3
16,-81.3333333333
17,-83.4444444444
18,-87.7777777778
19,-87.6
20,-85.3
21,-85.8571428571
23,-89.7142857143
24,-91.0
25,-87.0
26,-83.8
