frequency,pdr
13,-90.625
14,-89.6
15,-89.1
16,-90.2222222222
17,-90.8888888889
18,-90.5
19,-90.5714285714
20,-90.0
21,-91.0
23,-90.8
24,-91.0
25,-91.0
26,-91.0
