frequency,pdr
12,-91.0
14,-90.0
15,-91.0
16,-85.5
17,-85.4444444444
18,-89.8888888889
19,-88.0
20,-89.0
21,-91.0
23,-91.0
24,-91.0
25,-91.0
26,-91.0
