frequency,pdr
11,-90.0
12,-91.0
14,-91.0
15,-91.0
18,-91.0
19,-91.0
20,-91.0
21,-90.8
22,-89.3333333333
23,-90.7142857143
24,-91.0
25,-90.1
26,-91.0
