frequency,pdr
11,-84.3
12,-86.3
13,-88.9
14,-91.0
15,-91.0
16,-90.8888888889
17,-88.4444444444
18,-85.0
19,-82.8
20,-83.0
21,-84.2
22,-85.1111111111
23,-87.7142857143
24,-89.9
25,-90.9
26,-91.0
