frequency,pdr
11,-91.0
12,-86.3333333333
13,-85.0
14,-86.0
15,-88.6
16,-85.0
17,-81.9
18,-85.4444444444
19,-88.6
20,-91.0
21,-88.0
22,-88.6666666667
23,-91.0
24,-88.4
25,-88.0
26,-90.9
