frequency,pdr
11,-89.5714285714
12,-87.8
13,-86.0
14,-84.6
15,-83.6
16,-83.9
17,-84.7
18,-84.5555555556
19,-84.0
20,-84.0
21,-85.0
22,-87.0
23,-89.8888888889
24,-91.0
25,-91.0
