frequency,pdr
11,-90.3333333333
12,-91.0
13,-91.0
14,-90.0
15,-91.0
16,-91.0
17,-91.0
18,-91.0
19,-91.0
20,-91.0
21,-90.5454545455
22,-88.375
23,-88.3333333333
24,-88.0
25,-88.0
26,-89.9
