frequency,pdr
13,-91.0
14,-89.0
15,-87.0
16,-86.2222222222
17,-86.0
18,-86.7777777778
19,-87.0
20,-87.2
21,-88.4
24,-91.0
25,-89.0
26,-89.5
