frequency,pdr
11,-54.5
12,-62.4444444444
13,-55.1
14,-65.4444444444
15,-72.2
16,-61.0
17,-55.0
18,-59.8
19,-67.3
20,-70.0
21,-58.0
22,-68.4
23,-75.125
24,-57.3
25,-60.8
26,-76.0
