frequency,pdr
11,-67.7777777778
12,-66.8888888889
13,-61.1
14,-64.0
15,-69.7
16,-61.0
17,-61.3
18,-66.1
19,-65.7
20,-68.4
21,-65.6
22,-60.6
23,-55.1
24,-66.0
25,-67.0
26,-66.5
