frequency,pdr
11,-51.9
12,-64.3333333333
13,-49.0
14,-46.0
15,-52.7
16,-50.6
17,-55.0
18,-49.0
19,-47.8
20,-46.9
21,-53.8
22,-48.5
23,-51.0
24,-52.0
25,-52.0909090909
26,-52.0
