frequency,pdr
11,-46.0
12,-56.8888888889
13,-55.0
14,-54.4
15,-52.0
16,-55.0
17,-58.8
18,-62.3
19,-73.6666666667
20,-49.8
21,-60.5
22,-55.0
23,-51.6
24,-52.6
25,-48.9
26,-56.5
