frequency,pdr
11,-51.0
12,-55.8888888889
13,-48.0
14,-52.0
15,-53.6
16,-50.7272727273
17,-46.2
18,-55.9
19,-61.5
20,-54.9
21,-50.7
22,-52.0
23,-57.7
24,-51.0
25,-48.9
26,-49.5
