frequency,pdr
11,-59.0
12,-59.8888888889
13,-66.6
14,-59.1
15,-67.0
16,-61.9
17,-52.0
18,-54.4
19,-52.0
20,-55.0
21,-60.8
22,-77.7777777778
23,-61.1
24,-62.7
25,-58.0
26,-67.0
