frequency,pdr
11,-64.0
12,-55.4
13,-62.3
14,-46.1
15,-51.1
16,-51.8181818182
17,-51.4
18,-55.2
19,-50.8
20,-49.0
21,-53.6
22,-49.6
23,-53.3
24,-47.9
25,-53.4444444444
26,-46.0
