frequency,pdr
11,-72.5
12,-60.8
13,-60.7
14,-65.2727272727
15,-55.0
16,-52.9
17,-56.7
18,-55.0
19,-62.5
20,-66.0
21,-57.4
22,-75.2857142857
23,-58.8
24,-63.1
25,-62.8
26,-55.0
