frequency,pdr
11,-85.0
12,-82.5
13,-81.4
14,-80.1
15,-79.0
16,-77.8
17,-77.8
18,-79.0
19,-79.0
20,-79.8
21,-82.0
22,-83.8888888889
23,-83.6666666667
24,-81.7
25,-79.0
26,-77.1
