frequency,pdr
11,-90.4285714286
12,-91.0
13,-91.0
17,-91.0
18,-91.0
19,-91.0
20,-91.0
21,-91.0
22,-90.0
23,-90.1111111111
24,-89.9
25,-91.0
26,-91.0
