frequency,pdr
11,-88.3
12,-89.6
13,-90.6
14,-90.9
15,-91.0
16,-91.0
17,-90.5
18,-89.8
19,-89.0
20,-87.7
21,-87.1
22,-86.1111111111
23,-85.8888888889
24,-86.1
25,-87.6
26,-89.8
