frequency,pdr
11,-88.5555555556
12,-87.8888888889
13,-89.8888888889
14,-90.0
15,-89.0
16,-90.7
17,-91.0
18,-91.0
19,-91.0
21,-90.5714285714
22,-89.0
23,-90.0
24,-91.0
25,-91.0
26,-91.0
