frequency,pdr
11,-89.0
12,-87.0
13,-86.0
14,-85.1
15,-86.7
16,-88.4444444444
17,-90.4285714286
18,-89.0
19,-85.9
20,-85.6
21,-83.5
22,-81.1
23,-79.0
24,-79.0
25,-79.0
26,-79.0
