frequency,pdr
11,-85.1111111111
12,-82.0
13,-76.1428571429
14,-75.9
15,-76.0
16,-76.0
17,-78.0
18,-79.2
19,-79.0
20,-77.0
21,-76.0
22,-76.9
23,-77.9
24,-79.0
25,-80.0
26,-79.0
