frequency,pdr
11,-89.2222222222
12,-90.4285714286
13,-91.0
14,-91.0
18,-91.0
19,-91.0
23,-91.0
26,-91.0
