frequency,pdr
11,-81.8888888889
12,-82.7142857143
13,-82.0
14,-81.6
15,-82.6
16,-88.0
17,-88.4
18,-88.7
19,-88.5
20,-90.6
21,-91.0
23,-90.7777777778
24,-85.5
25,-85.1
26,-84.5
