frequency,pdr
11,-88.8
12,-89.0
13,-89.4444444444
14,-90.0909090909
15,-91.0
16,-91.0
17,-91.0
18,-91.0
19,-91.0
20,-91.0
21,-91.0
23,-91.0
25,-91.0
26,-91.0
