frequency,pdr
11,-82.0
12,-79.8333333333
13,-78.6666666667
14,-77.0
15,-76.0
16,-76.0
17,-76.0
18,-76.0
19,-76.0
20,-77.2
21,-80.5
22,-80.9
23,-79.0
24,-79.0
25,-78.9
26,-78.0
