frequency,pdr
11,-82.0
12,-83.1428571429
13,-85.7777777778
14,-91.0
15,-91.0
16,-89.3
17,-85.2222222222
18,-86.7777777778
19,-87.3
20,-85.0
21,-83.5
22,-83.5714285714
23,-86.0
24,-82.9
25,-82.0
26,-81.0
