frequency,pdr
11,-78.4444444444
12,-82.0
13,-81.6666666667
14,-79.2
15,-79.0
16,-79.0
17,-79.0
18,-77.1
19,-76.0
20,-73.3
21,-73.0
22,-72.4
23,-72.0
24,-72.1
25,-73.0
26,-72.6
