frequency,pdr
11,-87.1111111111
12,-78.7142857143
13,-75.2
14,-73.5
15,-75.0
16,-79.1
17,-89.1
18,-76.0
19,-72.8
20,-70.0
21,-69.0
22,-70.0
23,-70.0
24,-69.9
25,-67.0
26,-67.0
