frequency,pdr
11,-90.6666666667
12,-90.6
13,-90.3333333333
14,-90.6
15,-88.8
16,-88.3
17,-90.6666666667
19,-91.0
20,-91.0
23,-91.0
24,-91.0
25,-91.0
26,-91.0
