frequency,pdr
11,-87.2222222222
12,-88.0
13,-86.8888888889
14,-85.5
15,-85.0
16,-85.5
17,-86.2
18,-87.3
19,-88.0
20,-86.9
21,-87.0
22,-87.7777777778
23,-88.0
24,-89.9
25,-90.0
26,-88.9
