frequency,pdr
11,-67.7777777778
12,-64.0
13,-59.7777777778
14,-58.1
15,-61.0
16,-64.0
17,-64.0
18,-67.0
19,-70.1
20,-70.0
21,-82.6666666667
22,-67.0
23,-61.0
24,-58.0
25,-58.0
26,-57.8
