frequency,pdr
11,-79.0
12,-81.0
13,-85.1111111111
14,-89.8
15,-90.6
16,-85.8
17,-82.0
18,-81.375
19,-79.3
20,-80.0
21,-81.1
22,-80.3333333333
23,-82.0
24,-84.2
25,-87.1
26,-87.2
