frequency,pdr
11,-90.0
12,-84.0
13,-82.1
14,-82.0
15,-82.0
16,-83.5
17,-87.7
18,-91.0
19,-91.0
20,-90.0
21,-90.3333333333
23,-90.1428571429
24,-84.0
25,-84.4
26,-82.9
