frequency,pdr
11,-82.0
12,-82.8
13,-85.1111111111
14,-83.9
15,-82.6
16,-82.4
17,-83.2
18,-82.6
19,-82.0
20,-81.7
21,-81.8888888889
22,-84.3
23,-80.8888888889
24,-81.2
25,-80.3
26,-82.0
