frequency,pdr
11,-86.3
12,-85.9
13,-86.0
14,-85.0
15,-84.5
16,-84.8
17,-85.3
18,-88.2
19,-91.0
20,-91.0
21,-91.0
23,-90.8571428571
24,-89.6666666667
25,-90.0
26,-90.0
