frequency,pdr
11,-78.7
12,-79.0
13,-79.6666666667
14,-83.7
15,-89.0
16,-91.0
17,-91.0
18,-90.3333333333
19,-86.5
20,-85.5
21,-87.1
22,-86.0
23,-90.5
24,-91.0
25,-90.9
26,-87.5
