frequency,pdr
11,-90.0
12,-90.1
13,-88.3
14,-86.4
15,-85.0
16,-85.0
17,-85.0
18,-86.3
19,-87.9
20,-89.0
21,-89.0
22,-88.8888888889
23,-89.2857142857
24,-90.5
25,-90.7
26,-91.0
