frequency,pdr
11,-90.3333333333
12,-90.8571428571
13,-91.0
15,-91.0
16,-91.0
17,-90.8
18,-89.1
19,-90.6
20,-91.0
21,-91.0
22,-90.0
23,-90.1111111111
24,-91.0
25,-91.0
