frequency,pdr
11,-88.4
12,-85.8
13,-85.0
14,-85.6
15,-87.2
16,-91.0
17,-91.0
18,-90.4285714286
19,-89.8
20,-89.4
21,-91.0
23,-90.4285714286
24,-91.0
25,-91.0
26,-91.0
