frequency,pdr
11,-84.3
12,-82.8888888889
13,-82.0
14,-82.0
15,-83.0
16,-82.0
17,-83.6666666667
18,-85.0
19,-85.2
20,-88.7
21,-89.8571428571
23,-91.0
24,-91.0
25,-91.0
26,-91.0
