frequency,pdr
11,-46.0
12,-56.4444444444
13,-65.9
14,-49.0
15,-46.0
16,-51.7
17,-60.7
18,-52.0
19,-49.1
20,-48.8
21,-49.3
22,-52.1
23,-49.1
24,-55.0
25,-69.6666666667
26,-64.9
