frequency,pdr
11,-57.1
12,-58.8888888889
13,-57.6666666667
14,-50.2
15,-52.5
16,-67.3
17,-58.1
18,-48.4
19,-56.4
20,-49.3
21,-53.2
22,-70.7
23,-55.0
24,-48.5
25,-52.0
26,-53.9
