frequency,pdr
11,-55.8
12,-58.4444444444
13,-60.7
14,-55.3
15,-65.8
16,-57.8
17,-48.6
18,-54.6
19,-59.4
20,-57.1
21,-55.0
22,-54.9
23,-55.0
24,-55.0
25,-62.7777777778
26,-61.0
