frequency,pdr
11,-54.7
12,-63.8888888889
13,-60.1111111111
14,-55.0
15,-61.0
16,-56.3
17,-55.0
18,-55.0
19,-61.2
20,-47.4
21,-62.1
22,-64.1
23,-54.3
24,-55.0
25,-55.0
26,-58.0
