frequency,pdr
11,-50.6
12,-51.5454545455
13,-55.0
14,-56.5
15,-54.9
16,-60.2
17,-49.8
18,-51.8
19,-51.3
20,-55.0
21,-52.0
22,-54.2
23,-54.6
24,-53.1
25,-52.1111111111
26,-53.6
