frequency,pdr
11,-60.9
12,-67.5
13,-72.7777777778
14,-65.3
15,-56.3
16,-74.1
17,-67.0
18,-58.3
19,-56.8
20,-62.4
21,-70.7
22,-57.9
23,-62.3
24,-60.0
25,-74.2222222222
26,-67.0
