frequency,pdr
11,-58.4
12,-59.4444444444
13,-50.7777777778
14,-49.5
15,-49.5
16,-50.3
17,-50.3
18,-48.1
19,-47.0
20,-50.0
21,-52.4
22,-55.0
23,-50.9
24,-52.0
25,-58.3333333333
26,-52.7
