frequency,pdr
11,-53.3
12,-55.2
13,-69.7777777778
14,-70.3
15,-59.8
16,-55.9
17,-55.3
18,-54.3
19,-64.7
20,-55.0
21,-58.5
22,-55.0
23,-60.0
24,-72.9
25,-67.4444444444
26,-53.7
