frequency,pdr
11,-57.8
12,-60.1111111111
13,-65.9
14,-68.7
15,-60.1
16,-65.6
17,-58.0
18,-59.9
19,-55.0
20,-61.0
21,-65.8
22,-60.1
23,-50.4
24,-65.8
25,-64.3333333333
26,-68.4
