frequency,pdr
11,-57.5
12,-55.0
13,-59.2222222222
14,-55.0
15,-56.9
16,-65.0
17,-67.6666666667
18,-55.6
19,-48.4
20,-53.7
21,-74.9
22,-63.5
23,-69.9
24,-63.3
25,-60.0
26,-66.1
