frequency,pdr
11,-56.5
12,-55.6666666667
13,-64.6666666667
14,-59.0
15,-59.4
16,-58.0
17,-62.3
18,-71.1
19,-61.2
20,-55.0
21,-55.0
22,-64.8
23,-64.0
24,-59.9
25,-70.4444444444
26,-58.0
