frequency,pdr
11,-56.6
12,-60.6666666667
13,-56.4
14,-52.0
15,-53.0
16,-51.4
17,-56.0
18,-54.8
19,-71.3333333333
20,-62.4
21,-55.0
22,-55.0
23,-59.3
24,-62.2
25,-67.1111111111
26,-63.3
