frequency,pdr
11,-63.9
12,-64.0
13,-59.7777777778
14,-52.0
15,-49.0
16,-58.0
17,-59.5
18,-61.8
19,-63.2
20,-53.9
21,-51.8
22,-52.0
23,-62.2
24,-55.0
25,-65.4545454545
26,-54.5
