frequency,pdr
11,-58.9
12,-62.7777777778
13,-58.6666666667
14,-54.3
15,-56.2
16,-55.6
17,-53.0
18,-52.0
19,-56.1
20,-51.3
21,-55.0
22,-52.1
23,-53.2
24,-52.0
25,-63.2
26,-62.1
