frequency,pdr
11,-57.0
12,-60.6666666667
13,-73.0
14,-65.6
15,-55.5
16,-52.9
17,-55.0
18,-63.7
19,-55.0
20,-52.0
21,-55.0
22,-55.0
23,-63.8
24,-58.1
25,-60.3333333333
26,-55.0
