frequency,pdr
11,-50.7
12,-68.1111111111
13,-55.0
14,-46.0
15,-47.7
16,-51.1
17,-66.9
18,-55.5
19,-51.4
20,-65.2
21,-65.6
22,-46.8
23,-60.3
24,-55.9
25,-56.1111111111
26,-54.2
