frequency,pdr
11,-51.5
12,-46.0
13,-50.9
14,-56.0
15,-46.5
16,-46.0
17,-50.4
18,-58.2727272727
19,-59.5
20,-52.0
21,-52.7
22,-50.2
23,-54.9
24,-55.0
25,-56.2222222222
26,-46.0
