frequency,pdr
11,-58.9
12,-64.4444444444
13,-69.1111111111
14,-67.0
15,-64.4
16,-61.0
17,-67.0
18,-63.9
19,-58.1
20,-49.0
21,-55.4
22,-58.0
23,-60.8
24,-52.0
25,-61.7
26,-55.0
