frequency,pdr
11,-52.5
12,-51.1
13,-54.3
14,-46.7
15,-49.0
16,-63.4
17,-67.1
18,-56.8
19,-61.1818181818
20,-57.4
21,-58.1
22,-49.0
23,-65.8
24,-60.5
25,-63.2222222222
26,-54.2
