frequency,pdr
11,-59.4
12,-57.1111111111
13,-54.9
14,-55.0
15,-56.0
16,-68.2
17,-64.0
18,-62.8
19,-60.8
20,-60.9
21,-55.8
22,-60.9
23,-63.9
24,-60.7
25,-65.3333333333
26,-64.0
