frequency,pdr
11,-48.8
12,-54.9
13,-52.9090909091
14,-49.0
15,-52.0
16,-70.9
17,-60.9
18,-53.3
19,-51.1
20,-53.6
21,-56.3
22,-52.0
23,-55.5454545455
24,-46.3
25,-51.9
26,-63.1
