frequency,pdr
11,-52.0
12,-54.1111111111
13,-56.2222222222
14,-52.1
15,-49.0
16,-47.0
17,-52.0
18,-68.3
19,-55.0
20,-52.0
21,-56.3
22,-55.0
23,-71.3333333333
24,-61.0
25,-55.0
26,-65.8
