frequency,pdr
11,-61.0
12,-58.1111111111
13,-52.0
14,-52.3
15,-55.4
16,-53.3
17,-55.7
18,-60.7
19,-54.9
20,-58.0
21,-57.6
22,-52.4
23,-55.0
24,-59.3333333333
25,-52.3
26,-61.0
