frequency,pdr
11,-63.9
12,-53.3333333333
13,-60.875
14,-49.2
15,-50.6
16,-53.9
17,-58.5
18,-67.0
19,-55.0
20,-54.6
21,-47.5
22,-53.4
23,-69.5
24,-54.7777777778
25,-52.0
26,-69.0
