frequency,pdr
11,-52.7
12,-49.8888888889
13,-53.4
14,-50.3
15,-46.0
16,-49.0
17,-54.4
18,-55.0
19,-54.6
20,-46.0
21,-48.2
22,-54.7
23,-59.3
24,-57.7777777778
25,-59.3
26,-54.1
