frequency,pdr
11,-59.2
12,-56.1111111111
13,-55.0
14,-52.1
15,-61.0
16,-61.0
17,-62.9
18,-61.0
19,-70.0
20,-61.6
21,-63.8
22,-60.5
23,-55.0
24,-69.6666666667
25,-61.0
26,-55.3
