frequency,pdr
11,-56.4
12,-56.3333333333
13,-65.4444444444
14,-52.0
15,-63.4
16,-52.5
17,-52.1
18,-66.1
19,-49.8
20,-49.0
21,-51.9
22,-46.0
23,-52.7
24,-59.3333333333
25,-58.0
26,-61.0
