frequency,pdr
11,-53.6
12,-60.5555555556
13,-48.2
14,-52.8
15,-49.0
16,-60.6
17,-52.0
18,-51.8
19,-60.7
20,-52.1
21,-54.2
22,-56.2
23,-58.0
24,-62.2222222222
25,-55.9
26,-58.2
