frequency,pdr
11,-68.1818181818
12,-68.8888888889
13,-69.125
14,-65.8
15,-66.6
16,-75.3
17,-72.8
18,-61.0
19,-63.6
20,-64.4
21,-65.7
22,-78.2857142857
23,-71.8
24,-67.0
25,-70.0
26,-69.5
