frequency,pdr
11,-69.3333333333
12,-57.1
13,-64.0
14,-59.5
15,-58.7
16,-52.8
17,-76.2
18,-53.5
19,-57.4
20,-59.7
21,-55.0
22,-54.8
23,-60.6
24,-58.6666666667
25,-61.0
26,-55.0
