frequency,pdr
11,-54.6
12,-55.0
13,-74.3333333333
14,-58.0
15,-64.8
16,-55.3
17,-56.5
18,-51.6
19,-55.9
20,-62.6
21,-60.2
22,-55.1
23,-58.0
24,-64.3333333333
25,-73.2857142857
26,-55.0
