frequency,pdr
11,-58.0
12,-60.7
13,-61.5555555556
14,-52.0
15,-55.0
16,-69.1
17,-62.7
18,-60.4
19,-55.0
20,-61.0
21,-58.0
22,-58.4
23,-61.0
24,-56.5555555556
25,-60.4
26,-55.0
