frequency,pdr
11,-64.7
12,-78.1111111111
13,-58.2222222222
14,-59.0
15,-68.8
16,-74.7
17,-62.9
18,-67.0
19,-65.3
20,-65.5
21,-64.0
22,-66.8
23,-61.2
24,-63.8888888889
25,-64.7
26,-65.7
