frequency,pdr
11,-60.5
12,-53.5555555556
13,-48.9
14,-53.3
15,-64.3
16,-49.8
17,-54.4
18,-49.0
19,-49.8
20,-45.7
21,-52.5
22,-49.0
23,-51.7
24,-51.5
25,-58.8
26,-56.1818181818
