frequency,pdr
11,-74.1111111111
12,-75.7777777778
13,-62.5
14,-85.3
15,-62.9
16,-60.6
17,-78.7
18,-73.4
19,-64.0
20,-73.5
21,-61.6
22,-61.0
23,-67.7
24,-70.0
25,-78.9090909091
26,-65.2
