frequency,pdr
11,-52.0
12,-60.7
13,-59.3333333333
14,-61.2
15,-57.5
16,-55.9
17,-55.0
18,-56.9
19,-51.0
20,-49.0
21,-49.0
22,-46.0
23,-46.0
24,-47.9090909091
25,-46.4
26,-55.2
