frequency,pdr
11,-62.4444444444
12,-64.7777777778
13,-58.5555555556
14,-61.0
15,-63.6
16,-58.0
17,-61.9
18,-55.0
19,-62.4
20,-57.9
21,-61.0
22,-65.6
23,-66.3
24,-58.4
25,-60.1
26,-68.5
