frequency,pdr
11,-60.8888888889
12,-49.0
13,-49.8888888889
14,-49.2
15,-52.0
16,-53.6
17,-58.1
18,-62.1
19,-60.1
20,-53.6
21,-54.0
22,-55.0
23,-60.5
24,-52.1
25,-49.0
26,-47.5
