frequency,pdr
11,-66.0
12,-66.4444444444
13,-63.8888888889
14,-68.5
15,-67.0
16,-66.7
17,-67.0
18,-65.7
19,-66.0
20,-64.0
21,-72.5
22,-80.5555555556
23,-68.6
24,-70.4444444444
25,-66.8
26,-70.1
