frequency,pdr
11,-64.1111111111
12,-51.6666666667
13,-65.2
14,-53.6
15,-52.0
16,-55.0
17,-55.0
18,-47.8
19,-59.0
20,-60.3
21,-50.7
22,-54.9
23,-54.8
24,-57.4444444444
25,-52.0
26,-52.0
