frequency,pdr
11,-51.9
12,-55.6666666667
13,-66.1
14,-54.0
15,-57.9
16,-52.7
17,-58.1
18,-49.7
19,-60.4
20,-64.8
21,-58.0
22,-61.0
23,-56.2
24,-58.7777777778
25,-61.7
26,-54.8
