frequency,pdr
11,-72.6
12,-62.5555555556
13,-63.9
14,-69.8
15,-71.9090909091
16,-64.7
17,-76.8888888889
18,-65.5
19,-64.0
20,-74.3
21,-64.0
22,-68.2
23,-63.7
24,-67.8888888889
25,-68.5
26,-75.0
