frequency,pdr
11,-52.4
12,-64.0
13,-66.8888888889
14,-71.4
15,-57.2
16,-52.0
17,-51.4
18,-49.7
19,-55.0
20,-55.0
21,-70.8
22,-57.1
23,-58.0
24,-69.5555555556
25,-58.0
26,-60.2
