frequency,pdr
11,-55.3
12,-66.1111111111
13,-55.7272727273
14,-66.7
15,-63.7
16,-68.4
17,-70.0
18,-62.2
19,-61.3
20,-61.0
21,-55.0
22,-58.0
23,-64.2
24,-54.6
25,-55.0
26,-55.9
