frequency,pdr
11,-61.6
12,-67.2
13,-55.4444444444
14,-77.3
15,-58.0
16,-60.4
17,-67.4
18,-64.0
19,-67.0
20,-61.0
21,-60.7
22,-65.8
23,-59.0
24,-64.8888888889
25,-60.9
26,-63.1
