frequency,pdr
11,-65.2222222222
12,-59.5
13,-57.7
14,-66.5
15,-72.5
16,-67.5
17,-64.3
18,-55.0
19,-59.9
20,-54.0
21,-57.7
22,-53.0
23,-55.6
24,-59.5454545455
25,-61.0
26,-70.0
