frequency,pdr
11,-72.5555555556
12,-64.1111111111
13,-63.8888888889
14,-71.6
15,-64.8
16,-58.0
17,-59.3
18,-68.6
19,-64.0
20,-72.0
21,-70.0
22,-71.3
23,-64.0
24,-77.6666666667
25,-65.4
26,-72.9
