frequency,pdr
11,-58.5
12,-53.8
13,-56.9
14,-51.2
15,-49.0
16,-61.0
17,-55.0
18,-65.6
19,-51.9
20,-59.0
21,-61.6
22,-73.8888888889
23,-54.8
24,-55.5555555556
25,-58.1
26,-50.7
