frequency,pdr
11,-63.8
12,-67.2222222222
13,-66.8888888889
14,-71.5
15,-68.8
16,-67.5
17,-62.2
18,-68.5
19,-61.3
20,-63.9
21,-72.7
22,-62.9
23,-62.6
24,-61.3
25,-68.8
26,-60.3
