frequency,pdr
11,-55.6
12,-68.9
13,-55.8888888889
14,-58.0
15,-58.2
16,-57.7
17,-52.0
18,-49.0
19,-60.4
20,-62.9
21,-59.0
22,-55.0
23,-59.2
24,-68.7777777778
25,-58.6
26,-61.2
