frequency,pdr
11,-86.4
12,-86.8888888889
13,-87.2222222222
14,-88.0
15,-90.0
16,-91.0
17,-91.0
19,-91.0
23,-91.0
24,-91.0
25,-91.0
26,-90.0
