frequency,pdr
11,-88.25
12,-87.3333333333
13,-88.5555555556
14,-90.0
15,-91.0
16,-91.0
17,-91.0
18,-91.0
19,-91.0
20,-91.0
21,-91.0
