frequency,pdr
13,-89.8333333333
14,-89.0
15,-89.9
16,-89.7777777778
17,-89.625
18,-89.2857142857
19,-89.8888888889
20,-90.0
21,-91.0
23,-91.0
24,-91.0
25,-91.0
