frequency,pdr
11,-85.2222222222
12,-86.5
13,-87.0
14,-86.4
15,-85.8
16,-85.5
17,-83.9
18,-84.9
19,-90.3
22,-89.3333333333
23,-89.7
24,-88.0
25,-83.1
26,-83.0
