frequency,pdr
11,-83.8888888889
12,-82.0
13,-80.7777777778
14,-80.0
15,-80.0
16,-79.6
17,-80.0
18,-82.9
19,-88.9
20,-82.2
21,-80.0
22,-79.0
23,-80.0
24,-82.0
25,-84.0
26,-85.4
