frequency,pdr
11,-75.9
12,-78.1111111111
13,-82.5555555556
14,-91.0
15,-86.8
16,-82.2
17,-78.7
18,-79.25
19,-81.0
20,-76.3
21,-76.0
22,-76.6
23,-76.0
24,-70.0
25,-70.0
26,-72.9
