frequency,pdr
11,-90.0
12,-89.3333333333
13,-90.5714285714
14,-89.4
15,-88.8
16,-89.9
17,-90.4444444444
18,-90.125
19,-90.6666666667
20,-90.1
21,-91.0
23,-91.0
24,-91.0
25,-91.0
26,-91.0
