frequency,pdr
11,-82.0
12,-84.3
13,-87.8888888889
14,-88.4444444444
15,-85.8
16,-84.6
17,-82.0
18,-81.0
19,-81.0
20,-81.0
21,-81.3
22,-81.5
23,-81.9
24,-82.9
25,-83.0
26,-81.9
