frequency,pdr
11,-71.3
12,-61.7777777778
13,-58.9090909091
14,-61.0
15,-56.8
16,-67.0
17,-68.6
18,-59.3
19,-57.7
20,-62.9
21,-65.6
22,-66.1
23,-67.0
24,-59.5
25,-58.3
26,-66.4
