frequency,pdr
11,-65.4
12,-66.8888888889
13,-67.0
14,-70.2222222222
15,-70.8
16,-64.0
17,-64.2
18,-72.0
19,-62.7
20,-65.4
21,-70.0
22,-65.0
23,-70.2
24,-68.0
25,-67.0
26,-64.0
