frequency,pdr
11,-58.5
12,-57.3333333333
13,-71.1111111111
14,-56.2
15,-55.0
16,-52.0
17,-56.8
18,-51.8
19,-55.0
20,-61.6
21,-60.6
22,-55.0
23,-52.0
24,-63.4
25,-62.5
26,-59.7
