frequency,pdr
11,-69.7777777778
12,-69.4444444444
13,-71.8
14,-67.0
15,-66.0
16,-70.0
17,-70.0
18,-66.6
19,-69.0
20,-62.7
21,-67.0
22,-81.4444444444
23,-64.1
24,-64.0
25,-70.2
26,-67.0
