frequency,pdr
11,-62.4
12,-61.1111111111
13,-71.3333333333
14,-68.8888888889
15,-66.3
16,-67.0
17,-61.0
18,-77.5
19,-64.0
20,-67.0
21,-63.5
22,-62.1
23,-73.1
24,-70.1
25,-67.0
26,-87.7
