frequency,pdr
11,-60.9
12,-67.4444444444
13,-55.9
14,-61.0
15,-57.3
16,-55.0
17,-55.0
18,-59.9
19,-54.0
20,-56.5
21,-61.6
22,-75.8
23,-64.8
24,-62.8
25,-55.0
26,-56.0909090909
