frequency,pdr
11,-45.3
12,-50.1111111111
13,-47.9
14,-51.9
15,-55.1
16,-51.1
17,-53.3636363636
18,-53.7
19,-52.0
20,-47.2
21,-55.5
22,-46.4
23,-56.2
24,-66.9
25,-53.3
26,-61.5
