frequency,pdr
11,-55.0
12,-62.5555555556
13,-67.4444444444
14,-62.0
15,-62.7
16,-55.9
17,-59.7
18,-58.0
19,-60.2
20,-56.0
21,-55.0
22,-57.8
23,-60.6
24,-63.2
25,-55.0
26,-53.2
