frequency,pdr
11,-65.7777777778
12,-60.8888888889
13,-60.625
14,-76.0
15,-62.8
16,-63.4
17,-58.0
18,-56.8
19,-55.4
20,-55.8
21,-62.0
22,-62.0
23,-55.0
24,-60.8
25,-58.0
26,-57.0
