frequency,pdr
11,-69.2
12,-78.0
13,-85.7142857143
14,-77.1111111111
15,-64.0
16,-67.0
17,-67.0
18,-55.0
19,-79.0
20,-66.9
21,-64.0
22,-66.9
23,-70.0
24,-65.6
25,-64.0
26,-64.4
