frequency,pdr
11,-65.8
12,-59.7272727273
13,-55.2222222222
14,-56.4
15,-53.8
16,-56.6
17,-66.0
18,-66.2
19,-70.7
20,-59.7
21,-54.7
22,-53.9
23,-55.5
24,-51.5
25,-57.0
26,-62.0
