frequency,pdr
11,-52.0
12,-55.1111111111
13,-57.8
14,-64.0
15,-60.7
16,-77.9
17,-64.0
18,-64.4
19,-64.0
20,-70.0
21,-64.1
22,-74.1
23,-65.8181818182
24,-66.1
25,-69.7
26,-63.3
