frequency,pdr
11,-60.3
12,-73.1111111111
13,-61.3333333333
14,-60.0
15,-54.9090909091
16,-54.4
17,-54.6
18,-52.0
19,-55.0
20,-56.8
21,-52.0
22,-52.0
23,-54.8
24,-55.0
25,-58.0
26,-55.9
