frequency,pdr
11,-60.3333333333
12,-59.6
13,-54.8888888889
14,-52.0
15,-56.9
16,-58.5
17,-55.0
18,-59.8
19,-49.0
20,-49.1
21,-51.5
22,-55.0
23,-58.0
24,-60.9
25,-60.5
26,-55.0
