frequency,pdr
11,-60.3
12,-55.7777777778
13,-55.0
14,-53.3333333333
15,-54.7777777778
16,-55.0
17,-51.6
18,-51.5
19,-52.0
20,-47.3
21,-46.0
22,-48.8
23,-55.0
24,-51.8
25,-57.4
26,-58.0
