frequency,pdr
11,-54.7
12,-54.9
13,-71.3333333333
14,-64.4444444444
15,-55.1111111111
16,-65.4
17,-73.2
18,-62.8
19,-62.0
20,-66.6
21,-61.0
22,-57.9
23,-58.7
24,-68.1
25,-61.0
26,-66.9
