frequency,pdr
11,-55.2
12,-66.3333333333
13,-66.1111111111
14,-64.1
15,-61.1111111111
16,-61.0
17,-64.0
18,-62.8
19,-61.7
20,-73.0
21,-67.0
22,-67.0
23,-61.0
24,-67.0
25,-69.9
26,-70.2
