frequency,pdr
11,-57.9
12,-60.8888888889
13,-60.8888888889
14,-73.25
15,-52.1111111111
16,-57.7272727273
17,-55.0
18,-55.0
19,-69.3
20,-66.7
21,-62.7
22,-69.2
23,-62.4
24,-68.6
25,-68.7
26,-58.2
