frequency,pdr
11,-61.0
12,-66.2
13,-65.6666666667
14,-56.9
15,-58.7777777778
16,-61.0
17,-61.9
18,-58.0
19,-64.0
20,-58.3
21,-62.4
22,-61.2
23,-61.0
24,-59.4
25,-69.3
26,-64.8
