frequency,pdr
11,-66.3333333333
12,-63.3
13,-67.1
14,-68.7777777778
15,-53.6
16,-55.0
17,-54.8
18,-56.9
19,-66.3
20,-52.0
21,-49.0
22,-47.4
23,-50.4
24,-53.8
25,-52.0
26,-66.3
