frequency,pdr
11,-59.0
12,-55.6666666667
13,-67.0
14,-74.6666666667
15,-63.7777777778
16,-60.9
17,-60.6
18,-55.9
19,-55.0
20,-55.0
21,-61.0
22,-66.6
23,-63.4
24,-59.6
25,-78.9
26,-61.0
