frequency,pdr
11,-54.9
12,-64.2222222222
13,-52.0
14,-62.3333333333
15,-60.1111111111
16,-57.2
17,-53.3
18,-61.0
19,-60.9
20,-59.6
21,-54.4
22,-55.0
23,-61.9
24,-59.5
25,-63.8
26,-64.0
