frequency,pdr
11,-76.5
12,-71.1111111111
13,-61.9
14,-52.8888888889
15,-62.7
16,-67.3
17,-63.3
18,-67.7
19,-60.4
20,-61.0
21,-71.8
22,-61.0
23,-52.0
24,-60.8
25,-67.3
26,-52.0
