frequency,pdr
11,-47.1
12,-43.9
13,-54.2
14,-48.9090909091
15,-63.6666666667
16,-47.1
17,-44.4
18,-43.0
19,-50.2
20,-46.0
21,-46.0
22,-62.6
23,-55.0
24,-58.5
25,-48.0
26,-53.7
