frequency,pdr
11,-58.2
12,-70.7777777778
13,-57.2222222222
14,-58.3333333333
15,-66.5
16,-64.6
17,-59.6
18,-66.3
19,-58.0
20,-61.0
21,-68.2
22,-64.5
23,-62.5
24,-58.0
25,-72.0
26,-55.8
