frequency,pdr
11,-56.8
12,-43.5
13,-52.8
14,-43.8888888889
15,-53.4444444444
16,-49.0
17,-44.2
18,-44.1
19,-48.5
20,-50.7
21,-49.0
22,-52.0
23,-48.9
24,-55.0
25,-53.3
26,-54.1
