frequency,pdr
11,-61.6
12,-69.6666666667
13,-59.2
14,-57.7777777778
15,-64.0
16,-68.2
17,-66.9
18,-58.6
19,-56.3
20,-65.1
21,-65.9
22,-68.0
23,-62.3
24,-65.7
25,-61.0
26,-64.3
