frequency,pdr
11,-55.75
12,-70.2222222222
13,-61.9
14,-61.7777777778
15,-65.1111111111
16,-55.0
17,-56.7
18,-59.2
19,-53.9
20,-63.9
21,-67.0
22,-59.0
23,-68.3
24,-68.6
25,-72.0
26,-61.0
