frequency,pdr
11,-66.6
12,-66.5555555556
13,-63.7777777778
14,-62.3333333333
15,-59.0
16,-58.0
17,-61.0
18,-64.6
19,-58.0
20,-63.0
21,-64.1
22,-74.2
23,-59.6
24,-64.0
25,-72.7
26,-84.1
