frequency,pdr
11,-65.9
12,-58.8888888889
13,-62.8888888889
14,-59.7777777778
15,-58.5555555556
16,-60.6
17,-60.4
18,-54.4
19,-58.2
20,-52.4
21,-60.8
22,-55.7
23,-50.8
24,-61.0
25,-58.6
26,-69.2
