frequency,pdr
11,-60.9
12,-65.0
13,-65.4444444444
14,-69.4444444444
15,-58.0
16,-65.5
17,-65.2
18,-62.5
19,-64.0
20,-69.8
21,-67.0
22,-70.9
23,-64.0
24,-57.5
25,-72.9
26,-67.1
