frequency,pdr
11,-54.9
12,-63.8888888889
13,-61.1
14,-62.3333333333
15,-58.0
16,-63.2
17,-62.9
18,-61.1
19,-65.9
20,-58.0
21,-58.0
22,-58.0
23,-58.0
24,-67.0
25,-61.2
26,-55.0
