frequency,pdr
11,-62.6
12,-55.9
13,-60.1111111111
14,-58.7777777778
15,-67.8
16,-56.9
17,-56.5
18,-59.4
19,-58.0
20,-56.6
21,-75.1
22,-70.0
23,-66.4
24,-71.6
25,-61.4
26,-59.3
