frequency,pdr
11,-61.0
12,-60.0
13,-60.2222222222
14,-68.5555555556
15,-58.0
16,-59.7
17,-61.0
18,-70.3
19,-63.6
20,-70.0
21,-73.0
22,-59.6
23,-60.1
24,-69.9
25,-60.6
26,-65.0
