frequency,pdr
11,-50.0
12,-66.3333333333
13,-57.8
14,-52.6666666667
15,-57.7
16,-55.0
17,-61.6
18,-61.9
19,-58.0
20,-57.4
21,-71.4
22,-62.0
23,-64.0
24,-61.7
25,-60.8181818182
26,-62.6
