frequency,pdr
11,-57.9
12,-52.9
13,-56.1
14,-61.1111111111
15,-63.2222222222
16,-58.0
17,-58.0
18,-66.4
19,-66.5
20,-58.6
21,-62.8
22,-63.7
23,-58.0
24,-61.0
25,-63.4
26,-60.4
