frequency,pdr
11,-68.1
12,-60.5555555556
13,-55.2222222222
14,-55.3333333333
15,-61.3636363636
16,-58.3
17,-58.0
18,-64.5
19,-66.9
20,-58.0
21,-53.3
22,-56.5
23,-58.7
24,-61.4
25,-61.9
26,-60.1
