frequency,pdr
11,-46.1
12,-49.0
13,-44.9
14,-45.5555555556
15,-43.0
16,-44.6
17,-65.7
18,-56.0909090909
19,-55.8
20,-51.9
21,-46.6
22,-46.0
23,-47.4
24,-46.0
25,-49.1
26,-46.0
