frequency,pdr
11,-65.1111111111
12,-55.1
13,-59.5555555556
14,-52.0
15,-69.4444444444
16,-67.6
17,-55.0
18,-61.0
19,-59.5
20,-71.5
21,-55.0
22,-64.9
23,-66.9
24,-56.2
25,-61.9
26,-54.5
