frequency,pdr
11,-53.2
12,-68.7777777778
13,-55.4444444444
14,-64.0
15,-62.0
16,-66.1
17,-72.3
18,-58.8
19,-71.1
20,-61.3
21,-67.0
22,-70.3
23,-66.7
24,-58.0
25,-58.7
26,-59.5
