frequency,pdr
11,-51.9
12,-51.5
13,-55.0
14,-52.1111111111
15,-53.5555555556
16,-55.0
17,-55.0
18,-60.3
19,-52.5
20,-58.0
21,-55.0
22,-62.2
23,-64.4
24,-64.0
25,-68.4
26,-54.9
