frequency,pdr
11,-59.0
12,-61.0
13,-64.3333333333
14,-57.8888888889
15,-58.8888888889
16,-66.2
17,-55.0
18,-54.9
19,-63.7
20,-50.2
21,-55.0
22,-54.6
23,-56.3
24,-55.0
25,-63.8
26,-63.1
