frequency,pdr
11,-58.1
12,-65.2222222222
13,-55.0
14,-61.1111111111
15,-66.1
16,-58.6
17,-55.6
18,-72.7
19,-66.6
20,-60.5
21,-63.9
22,-65.4
23,-73.5
24,-61.6
25,-64.0
26,-65.9
