frequency,pdr
11,-65.6
12,-61.3333333333
13,-55.0
14,-52.9
15,-63.1111111111
16,-77.2
17,-60.1
18,-55.2
19,-61.5
20,-62.6
21,-55.0
22,-55.0
23,-55.0
24,-64.0
25,-75.5
26,-68.3
