frequency,pdr
11,-81.6666666667
12,-63.8888888889
13,-65.0
14,-63.6
15,-53.8
16,-59.7
17,-64.0
18,-60.4
19,-60.0
20,-59.0
21,-60.9
22,-55.0
23,-71.6
24,-63.8
25,-60.8
26,-69.4
