frequency,pdr
11,-66.6
12,-67.2222222222
13,-77.2
14,-61.0
15,-64.5555555556
16,-67.0
17,-61.2
18,-58.2
19,-66.3
20,-61.1
21,-65.4
22,-58.0
23,-58.0
24,-55.7
25,-65.3
26,-64.0
