frequency,pdr
11,-61.0
12,-59.0
13,-65.6666666667
14,-60.1111111111
15,-60.5
16,-55.0
17,-66.6
18,-66.7
19,-58.0
20,-58.1
21,-58.0
22,-61.0
23,-59.0
24,-65.9
25,-59.0
26,-67.0
