frequency,pdr
11,-59.1
12,-60.7777777778
13,-76.1111111111
14,-67.3333333333
15,-67.0
16,-59.8
17,-59.2
18,-58.0
19,-58.0
20,-64.0
21,-79.1111111111
22,-55.0
23,-55.3
24,-65.9
25,-59.0
26,-59.6
