frequency,pdr
11,-52.0
12,-53.6666666667
13,-57.8888888889
14,-53.1111111111
15,-55.0
16,-59.7
17,-55.0
18,-51.3
19,-54.7
20,-55.0
21,-52.0
22,-49.1
23,-49.0
24,-59.0
25,-60.3
26,-61.2
