frequency,pdr
11,-65.6
12,-64.4444444444
13,-65.7777777778
14,-62.2222222222
15,-57.8
16,-69.8
17,-64.2
18,-54.0
19,-61.0
20,-67.0
21,-67.0
22,-64.2
23,-60.5
24,-61.2
25,-55.0
26,-64.0
