frequency,pdr
11,-60.3
12,-63.8
13,-69.1111111111
14,-72.7777777778
15,-72.3
16,-67.6
17,-67.0
18,-58.0
19,-71.5
20,-55.8
21,-68.5
22,-58.0
23,-63.0
24,-61.0
25,-63.9
26,-59.9
