frequency,pdr
11,-58.0
12,-57.3333333333
13,-54.6666666667
14,-53.0
15,-49.0
16,-58.6
17,-61.0
18,-55.5
19,-57.5
20,-58.1
21,-63.7
22,-57.5
23,-58.1
24,-64.3
25,-67.0
26,-58.0
