frequency,pdr
11,-59.6
12,-55.0
13,-60.4444444444
14,-62.6666666667
15,-70.9
16,-70.5
17,-58.0
18,-55.0
19,-58.0
20,-56.1
21,-55.0
22,-55.0
23,-58.0
24,-61.0
25,-58.0
26,-60.2
