frequency,pdr
11,-69.5555555556
12,-64.1111111111
13,-64.0
14,-58.7777777778
15,-55.0
16,-58.0
17,-64.0
18,-61.5
19,-58.0
20,-66.0
21,-61.0
22,-64.0
23,-60.2
24,-57.8
25,-57.2
26,-64.0
