frequency,pdr
11,-62.9
12,-59.6666666667
13,-55.0
14,-63.9
15,-62.2222222222
16,-55.0
17,-60.9
18,-63.4
19,-55.0
20,-59.2
21,-58.1
22,-58.8
23,-58.0
24,-59.7
25,-67.2
26,-60.9
