frequency,pdr
11,-51.3
12,-51.8
13,-55.0
14,-62.2222222222
15,-56.9090909091
16,-50.0
17,-49.5
18,-55.3
19,-52.2
20,-50.4
21,-52.0
22,-62.3
23,-63.5
24,-58.5
25,-63.7
26,-63.9
