frequency,pdr
11,-65.7777777778
12,-58.2222222222
13,-69.2
14,-64.0
15,-58.0
16,-58.0
17,-61.0
18,-73.1
19,-72.4
20,-68.8
21,-70.0
22,-56.5
23,-55.0
24,-58.0
25,-64.9
26,-59.0
