frequency,pdr
11,-73.375
12,-75.3
13,-57.7777777778
14,-57.4545454545
15,-61.0
16,-55.0
17,-59.6
18,-56.4
19,-55.0
20,-55.0
21,-56.4
22,-55.0
23,-57.9
24,-55.2
25,-53.0
26,-61.6
