frequency,pdr
11,-49.0
12,-54.9
13,-48.7
14,-49.1111111111
15,-44.3333333333
16,-43.0
17,-46.0
18,-52.4
19,-47.3
20,-46.7
21,-55.0
22,-49.5
23,-46.0
24,-45.4
25,-55.6
26,-49.5
