frequency,pdr
11,-70.0
12,-72.2
13,-69.8888888889
14,-60.8
15,-59.4444444444
16,-58.0
17,-56.5
18,-64.0
19,-65.7
20,-73.2
21,-71.5
22,-67.4
23,-55.0
24,-63.6
25,-63.7
26,-68.3
