frequency,pdr
11,-87.4
12,-83.1
13,-83.2
14,-85.1
15,-86.9
16,-85.0
17,-83.9
18,-82.1666666667
19,-82.0
20,-84.0
21,-87.0
22,-87.3333333333
23,-91.0
24,-91.0
26,-91.0
