frequency,pdr
11,-84.7
12,-84.9
13,-81.8
14,-79.8
15,-79.9
16,-81.8
17,-82.7
18,-85.1
19,-88.0
20,-89.2
21,-87.7777777778
22,-84.7777777778
23,-84.5555555556
24,-84.8
25,-84.9
26,-84.3
