frequency,pdr
16,-91.0
17,-91.0
21,-91.0
23,-89.6666666667
24,-89.5555555556
25,-90.0
26,-91.0
