frequency,pdr
11,-90.3333333333
12,-90.6
13,-90.8888888889
14,-91.0
15,-91.0
16,-91.0
17,-91.0
18,-91.0
19,-91.0
20,-91.0
21,-91.0
23,-91.0
26,-91.0
