frequency,pdr
11,-84.9
12,-83.5
13,-81.6
14,-82.0
15,-82.0
16,-80.8333333333
17,-81.6
18,-89.1111111111
19,-90.5
21,-91.0
23,-91.0
25,-91.0
26,-89.0
