frequency,pdr
11,-79.9
12,-82.0
13,-81.0
14,-79.3
15,-79.2
16,-80.0
17,-81.9
18,-84.5555555556
19,-88.7
20,-89.4
21,-88.3
22,-87.1666666667
23,-89.7777777778
24,-91.0
25,-90.2
26,-86.1
