frequency,pdr
11,-76.3
12,-76.1
13,-76.0
14,-76.6
15,-77.4
16,-77.9
17,-78.8
18,-79.0
19,-79.4
20,-80.9
21,-82.0
22,-83.8571428571
23,-87.8888888889
24,-86.3
25,-82.0
26,-79.1
