frequency,pdr
11,-90.0
12,-88.875
13,-89.9
14,-90.7
15,-90.3
16,-91.0
17,-90.8888888889
18,-90.8888888889
19,-91.0
21,-91.0
23,-91.0
24,-91.0
25,-91.0
26,-91.0
