frequency,pdr
12,-91.0
13,-91.0
14,-91.0
15,-91.0
16,-90.9
17,-89.8888888889
18,-90.7142857143
19,-91.0
20,-91.0
21,-91.0
