frequency,pdr
11,-75.5454545455
12,-74.1
13,-76.1
14,-78.0
15,-77.8
16,-79.0
17,-79.0
18,-80.0
19,-80.9
20,-82.0
21,-82.0
22,-83.4444444444
23,-89.0
24,-87.0
25,-85.0
26,-84.9
