frequency,pdr
12,-90.0
13,-86.0
14,-84.0
15,-82.1
16,-82.0
17,-82.0
18,-82.0
19,-82.0
20,-82.9
21,-83.125
22,-83.2222222222
23,-83.3333333333
24,-84.9
25,-86.1
26,-87.2
