frequency,pdr
11,-88.8
12,-87.6
13,-87.1
14,-88.0
15,-88.9
16,-90.4
17,-90.8
18,-90.7777777778
19,-89.7
20,-88.0
21,-86.6666666667
22,-85.8888888889
23,-86.875
24,-88.8
25,-91.0
26,-91.0
