frequency,pdr
11,-61.3
12,-55.0
13,-57.2222222222
14,-58.7777777778
15,-64.6
16,-64.5
17,-64.3
18,-62.5
19,-58.1
20,-62.3
21,-54.9
22,-55.0
23,-68.1111111111
24,-54.5
25,-55.1
26,-61.0
