frequency,pdr
11,-64.0
12,-59.7
13,-66.2222222222
14,-58.4444444444
15,-52.0
16,-50.6
17,-53.7
18,-64.7
19,-60.2
20,-63.3
21,-64.6
22,-63.8
23,-61.5
24,-61.0
25,-70.3
26,-63.0
