frequency,pdr
11,-72.6
12,-55.7
13,-63.8888888889
14,-61.4
15,-61.1
16,-70.0
17,-58.4
18,-55.0
19,-56.9
20,-61.6
21,-66.5
22,-68.2727272727
23,-59.1
24,-58.9
25,-69.7
26,-67.1111111111
