frequency,pdr
11,-65.7777777778
12,-58.5
13,-51.6
14,-56.7777777778
15,-49.0
16,-54.9
17,-56.7
18,-63.9
19,-52.6
20,-54.8
21,-63.2
22,-64.2
23,-55.0
24,-64.8
25,-66.2
26,-59.6
