frequency,pdr
11,-58.5
12,-62.5
13,-54.7
14,-65.6666666667
15,-71.2
16,-70.0
17,-52.6
18,-56.7
19,-57.6
20,-64.1
21,-67.0
22,-57.0
23,-61.5
24,-55.0
25,-61.0
26,-69.8888888889
