frequency,pdr
11,-70.4444444444
12,-64.7
13,-63.1
14,-55.2222222222
15,-63.6
16,-57.8
17,-70.0
18,-58.0
19,-70.8888888889
20,-58.0
21,-54.3
22,-54.9
23,-55.0
24,-67.1
25,-60.1
26,-64.8
