frequency,pdr
11,-52.0
12,-55.0
13,-58.7
14,-60.7777777778
15,-58.9
16,-67.0
17,-68.5
18,-59.4
19,-59.7
20,-64.9
21,-61.0
22,-63.8
23,-69.4444444444
24,-58.6
25,-59.4
26,-67.0
