frequency,pdr
11,-61.7
12,-62.3
13,-78.8888888889
14,-60.4444444444
15,-62.0
16,-68.8
17,-64.9
18,-54.9
19,-52.3
20,-59.4
21,-68.0
22,-61.0
23,-57.8
24,-75.8
25,-64.2
26,-65.3
