frequency,pdr
11,-67.6666666667
12,-64.6
13,-57.6
14,-60.8888888889
15,-58.7
16,-60.0
17,-59.5
18,-62.1
19,-53.7
20,-54.3
21,-64.2
22,-74.1
23,-58.0
24,-72.1
25,-66.3
26,-62.4
