frequency,pdr
11,-61.4444444444
12,-62.9
13,-58.4444444444
14,-55.7
15,-65.6
16,-64.0
17,-66.7
18,-61.0
19,-67.0
20,-60.8
21,-71.1
22,-57.5
23,-65.3333333333
24,-64.0
25,-57.8
26,-59.7
