frequency,pdr
11,-61.5555555556
12,-58.0
13,-61.8888888889
14,-61.1111111111
15,-60.4
16,-55.2
17,-55.2
18,-64.2
19,-64.0
20,-61.4
21,-59.9
22,-55.0
23,-61.0
24,-55.5
25,-74.2
26,-61.7
