frequency,pdr
11,-61.1
12,-55.0
13,-69.1111111111
14,-55.0
15,-56.5
16,-60.2
17,-60.1
18,-60.2
19,-56.9
20,-57.8
21,-57.9
22,-62.2
23,-70.5555555556
24,-57.9
25,-66.1
26,-56.5
