frequency,pdr
11,-57.7
12,-67.4
13,-55.9
14,-56.0909090909
15,-58.6
16,-58.6
17,-59.9
18,-63.9
19,-70.6
20,-57.9
21,-67.2
22,-64.0
23,-62.3333333333
24,-58.1
25,-78.3
26,-62.1
