frequency,pdr
11,-70.4
12,-60.9
13,-58.2222222222
14,-59.3
15,-55.1
16,-63.2
17,-73.3
18,-58.2
19,-75.9
20,-65.3
21,-60.9
22,-61.0
23,-64.5555555556
24,-60.3
25,-63.9
26,-60.9
