frequency,pdr
11,-55.0
12,-77.8
13,-60.5
14,-71.7777777778
15,-55.0
16,-63.6
17,-55.2
18,-62.9
19,-67.0
20,-67.0
21,-67.4
22,-55.3
23,-61.0
24,-68.3636363636
25,-64.2
26,-61.2
