frequency,pdr
11,-64.7
12,-60.1
13,-58.0
14,-64.2222222222
15,-55.0
16,-55.0
17,-62.1
18,-52.6
19,-55.0
20,-67.0
21,-61.7
22,-56.8
23,-52.3
24,-66.7
25,-61.5
26,-69.2222222222
