frequency,pdr
11,-52.0
12,-53.7
13,-55.2222222222
14,-54.3333333333
15,-60.2
16,-58.0
17,-56.4
18,-59.7
19,-51.7
20,-53.3
21,-54.4
22,-66.5
23,-60.3
24,-61.0
25,-59.0
26,-52.5
