frequency,pdr
11,-63.8888888889
12,-63.8
13,-66.7777777778
14,-61.4
15,-60.9
16,-73.5
17,-78.3
18,-63.9
19,-60.3
20,-62.1
21,-64.0
22,-73.2
23,-67.4444444444
24,-77.2
25,-82.0
26,-62.9
