frequency,pdr
11,-58.0
12,-52.4
13,-62.6666666667
14,-68.1111111111
15,-61.2
16,-55.0
17,-61.2
18,-72.7
19,-58.0
20,-62.3
21,-63.4
22,-57.1
23,-55.0
24,-62.2
25,-55.0
26,-54.9
