frequency,pdr
11,-78.4444444444
12,-59.4
13,-57.8888888889
14,-55.6
15,-49.7
16,-53.1
17,-61.0
18,-54.4
19,-49.1
20,-51.3
21,-51.6
22,-66.9
23,-64.3
24,-58.3
25,-54.7
26,-57.3
