frequency,pdr
11,-52.0
12,-65.4
13,-57.6
14,-61.2222222222
15,-61.0
16,-65.6
17,-57.0
18,-61.2
19,-70.7
20,-55.1
21,-51.7
22,-54.5
23,-68.5555555556
24,-56.6
25,-73.7
26,-55.0
