frequency,pdr
11,-63.6666666667
12,-82.0
13,-61.0
14,-60.8888888889
15,-59.8
16,-54.1
17,-61.9
18,-55.0
19,-66.2
20,-60.8
21,-53.0
22,-58.0
23,-73.3
24,-67.0
25,-55.0
26,-59.6
