frequency,pdr
11,-76.0
12,-61.9
13,-59.4444444444
14,-64.8888888889
15,-54.9
16,-62.0
17,-59.0
18,-55.0
19,-64.9
20,-65.3
21,-63.4
22,-59.7
23,-58.5
24,-58.0
25,-70.0
26,-64.1
