frequency,pdr
11,-60.7
12,-64.0
13,-58.0
14,-63.2222222222
15,-61.1
16,-63.9
17,-56.8
18,-56.5
19,-66.9
20,-67.5
21,-61.0
22,-59.4
23,-71.8888888889
24,-58.0
25,-68.9
26,-62.8
