frequency,pdr
11,-67.4444444444
12,-67.3
13,-59.0909090909
14,-67.4
15,-64.4
16,-66.2
17,-60.9
18,-55.0
19,-55.0
20,-74.0
21,-58.5
22,-65.5
23,-67.2
24,-59.5
25,-58.4
26,-63.4
