frequency,pdr
11,-69.1111111111
12,-53.1
13,-67.0
14,-52.0
15,-67.6
16,-60.5
17,-58.0
18,-61.7
19,-55.9
20,-62.9
21,-61.0
22,-61.3
23,-69.5555555556
24,-58.2
25,-55.0
26,-60.3
