frequency,pdr
11,-69.0
12,-74.0
13,-59.4444444444
14,-55.0
15,-55.2
16,-58.9
17,-61.0
18,-60.2
19,-60.5
20,-64.0
21,-78.8
22,-68.1
23,-56.4444444444
24,-55.0
25,-60.7
26,-66.8
