frequency,pdr
11,-80.6
12,-79.0
13,-79.0
14,-80.5
15,-83.7
16,-87.8571428571
17,-89.7142857143
18,-85.75
19,-83.7
20,-82.1
21,-80.4
22,-79.0
23,-78.9
24,-79.0
25,-79.0
26,-79.0
