frequency,pdr
13,-91.0
14,-91.0
15,-91.0
16,-91.0
17,-90.1428571429
18,-88.1
19,-88.0
20,-88.9
21,-89.0
22,-88.7777777778
23,-90.5714285714
24,-89.9
25,-89.4
26,-89.6
