frequency,pdr
11,-89.8571428571
12,-90.0
13,-89.1
14,-87.0
15,-86.0
16,-86.0
17,-86.0
18,-85.3333333333
19,-86.0
20,-87.3
21,-88.0
22,-87.4285714286
23,-88.7142857143
24,-90.4
25,-91.0
26,-91.0
