frequency,pdr
12,-91.0
14,-91.0
15,-85.3
16,-82.9
17,-83.3
18,-83.6
19,-84.1
20,-84.3
21,-83.0
22,-82.8888888889
23,-83.8181818182
24,-85.2222222222
25,-88.8
26,-89.8
