frequency,pdr
11,-89.2222222222
12,-88.1
13,-86.0
14,-85.0
15,-85.7
16,-85.0
17,-85.0
18,-84.2
19,-85.6
20,-87.5
21,-86.0
22,-84.0
23,-85.375
24,-84.6666666667
25,-82.0
26,-81.0
