frequency,pdr
11,-47.0
12,-46.0
13,-48.8181818182
14,-50.4444444444
15,-49.0
16,-49.0
17,-49.0
18,-50.0
19,-52.0
20,-52.1
21,-55.3
22,-57.1
23,-57.2
24,-56.4
25,-57.6
26,-54.0
