frequency,pdr
11,-69.1111111111
12,-77.8888888889
13,-67.7
14,-66.7
15,-73.0
16,-77.6
17,-70.0
18,-67.0
19,-69.9
20,-76.9
21,-73.0
22,-67.0
23,-67.0
24,-67.9
25,-72.3
26,-78.9
