frequency,pdr
11,-55.0
12,-57.1
13,-61.0
14,-63.4444444444
15,-64.0
16,-64.0
17,-64.6666666667
18,-59.5555555556
19,-64.0
20,-62.1
21,-62.4
22,-63.5
23,-72.0
24,-58.0
25,-55.0
26,-61.3
