frequency,pdr
11,-65.8
12,-71.0
13,-70.4
14,-85.75
15,-67.3
16,-66.3
17,-69.8888888889
18,-84.6666666667
19,-77.0
20,-73.0
21,-68.5
22,-64.0
23,-67.0
24,-70.0
25,-70.9
26,-70.0
