frequency,pdr
11,-55.0
12,-57.9
13,-61.2
14,-59.2857142857
15,-55.0
16,-55.0
17,-63.7
18,-64.4444444444
19,-60.9
20,-55.0
21,-52.1
22,-60.8
23,-55.0
24,-52.0
25,-52.0
26,-52.0
