frequency,pdr
11,-68.0
12,-77.0
13,-80.9
14,-71.125
15,-76.0
16,-72.4
17,-67.2
18,-72.5
19,-84.8
20,-68.3333333333
21,-67.0
22,-71.1
23,-84.1111111111
24,-68.0
25,-63.0
26,-61.0
