frequency,pdr
11,-63.9
12,-61.0
13,-64.0
14,-63.7777777778
15,-61.0
16,-58.0
17,-60.8888888889
18,-64.0
19,-76.0
20,-80.3
21,-71.6
22,-73.8
23,-67.2
24,-61.7
25,-63.7
26,-68.7
