frequency,pdr
11,-85.6666666667
12,-84.4285714286
13,-81.875
14,-79.0
15,-79.0
16,-79.0
17,-78.9
18,-79.0
19,-79.0
20,-79.0
21,-79.0
22,-79.6
23,-79.1
24,-80.7
25,-82.0
26,-82.0
