frequency,pdr
11,-83.9
12,-83.8571428571
13,-85.125
14,-86.9
15,-87.2
16,-87.6
17,-87.3
18,-87.7777777778
19,-88.8
20,-90.0
21,-90.0
23,-89.5
24,-88.0
25,-87.5
26,-88.5
