frequency,pdr
11,-90.6666666667
12,-91.0
13,-91.0
14,-89.4
15,-88.4
16,-88.9
17,-89.3333333333
18,-89.375
19,-91.0
20,-91.0
