frequency,pdr
11,-82.0
12,-81.5
13,-81.4
14,-82.0
15,-82.0
16,-82.8888888889
17,-83.8571428571
18,-84.8888888889
19,-86.5
20,-88.0
21,-90.0
23,-91.0
24,-91.0
25,-91.0
26,-91.0
