frequency,pdr
11,-82.2
12,-85.2222222222
13,-88.8888888889
14,-90.2
15,-89.7
16,-87.0
17,-85.25
18,-85.0
19,-85.0
20,-86.1
21,-87.2
22,-86.1
23,-85.8
24,-84.6
25,-83.3
26,-82.3
