frequency,pdr
11,-69.9
12,-70.0
13,-67.4444444444
14,-70.0
15,-70.0
16,-75.6
17,-74.4
18,-80.5
19,-87.9
20,-83.5555555556
21,-84.0
22,-82.4444444444
23,-83.1111111111
24,-78.9
25,-81.6
26,-76.5
