frequency,pdr
11,-83.5
12,-84.8888888889
13,-85.9
14,-86.4
15,-86.0
16,-88.4285714286
17,-91.0
18,-91.0
19,-91.0
21,-91.0
25,-91.0
