frequency,pdr
11,-63.9
12,-67.0
13,-67.5
14,-71.7
15,-70.6
16,-74.9
17,-73.4
18,-70.0
19,-77.3
20,-70.0
21,-69.9
22,-72.8888888889
23,-72.7777777778
24,-72.6
25,-70.0
26,-73.0
