frequency,pdr
11,-69.8
12,-71.6666666667
13,-71.8888888889
14,-72.5
15,-76.8
16,-73.3
17,-70.2
18,-68.4
19,-69.3
20,-67.0
21,-68.0
22,-73.0
23,-84.0
24,-78.9
25,-76.0
26,-73.0
