frequency,pdr
11,-82.9
12,-83.2
13,-86.0
14,-85.1
15,-85.5
16,-89.0
17,-88.5
18,-89.9
19,-90.8
20,-90.7
21,-87.6666666667
22,-85.9
23,-89.2222222222
24,-91.0
25,-91.0
