frequency,pdr
11,-90.3333333333
12,-90.0
13,-84.4285714286
14,-82.0
15,-81.6
16,-82.0
17,-83.0
18,-84.3
19,-84.2
20,-83.4
21,-83.3
22,-83.0
23,-82.0
24,-82.0
25,-84.0
26,-84.5
