frequency,pdr
11,-90.0
12,-89.7777777778
13,-90.125
14,-90.1111111111
15,-90.7
16,-90.9
17,-91.0
18,-91.0
19,-91.0
20,-91.0
21,-91.0
