frequency,pdr
11,-90.0
12,-90.5
13,-90.4444444444
14,-89.3333333333
15,-88.3
16,-88.9
17,-89.8
18,-90.6
19,-90.5
20,-90.0
21,-91.0
23,-91.0
