frequency,pdr
11,-83.9
12,-83.8888888889
13,-84.5555555556
14,-83.7
15,-83.0
16,-84.0
17,-84.5
18,-85.8
19,-88.8
20,-89.3
21,-90.0
23,-91.0
24,-88.9
25,-85.0
26,-84.0
