frequency,pdr
11,-87.3333333333
12,-84.8888888889
13,-83.5555555556
14,-85.0
15,-88.0
16,-87.1
17,-83.0
18,-82.0
19,-81.8
20,-82.0
21,-85.5
23,-87.7
24,-79.8
25,-76.1
26,-74.0
