frequency,pdr
11,-88.0
12,-87.375
13,-85.3333333333
14,-82.5
15,-83.4
16,-86.2
17,-91.0
18,-90.8888888889
19,-84.9
20,-82.0
21,-79.4
22,-78.7
23,-79.0
24,-82.1
25,-85.0
26,-82.0
