frequency,pdr
11,-60.9
12,-61.8888888889
13,-55.0
14,-63.7272727273
15,-48.9
16,-61.9
17,-55.0
18,-59.6
19,-56.3
20,-52.0
21,-50.0
22,-76.0
23,-63.0
24,-61.5
25,-65.5
26,-58.8
