frequency,pdr
11,-50.0
12,-60.5555555556
13,-61.2222222222
14,-55.0
15,-61.0
16,-55.7
17,-52.0
18,-53.5
19,-52.9
20,-59.3
21,-58.0
22,-55.0
23,-55.4
24,-73.8
25,-52.0
26,-52.0
