frequency,pdr
11,-52.0
12,-61.8888888889
13,-65.8888888889
14,-54.8181818182
15,-61.0
16,-55.0
17,-52.0
18,-54.5
19,-50.0
20,-52.0
21,-56.4
22,-60.0
23,-59.4
24,-61.0
25,-58.0
26,-58.5
