frequency,pdr
11,-46.0
12,-57.6666666667
13,-50.5555555556
14,-54.3
15,-54.0
16,-60.0
17,-50.4
18,-55.5
19,-59.4
20,-53.3
21,-57.2
22,-47.0
23,-45.8
24,-49.0
25,-55.0
26,-61.7
