frequency,pdr
11,-55.1
12,-70.4
13,-61.0
14,-73.2222222222
15,-62.4
16,-58.0
17,-62.6
18,-55.3
19,-55.0
20,-69.4545454545
21,-66.3
22,-66.4
23,-66.5
24,-57.6363636364
25,-56.3
26,-58.0
