frequency,pdr
11,-55.3
12,-61.8888888889
13,-55.1111111111
14,-54.7
15,-55.0
16,-61.0
17,-55.0
18,-64.6
19,-53.1
20,-49.0
21,-47.9
22,-48.9
23,-52.0
24,-54.3
25,-56.1
26,-55.0
