frequency,pdr
11,-74.2222222222
12,-52.0
13,-57.5555555556
14,-53.2
15,-56.1
16,-52.0
17,-60.7
18,-55.0
19,-63.5
20,-51.9
21,-68.4
22,-51.6
23,-55.0
24,-54.5
25,-54.0
26,-54.7
