frequency,pdr
11,-64.1
12,-65.3333333333
13,-66.8888888889
14,-63.5
15,-62.9
16,-67.0
17,-61.0
18,-63.7
19,-59.1
20,-62.4
21,-61.0
22,-71.1
23,-63.6
24,-62.4
25,-61.3
26,-62.4
