frequency,pdr
11,-50.6
12,-60.3333333333
13,-53.3
14,-51.5
15,-58.5
16,-50.1
17,-51.6
18,-52.0
19,-73.3333333333
20,-52.0
21,-58.2
22,-53.9
23,-53.8
24,-55.0
25,-59.8
26,-55.0
