frequency,pdr
11,-61.3
12,-52.0
13,-64.1111111111
14,-55.0
15,-49.9
16,-55.0
17,-56.5
18,-56.6
19,-55.0
20,-49.0
21,-67.1818181818
22,-57.9
23,-52.0
24,-56.9
25,-52.0
26,-52.0
