frequency,pdr
11,-59.4
12,-58.2222222222
13,-61.6666666667
14,-55.0
15,-59.3
16,-50.0
17,-56.3
18,-58.0
19,-58.0
20,-57.2
21,-62.0
22,-53.3
23,-64.6
24,-68.2
25,-59.5
26,-53.9
