frequency,pdr
11,-55.0
12,-56.9
13,-63.2222222222
14,-59.0
15,-62.1
16,-57.2
17,-52.0
18,-46.6
19,-53.6
20,-53.3636363636
21,-49.8
22,-61.3
23,-56.0
24,-55.6
25,-54.0
26,-52.0
