frequency,pdr
11,-51.5
12,-53.8888888889
13,-55.0
14,-64.7
15,-65.1
16,-70.2222222222
17,-56.0
18,-63.7
19,-53.7
20,-56.9
21,-61.6
22,-56.3
23,-56.2
24,-58.0
25,-52.0
26,-58.1
