frequency,pdr
11,-61.1
12,-69.3333333333
13,-58.4
14,-61.6
15,-54.4
16,-67.8888888889
17,-63.9
18,-62.6
19,-65.1
20,-76.6
21,-63.9
22,-66.2
23,-73.1
24,-61.2
25,-61.6
26,-61.0
