frequency,pdr
11,-56.5
12,-64.5555555556
13,-55.2222222222
14,-55.0
15,-58.0
16,-52.0
17,-52.9
18,-53.0
19,-55.4
20,-58.2
21,-51.0
22,-52.4
23,-50.0
24,-52.8
25,-55.2
26,-51.1
