frequency,pdr
11,-59.5
12,-52.1111111111
13,-64.0
14,-54.0
15,-56.7
16,-55.6
17,-50.0
18,-49.0
19,-56.0
20,-63.0
21,-52.0
22,-60.5
23,-48.3
24,-56.4
25,-46.0
26,-58.0909090909
