frequency,pdr
11,-52.0
12,-52.5555555556
13,-68.7777777778
14,-55.0
15,-55.0
16,-57.5
17,-65.0
18,-65.2
19,-63.3
20,-60.9
21,-59.0
22,-52.8
23,-51.4
24,-58.1
25,-55.0
26,-63.1
