frequency,pdr
11,-55.0
12,-60.3333333333
13,-57.8888888889
14,-72.3
15,-58.0
16,-54.0
17,-53.0
18,-58.0
19,-63.3
20,-68.4
21,-67.9
22,-64.0
23,-75.1428571429
24,-63.2
25,-55.3
26,-52.4
