frequency,pdr
11,-53.9
12,-61.4444444444
13,-73.3333333333
14,-55.5
15,-57.0
16,-56.9
17,-60.3
18,-62.5
19,-60.7
20,-60.6
21,-64.0
22,-59.7
23,-63.3
24,-55.0
25,-59.2
26,-67.0
