frequency,pdr
11,-59.6
12,-51.1111111111
13,-46.8
14,-46.0
15,-46.0
16,-55.0
17,-49.0
18,-46.9
19,-48.1818181818
20,-49.0
21,-55.0
22,-56.1
23,-51.9
24,-51.5
25,-50.0
26,-61.1
