frequency,pdr
11,-56.8
12,-55.0
13,-68.4444444444
14,-64.0
15,-55.9
16,-69.0909090909
17,-64.0
18,-58.1
19,-59.4
20,-53.4
21,-50.0
22,-57.7
23,-66.6
24,-67.0
25,-58.0
26,-63.5
