frequency,pdr
11,-55.1
12,-56.2727272727
13,-58.7777777778
14,-66.3
15,-55.0
16,-56.8
17,-61.1
18,-64.9
19,-63.2
20,-59.6
21,-59.8
22,-52.0
23,-54.5
24,-67.4
25,-59.5
26,-51.1
