frequency,pdr
11,-49.0
12,-66.2222222222
13,-64.8888888889
14,-65.2
15,-49.0
16,-50.0
17,-61.4
18,-55.8
19,-56.0909090909
20,-58.7
21,-48.3
22,-53.3
23,-52.0
24,-49.0
25,-48.4
26,-50.3
