frequency,pdr
11,-89.4
12,-87.3333333333
13,-81.6
14,-78.0
15,-78.0
16,-80.8
17,-81.9
18,-82.0
19,-82.0
20,-83.6
21,-85.3333333333
22,-86.875
23,-89.125
24,-86.0
25,-84.0
26,-84.0
