frequency,pdr
13,-91.0
14,-89.0
15,-87.1
16,-86.2
17,-87.0
18,-87.3
19,-88.0
20,-89.1818181818
21,-89.6666666667
23,-90.0
24,-90.125
25,-91.0
26,-91.0
