frequency,pdr
11,-88.6
12,-91.0
14,-90.5
15,-87.6
16,-84.4
17,-83.125
18,-83.6666666667
19,-84.2
20,-84.9
21,-86.9
23,-88.1111111111
24,-85.6
25,-85.0
26,-83.1
