frequency,pdr
11,-75.9
12,-74.7
13,-74.1
14,-76.0
15,-77.0
16,-79.0
17,-79.0
18,-79.0
19,-79.0
20,-78.7
21,-76.1111111111
22,-76.5714285714
23,-77.0
24,-79.0
25,-82.0
26,-84.0
