frequency,pdr
12,-91.0
13,-90.0
14,-90.2
15,-90.8
16,-89.4
17,-86.1
18,-85.5
19,-85.3
20,-87.0
21,-88.8888888889
22,-89.2857142857
23,-90.75
24,-91.0
25,-91.0
26,-91.0
