frequency,pdr
11,-79.0
12,-79.0
13,-79.0
14,-79.0
15,-79.6
16,-80.0
17,-80.0
18,-80.7
19,-82.0
20,-83.5
21,-85.0
22,-86.1666666667
23,-85.2857142857
24,-84.8
25,-84.0
26,-84.4
