frequency,pdr
11,-80.0
12,-81.0
13,-79.1111111111
14,-79.0
15,-78.9
16,-79.0
17,-79.0
18,-79.0
19,-79.0
20,-81.0
21,-81.6
22,-81.2857142857
23,-81.6
24,-81.7
25,-82.0
26,-82.0
