frequency,pdr
11,-82.8
12,-82.0
13,-79.2222222222
14,-79.0
15,-79.0
16,-79.0
17,-79.3333333333
18,-80.5555555556
19,-80.8
20,-79.0
21,-79.0
22,-78.5
23,-79.1
24,-82.0
25,-90.8
26,-91.0
