frequency,pdr
11,-89.1
12,-86.7
13,-85.1
14,-87.0
15,-88.5
16,-87.0
17,-88.0
18,-90.5714285714
19,-91.0
20,-91.0
21,-88.6
22,-85.8
23,-84.5714285714
24,-85.3
25,-85.1
26,-83.0
