frequency,pdr
11,-76.0
12,-79.0
13,-88.2
14,-91.0
15,-90.5
16,-85.9
17,-86.7777777778
18,-90.7142857143
19,-89.4
20,-86.4
21,-85.1
22,-86.0
23,-85.7777777778
24,-84.1
25,-81.5
26,-79.0
