frequency,pdr
11,-73.3
12,-73.0
13,-73.0
14,-73.0
15,-73.0
16,-76.0
17,-78.8
18,-79.2857142857
19,-81.6
20,-82.0
21,-82.9
22,-86.8333333333
23,-89.4
24,-91.0
25,-86.1
26,-83.0
