frequency,pdr
11,-88.8888888889
12,-87.2
13,-89.8571428571
14,-90.0
15,-87.1
16,-82.4444444444
17,-81.0
18,-79.5714285714
19,-79.0
20,-79.9
21,-81.0
22,-82.25
23,-84.5
24,-88.5
25,-91.0
26,-91.0
