frequency,pdr
11,-56.4
12,-59.0
13,-64.7
14,-67.0
15,-67.4
16,-73.9
17,-74.3333333333
18,-68.8571428571
19,-67.0
20,-67.0
21,-66.6
22,-66.9
23,-67.0
24,-64.8
25,-65.6
26,-67.0
