frequency,pdr
11,-84.8
12,-84.0
13,-80.8
14,-83.0
15,-83.9
16,-86.8
17,-86.4444444444
18,-84.0
19,-83.5
20,-83.6
21,-83.8888888889
22,-83.2857142857
23,-83.0
24,-82.0
25,-82.0
26,-85.0
