frequency,pdr
11,-73.5
12,-70.5
13,-69.8
14,-67.3
15,-68.0
16,-70.0
17,-70.0
18,-72.875
19,-74.4444444444
20,-77.6
21,-83.2
22,-85.5714285714
23,-78.9
24,-79.0
25,-78.8
26,-76.9
