frequency,pdr
11,-80.6
12,-81.8888888889
13,-85.1428571429
14,-83.2
15,-84.0
16,-82.0
17,-78.0
18,-75.625
19,-74.0
20,-74.0
21,-73.1
22,-75.1
23,-76.9
24,-79.0
25,-81.8
26,-90.0
