frequency,pdr
11,-83.7
12,-90.4
13,-86.1
14,-82.0
15,-81.4
16,-80.0
17,-81.3333333333
18,-82.0
19,-82.7
20,-82.0
21,-82.0
22,-82.1428571429
23,-82.4285714286
24,-84.0
25,-86.0
26,-89.0
