frequency,pdr
11,-84.1
12,-89.8571428571
13,-89.9
14,-89.8
15,-91.0
16,-87.4
17,-86.8
18,-85.2222222222
19,-85.0
20,-87.1
21,-88.0
22,-87.7142857143
23,-90.0
24,-91.0
25,-91.0
26,-91.0
