frequency,pdr
11,-89.7
12,-89.8888888889
13,-90.8571428571
14,-91.0
15,-91.0
16,-91.0
17,-91.0
18,-91.0
21,-91.0
25,-91.0
26,-91.0
