frequency,pdr
11,-91.0
12,-91.0
13,-91.0
14,-91.0
16,-91.0
17,-90.5555555556
18,-89.0
19,-88.5
20,-87.8
21,-86.7
22,-85.8888888889
23,-89.0
24,-90.9
25,-91.0
26,-91.0
