frequency,pdr
11,-79.1
12,-80.5
13,-78.6666666667
14,-75.3
15,-81.7272727273
16,-82.8888888889
17,-75.1111111111
18,-73.0
19,-72.5555555556
20,-73.0
21,-73.0
22,-70.1
23,-69.2
24,-70.0
25,-70.8
26,-70.0
