frequency,pdr
11,-79.0
12,-78.7
13,-76.8
14,-77.0
15,-79.0
16,-81.0
17,-83.7
18,-88.1111111111
19,-91.0
20,-91.0
21,-90.8571428571
23,-91.0
24,-91.0
25,-91.0
26,-91.0
