frequency,pdr
11,-75.7
12,-76.0
13,-79.0
14,-81.2
15,-83.7
16,-86.0
17,-87.1111111111
18,-85.0
19,-83.0
20,-81.9
21,-81.9
23,-84.1428571429
24,-89.9
25,-86.0
26,-84.1
