frequency,pdr
11,-90.0
12,-91.0
13,-90.7
14,-88.9090909091
15,-86.6
16,-87.6
17,-90.4444444444
18,-90.3333333333
19,-90.6666666667
20,-90.2
21,-90.8
22,-89.8
23,-90.7142857143
24,-91.0
25,-91.0
26,-91.0
