frequency,pdr
11,-59.7
12,-58.5555555556
13,-55.0
14,-56.8888888889
15,-56.5
16,-59.0
17,-64.0
18,-64.7
19,-68.4
20,-61.0
21,-58.0
22,-70.9
23,-58.0
24,-55.0
25,-55.0
26,-59.7
