frequency,pdr
11,-46.1
12,-47.0
13,-63.4444444444
14,-54.8888888889
15,-49.7
16,-54.4
17,-52.0
18,-55.0
19,-66.8
20,-59.8
21,-55.9
22,-63.6
23,-58.7
24,-55.0
25,-52.3
26,-48.2
