frequency,pdr
11,-67.5
12,-61.1111111111
13,-67.0
14,-73.8888888889
15,-58.0
16,-59.1
17,-55.4
18,-64.7
19,-64.5
20,-67.0
21,-62.2
22,-55.0
23,-56.0
24,-58.1
25,-59.1
26,-72.4
