frequency,pdr
11,-53.6
12,-54.4444444444
13,-54.9
14,-62.8888888889
15,-61.0
16,-63.8
17,-49.1
18,-48.5
19,-51.8
20,-53.2
21,-53.1
22,-51.3
23,-54.8
24,-47.5
25,-52.9
26,-51.6
