frequency,pdr
11,-56.2
12,-57.5555555556
13,-53.1111111111
14,-48.9
15,-50.8
16,-48.8
17,-49.0
18,-48.7
19,-57.2
20,-48.0
21,-50.0
22,-53.7
23,-57.9
24,-61.0
25,-52.0
26,-53.2
