frequency,pdr
11,-56.4
12,-58.2222222222
13,-57.2222222222
14,-64.7777777778
15,-57.3
16,-54.9
17,-62.6
18,-55.0
19,-46.4
20,-54.8
21,-50.3
22,-49.0
23,-49.0
24,-47.4
25,-45.5
26,-46.0
