frequency,pdr
11,-55.0
12,-55.0
13,-55.4444444444
14,-56.5555555556
15,-58.7
16,-58.0
17,-57.3
18,-64.0
19,-59.0
20,-61.0
21,-53.9
22,-52.0
23,-56.5
24,-60.5
25,-66.8
26,-61.0
