frequency,pdr
11,-60.2
12,-65.7777777778
13,-57.8
14,-79.3333333333
15,-62.8
16,-68.7
17,-58.3
18,-55.0
19,-55.0
20,-55.0
21,-55.0
22,-58.0
23,-55.0
24,-58.0
25,-61.6
26,-68.1
