frequency,pdr
11,-53.9
12,-54.8888888889
13,-58.0
14,-65.7777777778
15,-58.0
16,-58.1
17,-69.1
18,-55.0
19,-53.1
20,-73.8
21,-67.1
22,-60.4
23,-64.5
24,-59.2
25,-59.7
26,-52.5
