frequency,pdr
11,-63.5
12,-56.6666666667
13,-55.1
14,-58.7777777778
15,-63.6
16,-66.2
17,-70.6
18,-59.7
19,-55.0
20,-54.8
21,-61.0
22,-71.7
23,-66.9
24,-55.0
25,-58.4
26,-53.0
