frequency,pdr
11,-60.4
12,-60.6666666667
13,-62.6
14,-70.3333333333
15,-61.8
16,-60.1
17,-65.2
18,-67.0
19,-58.0
20,-71.2
21,-67.0
22,-69.2
23,-67.1
24,-64.0
25,-63.9
26,-67.0
