frequency,pdr
11,-67.0
12,-69.1818181818
13,-67.0
14,-73.4444444444
15,-61.0
16,-79.6
17,-67.0
18,-67.0
19,-66.1
20,-73.5
21,-68.0
22,-65.5
23,-61.0
24,-67.6
25,-64.0
26,-67.2
