frequency,pdr
11,-58.2
12,-78.0
13,-79.6666666667
14,-66.4444444444
15,-70.0
16,-66.6
17,-63.8
18,-58.0
19,-60.9
20,-58.0
21,-61.0
22,-61.7
23,-65.5
24,-65.6
25,-67.3
26,-66.4
