frequency,pdr
11,-52.0
12,-58.0
13,-54.1111111111
14,-59.4444444444
15,-52.0
16,-55.7
17,-49.0
18,-50.8
19,-51.6
20,-48.2
21,-49.0
22,-59.7
23,-66.3
24,-55.0
25,-53.5
26,-52.5
