frequency,pdr
11,-62.3
12,-54.3333333333
13,-63.8
14,-59.3333333333
15,-73.1
16,-66.4
17,-62.7
18,-61.0
19,-67.0
20,-59.4
21,-64.8
22,-68.5
23,-63.7
24,-67.0
25,-73.0
26,-59.6
