frequency,pdr
11,-49.1
12,-46.0
13,-50.3333333333
14,-60.2222222222
15,-47.0
16,-46.8
17,-47.6
18,-47.0
19,-45.8
20,-46.0
21,-43.0
22,-45.0
23,-43.0
24,-43.0
25,-49.0
26,-61.5
