frequency,pdr
11,-65.2
12,-55.2
13,-69.4444444444
14,-66.3333333333
15,-69.9
16,-60.9
17,-59.5
18,-63.5
19,-64.4
20,-73.0
21,-62.9
22,-65.1
23,-67.1
24,-62.3
25,-72.3
26,-67.9
