frequency,pdr
11,-64.0
12,-71.1428571429
13,-68.1
14,-80.8888888889
15,-60.4
16,-69.3
17,-63.7
18,-62.8
19,-64.2
20,-66.8
21,-65.2
22,-61.0
23,-79.0
24,-67.0
25,-60.0
26,-70.0
