frequency,pdr
11,-52.0
12,-52.0
13,-68.1111111111
14,-56.8888888889
15,-52.6
16,-64.1
17,-58.7
18,-57.7
19,-52.3
20,-55.6
21,-61.1
22,-58.0
23,-61.0
24,-60.9
25,-59.7
26,-59.5
