frequency,pdr
11,-61.0
12,-64.5555555556
13,-60.4
14,-63.8888888889
15,-61.0
16,-66.3
17,-61.2
18,-54.9
19,-63.0
20,-71.6
21,-68.7
22,-65.2
23,-66.8
24,-67.0
25,-64.0
26,-59.2
