frequency,pdr
11,-58.2
12,-69.0
13,-67.6666666667
14,-63.2222222222
15,-57.4
16,-49.0
17,-52.9
18,-52.0
19,-55.0
20,-61.0
21,-58.1
22,-63.6
23,-67.0
24,-58.0
25,-66.8
26,-67.8
