frequency,pdr
11,-49.0
12,-51.8181818182
13,-65.1111111111
14,-52.0
15,-53.7
16,-53.2
17,-50.6
18,-52.5
19,-55.4
20,-49.0
21,-52.3
22,-57.3
23,-57.4
24,-48.9
25,-51.1
26,-46.0
