frequency,pdr
11,-63.5
12,-52.0
13,-54.4444444444
14,-54.4444444444
15,-68.4
16,-60.6
17,-55.0
18,-55.0
19,-61.0
20,-55.0
21,-52.0
22,-55.0
23,-49.5
24,-47.0
25,-52.4
26,-49.0
