frequency,pdr
11,-49.0
12,-49.0
13,-54.7777777778
14,-57.8888888889
15,-48.0
16,-52.0
17,-49.0
18,-54.6
19,-50.8
20,-60.0
21,-62.0
22,-53.1
23,-60.1
24,-53.0
25,-52.0
26,-50.0
