frequency,pdr
11,-51.8
12,-64.5555555556
13,-52.3
14,-51.8888888889
15,-61.7
16,-52.0
17,-52.0
18,-55.2
19,-52.0
20,-52.9
21,-54.0
22,-54.7
23,-62.0
24,-59.0
25,-55.0
26,-62.4
