frequency,pdr
11,-61.0
12,-62.7777777778
13,-62.2
14,-56.3333333333
15,-58.0
16,-59.1
17,-62.5
18,-62.2
19,-68.8
20,-69.2
21,-73.1
22,-80.2222222222
23,-70.6
24,-61.0
25,-63.1
26,-67.0
