frequency,pdr
11,-61.1
12,-58.2222222222
13,-65.6
14,-68.1111111111
15,-63.3
16,-62.2
17,-58.3
18,-70.3
19,-66.2
20,-67.4
21,-65.8
22,-61.1
23,-63.3
24,-55.0
25,-55.0
26,-66.6
