frequency,pdr
11,-65.5555555556
12,-52.4
13,-54.9
14,-56.8888888889
15,-55.0
16,-55.9
17,-58.0
18,-60.7
19,-55.0
20,-63.0
21,-58.0
22,-66.0
23,-54.9
24,-64.3
25,-52.0
26,-55.0
