frequency,pdr
11,-56.0
12,-52.3333333333
13,-51.7
14,-50.3333333333
15,-49.0
16,-51.7
17,-62.4
18,-55.0
19,-52.0
20,-52.0
21,-52.2
22,-50.6
23,-63.1
24,-51.8
25,-51.2
26,-67.0
