frequency,pdr
11,-58.6
12,-62.5
13,-67.3333333333
14,-60.7777777778
15,-76.6
16,-62.6
17,-67.8
18,-60.7
19,-63.2
20,-58.1
21,-55.2
22,-61.0
23,-75.0
24,-65.4
25,-62.3
26,-65.6
