frequency,pdr
11,-63.8888888889
12,-60.2222222222
13,-55.0
14,-56.5555555556
15,-62.7
16,-58.0
17,-58.0
18,-55.0
19,-55.0
20,-56.3
21,-63.9
22,-60.5
23,-59.5
24,-69.8
25,-69.9
26,-70.8
