frequency,pdr
11,-53.3
12,-52.5
13,-46.0
14,-53.5555555556
15,-46.0
16,-52.5
17,-55.0
18,-49.3
19,-57.1
20,-52.6
21,-49.0
22,-52.0
23,-62.1
24,-69.0
25,-56.0909090909
26,-55.0
