frequency,pdr
11,-60.4
12,-60.8888888889
13,-57.9
14,-59.5555555556
15,-55.0
16,-57.6
17,-62.2
18,-61.0
19,-60.4
20,-58.0
21,-68.6
22,-70.1
23,-60.5
24,-59.1
25,-60.1
26,-59.5
