frequency,pdr
11,-80.8
12,-80.5
13,-79.9
14,-80.1
15,-79.9
16,-80.6
17,-81.5555555556
18,-81.4444444444
19,-81.5
20,-82.0
21,-82.7
22,-85.7
23,-90.9
24,-91.0
25,-91.0
26,-90.9
