frequency,pdr
11,-78.5
12,-79.8571428571
13,-86.0
14,-87.8888888889
15,-81.0
16,-79.0
17,-77.7
18,-76.3
19,-76.0
20,-74.1
21,-73.0
22,-71.0
23,-70.1
24,-71.1
25,-73.0
26,-74.0
