frequency,pdr
11,-91.0
12,-91.0
13,-90.5
14,-89.0
15,-87.8
16,-86.8888888889
17,-87.2222222222
18,-88.0
19,-89.6
20,-90.1
21,-91.0
23,-91.0
24,-91.0
25,-91.0
