frequency,pdr
11,-78.625
12,-81.8888888889
13,-88.0
14,-88.6666666667
15,-80.8
16,-76.8
17,-73.7
18,-73.0
19,-73.0
20,-73.0
21,-74.0
22,-75.0
23,-76.0
24,-78.7
25,-79.0
26,-79.0
