frequency,pdr
11,-82.0
12,-82.0
13,-82.0
14,-82.0
15,-82.0
16,-82.0
17,-82.2222222222
18,-84.0
19,-84.8888888889
20,-84.7
21,-85.0
22,-85.3
23,-86.3
24,-88.0
25,-90.2
26,-91.0
