frequency,pdr
11,-85.6
12,-84.0909090909
13,-83.9
14,-85.6
15,-90.1
16,-91.0
17,-91.0
18,-91.0
19,-91.0
20,-90.6666666667
21,-91.0
22,-91.0
23,-89.0
24,-87.1
25,-89.5
26,-89.9
