frequency,pdr
11,-70.0
12,-74.7777777778
13,-74.7
14,-67.0
15,-67.0
16,-67.0
17,-72.3
18,-78.6
19,-71.0
20,-76.2
21,-79.7142857143
22,-78.6666666667
23,-79.0
24,-72.2
25,-70.0
26,-70.2
