frequency,pdr
11,-90.3333333333
12,-90.5555555556
13,-91.0
15,-91.0
16,-90.0
17,-90.0
18,-89.8
19,-90.4
20,-89.1
21,-89.0
22,-88.6666666667
23,-91.0
24,-91.0
25,-91.0
