frequency,pdr
11,-89.75
12,-90.2222222222
13,-89.8888888889
14,-91.0
15,-89.6
16,-89.1
17,-90.7
18,-91.0
19,-91.0
20,-91.0
21,-91.0
