frequency,pdr
11,-79.0
12,-91.0
13,-81.6
14,-76.0
15,-75.2
16,-73.375
17,-72.3
18,-71.3333333333
19,-70.0
20,-70.0
21,-72.8571428571
22,-74.0
23,-75.0
24,-80.9090909091
25,-76.0
26,-73.4
