frequency,pdr
11,-66.9
12,-64.8888888889
13,-67.4444444444
14,-78.2
15,-72.3
16,-67.0
17,-67.0
18,-68.3
19,-70.0
20,-70.0
21,-71.125
22,-72.0
23,-64.0
24,-63.5
25,-64.0
26,-67.0
