frequency,pdr
11,-76.0
12,-73.6666666667
13,-70.0
14,-67.0
15,-67.0
16,-64.9
17,-66.8
18,-69.8
19,-67.0
20,-67.1
21,-68.75
22,-74.5555555556
23,-75.2857142857
24,-80.6
25,-79.0
26,-82.2
