frequency,pdr
11,-86.4444444444
12,-87.5
13,-90.0
14,-90.0
15,-91.0
17,-91.0
18,-91.0
19,-91.0
20,-91.0
21,-90.8
22,-88.1666666667
23,-90.0
24,-90.0
25,-91.0
26,-91.0
