frequency,pdr
11,-61.0
12,-71.5555555556
13,-71.1
14,-63.3333333333
15,-62.1
16,-58.0
17,-59.0
18,-58.0
19,-68.0
20,-57.3
21,-67.5
22,-64.0
23,-70.1
24,-67.6
25,-66.6
26,-65.2
