frequency,pdr
11,-55.6
12,-55.0
13,-68.2727272727
14,-56.4444444444
15,-54.8
16,-58.5
17,-61.2
18,-64.4
19,-55.0
20,-58.5
21,-56.4
22,-58.9
23,-58.3
24,-65.1
25,-67.5
26,-73.7
