frequency,pdr
11,-70.3333333333
12,-66.4444444444
13,-64.2
14,-59.8888888889
15,-55.0
16,-59.0
17,-66.0
18,-62.2
19,-58.0
20,-66.6
21,-61.0
22,-66.4
23,-61.0
24,-58.4
25,-56.9
26,-64.9
