frequency,pdr
11,-58.2
12,-71.4444444444
13,-65.0
14,-58.1111111111
15,-62.5
16,-64.4
17,-67.0
18,-63.0
19,-62.6
20,-56.8
21,-54.8
22,-61.0
23,-60.9
24,-67.0
25,-58.1
26,-67.5
