frequency,pdr
11,-62.6666666667
12,-60.9090909091
13,-71.1
14,-58.0
15,-60.1
16,-58.0
17,-61.0
18,-55.0
19,-61.0
20,-64.0
21,-55.0
22,-55.0
23,-71.6666666667
24,-61.0
25,-63.0
26,-57.8
