frequency,pdr
11,-54.8
12,-55.3333333333
13,-60.6
14,-65.7777777778
15,-53.2
16,-58.0
17,-55.0
18,-54.9
19,-56.6
20,-60.1
21,-52.0
22,-49.2
23,-55.0
24,-66.2
25,-67.0
26,-67.0
