frequency,pdr
11,-67.0
12,-68.3333333333
13,-60.9
14,-71.8888888889
15,-63.3
16,-61.0
17,-56.2
18,-72.9
19,-60.9
20,-62.4
21,-57.9
22,-64.0
23,-59.1
24,-61.1
25,-64.8
26,-66.0
