frequency,pdr
11,-58.0
12,-58.9
13,-69.8181818182
14,-69.4444444444
15,-75.7
16,-61.0
17,-58.4
18,-59.8
19,-61.9
20,-67.5
21,-65.5
22,-58.0
23,-61.0
24,-64.0
25,-65.9
26,-68.6
