frequency,pdr
11,-58.9
12,-57.8888888889
13,-50.2
14,-54.6666666667
15,-57.1
16,-55.0
17,-49.0
18,-58.6
19,-47.4
20,-65.8
21,-49.0
22,-46.6
23,-51.7
24,-49.0
25,-49.0
26,-64.8
