frequency,pdr
11,-66.1111111111
12,-58.4444444444
13,-67.0
14,-62.3333333333
15,-66.2
16,-62.4
17,-65.4
18,-66.6
19,-64.2
20,-61.0
21,-65.0
22,-73.8
23,-67.7
24,-59.5
25,-58.8
26,-67.0
