frequency,pdr
11,-68.5555555556
12,-56.6666666667
13,-49.0
14,-49.4
15,-46.1
16,-46.0
17,-56.5
18,-55.0
19,-50.1
20,-50.6
21,-52.5
22,-50.7
23,-53.5
24,-49.0
25,-49.0
26,-50.9
