frequency,pdr
11,-54.9
12,-71.0
13,-59.4444444444
14,-49.8888888889
15,-49.0
16,-51.3
17,-53.9
18,-58.0
19,-51.1
20,-52.0
21,-57.6
22,-58.3
23,-64.3
24,-59.7
25,-52.0
26,-50.4
