frequency,pdr
11,-52.9
12,-54.3333333333
13,-52.0
14,-53.5555555556
15,-59.4
16,-61.5
17,-58.5
18,-71.7
19,-58.8
20,-61.5
21,-55.0
22,-52.0
23,-51.1
24,-52.0
25,-53.9
26,-61.6
