frequency,pdr
11,-58.2
12,-55.4444444444
13,-53.0
14,-62.5555555556
15,-53.8
16,-64.3
17,-56.7
18,-52.9
19,-54.6
20,-49.0
21,-49.0
22,-55.1
23,-48.3
24,-49.0
25,-49.6
26,-57.1
