frequency,pdr
11,-61.0
12,-73.2222222222
13,-57.7
14,-66.7777777778
15,-64.7
16,-61.5
17,-60.5
18,-70.0
19,-61.8
20,-60.0
21,-64.5
22,-67.0
23,-61.0
24,-64.0
25,-64.4
26,-63.3
