frequency,pdr
11,-49.0
12,-46.0
13,-46.2
14,-49.6666666667
15,-55.0
16,-52.4
17,-51.8
18,-50.1
19,-59.1
20,-61.3
21,-48.4
22,-56.7
23,-60.4545454545
24,-56.1
25,-46.0
26,-51.7
