frequency,pdr
11,-72.0
12,-73.3333333333
13,-60.0
14,-59.3333333333
15,-54.8
16,-57.9
17,-55.0
18,-64.0
19,-55.0
20,-55.0
21,-65.6
22,-55.0
23,-64.0
24,-61.0
25,-55.0
26,-58.1
