frequency,pdr
11,-47.8
12,-43.0
13,-51.5555555556
14,-56.7777777778
15,-48.2
16,-47.4
17,-61.3
18,-48.0
19,-52.0
20,-60.1
21,-50.0
22,-48.7
23,-51.4
24,-52.0
25,-53.0
26,-52.0
