frequency,pdr
11,-60.3
12,-56.5555555556
13,-55.1
14,-54.7777777778
15,-58.0
16,-60.1
17,-57.8
18,-55.0
19,-53.2
20,-53.1
21,-58.0
22,-61.0
23,-49.0
24,-55.0
25,-55.0
26,-58.0
