frequency,pdr
11,-67.0
12,-56.8888888889
13,-56.0
14,-64.3333333333
15,-56.3
16,-53.0
17,-50.4
18,-52.7
19,-47.6
20,-47.9
21,-52.4
22,-55.0
23,-55.0
24,-49.0
25,-51.7
26,-63.4
