frequency,pdr
11,-59.1
12,-52.0
13,-70.6666666667
14,-53.2222222222
15,-51.6
16,-57.1
17,-58.0
18,-62.3
19,-75.9
20,-61.6
21,-61.0
22,-55.0
23,-61.9
24,-66.3
25,-65.5
26,-55.0
