frequency,pdr
11,-65.4
12,-69.3333333333
13,-67.8
14,-62.5555555556
15,-67.0
16,-61.0
17,-68.1
18,-67.7
19,-65.8
20,-70.0
21,-68.0
22,-62.8
23,-67.0
24,-67.0
25,-60.3
26,-60.7
