frequency,pdr
11,-54.8
12,-51.5555555556
13,-50.8
14,-52.6666666667
15,-54.8
16,-47.7
17,-57.6
18,-52.7
19,-50.4
20,-48.7
21,-49.0
22,-53.9
23,-54.1
24,-60.8
25,-56.9
26,-55.0
