frequency,pdr
11,-53.0
12,-50.0
13,-62.8888888889
14,-56.4444444444
15,-46.0
16,-55.0
17,-58.6
18,-46.1
19,-52.0
20,-58.0
21,-51.9
22,-51.6
23,-56.6
24,-49.9
25,-53.4
26,-55.0
