frequency,pdr
11,-56.1
12,-61.2
13,-67.3333333333
14,-71.4444444444
15,-59.4
16,-64.0
17,-58.5
18,-62.8
19,-60.0
20,-55.8
21,-54.4
22,-54.0
23,-54.3
24,-62.7
25,-57.1
26,-64.4
