frequency,pdr
11,-57.7142857143
12,-64.125
13,-60.875
14,-55.3
15,-55.0
16,-55.0
17,-55.0
18,-55.2222222222
19,-55.0
20,-57.8
21,-61.2
22,-64.4
23,-72.8
24,-61.1
25,-58.0
26,-60.3
