frequency,pdr
11,-65.6666666667
12,-71.0
13,-77.375
14,-62.5
15,-58.0
16,-63.2222222222
17,-77.2
18,-60.8888888889
19,-54.9
20,-55.0
21,-59.0
22,-55.0
23,-60.5
24,-61.4
25,-55.0
26,-54.0
