frequency,pdr
11,-64.0
12,-67.0
13,-75.5555555556
14,-68.0
15,-64.0
16,-64.0
17,-73.9
18,-74.2222222222
19,-70.0
20,-69.4
21,-78.3
22,-79.6
23,-68.9
24,-65.1
25,-67.0
26,-68.8
