frequency,pdr
11,-78.0
12,-74.375
13,-72.8888888889
14,-72.8
15,-67.0
16,-68.5555555556
17,-69.9
18,-74.8888888889
19,-79.625
20,-67.0
21,-64.0
22,-64.0
23,-64.0
24,-61.0
25,-60.8
26,-61.0
