frequency,pdr
11,-53.2857142857
12,-67.5555555556
13,-53.5555555556
14,-49.0
15,-48.3
16,-48.0
17,-49.0
18,-51.9
19,-62.4444444444
20,-55.0
21,-49.0
22,-46.0
23,-46.0
24,-51.2
25,-56.0
26,-61.0
