frequency,pdr
11,-69.8333333333
12,-67.0
13,-63.0
14,-60.9
15,-61.0
16,-68.7777777778
17,-64.0
18,-67.0
19,-64.0
20,-60.9
21,-56.5
22,-60.2
23,-60.0
24,-59.0
25,-55.2
26,-56.1
