frequency,pdr
11,-55.0
12,-53.2222222222
13,-54.8888888889
14,-58.0
15,-61.0
16,-58.0
17,-55.9
18,-58.0
19,-58.0
20,-55.0
21,-58.0
22,-54.9
23,-53.4
24,-55.0
25,-55.0
26,-55.1
