frequency,pdr
11,-71.5454545455
12,-67.0
13,-63.9
14,-66.0
15,-69.4
16,-75.6
17,-72.0
18,-73.0
19,-73.2857142857
20,-67.0
21,-63.3
22,-62.3
23,-61.0
24,-61.0
25,-61.0
26,-61.0
