frequency,pdr
11,-67.0
12,-67.0
13,-69.8888888889
14,-70.0
15,-73.0
16,-83.7777777778
17,-70.0
18,-67.0
19,-67.0
20,-63.4
21,-62.0
22,-64.0
23,-67.3
24,-74.4
25,-74.8
26,-67.0
