frequency,pdr
11,-46.0
12,-50.1111111111
13,-54.0
14,-52.0
15,-55.0
16,-64.4444444444
17,-60.8
18,-55.0
19,-58.0
20,-63.1
21,-67.0
22,-70.0
23,-67.0
24,-55.9
25,-52.0
26,-52.0
