frequency,pdr
11,-74.875
12,-66.25
13,-63.4
14,-67.0
15,-67.3
16,-62.4444444444
17,-64.0
18,-76.8888888889
19,-72.8888888889
20,-67.9
21,-70.0
22,-73.5
23,-71.7
24,-68.9
25,-66.8
26,-64.0
