frequency,pdr
11,-58.1666666667
12,-56.0
13,-57.9
14,-57.8
15,-60.1
16,-62.1111111111
17,-58.0
18,-56.4
19,-55.1
20,-57.0
21,-60.4
22,-59.0
23,-58.5
24,-58.0
25,-56.0
26,-58.0
