frequency,pdr
11,-55.4285714286
12,-55.0
13,-52.0
14,-54.3333333333
15,-55.0
16,-55.0
17,-55.0
18,-54.9
19,-57.375
20,-55.0
21,-52.9
22,-52.7
23,-55.0
24,-61.0
25,-63.5
26,-64.9
