frequency,pdr
11,-64.0
12,-64.0
13,-63.3333333333
14,-58.0
15,-60.0
16,-59.7777777778
17,-65.1
18,-70.0
19,-75.4285714286
20,-80.0
21,-64.4
22,-58.0
23,-55.7
24,-58.1
25,-64.6
26,-63.0
