frequency,pdr
11,-60.4444444444
12,-66.0
13,-65.7777777778
14,-69.3
15,-71.7142857143
16,-61.5555555556
17,-66.5
18,-69.3333333333
19,-67.7142857143
20,-57.7
21,-55.0
22,-60.5
23,-65.4
24,-73.3
25,-67.0
26,-66.3
