frequency,pdr
11,-69.875
12,-70.0
13,-66.8571428571
14,-68.2857142857
15,-71.2857142857
16,-61.0
17,-60.1
18,-67.0
19,-70.875
20,-70.5
21,-60.1
22,-55.4
23,-58.0
24,-58.6
25,-59.2
26,-58.9
