frequency,pdr
11,-88.7
12,-78.9
13,-73.0
14,-72.0
15,-72.2
16,-72.0
17,-71.0
18,-72.0
19,-73.0
20,-77.0
21,-83.5714285714
23,-79.7777777778
24,-79.0
25,-77.0
26,-75.0
