frequency,pdr
11,-70.9
12,-70.0
13,-72.9
14,-70.0
15,-67.0
16,-67.0
17,-66.5
18,-67.0
19,-70.0
20,-73.0
21,-75.9
22,-74.8571428571
23,-70.3333333333
24,-67.2
25,-67.0
26,-67.0
