frequency,pdr
11,-88.4
12,-88.7777777778
13,-90.0
14,-90.8888888889
15,-91.0
16,-91.0
17,-91.0
18,-91.0
19,-89.9
20,-88.0
21,-87.1
23,-88.2727272727
24,-88.0
25,-89.1
26,-91.0
