frequency,pdr
11,-83.5714285714
12,-86.375
13,-91.0
14,-90.3333333333
15,-84.0
16,-82.0
17,-81.1
18,-80.0
19,-81.1
20,-84.0
21,-88.0
23,-85.8
24,-83.0
25,-82.0
26,-82.0
