frequency,pdr
11,-82.3
12,-82.2
13,-84.0
14,-85.1
15,-85.5
16,-85.9
17,-86.0
18,-84.3333333333
19,-85.0
20,-87.0
21,-88.0
22,-85.6666666667
23,-86.0
24,-86.0
25,-86.0
26,-85.0
