frequency,pdr
11,-71.1
12,-70.0
13,-74.7
14,-71.7
15,-70.0
16,-71.9
17,-75.7777777778
18,-78.8888888889
19,-81.8
20,-82.0
21,-87.1111111111
22,-85.0
23,-76.0
24,-70.9
25,-73.2
26,-73.0
