frequency,pdr
11,-91.0
12,-90.4444444444
13,-90.7777777778
14,-89.2
15,-89.1
16,-89.0
17,-91.0
20,-91.0
21,-90.9
22,-89.9
23,-91.0
24,-91.0
25,-91.0
26,-90.9
