frequency,pdr
11,-83.8
12,-84.3333333333
13,-84.5
14,-83.7
15,-84.8
16,-84.9
17,-85.0
18,-85.8
19,-88.4
20,-88.7
21,-90.9
22,-89.3333333333
23,-91.0
24,-91.0
25,-91.0
26,-90.9
