frequency,pdr
11,-72.9
12,-67.5555555556
13,-66.8
14,-64.0
15,-61.0
16,-61.0
17,-63.0
18,-62.0
19,-64.0
20,-66.2
21,-68.75
22,-85.8571428571
23,-70.8571428571
24,-67.1
25,-67.0
26,-67.8
