frequency,pdr
11,-70.0
12,-69.9
13,-68.0
14,-71.3
15,-71.5
16,-75.9
17,-74.7
18,-80.3
19,-87.5555555556
20,-83.9
21,-83.875
22,-82.1
23,-82.8571428571
24,-79.0
25,-81.8
26,-77.7
