frequency,pdr
11,-88.1111111111
12,-90.3333333333
13,-88.0
14,-87.0
15,-89.0
16,-91.0
17,-91.0
18,-91.0
19,-91.0
20,-90.0
21,-91.0
23,-91.0
24,-91.0
25,-91.0
26,-91.0
