frequency,pdr
11,-90.4
12,-90.5
13,-91.0
15,-91.0
16,-91.0
17,-91.0
18,-91.0
19,-90.0
20,-89.3
21,-89.3
22,-87.8571428571
23,-89.4444444444
24,-89.3
25,-90.0
26,-91.0
