frequency,pdr
13,-91.0
14,-91.0
15,-91.0
16,-91.0
17,-89.0
18,-86.0
19,-85.0
20,-85.0
21,-85.6666666667
22,-86.0
23,-88.5714285714
24,-88.8
25,-88.8
26,-88.2
