frequency,pdr
11,-89.1
12,-90.8888888889
13,-91.0
14,-88.9
15,-87.0
16,-85.9
17,-85.4
18,-86.6666666667
19,-89.0
20,-87.7
21,-87.4444444444
22,-86.25
23,-88.75
24,-90.0
25,-91.0
26,-91.0
