frequency,pdr
11,-84.3
12,-87.8
15,-91.0
16,-89.2
17,-85.9
18,-85.0
19,-88.9
20,-91.0
21,-91.0
23,-89.3333333333
24,-88.4285714286
25,-85.9
26,-80.9
