frequency,pdr
11,-89.8
12,-89.1111111111
13,-90.7142857143
14,-90.9
15,-91.0
21,-91.0
23,-91.0
24,-91.0
25,-91.0
26,-91.0
