frequency,pdr
11,-61.0
12,-63.0
13,-62.2222222222
14,-55.1
15,-58.0
16,-59.0
17,-62.2
18,-62.0
19,-67.3
20,-67.0
21,-71.4
22,-79.75
23,-69.3
24,-60.7
25,-62.3333333333
26,-65.6
