frequency,pdr
11,-73.4444444444
12,-62.9
13,-64.0
14,-61.2
15,-68.9
16,-67.0
17,-60.6
18,-63.2
19,-66.9
20,-62.1
21,-73.7
22,-58.2
23,-76.7777777778
24,-67.0
25,-67.4444444444
26,-71.4
