frequency,pdr
11,-78.1111111111
12,-55.0
13,-59.3333333333
14,-61.9
15,-58.0
16,-67.0
17,-56.2
18,-58.3
19,-60.6
20,-66.7
21,-67.0
22,-68.0
23,-66.0
24,-56.4
25,-70.2222222222
26,-61.8
