frequency,pdr
11,-65.7
12,-75.0
13,-59.2222222222
14,-59.8
15,-62.8
16,-54.6
17,-52.8
18,-51.0
19,-51.9
20,-57.1
21,-52.0
22,-67.5
23,-60.3636363636
24,-66.6
25,-67.0
26,-58.0
