frequency,pdr
11,-66.8888888889
12,-71.6
13,-65.1111111111
14,-65.0
15,-65.5
16,-63.5
17,-65.0
18,-63.0
19,-61.0
20,-59.6
21,-67.0
22,-64.0
23,-71.5
24,-62.0
25,-70.3333333333
26,-65.4
