frequency,pdr
11,-59.5
12,-62.0
13,-62.7777777778
14,-71.8
15,-64.0
16,-56.6
17,-58.0
18,-53.0
19,-62.5
20,-55.0
21,-55.0
22,-56.8
23,-65.0
24,-55.6
25,-63.2222222222
26,-57.0
