frequency,pdr
11,-60.8181818182
12,-57.9
13,-55.1111111111
14,-55.0
15,-55.0
16,-55.0
17,-77.4
18,-63.6
19,-58.0
20,-63.6
21,-61.1
22,-58.9
23,-63.1
24,-70.0
25,-65.8
26,-61.0
