frequency,pdr
11,-67.0
12,-60.5555555556
13,-55.2
14,-59.5
15,-69.1
16,-71.1
17,-61.0
18,-69.6
19,-67.0
20,-64.3
21,-73.3
22,-62.5
23,-64.0
24,-69.5
25,-72.5555555556
26,-63.0
