frequency,pdr
11,-58.0
12,-60.6666666667
13,-52.6666666667
14,-50.4
15,-60.7
16,-57.0
17,-58.1
18,-63.5
19,-74.4
20,-61.9
21,-57.3
22,-64.8
23,-55.0
24,-55.5
25,-61.0
26,-58.0
