frequency,pdr
11,-71.4444444444
12,-78.2
13,-62.5555555556
14,-75.0
15,-60.6
16,-61.5
17,-64.4
18,-59.8
19,-58.0
20,-58.0
21,-64.7
22,-59.8
23,-65.1
24,-62.2
25,-64.1
26,-64.7
