frequency,pdr
11,-64.0
12,-58.8888888889
13,-58.6
14,-66.4
15,-60.6
16,-65.5
17,-58.5
18,-63.8
19,-58.7
20,-72.5
21,-61.2
22,-62.8
23,-67.9
24,-65.2
25,-65.4444444444
26,-59.8
