frequency,pdr
11,-63.9
12,-60.8181818182
13,-66.6363636364
14,-64.0
15,-67.0
16,-66.5
17,-66.4
18,-67.0
19,-68.5
20,-67.0
21,-58.0
22,-72.6363636364
23,-67.0
24,-67.0
25,-64.0
26,-69.8
