frequency,pdr
11,-60.9
12,-58.2222222222
13,-57.4
14,-58.0
15,-59.0
16,-61.4
17,-72.5
18,-75.0
19,-60.1
20,-58.0
21,-59.0
22,-52.0
23,-59.5
24,-58.6
25,-59.8888888889
26,-64.0
