frequency,pdr
11,-64.1
12,-64.0
13,-61.0
14,-72.1
15,-64.0
16,-69.9
17,-72.9
18,-70.0
19,-77.0
20,-65.0
21,-60.8
22,-81.4444444444
23,-63.9
24,-67.0
25,-69.2222222222
26,-62.2
