frequency,pdr
11,-69.4444444444
12,-62.5
13,-66.7777777778
14,-61.1
15,-57.7
16,-53.1
17,-55.0
18,-56.4
19,-65.3
20,-59.4
21,-61.0
22,-59.0
23,-58.0
24,-55.0
25,-57.0
26,-61.5
