frequency,pdr
11,-63.0
12,-63.3333333333
13,-58.8888888889
14,-67.0
15,-58.1
16,-71.4
17,-67.2
18,-64.0
19,-75.2
20,-67.7
21,-60.2
22,-76.4
23,-67.0
24,-55.0
25,-70.1
26,-63.2
