frequency,pdr
11,-77.4444444444
12,-67.2222222222
13,-60.2
14,-61.3
15,-61.0
16,-64.7
17,-72.6
18,-61.9
19,-63.5
20,-61.0
21,-66.9
22,-69.5
23,-65.0
24,-63.4545454545
25,-60.7
26,-62.5
