frequency,pdr
11,-69.4
12,-61.0
13,-57.9090909091
14,-66.7
15,-60.3
16,-57.6
17,-62.1
18,-58.0
19,-55.0
20,-62.6
21,-55.0
22,-67.0
23,-71.5
24,-60.0
25,-64.8888888889
26,-60.9
