frequency,pdr
11,-60.9
12,-68.6666666667
13,-61.0
14,-60.4
15,-61.6
16,-64.5
17,-59.0
18,-55.2
19,-69.9
20,-67.0
21,-63.1
22,-65.1
23,-70.0
24,-67.0
25,-62.4444444444
26,-66.5
