frequency,pdr
11,-61.0
12,-67.0
13,-63.1111111111
14,-62.3
15,-63.5
16,-61.0
17,-66.8
18,-61.8
19,-67.0
20,-58.3
21,-61.0
22,-55.0
23,-73.0
24,-67.0
25,-63.7777777778
26,-66.3
