frequency,pdr
11,-60.7
12,-63.2
13,-62.8888888889
14,-61.6666666667
15,-63.1
16,-60.0
17,-55.0
18,-60.9
19,-59.0
20,-59.6
21,-61.0
22,-76.6666666667
23,-64.3
24,-63.6
25,-61.0
26,-61.0
