frequency,pdr
11,-67.7272727273
12,-65.1111111111
13,-58.5
14,-60.8
15,-55.0
16,-53.4
17,-55.0
18,-60.1
19,-68.0
20,-60.2
21,-67.0
22,-60.8
23,-62.0
24,-59.7
25,-65.0
26,-65.5
