frequency,pdr
11,-73.1
12,-70.8888888889
13,-68.7777777778
14,-67.0
15,-78.1
16,-67.0
17,-74.9
18,-70.0
19,-67.0
20,-78.3
21,-62.0
22,-68.4
23,-67.4
24,-70.3
25,-67.0
26,-64.2
