frequency,pdr
11,-60.9
12,-66.4444444444
13,-53.0
14,-59.0
15,-62.2
16,-60.4
17,-67.0
18,-56.8
19,-61.6
20,-64.3
21,-66.7
22,-71.9
23,-60.3
24,-59.4
25,-58.6666666667
26,-64.0
