frequency,pdr
11,-67.8
12,-60.8
13,-65.6666666667
14,-72.0
15,-63.0
16,-79.0
17,-65.0
18,-64.0
19,-59.5
20,-74.3
21,-67.0
22,-64.1
23,-77.4
24,-65.2
25,-69.7777777778
26,-67.1
