frequency,pdr
11,-72.0
12,-67.1111111111
13,-58.0
14,-60.0
15,-62.3
16,-62.9
17,-65.3
18,-61.0
19,-64.0
20,-64.8
21,-61.0
22,-60.5
23,-69.7
24,-64.0
25,-62.5555555556
26,-61.0
