frequency,pdr
11,-54.9
12,-62.6363636364
13,-58.0
14,-66.0
15,-56.8
16,-64.5
17,-56.4
18,-67.0
19,-52.6
20,-54.9
21,-56.2
22,-61.0
23,-55.0
24,-66.5
25,-62.7777777778
26,-70.0
