frequency,pdr
11,-60.9
12,-66.1111111111
13,-60.7777777778
14,-59.2
15,-64.0
16,-64.0
17,-61.0
18,-68.9
19,-58.0
20,-60.4
21,-67.0
22,-70.0
23,-67.0
24,-64.0
25,-58.0
26,-58.1
