frequency,pdr
11,-72.8888888889
12,-73.2222222222
13,-69.5555555556
14,-67.0
15,-73.6
16,-72.4
17,-69.1
18,-62.0
19,-64.8
20,-68.2
21,-67.0
22,-72.4
23,-64.9
24,-62.8
25,-61.0
26,-65.4
