frequency,pdr
11,-67.3333333333
12,-65.6666666667
13,-67.0
14,-65.4
15,-66.0
16,-65.6
17,-65.9
18,-67.0
19,-67.0
20,-64.6
21,-77.5
22,-66.3
23,-61.2
24,-68.2
25,-62.0
26,-73.2
