frequency,pdr
11,-73.3333333333
12,-54.2222222222
13,-59.2222222222
14,-73.7
15,-72.2
16,-69.0
17,-58.0
18,-61.0
19,-61.0
20,-57.7
21,-61.0
22,-64.6
23,-70.2
24,-62.5
25,-60.8888888889
26,-58.8
