frequency,pdr
11,-70.5555555556
12,-58.6666666667
13,-70.7777777778
14,-66.0
15,-61.0
16,-69.8
17,-58.8
18,-61.4
19,-72.4
20,-58.0
21,-74.8
22,-61.0
23,-67.6
24,-80.1
25,-60.3
26,-67.0
