frequency,pdr
11,-59.7
12,-59.1
13,-57.8888888889
14,-59.3
15,-61.1
16,-58.9
17,-55.7
18,-55.6
19,-52.2
20,-55.4
21,-55.0
22,-55.0
23,-58.0
24,-53.1
25,-54.3333333333
26,-54.0
