frequency,pdr
11,-73.4444444444
12,-66.7
13,-58.3333333333
14,-60.9
15,-61.0
16,-76.2
17,-74.1
18,-67.0
19,-67.0
20,-68.9
21,-67.0
22,-64.4
23,-70.7
24,-63.3
25,-68.4
26,-70.0
