frequency,pdr
11,-49.0
12,-58.3333333333
13,-62.2222222222
14,-55.0
15,-62.4
16,-53.0
17,-55.0
18,-49.0
19,-55.0
20,-55.0
21,-62.3
22,-59.5
23,-55.4
24,-55.0
25,-53.4
26,-58.0
