frequency,pdr
11,-68.2222222222
12,-67.3333333333
13,-63.3333333333
14,-63.7
15,-61.0
16,-69.1
17,-67.0
18,-56.4
19,-56.5
20,-55.0
21,-66.0
22,-62.0
23,-55.0
24,-61.7
25,-74.2222222222
26,-67.0
