frequency,pdr
11,-69.5555555556
12,-60.2222222222
13,-69.8888888889
14,-64.0
15,-67.4
16,-64.0
17,-63.6
18,-77.7
19,-69.5
20,-73.2
21,-62.9
22,-63.0
23,-61.0
24,-61.0
25,-61.0
26,-72.4
