frequency,pdr
11,-67.5555555556
12,-71.9
13,-58.875
14,-70.0
15,-65.3
16,-59.8
17,-67.0
18,-76.8
19,-67.0
20,-66.9
21,-64.5
22,-76.8
23,-67.0
24,-67.0
25,-60.6666666667
26,-66.2
