frequency,pdr
11,-54.9
12,-58.1111111111
13,-59.7777777778
14,-52.2
15,-64.1
16,-55.0
17,-54.4
18,-55.0
19,-55.0
20,-60.8
21,-52.0
22,-54.9
23,-55.0
24,-60.4
25,-57.8
26,-61.0
