frequency,pdr
11,-60.5
12,-66.8888888889
13,-57.9
14,-57.3
15,-62.4
16,-68.8
17,-71.7
18,-64.0
19,-58.3
20,-58.0
21,-61.9
22,-61.0
23,-67.0
24,-64.0
25,-68.7777777778
26,-62.3
