frequency,pdr
11,-67.6666666667
12,-63.5555555556
13,-55.1
14,-60.8
15,-65.3
16,-59.0
17,-66.0
18,-68.3
19,-63.6
20,-68.0
21,-65.7
22,-65.7
23,-64.5
24,-66.9
25,-64.0
26,-60.1
