frequency,pdr
11,-66.9
12,-58.0
13,-55.8888888889
14,-54.6
15,-64.7
16,-67.9
17,-62.1
18,-55.8
19,-63.7
20,-63.9
21,-61.1
22,-71.8
23,-67.1
24,-67.0
25,-70.5555555556
26,-60.5
