frequency,pdr
11,-48.2
12,-46.0
13,-51.8181818182
14,-46.0
15,-43.0
16,-41.9
17,-42.4545454545
18,-38.1
19,-37.0
20,-36.2
21,-35.2
22,-34.6
23,-34.6
24,-35.8
25,-36.7
26,-37.0
