frequency,pdr
11,-73.1
12,-73.4444444444
13,-73.7142857143
14,-77.7
15,-77.9
16,-75.6
17,-73.2
18,-73.0
19,-73.0
20,-72.5
21,-70.9
22,-70.8
23,-72.5
24,-73.6
25,-75.8
26,-78.0
