frequency,pdr
11,-82.0
12,-79.3333333333
13,-81.3333333333
14,-82.0
15,-82.0
16,-81.0
17,-82.0
18,-81.0
19,-79.0
20,-79.0
21,-79.0
22,-79.0
23,-79.0
24,-78.0
25,-79.0
26,-79.0
