frequency,pdr
11,-85.7
12,-87.875
13,-89.4285714286
14,-88.6
15,-90.9
17,-91.0
18,-90.1111111111
19,-91.0
20,-91.0
21,-91.0
23,-91.0
24,-91.0
25,-91.0
26,-91.0
