frequency,pdr
11,-90.4
12,-89.4444444444
13,-88.6666666667
14,-87.7142857143
15,-89.0
16,-91.0
17,-91.0
18,-90.7
19,-87.0
20,-84.7
21,-86.1
22,-89.0
23,-90.0
24,-91.0
25,-91.0
26,-90.0
