frequency,pdr
11,-79.0
12,-82.6
13,-75.2857142857
14,-69.7777777778
15,-67.0
16,-67.0
17,-67.0
18,-66.7
19,-66.9
20,-67.0
21,-67.0
22,-69.3
23,-70.0
24,-69.8
25,-68.9
26,-68.0
