frequency,pdr
11,-79.0
12,-81.1
13,-90.3333333333
14,-82.0
15,-79.0
16,-79.0
17,-76.0
18,-74.6363636364
19,-70.1
20,-68.8
21,-68.1
22,-70.0
23,-73.4545454545
24,-72.9
25,-72.1
26,-72.3
