frequency,pdr
11,-79.3
12,-81.9
13,-77.8571428571
14,-80.6
15,-76.0
16,-73.0
17,-75.7
18,-79.0
19,-76.2727272727
20,-70.4
21,-69.0
22,-67.0
23,-67.0
24,-67.0
25,-66.9
26,-67.0
