frequency,pdr
11,-83.4444444444
12,-85.7
13,-88.6666666667
14,-91.0
16,-91.0
17,-90.0
18,-87.9
19,-87.9
20,-90.8
21,-89.9
22,-90.25
23,-91.0
24,-91.0
25,-91.0
26,-91.0
