frequency,pdr
11,-90.0
12,-84.8888888889
13,-82.8571428571
14,-83.0
15,-85.0
16,-89.4
17,-91.0
18,-91.0
19,-91.0
20,-89.0
21,-88.0
22,-84.2
23,-83.0
24,-86.3
25,-88.8
26,-89.0
