frequency,pdr
11,-82.0
12,-81.1111111111
13,-81.7
14,-82.0
15,-82.0
16,-83.625
17,-86.8
18,-87.25
19,-88.4444444444
20,-87.1
21,-86.1111111111
22,-84.5
23,-90.0
25,-91.0
