frequency,pdr
11,-83.1
12,-81.8888888889
13,-81.2222222222
14,-82.6
15,-82.0
16,-79.7777777778
17,-79.7
18,-77.8888888889
19,-76.6
20,-76.3
21,-78.9
22,-80.75
23,-82.0
24,-83.1
25,-82.0
26,-82.0
