frequency,pdr
11,-76.0
12,-75.9
13,-73.0
14,-74.6
15,-76.0
16,-77.9
17,-81.1
18,-86.3333333333
19,-91.0
20,-84.0
21,-81.0
22,-82.8888888889
23,-85.5555555556
24,-79.7
25,-76.0
26,-74.3
