frequency,pdr
11,-52.9
12,-58.2222222222
13,-60.4
14,-56.9
15,-58.4444444444
16,-61.9
17,-52.4
18,-59.3
19,-54.1
20,-54.6
21,-58.8
22,-55.0
23,-50.0
24,-54.4
25,-55.0
26,-61.3
