frequency,pdr
11,-49.0
12,-56.5555555556
13,-55.1
14,-55.7
15,-52.4444444444
16,-55.0
17,-52.0
18,-58.0
19,-49.0
20,-51.0
21,-57.5
22,-59.3
23,-55.0
24,-54.0
25,-64.0
26,-56.6
