frequency,pdr
11,-61.6666666667
12,-55.3333333333
13,-46.3
14,-54.3
15,-55.0
16,-46.0
17,-46.8
18,-48.6
19,-59.3
20,-49.0
21,-46.0
22,-49.0
23,-62.4
24,-55.6
25,-59.6
26,-54.5
