frequency,pdr
11,-51.9
12,-62.5555555556
13,-55.0
14,-57.4
15,-51.5555555556
16,-49.8
17,-55.0
18,-59.0
19,-55.0
20,-50.0
21,-65.0
22,-65.2
23,-52.0
24,-52.0
25,-47.9
26,-52.8
