frequency,pdr
11,-70.4444444444
12,-68.3333333333
13,-67.0
14,-76.0
15,-63.3333333333
16,-65.3
17,-65.6
18,-63.6
19,-70.4
20,-66.0
21,-69.1
22,-78.5
23,-72.3
24,-78.4
25,-74.4
26,-66.9
