frequency,pdr
11,-67.3
12,-69.375
13,-69.0
14,-57.2
15,-60.4444444444
16,-67.7
17,-81.9
18,-61.6
19,-55.0
20,-55.4
21,-59.5
22,-64.0
23,-68.7
24,-65.2727272727
25,-67.0
26,-71.3
