frequency,pdr
11,-46.8
12,-43.0
13,-40.0
14,-43.0
15,-50.8888888889
16,-57.4545454545
17,-46.0
18,-43.0
19,-39.6
20,-42.4
21,-40.0
22,-43.0
23,-43.6
24,-46.0
25,-45.1
26,-43.1
