frequency,pdr
11,-58.0
12,-62.6666666667
13,-55.4
14,-51.6
15,-55.3333333333
16,-55.0
17,-58.0
18,-55.6
19,-51.5
20,-56.9
21,-51.2
22,-50.9
23,-50.8
24,-55.0
25,-55.0
26,-62.7
