frequency,pdr
11,-64.1111111111
12,-58.0
13,-59.9
14,-51.2
15,-62.3333333333
16,-50.0
17,-51.4
18,-53.4
19,-54.1
20,-50.0
21,-51.9
22,-66.8
23,-51.9
24,-54.1
25,-55.0
26,-47.3
