frequency,pdr
11,-55.0
12,-55.0
13,-65.4285714286
14,-49.0
15,-51.6666666667
16,-53.2
17,-52.8
18,-61.3
19,-65.5
20,-48.8
21,-53.1
22,-47.9
23,-66.9
24,-60.0
25,-57.1
26,-64.2
