frequency,pdr
11,-71.2222222222
12,-67.2222222222
13,-58.3
14,-61.0
15,-64.9
16,-62.3
17,-64.0
18,-64.0
19,-67.0
20,-64.2
21,-65.9
22,-61.1
23,-62.6
24,-64.0
25,-67.0
26,-63.4
