frequency,pdr
11,-50.5
12,-57.2222222222
13,-58.0
14,-69.2
15,-66.6
16,-56.2
17,-50.5
18,-52.0
19,-54.7
20,-68.1666666667
21,-68.1111111111
22,-58.8
23,-49.0
24,-55.0
25,-52.5
26,-55.5
