frequency,pdr
11,-67.0
12,-72.1111111111
13,-65.6
14,-58.9
15,-66.7777777778
16,-75.5
17,-69.2
18,-67.0
19,-77.2
20,-61.7
21,-67.0
22,-58.0
23,-58.4
24,-63.7
25,-60.9
26,-61.0
