frequency,pdr
11,-69.6
12,-66.7777777778
13,-60.5
14,-66.7
15,-75.0
16,-58.0
17,-59.7
18,-68.8
19,-80.5454545455
20,-63.1
21,-61.0
22,-65.7
23,-70.4
24,-67.9
25,-73.9
26,-64.9
