frequency,pdr
11,-64.6
12,-67.8888888889
13,-59.0
14,-68.3
15,-68.8888888889
16,-65.2
17,-67.0
18,-58.0
19,-61.0
20,-65.2
21,-56.2
22,-61.0
23,-66.7
24,-69.0
25,-66.0
26,-61.0
