frequency,pdr
11,-60.7
12,-52.5555555556
13,-52.0
14,-51.0
15,-55.5555555556
16,-56.7
17,-57.3
18,-56.9
19,-55.7
20,-59.1
21,-58.0
22,-55.0
23,-49.5
24,-55.2
25,-52.0
26,-54.5
