frequency,pdr
11,-43.2
12,-48.3
13,-56.3
14,-43.3
15,-47.8888888889
16,-45.4
17,-46.0
18,-43.0
19,-40.1
20,-43.0
21,-43.0
22,-43.9
23,-43.4
24,-46.8181818182
25,-44.9
26,-46.7
