frequency,pdr
11,-51.8
12,-51.2222222222
13,-52.0
14,-48.1
15,-58.5555555556
16,-64.6
17,-68.6
18,-70.6
19,-63.7
20,-52.0
21,-56.6
22,-53.6
23,-55.8
24,-54.2
25,-53.5
26,-54.5
