frequency,pdr
11,-55.0
12,-58.125
13,-63.8571428571
14,-49.7
15,-53.2222222222
16,-52.3
17,-47.4
18,-54.7
19,-55.0
20,-62.0
21,-55.4
22,-55.0
23,-51.8
24,-53.5
25,-59.7
26,-54.6
