frequency,pdr
11,-80.5555555556
12,-82.0
13,-84.4285714286
14,-88.625
15,-85.8
16,-81.1
17,-79.0
18,-79.0
19,-79.0
20,-77.6
21,-76.5
22,-77.4
23,-78.0
24,-77.9
25,-78.4
26,-80.3
