frequency,pdr
11,-91.0
12,-91.0
13,-91.0
14,-91.0
15,-91.0
16,-91.0
17,-88.3333333333
18,-87.4444444444
19,-86.7
20,-87.7
21,-89.5
23,-90.2
24,-90.0
25,-91.0
26,-91.0
