frequency,pdr
11,-83.1111111111
12,-84.1111111111
13,-84.125
14,-84.1
15,-85.0
16,-85.3
17,-84.6
18,-86.0
19,-88.8
20,-90.5
21,-91.0
23,-90.875
24,-90.2
25,-91.0
26,-90.6
