frequency,pdr
11,-90.25
12,-90.1111111111
13,-90.0
14,-89.8888888889
15,-89.7
16,-89.5
17,-89.6
18,-90.0
19,-91.0
20,-91.0
21,-91.0
