frequency,pdr
11,-84.5
12,-82.625
13,-82.3333333333
14,-85.0
15,-89.0
16,-89.1
17,-86.1111111111
18,-83.2222222222
19,-85.0
20,-86.0
21,-88.5
22,-90.5
23,-91.0
24,-91.0
25,-91.0
26,-91.0
