frequency,pdr
11,-91.0
12,-85.375
13,-84.3333333333
14,-85.3333333333
15,-85.8
16,-85.0
17,-83.4
18,-82.7
19,-82.0
20,-82.9
21,-84.0
22,-87.0
23,-86.6666666667
24,-85.0
25,-85.0
26,-86.1
