frequency,pdr
11,-83.7
12,-84.9
13,-85.7
14,-89.0
15,-91.0
16,-90.0
17,-88.1
18,-86.3
19,-85.0
20,-85.6363636364
21,-84.9
22,-85.4444444444
23,-86.4444444444
24,-87.7
25,-85.0
26,-83.1
