frequency,pdr
11,-89.0
12,-82.125
13,-80.875
14,-82.0
15,-79.8
16,-79.0
17,-79.0
18,-79.0
19,-79.0
20,-82.7
21,-86.3333333333
22,-89.75
23,-90.8333333333
24,-89.8888888889
25,-89.9
26,-85.0
