frequency,pdr
11,-82.0
12,-81.75
13,-81.0
14,-82.6666666667
15,-83.5
16,-84.7
17,-89.75
18,-91.0
19,-86.0
20,-81.1
21,-79.2857142857
22,-79.4285714286
23,-81.3333333333
24,-81.5555555556
25,-82.0
26,-83.0
