frequency,pdr
11,-81.4444444444
12,-81.375
13,-85.75
14,-91.0
15,-91.0
16,-87.9
17,-85.1
18,-86.2222222222
19,-82.4
20,-80.4
21,-78.9
22,-79.0
23,-78.6666666667
24,-79.0
25,-79.0
26,-80.2
