frequency,pdr
11,-90.1111111111
12,-91.0
13,-90.0
14,-88.6666666667
15,-85.7
16,-85.2
17,-84.8888888889
18,-86.0
19,-91.0
20,-90.5
21,-91.0
24,-91.0
25,-91.0
26,-91.0
