frequency,pdr
11,-91.0
12,-91.0
13,-89.6666666667
14,-85.7
15,-82.9
16,-82.0
17,-82.3333333333
18,-82.875
19,-85.7
21,-91.0
22,-88.1666666667
23,-86.1666666667
24,-86.1
25,-85.7
26,-88.1
