frequency,pdr
11,-76.0
12,-76.0
13,-76.0
14,-78.0
15,-79.0
16,-82.0
17,-84.0
18,-83.5714285714
19,-82.2
20,-82.0
21,-82.0
22,-82.25
23,-83.6666666667
24,-84.6
25,-85.0
26,-87.8
