frequency,pdr
12,-90.8333333333
13,-91.0
14,-89.8
15,-84.8
16,-81.5
17,-79.4285714286
18,-80.2857142857
19,-82.125
20,-84.9
21,-88.2
23,-91.0
24,-91.0
25,-91.0
26,-91.0
