frequency,pdr
11,-89.0
12,-89.4
13,-90.0
14,-89.9
15,-90.3
16,-91.0
17,-90.8
18,-90.4
19,-90.1
20,-89.8
21,-89.6666666667
23,-88.0
24,-88.6666666667
25,-88.9
26,-88.8
