frequency,pdr
11,-79.0
12,-79.0
13,-81.4
14,-80.0
15,-79.0
16,-79.0
17,-79.0
18,-79.2
19,-82.0
20,-85.4
21,-89.0
22,-86.1111111111
23,-83.0
24,-82.0
25,-82.0
26,-83.9090909091
