frequency,pdr
11,-91.0
12,-91.0
13,-89.6
14,-87.4
15,-86.1
16,-87.2
17,-89.2857142857
18,-90.4444444444
19,-91.0
20,-91.0
21,-91.0
23,-88.8888888889
24,-89.9
25,-90.0
26,-89.0
