frequency,pdr
11,-78.0
12,-77.9
13,-79.1666666667
14,-80.1
15,-81.0
16,-80.8888888889
17,-80.2857142857
18,-82.0
19,-82.0
20,-82.0
21,-82.1
23,-86.0
24,-81.9
25,-79.0
26,-79.0
