frequency,pdr
11,-86.0
12,-84.3
13,-84.2
14,-87.0
15,-89.1
16,-86.0
17,-82.0
18,-80.9
19,-80.0
20,-80.0
21,-80.8888888889
22,-81.8888888889
23,-82.0
24,-82.8
25,-84.0
26,-87.1
