frequency,pdr
11,-75.6
12,-75.3
13,-75.7
14,-76.2
15,-78.9
16,-79.0
17,-79.3
18,-80.8
19,-82.0
20,-82.0
21,-82.1
22,-83.3333333333
23,-84.8888888889
24,-86.5
25,-85.4
26,-83.8
