frequency,pdr
11,-88.4
12,-90.7777777778
13,-91.0
14,-88.4
15,-88.7
16,-91.0
17,-91.0
18,-89.6
19,-88.0
20,-91.0
21,-91.0
22,-86.4444444444
23,-82.0
24,-80.5
25,-82.0
26,-82.0
