frequency,pdr
11,-90.3333333333
12,-89.875
13,-88.2
14,-86.3
15,-83.8
16,-83.0
17,-84.0
18,-84.0
19,-84.6
20,-84.4
21,-83.4
22,-83.8571428571
23,-85.0
24,-85.375
25,-87.9
26,-89.1
