frequency,pdr
11,-84.4
12,-84.0
13,-82.2
14,-81.7
15,-81.3
16,-81.4
17,-82.0
18,-82.0
19,-82.2
20,-83.9
21,-86.0
22,-85.7777777778
23,-84.8888888889
24,-83.5
25,-83.5
26,-84.4
