frequency,pdr
11,-86.2
12,-84.8888888889
13,-87.625
14,-89.7
15,-91.0
16,-90.7
17,-90.3333333333
18,-91.0
19,-91.0
20,-89.1
21,-87.5
22,-87.6666666667
23,-89.625
24,-87.2
25,-86.7
26,-86.5
