frequency,pdr
11,-84.6
12,-85.3
13,-88.5
14,-88.9
15,-89.6
16,-91.0
17,-91.0
18,-90.9
19,-88.1
20,-86.0909090909
21,-85.2
22,-85.2857142857
23,-88.0
24,-89.0
25,-87.1
26,-86.2
