frequency,pdr
11,-88.1111111111
12,-91.0
14,-90.2222222222
15,-87.9
16,-87.5
17,-84.7
18,-82.2
19,-81.5
20,-79.0
21,-77.4
22,-78.3
23,-80.9
24,-83.4
25,-84.5
26,-84.3
