frequency,pdr
11,-79.875
12,-82.8888888889
13,-85.6666666667
14,-86.3
15,-87.0
16,-83.8
17,-81.7
18,-79.2
19,-79.0
20,-79.0
21,-79.0
22,-79.6
23,-79.0
24,-79.0
25,-79.7
26,-81.0
