frequency,pdr
11,-65.5
12,-64.0
13,-64.0
14,-65.1666666667
15,-72.7
16,-79.0
17,-70.7777777778
18,-67.0
19,-67.0
20,-67.2
21,-79.1
22,-86.0
23,-85.1
24,-69.5
25,-67.0
26,-65.6
