frequency,pdr
11,-61.0
12,-61.0
13,-58.0
14,-56.8333333333
15,-58.0
16,-60.0
17,-60.8888888889
18,-60.0
19,-61.0
20,-61.0
21,-63.9
22,-63.0
23,-64.0
24,-70.0
25,-68.0
26,-68.5
