frequency,pdr
11,-63.0
12,-64.0
13,-67.0
14,-71.0
15,-82.3
16,-69.7777777778
17,-71.2222222222
18,-67.4
19,-60.9
20,-61.0
21,-64.0
22,-64.3
23,-66.5
24,-70.7
25,-79.6
26,-70.0
