frequency,pdr
11,-64.8888888889
12,-67.0
13,-65.0
14,-63.8333333333
15,-64.0
16,-66.5555555556
17,-70.8
18,-80.3
19,-73.0
20,-70.1
21,-76.0
22,-68.6
23,-68.0
24,-70.0
25,-69.4
26,-64.3
