frequency,pdr
11,-70.0
12,-67.0
13,-67.0
14,-66.3333333333
15,-67.0
16,-70.0
17,-65.6666666667
18,-64.0
19,-64.0
20,-63.7
21,-61.0
22,-61.0
23,-61.0
24,-66.2
25,-66.5
26,-66.4545454545
