frequency,pdr
11,-76.0
12,-73.0
13,-77.375
14,-84.4
15,-74.8
16,-67.8888888889
17,-66.9090909091
18,-67.0
19,-70.0
20,-72.9
21,-67.0
22,-69.5
23,-69.4
24,-67.9
25,-73.0
26,-79.0
