frequency,pdr
11,-60.1111111111
12,-64.4444444444
13,-68.3333333333
14,-69.3333333333
15,-70.0
16,-70.4
17,-71.0
18,-68.6
19,-67.1
20,-67.5
21,-64.0
22,-61.1
23,-61.0
24,-63.6
25,-67.7
26,-70.0
