frequency,pdr
11,-67.0
12,-71.0
13,-81.2222222222
14,-73.0
15,-70.0
16,-72.6666666667
17,-79.0
18,-73.0
19,-70.0
20,-72.2
21,-77.0
22,-85.3333333333
23,-91.0
24,-87.6
25,-78.5
26,-73.0
