frequency,pdr
11,-73.0
12,-68.5555555556
13,-69.875
14,-77.2
15,-83.7
16,-89.0
17,-74.7777777778
18,-73.0
19,-73.0
20,-76.0
21,-73.1
22,-71.0
23,-74.9
24,-76.0
25,-88.7
26,-85.6
