frequency,pdr
11,-71.8888888889
12,-70.0
13,-74.4285714286
14,-77.4
15,-77.8888888889
16,-83.6
17,-79.1111111111
18,-82.0
19,-83.0
20,-80.7777777778
21,-79.0
22,-77.5
23,-75.9
24,-77.0
25,-76.0
26,-77.0
