frequency,pdr
11,-64.0
12,-70.5
13,-67.1111111111
14,-59.0
15,-60.3
16,-60.2222222222
17,-64.0
18,-60.5
19,-59.7
20,-64.4
21,-61.8
22,-61.0
23,-62.9
24,-70.0
25,-67.0
26,-58.8
