frequency,pdr
11,-70.0
12,-67.0
13,-64.0
14,-64.0
15,-64.0
16,-66.1111111111
17,-70.1
18,-76.0
19,-75.0
20,-69.0
21,-70.0
22,-74.6666666667
23,-73.0
24,-73.0
25,-70.0
26,-70.0909090909
