frequency,pdr
11,-61.0
12,-61.0
13,-62.7777777778
14,-64.0
15,-63.3
16,-58.2222222222
17,-60.6666666667
18,-66.6
19,-67.7
20,-64.0
21,-64.1
22,-64.0
23,-64.0
24,-68.3
25,-71.2
26,-67.4
