frequency,pdr
11,-67.6666666667
12,-67.125
13,-67.0
14,-67.0
15,-74.3
16,-72.3333333333
17,-70.0
18,-68.0
19,-66.0
20,-64.0
21,-65.0
22,-64.1
23,-67.0
24,-67.0
25,-68.0
26,-73.0
