frequency,pdr
11,-79.0
12,-76.25
13,-70.6666666667
14,-67.4
15,-67.5
16,-67.1111111111
17,-67.0
18,-67.0
19,-70.0
20,-70.0
21,-71.1
22,-74.6
23,-74.9
24,-77.3
25,-79.0
26,-80.5
