frequency,pdr
11,-63.375
12,-59.8888888889
13,-56.2222222222
14,-60.8
15,-58.0
16,-61.0
17,-58.0
18,-55.0
19,-55.0
20,-58.2727272727
21,-55.0
22,-59.5
23,-58.6
24,-56.2
25,-62.9
26,-63.8
