frequency,pdr
11,-71.4444444444
12,-73.2222222222
13,-66.75
14,-65.6666666667
15,-67.0
16,-66.8888888889
17,-66.5454545455
18,-67.0
19,-65.2
20,-66.0
21,-69.7
22,-73.2
23,-75.8
24,-70.0
25,-72.8
26,-72.1
