frequency,pdr
11,-89.6
12,-88.1
13,-88.1
14,-89.3
15,-89.3
16,-88.6
17,-87.7777777778
18,-87.0
19,-86.2
20,-85.8
21,-87.3333333333
22,-88.8
23,-90.875
24,-89.0
25,-88.9
26,-87.8
