frequency,pdr
11,-79.0
12,-79.0
13,-82.0
14,-85.0
15,-87.0
16,-86.2
17,-86.9090909091
18,-84.0
19,-84.0
20,-87.8
21,-90.8888888889
23,-91.0
24,-86.5
25,-84.3
26,-82.0
