frequency,pdr
11,-90.2
12,-90.1111111111
13,-90.9
14,-91.0
16,-91.0
17,-91.0
18,-90.7777777778
19,-91.0
20,-91.0
21,-90.0
22,-87.0
23,-90.75
24,-91.0
25,-91.0
26,-89.0
