frequency,pdr
11,-86.2
12,-87.625
13,-90.5
14,-90.1
15,-86.0
16,-82.1
17,-80.2222222222
18,-79.0
19,-79.0
20,-79.0
21,-80.2222222222
22,-82.8333333333
23,-83.0
24,-83.0
25,-83.8
26,-86.4
