frequency,pdr
11,-88.1
12,-88.1
13,-88.9
14,-90.0
15,-90.9
16,-89.1
17,-87.0
18,-86.5454545455
19,-85.0
20,-84.9
21,-84.8
22,-85.2222222222
23,-87.1
24,-90.5
25,-91.0
26,-91.0
