frequency,pdr
11,-80.7
12,-81.9
13,-83.9
14,-87.0
15,-91.0
16,-91.0
17,-90.4
18,-87.0
19,-84.9
20,-84.0
21,-83.125
22,-83.1111111111
23,-83.4444444444
24,-83.9
25,-84.2
26,-85.0
