frequency,pdr
11,-56.4
12,-66.3333333333
13,-51.7
14,-46.0
15,-48.7777777778
16,-52.6
17,-58.9
18,-70.2
19,-73.0
20,-55.0
21,-54.0
22,-55.9
23,-58.4
24,-55.0
25,-58.0
26,-59.3
