frequency,pdr
11,-53.0
12,-63.8888888889
13,-55.9
14,-55.0
15,-56.1111111111
16,-52.0
17,-72.3
18,-52.0
19,-57.2
20,-59.0
21,-70.0
22,-55.0
23,-56.6
24,-55.0
25,-55.0
26,-49.0
