frequency,pdr
11,-58.2
12,-50.0
13,-57.9
14,-55.0
15,-60.6666666667
16,-53.0
17,-61.0
18,-54.6
19,-58.0
20,-53.1
21,-74.7777777778
22,-55.0
23,-46.0
24,-45.9
25,-49.0
26,-49.0
