frequency,pdr
11,-49.0
12,-53.0
13,-64.5555555556
14,-59.3
15,-61.8888888889
16,-56.0
17,-52.0
18,-55.0
19,-52.0
20,-53.2
21,-53.2
22,-52.0
23,-55.0
24,-55.9
25,-53.0
26,-53.1
