frequency,pdr
11,-49.0
12,-56.5555555556
13,-60.7777777778
14,-57.2
15,-57.4444444444
16,-54.9
17,-55.0
18,-52.0
19,-52.2
20,-55.0
21,-52.2
22,-55.0
23,-52.7
24,-55.0
25,-57.5
26,-60.5
