frequency,pdr
11,-55.7
12,-55.1818181818
13,-55.0
14,-55.0
15,-58.5555555556
16,-54.2
17,-63.4
18,-66.9
19,-67.0
20,-55.7
21,-55.0
22,-55.0
23,-70.8
24,-61.0
25,-55.0
26,-65.4
