frequency,pdr
11,-58.9
12,-62.2222222222
13,-66.6666666667
14,-67.0
15,-59.5555555556
16,-64.6
17,-55.8
18,-59.1
19,-67.7
20,-58.0
21,-65.9
22,-64.9
23,-63.7
24,-60.0
25,-65.4
26,-61.2
