frequency,pdr
11,-52.9
12,-61.5555555556
13,-64.6
14,-55.4
15,-57.3333333333
16,-55.0
17,-57.8
18,-55.0
19,-54.2
20,-56.9
21,-55.6
22,-54.0
23,-55.0
24,-60.9
25,-50.9
26,-50.6
