frequency,pdr
11,-71.75
12,-55.1111111111
13,-50.4
14,-72.5
15,-55.2222222222
16,-59.7
17,-64.0
18,-67.0
19,-55.0
20,-66.0
21,-58.9
22,-55.4
23,-62.0
24,-55.0
25,-56.2
26,-60.9
