frequency,pdr
11,-59.1
12,-72.3333333333
13,-64.0
14,-64.0
15,-74.4444444444
16,-55.3
17,-68.1
18,-64.0
19,-64.6
20,-64.4
21,-59.4
22,-56.7
23,-69.7
24,-57.9
25,-62.0
26,-72.8
