frequency,pdr
11,-57.9
12,-68.2222222222
13,-52.0
14,-58.0
15,-48.8888888889
16,-47.9
17,-49.8
18,-49.0
19,-49.0
20,-62.6
21,-64.0
22,-58.2
23,-52.0
24,-62.4
25,-61.2
26,-61.9
