frequency,pdr
11,-62.6
12,-64.9
13,-68.2222222222
14,-66.3
15,-59.1111111111
16,-68.2
17,-67.0
18,-64.0
19,-64.0
20,-65.4
21,-63.0
22,-68.8
23,-58.0
24,-64.0
25,-61.4
26,-70.9
