frequency,pdr
11,-52.0
12,-60.4444444444
13,-55.0
14,-51.0
15,-66.8888888889
16,-55.0
17,-52.0
18,-56.9
19,-62.0
20,-55.0
21,-53.7
22,-52.0
23,-56.6
24,-49.2
25,-50.4
26,-65.5
