frequency,pdr
11,-72.9
12,-62.5555555556
13,-56.1
14,-73.1
15,-64.7777777778
16,-60.5
17,-71.5
18,-57.1
19,-61.0
20,-69.9
21,-58.0
22,-70.4
23,-69.0
24,-65.2
25,-66.0
26,-68.8
