frequency,pdr
11,-56.0
12,-55.3333333333
13,-66.3333333333
14,-69.3
15,-67.9
16,-55.0
17,-68.1
18,-55.0
19,-55.0
20,-65.3
21,-55.0
22,-64.7
23,-61.0
24,-55.7
25,-58.0
26,-55.0
