frequency,pdr
11,-74.875
12,-69.3333333333
13,-60.0
14,-54.8
15,-52.8888888889
16,-62.1
17,-58.0
18,-68.0
19,-56.8
20,-55.0
21,-55.0
22,-58.5
23,-59.6
24,-64.0
25,-71.2
26,-61.0
