frequency,pdr
11,-50.4
12,-51.9
13,-66.7777777778
14,-50.7
15,-51.4444444444
16,-62.1
17,-64.4
18,-55.0
19,-57.0
20,-57.3
21,-65.9
22,-59.9
23,-55.2
24,-52.0
25,-64.3
26,-63.3
