frequency,pdr
11,-59.2
12,-57.5555555556
13,-58.8888888889
14,-47.3
15,-49.0
16,-57.1
17,-55.3
18,-52.0
19,-61.6
20,-53.8
21,-53.0
22,-49.0
23,-59.3
24,-59.0
25,-57.6
26,-64.4
