frequency,pdr
11,-49.7
12,-53.1111111111
13,-64.2222222222
14,-59.8
15,-52.0
16,-49.0
17,-46.0
18,-49.0
19,-52.0
20,-49.1
21,-49.0
22,-46.0
23,-46.0
24,-46.0
25,-46.0
26,-45.0
