frequency,pdr
11,-67.4
12,-62.9
13,-69.2222222222
14,-52.0
15,-61.3333333333
16,-60.8
17,-52.0
18,-66.6
19,-55.0
20,-55.0
21,-57.6
22,-55.0
23,-61.4
24,-67.4
25,-58.3
26,-65.7
