frequency,pdr
11,-55.9
12,-57.5555555556
13,-54.0
14,-52.0
15,-52.4444444444
16,-55.0
17,-55.1
18,-60.7
19,-55.0
20,-69.0
21,-58.0
22,-71.3
23,-52.0
24,-61.0
25,-51.0
26,-68.6
