frequency,pdr
11,-59.2
12,-69.2222222222
13,-61.0
14,-59.0
15,-63.3333333333
16,-64.0
17,-63.4
18,-61.0
19,-65.5
20,-55.0
21,-55.0
22,-55.0
23,-55.0
24,-49.1
25,-56.6
26,-58.0
