frequency,pdr
11,-51.7777777778
12,-55.0
13,-44.3333333333
14,-46.0
15,-46.0
16,-48.0
17,-46.0
18,-50.4
19,-53.2
20,-58.3
21,-51.3
22,-68.4444444444
23,-53.9
24,-58.0
25,-55.0
26,-54.0
