frequency,pdr
11,-65.8
12,-59.5
13,-65.1111111111
14,-55.0
15,-59.4444444444
16,-55.0
17,-65.0
18,-55.1
19,-55.0
20,-55.0
21,-64.6
22,-56.0
23,-52.1
24,-61.0
25,-55.0
26,-59.2
