frequency,pdr
11,-50.0
12,-55.1111111111
13,-68.5555555556
14,-53.2
15,-57.7
16,-52.0
17,-59.3
18,-54.8
19,-52.0
20,-59.8
21,-62.6
22,-59.1
23,-52.0
24,-69.4
25,-55.7272727273
26,-54.3
