frequency,pdr
11,-56.5
12,-62.7777777778
13,-54.4
14,-59.2
15,-52.2222222222
16,-52.0
17,-51.9
18,-51.8
19,-67.0
20,-52.0
21,-52.0
22,-52.0
23,-61.0
24,-53.1
25,-52.5
26,-49.0
