frequency,pdr
11,-83.4
12,-83.0
13,-82.5555555556
14,-82.0
15,-82.0
16,-82.0
17,-82.0
18,-83.7
19,-85.0
20,-82.0
21,-79.0
22,-79.0
23,-80.0
24,-82.1111111111
25,-82.9
26,-82.2
