frequency,pdr
11,-86.2
12,-85.0
13,-89.6
14,-91.0
15,-88.2
16,-84.4
17,-82.5
18,-82.7
19,-82.0
20,-82.1
21,-82.3333333333
22,-83.0
23,-84.8
24,-87.6666666667
25,-87.5
26,-87.8
