frequency,pdr
12,-91.0
13,-91.0
14,-90.3333333333
15,-90.0
16,-89.5
17,-89.8888888889
18,-90.5
19,-91.0
20,-91.0
21,-91.0
23,-91.0
24,-91.0
25,-91.0
26,-91.0
