frequency,pdr
11,-82.2
12,-83.4
13,-85.3
14,-86.4
15,-85.6
16,-85.2
17,-85.2222222222
18,-86.1111111111
19,-87.9
20,-87.7
21,-87.4285714286
22,-86.8333333333
23,-88.7
24,-90.625
25,-89.8
26,-89.9
