frequency,pdr
11,-90.9
12,-87.9
13,-85.0
14,-85.0
15,-83.5
16,-82.0
17,-83.7
18,-85.0
19,-85.0
20,-84.6
21,-84.8333333333
22,-84.0
23,-85.0
24,-85.2222222222
25,-83.9
26,-80.0
