frequency,pdr
11,-90.5555555556
12,-91.0
13,-91.0
14,-88.8
15,-86.4
16,-86.8
17,-86.5
18,-85.0
19,-84.6
20,-86.0
21,-90.4285714286
23,-91.0
24,-90.3
25,-91.0
26,-91.0
