frequency,pdr
11,-88.6666666667
12,-88.1428571429
13,-87.5555555556
14,-88.2
15,-88.8
16,-89.0
17,-90.625
18,-91.0
19,-91.0
20,-91.0
21,-91.0
23,-91.0
24,-91.0
