frequency,pdr
11,-86.8
12,-87.6666666667
13,-87.8888888889
14,-90.1
15,-91.0
16,-91.0
17,-90.6
18,-89.2
19,-87.8
20,-85.7
21,-85.0
22,-84.5
23,-85.5555555556
24,-86.3
25,-85.9
26,-86.4
