frequency,pdr
11,1.42857142857
12,0.47619047619
13,1.42857142857
14,1.26984126984
15,1.42857142857
16,1.5873015873
17,1.42857142857
18,1.42857142857
19,0.31746031746
20,1.42857142857
21,1.26984126984
22,1.5873015873
23,1.5873015873
24,1.5873015873
25,1.5873015873
26,1.5873015873
