frequency,pdr
11,-61.8
12,-62.4
13,-65.2
14,-55.0
15,-56.4444444444
16,-62.6
17,-49.4
18,-52.0
19,-70.2
20,-58.0
21,-55.0
22,-55.0
23,-55.0
24,-60.5
25,-58.8888888889
26,-58.1
