frequency,pdr
11,-65.7777777778
12,-69.2
13,-63.1
14,-64.0
15,-73.6666666667
16,-58.1
17,-60.6
18,-64.0
19,-58.0
20,-63.0
21,-62.9
22,-64.6
23,-80.2857142857
24,-72.1
25,-74.1111111111
26,-69.1
