frequency,pdr
11,-66.2222222222
12,-56.1
13,-63.6
14,-63.6
15,-55.0
16,-58.0
17,-60.7
18,-67.0
19,-64.1
20,-61.7
21,-68.9
22,-70.7
23,-62.0
24,-64.4
25,-64.2222222222
26,-61.4
