frequency,pdr
11,-50.2
12,-49.0
13,-49.0
14,-61.4
15,-50.6666666667
16,-64.2222222222
17,-47.9
18,-58.0
19,-52.0
20,-63.1
21,-46.4
22,-49.0
23,-49.6
24,-62.2
25,-46.1
26,-49.6
