frequency,pdr
11,-70.1111111111
12,-53.1
13,-52.0
14,-59.4
15,-63.3333333333
16,-66.4
17,-68.9
18,-57.0
19,-59.4
20,-68.0
21,-60.4
22,-58.7
23,-61.1
24,-59.2
25,-62.6666666667
26,-64.0
