frequency,pdr
11,-56.1
12,-60.0
13,-49.0
14,-53.0
15,-56.5555555556
16,-70.2222222222
17,-57.2
18,-62.4
19,-67.4
20,-55.0
21,-61.9
22,-62.2
23,-55.0
24,-55.0
25,-67.0
26,-64.0
