frequency,pdr
11,-48.1
12,-51.8
13,-52.3
14,-52.0
15,-48.4444444444
16,-55.0
17,-57.1
18,-67.6
19,-55.0
20,-61.0
21,-64.5
22,-68.7
23,-61.0
24,-55.0
25,-70.9090909091
26,-56.9
