frequency,pdr
11,-61.5555555556
12,-53.5
13,-54.7
14,-63.7
15,-59.4
16,-55.3
17,-52.0
18,-51.6
19,-52.0
20,-57.9
21,-64.8
22,-66.7
23,-57.2
24,-51.7
25,-52.6666666667
26,-52.0
