frequency,pdr
11,-58.0
12,-73.2
13,-63.1
14,-63.0
15,-66.7777777778
16,-77.4444444444
17,-64.0
18,-64.4
19,-55.0
20,-58.2
21,-55.0
22,-55.0
23,-55.0
24,-69.6
25,-60.9
26,-64.2
