frequency,pdr
11,-55.2
12,-57.4
13,-61.0
14,-61.0
15,-70.1111111111
16,-64.1111111111
17,-55.5
18,-55.1
19,-58.0
20,-58.0
21,-70.5
22,-66.8
23,-58.0
24,-66.6
25,-60.9
26,-58.0
