frequency,pdr
11,-52.1
12,-56.1
13,-53.9
14,-61.2
15,-57.6666666667
16,-55.0
17,-67.8
18,-54.6
19,-55.0
20,-61.4
21,-70.2
22,-52.9
23,-57.0
24,-61.5
25,-64.4444444444
26,-56.4
