frequency,pdr
11,-63.2
12,-58.4
13,-61.8
14,-70.2
15,-72.4444444444
16,-66.2222222222
17,-65.5
18,-64.9
19,-60.9
20,-66.7
21,-73.0
22,-72.6
23,-63.2
24,-63.0
25,-64.0
26,-78.3
