frequency,pdr
11,-52.4
12,-54.9
13,-47.3
14,-59.2
15,-53.8888888889
16,-50.6
17,-50.5
18,-55.8
19,-49.0
20,-59.7
21,-50.1
22,-46.5
23,-52.0
24,-52.0
25,-59.1111111111
26,-54.7
