frequency,pdr
11,-62.3333333333
12,-71.1
13,-61.0
14,-55.3
15,-58.0
16,-66.6666666667
17,-69.3
18,-61.0
19,-61.4
20,-58.0
21,-64.2
22,-67.0
23,-69.7272727273
24,-59.5
25,-57.5
26,-59.9
