frequency,pdr
11,-53.9
12,-51.9
13,-60.1
14,-56.4
15,-52.0
16,-64.8
17,-56.7
18,-54.9
19,-49.0
20,-49.0
21,-66.2222222222
22,-52.0
23,-52.0
24,-61.3
25,-63.1111111111
26,-55.0
