frequency,pdr
11,-84.3333333333
12,-64.0
13,-59.0
14,-64.9
15,-64.0
16,-62.1111111111
17,-57.7
18,-55.0
19,-65.5
20,-58.0
21,-70.1
22,-61.0
23,-62.9
24,-55.0
25,-59.9
26,-58.2
