frequency,pdr
11,-64.7
12,-67.0
13,-68.0
14,-64.0
15,-61.7
16,-68.5555555556
17,-61.2
18,-62.7
19,-67.0
20,-66.4
21,-79.1428571429
22,-68.5
23,-67.7272727273
24,-68.6
25,-71.3
26,-61.0
