frequency,pdr
11,-61.6
12,-60.4
13,-65.2
14,-64.9
15,-73.0
16,-65.4444444444
17,-60.2
18,-62.2
19,-60.9
20,-61.0
21,-61.0
22,-68.6
23,-58.0
24,-63.2
25,-71.6666666667
26,-61.0
