frequency,pdr
11,-60.4444444444
12,-61.0
13,-68.3
14,-81.7
15,-68.5555555556
16,-63.9
17,-71.9
18,-71.3
19,-65.5
20,-62.8
21,-65.5
22,-65.0
23,-64.0
24,-68.3
25,-68.0
26,-72.2
