frequency,pdr
11,-55.0
12,-58.8
13,-67.1
14,-67.0
15,-60.3333333333
16,-55.0
17,-54.9
18,-63.3
19,-55.0
20,-64.7
21,-58.3
22,-58.2
23,-69.3333333333
24,-55.0
25,-64.9
26,-70.4
