frequency,pdr
11,-55.1
12,-62.1
13,-64.1
14,-67.7
15,-65.6666666667
16,-55.0
17,-55.0
18,-55.0
19,-61.0
20,-64.0
21,-61.9
22,-67.5
23,-60.1
24,-65.9
25,-60.1111111111
26,-61.0
