frequency,pdr
11,-50.0
12,-52.0
13,-60.9
14,-59.2
15,-56.4444444444
16,-64.0
17,-52.0
18,-53.2
19,-55.0
20,-46.0
21,-52.0
22,-55.2
23,-57.6
24,-55.0
25,-59.4444444444
26,-67.2
