frequency,pdr
11,-61.0
12,-61.0
13,-66.3
14,-68.8
15,-63.5555555556
16,-70.2222222222
17,-67.4
18,-65.8
19,-67.2
20,-75.0
21,-77.4
22,-61.0
23,-81.1
24,-64.0
25,-66.6
26,-69.5
