frequency,pdr
11,-84.0
12,-85.0
13,-85.0
14,-85.2
15,-85.9
16,-85.6
17,-85.5454545455
18,-85.6
19,-86.7
20,-86.7
21,-85.7
22,-84.5555555556
23,-86.0
24,-87.1
25,-90.0
26,-90.9
