frequency,pdr
11,-90.1
12,-91.0
13,-87.1
14,-82.0
15,-79.0
16,-76.1
17,-75.375
18,-73.6666666667
19,-74.2
20,-76.0
21,-79.0
22,-80.1111111111
23,-78.8
24,-75.4
25,-73.2
26,-73.2
