frequency,pdr
11,-90.1666666667
12,-91.0
13,-91.0
15,-91.0
16,-90.375
17,-88.125
18,-86.7777777778
19,-87.0
20,-88.1
21,-90.5
23,-91.0
24,-91.0
25,-91.0
26,-91.0
