frequency,pdr
11,-79.0
12,-79.8
13,-82.8181818182
14,-86.0
15,-91.0
16,-91.0
17,-88.375
18,-84.3333333333
19,-82.0
20,-81.9
21,-83.2
22,-84.5
23,-84.9
24,-82.3
25,-82.0
26,-82.0
