frequency,pdr
11,-87.0
12,-85.8571428571
13,-85.6666666667
14,-87.1428571429
15,-90.0
16,-91.0
17,-91.0
18,-91.0
19,-91.0
20,-90.0
21,-91.0
23,-91.0
24,-91.0
25,-91.0
26,-91.0
