frequency,pdr
11,-87.0
12,-87.9
13,-88.3
14,-88.0
15,-87.6
16,-86.625
17,-85.7777777778
18,-85.1111111111
19,-84.8
20,-84.9
21,-85.0
22,-84.6
23,-85.0
24,-85.0
25,-85.6
26,-86.3
