frequency,pdr
11,-90.1666666667
13,-91.0
14,-87.3333333333
15,-86.0
16,-85.0
17,-82.1
18,-80.8
19,-80.0
20,-80.1
21,-80.1
22,-81.0
23,-82.8
24,-88.2
26,-85.9
