frequency,pdr
11,-91.0
12,-90.7142857143
13,-89.9
14,-89.9
15,-88.9
16,-86.0
17,-84.7777777778
18,-82.8888888889
19,-82.0
20,-82.0
21,-83.0
22,-85.0
23,-89.6
24,-91.0
25,-91.0
26,-90.2
