frequency,pdr
11,-65.0
12,-69.3
13,-60.8888888889
14,-63.4444444444
15,-65.7
16,-68.9
17,-66.6
18,-61.0
19,-62.5
20,-61.0
21,-64.0
22,-60.8
23,-61.6
24,-70.8
25,-69.1
26,-67.0
