frequency,pdr
11,-55.0
12,-64.8888888889
13,-58.1
14,-68.8888888889
15,-72.3
16,-68.1
17,-55.8
18,-65.6
19,-70.8
20,-68.4
21,-73.0
22,-62.3
23,-65.5
24,-62.8
25,-60.0
26,-65.9
