frequency,pdr
11,-65.5555555556
12,-52.4444444444
13,-52.4444444444
14,-52.7
15,-52.0
16,-56.3
17,-55.0
18,-52.0
19,-53.6
20,-67.0
21,-78.1
22,-60.3
23,-71.6
24,-52.7
25,-60.6
26,-53.9
