frequency,pdr
11,-70.3333333333
12,-65.8888888889
13,-72.7
14,-72.7777777778
15,-67.3
16,-64.0
17,-68.3
18,-72.6
19,-66.5
20,-68.3
21,-64.0
22,-71.7
23,-64.5
24,-70.2
25,-67.6
26,-67.8
