frequency,pdr
11,-61.6666666667
12,-67.7777777778
13,-66.8888888889
14,-77.875
15,-61.1
16,-68.2
17,-61.5
18,-64.0
19,-63.4
20,-66.9
21,-62.4
22,-75.0
23,-63.6
24,-64.4
25,-67.9
26,-72.3
