frequency,pdr
11,-74.4444444444
12,-65.6
13,-72.6
14,-62.2222222222
15,-58.0
16,-61.7
17,-64.3
18,-64.0
19,-66.3
20,-67.2
21,-71.0
22,-66.3
23,-59.0
24,-55.0
25,-55.0
26,-55.0
