frequency,pdr
11,-70.2222222222
12,-67.2222222222
13,-61.0
14,-61.3
15,-65.0
16,-63.9
17,-61.0
18,-61.5
19,-66.4
20,-69.2
21,-64.9
22,-73.75
23,-71.9
24,-67.7
25,-64.9
26,-58.1
