frequency,pdr
11,-72.3
12,-67.0
13,-72.5555555556
14,-69.1111111111
15,-61.1
16,-60.2
17,-70.6
18,-60.8
19,-62.0
20,-61.1
21,-58.3
22,-57.9
23,-59.0
24,-64.0
25,-67.4
26,-67.1
