frequency,pdr
11,-54.8
12,-57.1111111111
13,-55.6666666667
14,-55.0
15,-55.0
16,-72.1
17,-65.8
18,-69.8
19,-65.9
20,-68.0
21,-69.0
22,-62.2
23,-58.0
24,-59.5
25,-84.7
26,-67.0
