frequency,pdr
11,-70.0
12,-64.75
13,-65.5555555556
14,-78.7142857143
15,-73.1
16,-65.9
17,-72.6
18,-60.6
19,-71.8
20,-64.0
21,-63.9
22,-70.3
23,-64.7
24,-64.0
25,-68.3
26,-64.8
