frequency,pdr
11,-59.0
12,-64.7777777778
13,-52.2222222222
14,-55.0
15,-70.8
16,-55.0
17,-72.0
18,-55.1
19,-54.4
20,-55.0
21,-55.2
22,-60.9
23,-55.0
24,-64.1
25,-56.9
26,-68.8
