frequency,pdr
11,-71.2222222222
12,-71.5555555556
13,-63.3333333333
14,-67.0
15,-64.0
16,-60.8
17,-64.0
18,-64.0
19,-68.5
20,-71.0
21,-61.0
22,-67.0
23,-75.7
24,-67.0
25,-67.0
26,-79.5
