frequency,pdr
11,-60.9
12,-69.2
13,-65.2222222222
14,-65.3333333333
15,-64.0
16,-63.4
17,-60.8
18,-64.8
19,-64.6
20,-61.0
21,-60.3
22,-64.0
23,-73.0
24,-67.0
25,-66.2
26,-70.4
