frequency,pdr
11,-59.1
12,-63.3333333333
13,-58.0
14,-64.2222222222
15,-62.7
16,-68.4
17,-69.2
18,-66.0
19,-61.0
20,-72.2
21,-73.3
22,-62.7
23,-60.9
24,-60.8
25,-60.0
26,-62.9
