frequency,pdr
11,-60.7777777778
12,-61.0
13,-62.8181818182
14,-64.0
15,-63.9
16,-64.0
17,-77.2
18,-65.9
19,-65.9
20,-67.0
21,-74.7
22,-69.5
23,-67.5
24,-63.0
25,-68.9
26,-85.8
