frequency,pdr
11,-66.3
12,-74.3
13,-65.8
14,-68.4444444444
15,-59.5
16,-55.0
17,-58.0
18,-58.0
19,-76.2727272727
20,-73.2
21,-72.0
22,-70.0
23,-61.1
24,-71.6
25,-61.0
26,-61.0
