frequency,pdr
11,-70.0
12,-63.6666666667
13,-58.0
14,-57.1111111111
15,-54.8
16,-61.0
17,-56.4
18,-58.3
19,-67.0
20,-57.5
21,-55.0
22,-52.8
23,-58.0
24,-58.7
25,-58.0
26,-57.2
