frequency,pdr
11,-68.6
12,-63.2222222222
13,-64.7
14,-75.2222222222
15,-58.1
16,-65.3
17,-66.4
18,-67.3
19,-75.3
20,-63.8
21,-62.3
22,-74.375
23,-64.4
24,-64.0
25,-61.7
26,-61.0
