frequency,pdr
11,-66.9
12,-61.2222222222
13,-64.0
14,-66.4444444444
15,-68.2
16,-64.0
17,-64.0
18,-61.0
19,-69.6
20,-79.0
21,-61.6
22,-73.6
23,-61.0
24,-69.4
25,-63.6
26,-67.5
