frequency,pdr
11,-55.1
12,-61.0
13,-69.6666666667
14,-60.2222222222
15,-64.0
16,-64.8
17,-64.3
18,-61.0
19,-62.3
20,-61.0
21,-62.2
22,-58.3
23,-55.3
24,-68.0
25,-67.0
26,-55.0
