frequency,pdr
11,-64.3
12,-61.4444444444
13,-65.3333333333
14,-65.0
15,-55.9
16,-58.5
17,-60.7
18,-55.7
19,-59.1
20,-61.7
21,-63.5
22,-56.8
23,-58.0
24,-61.9
25,-67.3
26,-66.5
