frequency,pdr
11,-79.0
12,-68.1111111111
13,-64.7777777778
14,-56.6666666667
15,-61.2
16,-59.2
17,-68.6
18,-58.0
19,-64.6
20,-69.1
21,-70.0
22,-67.0
23,-70.7
24,-70.2
25,-55.3
26,-55.0
