frequency,pdr
11,-61.2
12,-68.5555555556
13,-64.0
14,-66.1111111111
15,-60.9
16,-76.5
17,-70.1
18,-65.2
19,-63.8
20,-61.0
21,-62.4
22,-60.8
23,-63.0
24,-72.2
25,-65.3
26,-73.8
