frequency,pdr
11,-65.2
12,-64.5555555556
13,-58.3636363636
14,-57.7777777778
15,-61.6
16,-68.6
17,-61.0
18,-75.0
19,-75.7
20,-58.0
21,-78.6666666667
22,-55.3
23,-55.0
24,-72.9
25,-62.8
26,-61.8
