frequency,pdr
11,-65.4
12,-60.2222222222
13,-56.7
14,-65.2222222222
15,-66.3
16,-60.9
17,-55.3
18,-71.2
19,-61.0
20,-67.0
21,-52.8
22,-61.0
23,-63.6
24,-66.9
25,-72.6
26,-58.1
