frequency,pdr
11,-61.0
12,-67.6666666667
13,-71.4444444444
14,-58.0
15,-66.0
16,-58.0
17,-67.5
18,-67.0
19,-58.0
20,-59.1
21,-66.2
22,-68.4545454545
23,-68.6
24,-65.5
25,-58.0
26,-55.0
