frequency,pdr
11,-64.1
12,-68.4444444444
13,-58.3333333333
14,-59.2
15,-67.0
16,-67.0
17,-60.2
18,-63.2
19,-58.0
20,-61.6
21,-62.0
22,-66.9
23,-69.3
24,-67.0
25,-68.4
26,-62.9
