frequency,pdr
11,-62.0
12,-68.1111111111
13,-62.8181818182
14,-67.6666666667
15,-75.0
16,-63.2
17,-55.0
18,-57.8
19,-67.7
20,-75.8
21,-62.4
22,-64.0
23,-64.0
24,-68.7
25,-71.1
26,-58.4
