frequency,pdr
11,-65.3
12,-63.0
13,-64.1818181818
14,-68.5555555556
15,-61.0
16,-70.5
17,-61.0
18,-55.1
19,-58.0
20,-61.0
21,-64.0
22,-68.2
23,-67.0
24,-64.0
25,-71.9
26,-55.0
