frequency,pdr
11,-74.5555555556
12,-77.6666666667
13,-76.6666666667
14,-64.2
15,-60.7
16,-61.1
17,-67.5
18,-59.4
19,-65.0
20,-58.7
21,-58.9
22,-76.7
23,-66.8
24,-67.0
25,-73.7
26,-66.4
