frequency,pdr
11,-51.4
12,-52.0
13,-60.3333333333
14,-57.5555555556
15,-55.0
16,-52.0
17,-46.3
18,-52.0
19,-69.7
20,-50.1
21,-61.4
22,-52.0
23,-50.5
24,-48.7
25,-52.0
26,-67.9
