frequency,pdr
11,-65.5
12,-66.2222222222
13,-63.3
14,-67.0
15,-67.0
16,-66.6
17,-65.9
18,-64.9
19,-65.8
20,-63.9
21,-71.7
22,-79.6666666667
23,-67.0
24,-69.2
25,-65.8
26,-68.5
