frequency,pdr
11,-56.3
12,-61.0
13,-70.4444444444
14,-63.6666666667
15,-69.3
16,-56.2
17,-65.5
18,-67.0
19,-68.0
20,-65.5
21,-63.0
22,-60.9
23,-70.2
24,-80.0
25,-63.2
26,-58.1
