frequency,pdr
11,-52.6
12,-61.4444444444
13,-65.4444444444
14,-50.3
15,-59.8
16,-58.0
17,-61.2
18,-55.2
19,-57.1
20,-65.3
21,-66.5
22,-65.5
23,-58.0
24,-63.6
25,-58.5
26,-53.5
