frequency,pdr
11,-58.3
12,-59.3333333333
13,-64.2222222222
14,-59.4444444444
15,-69.5
16,-63.3
17,-63.1
18,-62.8
19,-67.0
20,-66.6
21,-67.0
22,-64.0
23,-69.8
24,-67.9
25,-65.3
26,-68.6
