frequency,pdr
11,-65.7777777778
12,-64.0
13,-58.6363636364
14,-56.0
15,-67.6
16,-78.5555555556
17,-68.0
18,-67.0
19,-64.0
20,-64.0
21,-69.1
22,-70.6666666667
23,-66.7
24,-65.0
25,-61.0
26,-66.9
