frequency,pdr
11,-64.1
12,-64.6666666667
13,-72.5555555556
14,-67.7
15,-70.0
16,-63.1
17,-56.9
18,-67.0
19,-73.1
20,-68.4
21,-78.6
22,-66.4
23,-66.9
24,-67.1
25,-67.0
26,-66.6
