frequency,pdr
11,-57.8
12,-62.3
13,-56.6666666667
14,-64.4444444444
15,-62.5
16,-57.9
17,-60.3
18,-63.0
19,-57.0
20,-55.0
21,-55.3
22,-65.0
23,-61.0
24,-55.0
25,-54.7
26,-55.0
