frequency,pdr
11,-67.0
12,-60.7
13,-67.4444444444
14,-59.1111111111
15,-66.2
16,-73.0
17,-74.9
18,-75.5
19,-61.0
20,-71.5
21,-70.3
22,-70.0
23,-72.8888888889
24,-68.8
25,-64.9
26,-68.0
