frequency,pdr
11,-70.5555555556
12,-69.2222222222
13,-60.9
14,-66.8
15,-64.4
16,-67.2
17,-65.3
18,-70.0
19,-69.0
20,-70.5
21,-58.5
22,-60.5
23,-63.9
24,-65.7
25,-67.0
26,-61.0
