frequency,pdr
11,-59.5
12,-56.1
13,-73.8888888889
14,-60.4444444444
15,-62.9
16,-62.6
17,-70.7
18,-64.2
19,-65.3
20,-78.3333333333
21,-66.0
22,-67.8
23,-69.1
24,-73.1
25,-67.6
26,-67.0
