frequency,pdr
11,-66.6666666667
12,-60.9
13,-66.3333333333
14,-60.9
15,-67.9
16,-61.0
17,-67.0
18,-65.7
19,-64.0
20,-56.3
21,-64.2
22,-64.0
23,-67.9
24,-67.0
25,-72.7
26,-66.1
