frequency,pdr
11,-63.0
12,-55.0
13,-69.7272727273
14,-66.2222222222
15,-65.4
16,-62.6
17,-64.9
18,-64.4
19,-55.9
20,-64.3
21,-73.0
22,-63.0
23,-65.6
24,-65.5
25,-62.7
26,-64.8
