frequency,pdr
11,-66.3
12,-61.2222222222
13,-57.9
14,-64.4444444444
15,-65.5
16,-66.1
17,-53.6
18,-61.0
19,-61.7
20,-67.0
21,-60.7
22,-63.7
23,-61.0
24,-61.6
25,-64.7
26,-61.0
