frequency,pdr
11,-67.0
12,-69.8888888889
13,-61.0
14,-71.7142857143
15,-62.9
16,-61.0
17,-57.2
18,-73.6
19,-59.9
20,-61.2
21,-58.0
22,-63.2
23,-58.5
24,-61.0
25,-64.0
26,-65.2
