frequency,pdr
11,-63.8
12,-66.4444444444
13,-65.1
14,-63.6666666667
15,-69.3
16,-70.6
17,-58.0
18,-64.9
19,-56.3
20,-65.2
21,-69.6
22,-58.4
23,-64.0
24,-67.0
25,-67.9
26,-66.6
