frequency,pdr
11,-55.2
12,-53.5555555556
13,-54.1111111111
14,-52.6666666667
15,-52.0
16,-62.2
17,-57.8
18,-60.5
19,-55.4
20,-61.0
21,-61.6
22,-58.0
23,-59.7
24,-59.6
25,-61.8
26,-55.0
