frequency,pdr
11,-60.5
12,-70.1111111111
13,-56.8888888889
14,-69.4
15,-66.8
16,-65.1
17,-65.1
18,-67.0
19,-61.0
20,-63.6
21,-61.0
22,-66.7
23,-69.1
24,-67.4
25,-64.0
26,-69.0
