frequency,pdr
11,-84.6
12,-84.0
13,-85.0
14,-85.8
15,-87.0
16,-89.0
17,-90.2222222222
18,-89.1111111111
19,-85.25
20,-83.4
21,-82.0
22,-81.4
23,-81.3
24,-81.9
25,-82.0
26,-85.2
