frequency,pdr
11,-91.0
12,-91.0
13,-91.0
14,-90.9
15,-91.0
16,-91.0
17,-90.6666666667
18,-90.0
19,-89.875
20,-89.0
21,-88.0
22,-85.3333333333
23,-85.0
24,-84.2
25,-84.0
26,-83.7
