frequency,pdr
12,-91.0
13,-90.1
14,-89.3
15,-90.3
16,-91.0
17,-91.0
18,-90.2222222222
19,-91.0
20,-90.4285714286
21,-91.0
23,-91.0
24,-91.0
25,-89.1
26,-87.8
