frequency,pdr
11,-90.1111111111
12,-90.0
13,-90.0
14,-91.0
15,-91.0
16,-91.0
17,-91.0
18,-91.0
19,-90.3333333333
20,-87.0
21,-85.0
22,-84.0
23,-85.0
24,-87.0
25,-88.9
26,-90.0
