frequency,pdr
11,-90.8333333333
12,-91.0
13,-91.0
15,-91.0
16,-90.0
17,-88.2
18,-87.5
19,-87.3
20,-86.5
21,-85.1
22,-83.6666666667
23,-83.6
24,-83.0
25,-82.9
26,-84.9
