frequency,pdr
11,-67.4444444444
12,-60.4
13,-68.5555555556
14,-62.7
15,-74.5
16,-61.0
17,-61.8
18,-62.7
19,-67.0
20,-58.0
21,-56.5
22,-62.5
23,-67.0
24,-58.1
25,-71.9
26,-65.4
