frequency,pdr
11,-52.4545454545
12,-49.0
13,-51.6
14,-52.7
15,-65.7
16,-58.4
17,-49.0
18,-49.2
19,-51.5
20,-55.3
21,-74.6666666667
22,-56.9
23,-55.0
24,-55.0
25,-53.2
26,-66.6
