frequency,pdr
11,-69.5555555556
12,-65.0
13,-71.4444444444
14,-70.0
15,-60.3
16,-71.7
17,-67.4
18,-63.0
19,-61.9
20,-65.9
21,-62.2
22,-66.5
23,-63.2
24,-64.0
25,-65.6
26,-70.9
