frequency,pdr
11,-65.7777777778
12,-55.4444444444
13,-60.8
14,-53.3333333333
15,-53.4
16,-52.0
17,-52.0
18,-61.9
19,-57.0
20,-52.0
21,-49.0
22,-53.4
23,-55.0
24,-59.8
25,-55.0
26,-61.1
