frequency,pdr
11,-55.0
12,-55.375
13,-59.4444444444
14,-62.3333333333
15,-53.0
16,-55.0
17,-55.6
18,-49.0
19,-46.0
20,-47.6
21,-60.5
22,-58.0
23,-49.0
24,-46.0
25,-50.3
26,-67.4444444444
