frequency,pdr
11,-47.2
12,-53.2
13,-52.1111111111
14,-48.2222222222
15,-43.0
16,-43.0
17,-45.1
18,-53.2
19,-43.0
20,-46.8
21,-50.5
22,-43.0
23,-43.0
24,-43.0
25,-48.0
26,-43.6
