frequency,pdr
11,-53.3
12,-49.5
13,-57.2222222222
14,-49.5
15,-43.7
16,-43.2
17,-49.0
18,-46.0
19,-49.8
20,-54.4
21,-70.4444444444
22,-56.0909090909
23,-46.0
24,-54.8
25,-67.4
26,-55.0
