frequency,pdr
11,-54.9
12,-54.1111111111
13,-51.8888888889
14,-53.2222222222
15,-52.0
16,-50.9
17,-56.2
18,-61.3
19,-55.5
20,-46.3
21,-51.9
22,-65.4
23,-54.6
24,-56.6
25,-55.0
26,-54.0
