frequency,pdr
11,-57.0
12,-56.5
13,-63.7777777778
14,-61.6666666667
15,-61.0
16,-61.2
17,-67.5
18,-61.0
19,-61.0
20,-61.0
21,-63.9
22,-61.8
23,-62.7
24,-58.0
25,-66.3
26,-62.9
