frequency,pdr
11,-65.2
12,-69.5555555556
13,-61.0
14,-63.6363636364
15,-64.0
16,-66.3
17,-76.7
18,-64.0
19,-71.6
20,-62.1
21,-67.5
22,-66.3
23,-73.2
24,-67.0
25,-67.3
26,-61.0
