frequency,pdr
11,-65.9
12,-64.8888888889
13,-62.0
14,-65.6666666667
15,-66.4
16,-66.7
17,-61.1
18,-64.0
19,-64.0
20,-66.6
21,-60.8
22,-63.8
23,-74.5
24,-72.3
25,-64.2
26,-63.1
