frequency,pdr
11,-55.0
12,-52.1111111111
13,-52.4444444444
14,-60.6
15,-54.1
16,-57.6
17,-49.0
18,-52.0
19,-59.2
20,-53.3
21,-55.0
22,-56.1
23,-53.6
24,-54.3
25,-53.8
26,-56.7
