frequency,pdr
11,-59.1
12,-68.2222222222
13,-67.0
14,-70.5555555556
15,-67.2
16,-65.2
17,-56.4
18,-57.8
19,-67.0
20,-74.0
21,-67.0
22,-67.0
23,-67.7
24,-67.0
25,-65.7
26,-78.5
