frequency,pdr
11,-55.0
12,-63.8888888889
13,-55.1
14,-59.5555555556
15,-58.0
16,-61.0
17,-73.2
18,-63.3
19,-60.0
20,-58.0
21,-58.0
22,-55.0
23,-57.0
24,-55.0
25,-58.8
26,-64.0
