frequency,pdr
11,-62.6
12,-63.375
13,-68.0
14,-67.1111111111
15,-69.3
16,-57.6
17,-61.4
18,-61.0
19,-55.0
20,-62.6363636364
21,-65.2
22,-71.1
23,-61.2
24,-63.3
25,-58.2
26,-61.0
