frequency,pdr
11,-61.3
12,-72.8888888889
13,-55.3333333333
14,-62.2222222222
15,-61.0
16,-69.5
17,-69.5
18,-62.9
19,-58.7
20,-57.6
21,-58.0
22,-61.1
23,-62.9
24,-58.0
25,-75.8
26,-61.0
