frequency,pdr
11,-69.0
12,-58.1111111111
13,-64.4444444444
14,-68.4444444444
15,-61.9
16,-60.3
17,-64.0
18,-62.5
19,-60.6
20,-67.0
21,-67.1
22,-76.3
23,-67.0
24,-68.7
25,-67.0
26,-67.4
