frequency,pdr
11,-64.2222222222
12,-55.1111111111
13,-47.6
14,-55.3333333333
15,-57.2
16,-46.0
17,-43.9
18,-46.3
19,-51.8
20,-62.6
21,-51.1
22,-49.8
23,-56.3
24,-53.5
25,-49.9
26,-50.7
