frequency,pdr
11,-57.0
12,-56.2222222222
13,-52.1
14,-55.5555555556
15,-59.4
16,-55.0
17,-56.8
18,-54.1
19,-55.0
20,-52.0
21,-51.9
22,-55.0
23,-52.0
24,-57.0
25,-57.8
26,-49.9
