frequency,pdr
11,-52.0
12,-53.6666666667
13,-45.3
14,-46.3333333333
15,-43.0
16,-45.3
17,-44.7
18,-49.0
19,-46.0
20,-46.1
21,-48.6
22,-57.0
23,-53.0
24,-71.7
25,-50.6
26,-51.9
