frequency,pdr
11,-60.7
12,-64.6666666667
13,-64.0
14,-71.5555555556
15,-67.0
16,-61.0
17,-61.0
18,-58.3
19,-60.9
20,-68.9
21,-59.0
22,-71.6
23,-64.0
24,-67.3
25,-68.5
26,-73.6
