frequency,pdr
11,-46.0
12,-46.3
13,-46.8
14,-49.8888888889
15,-46.4
16,-51.6
17,-57.1
18,-57.3
19,-52.1
20,-48.8181818182
21,-46.0
22,-50.0
23,-54.5
24,-66.9
25,-54.0
26,-53.7
