frequency,pdr
11,-51.4
12,-55.2222222222
13,-59.2222222222
14,-59.8
15,-51.3
16,-62.2
17,-65.8
18,-69.8
19,-61.0
20,-77.5
21,-56.8
22,-53.5
23,-57.8
24,-55.0
25,-60.9
26,-51.5
