frequency,pdr
11,-52.0
12,-68.4444444444
13,-57.1
14,-60.5555555556
15,-55.3
16,-54.1
17,-58.0
18,-63.5
19,-63.1
20,-61.0
21,-67.4
22,-53.0
23,-62.7
24,-54.0
25,-68.1
26,-61.0
