frequency,pdr
11,-61.1
12,-63.5555555556
13,-69.7777777778
14,-59.6666666667
15,-61.0
16,-59.2
17,-71.2
18,-67.0
19,-67.0
20,-61.0
21,-64.2
22,-59.8
23,-58.0
24,-67.0
25,-67.0
26,-73.7
