frequency,pdr
11,-64.2222222222
12,-66.4444444444
13,-61.2222222222
14,-65.6666666667
15,-64.0
16,-65.5
17,-58.0
18,-61.5
19,-64.0
20,-66.7
21,-71.6
22,-69.7
23,-59.6
24,-63.1
25,-67.0
26,-72.7
