frequency,pdr
11,-67.3
12,-60.9
13,-64.8888888889
14,-65.2
15,-64.3
16,-64.6
17,-51.9
18,-58.1
19,-66.1
20,-67.0
21,-59.6
22,-67.1
23,-62.6
24,-63.6
25,-67.0
26,-76.2222222222
