frequency,pdr
11,-49.1
12,-51.8888888889
13,-51.6
14,-50.7777777778
15,-55.0
16,-69.1
17,-55.0
18,-55.0
19,-56.5
20,-60.2
21,-59.0
22,-66.1
23,-58.1
24,-49.0
25,-53.6
26,-64.1
