frequency,pdr
11,-75.7777777778
12,-63.125
13,-69.2
14,-59.7777777778
15,-61.0
16,-71.2
17,-67.1
18,-64.0
19,-66.0
20,-74.8
21,-64.0
22,-79.1111111111
23,-58.1
24,-67.0
25,-66.9
26,-62.7
