frequency,pdr
11,-64.0
12,-62.375
13,-62.5555555556
14,-63.2222222222
15,-69.5
16,-78.2
17,-68.1
18,-59.7
19,-58.0
20,-76.2
21,-62.4
22,-65.0
23,-69.2
24,-69.8
25,-64.2
26,-61.0
