frequency,pdr
11,-60.9
12,-67.4444444444
13,-60.7
14,-59.3333333333
15,-55.0
16,-62.0
17,-61.6
18,-60.4
19,-64.3
20,-71.9
21,-72.4
22,-67.0
23,-72.3
24,-66.4
25,-59.0
26,-57.7
