frequency,pdr
11,-67.4
12,-55.7777777778
13,-50.9
14,-66.6666666667
15,-57.0
16,-65.8
17,-55.0
18,-50.0
19,-62.1
20,-61.0
21,-59.4
22,-55.0
23,-61.0
24,-58.7
25,-61.0
26,-62.3
