frequency,pdr
11,-49.3
12,-52.4
13,-51.5454545455
14,-49.8888888889
15,-48.8
16,-52.0
17,-52.2
18,-55.8
19,-57.0
20,-60.2
21,-46.0
22,-45.5
23,-46.0
24,-47.4
25,-55.3
26,-51.2
