frequency,pdr
11,-60.0
12,-75.2727272727
13,-59.6666666667
14,-60.2
15,-60.9
16,-55.0
17,-59.6
18,-57.5
19,-64.6
20,-68.4
21,-70.3
22,-64.0
23,-73.0
24,-67.0
25,-61.0
26,-61.5
