frequency,pdr
11,-56.6
12,-52.3
13,-57.6666666667
14,-55.0
15,-63.7272727273
16,-64.6
17,-67.1
18,-54.4
19,-58.1
20,-63.3
21,-55.0
22,-55.0
23,-58.0
24,-52.9
25,-55.0
26,-55.7
