frequency,pdr
11,-64.1
12,-60.0
13,-71.6666666667
14,-76.5555555556
15,-63.0
16,-61.0
17,-67.0
18,-62.0
19,-67.0
20,-64.0
21,-55.2
22,-55.0
23,-54.0
24,-55.0
25,-58.0
26,-67.0
