frequency,pdr
11,-60.4
12,-62.5555555556
13,-63.8888888889
14,-64.1
15,-58.1
16,-66.5
17,-67.3
18,-67.0
19,-66.4
20,-70.5
21,-66.9
22,-61.1
23,-63.2
24,-69.0
25,-67.0
26,-70.1
