frequency,pdr
11,-73.5555555556
12,-55.8888888889
13,-54.8888888889
14,-66.7
15,-55.0
16,-55.0
17,-58.0
18,-54.2
19,-53.4
20,-52.2
21,-65.1
22,-62.2
23,-63.1
24,-58.4
25,-59.1
26,-63.1
