frequency,pdr
11,-56.5
12,-63.7777777778
13,-66.2222222222
14,-73.3
15,-61.0
16,-61.1
17,-69.7
18,-63.5
19,-60.1
20,-60.2
21,-55.3
22,-57.0
23,-61.0
24,-64.6
25,-63.9
26,-75.5
