frequency,pdr
11,-63.8
12,-64.1111111111
13,-66.8888888889
14,-61.9
15,-61.0
16,-72.4
17,-76.6
18,-64.3
19,-61.0
20,-62.4
21,-64.9
22,-71.4
23,-67.1
24,-76.4
25,-81.4545454545
26,-63.6
