frequency,pdr
11,-52.2
12,-55.7777777778
13,-56.2222222222
14,-57.9
15,-57.6
16,-52.5
17,-53.5
18,-49.3
19,-46.0
20,-43.9
21,-46.0
22,-46.0
23,-46.0
24,-47.1
25,-50.8
26,-46.7
