frequency,pdr
11,-68.4
12,-67.1111111111
13,-70.0
14,-64.0
15,-59.0
16,-65.5
17,-69.8
18,-68.0
19,-70.2
20,-69.4
21,-63.4
22,-61.2
23,-60.0
24,-62.7
25,-66.4545454545
26,-69.5
