frequency,pdr
11,-64.6666666667
12,-52.6666666667
13,-65.625
14,-62.2
15,-55.0
16,-49.0
17,-49.4
18,-52.1
19,-53.5
20,-47.9
21,-46.0
22,-46.0
23,-46.0
24,-50.5
25,-57.0
26,-55.3
