frequency,pdr
11,-57.6
12,-61.7777777778
13,-67.2222222222
14,-53.5
15,-49.1
16,-54.2
17,-55.2
18,-73.7777777778
19,-53.5
20,-55.0
21,-62.5
22,-58.5
23,-54.1
24,-61.0
25,-64.0
26,-61.0
