frequency,pdr
11,-64.5
12,-63.8888888889
13,-64.0
14,-71.4444444444
15,-64.0
16,-59.2
17,-69.9
18,-63.3
19,-62.9
20,-60.7
21,-66.8
22,-70.8
23,-65.4
24,-59.7
25,-64.0
26,-64.0
