frequency,pdr
11,-51.4
12,-53.1111111111
13,-64.2222222222
14,-54.7
15,-57.1
16,-51.5
17,-51.4
18,-65.5
19,-55.4
20,-54.6
21,-58.0
22,-69.0
23,-64.7
24,-60.8
25,-64.0
26,-49.0
