frequency,pdr
11,-58.1
12,-70.3333333333
13,-65.6666666667
14,-78.7
15,-65.3
16,-67.4
17,-61.0
18,-61.1
19,-71.5
20,-70.0
21,-68.3
22,-61.0
23,-58.0
24,-64.1
25,-66.5
26,-61.8
