frequency,pdr
11,-63.2
12,-68.5555555556
13,-61.0
14,-72.4444444444
15,-68.0
16,-71.4
17,-61.7
18,-58.0
19,-65.1
20,-60.6
21,-59.3
22,-58.0
23,-59.4
24,-65.2
25,-64.0
26,-67.4
