frequency,pdr
11,-57.6
12,-57.8888888889
13,-57.7777777778
14,-55.0
15,-55.0
16,-61.4
17,-58.0
18,-55.0
19,-60.3
20,-57.8
21,-59.1
22,-65.6
23,-58.9
24,-70.7
25,-59.4
26,-58.5
