frequency,pdr
11,-55.0
12,-68.5555555556
13,-64.4444444444
14,-58.8
15,-56.8
16,-53.0
17,-55.0
18,-55.0
19,-63.0
20,-53.3
21,-67.8
22,-55.0
23,-60.8
24,-63.1
25,-59.3
26,-55.0
