frequency,pdr
11,-55.6
12,-57.25
13,-57.8
14,-62.3333333333
15,-77.7777777778
16,-78.9
17,-67.0
18,-64.0
19,-67.0
20,-72.0
21,-67.0
22,-66.6
23,-64.0
24,-62.6
25,-59.8
26,-62.7
