frequency,pdr
11,-55.0
12,-57.8571428571
13,-58.4
14,-59.4444444444
15,-58.0
16,-59.4
17,-64.0
18,-68.1
19,-67.0
20,-64.0
21,-58.5
22,-57.0
23,-58.0
24,-61.0
25,-61.4
26,-62.1
