frequency,pdr
11,-66.3
12,-64.0
13,-67.4444444444
14,-69.3333333333
15,-67.0
16,-72.0
17,-67.0
18,-62.1
19,-58.9
20,-55.6
21,-58.4
22,-61.0
23,-61.0
24,-63.7272727273
25,-64.9
26,-66.0
