frequency,pdr
11,-61.0
12,-58.1428571429
13,-58.5
14,-62.6666666667
15,-66.8
16,-84.1428571429
17,-68.2222222222
18,-67.0
19,-67.0
20,-72.8
21,-66.2
22,-64.6
23,-67.0
24,-67.0
25,-64.0
26,-63.4
