frequency,pdr
11,-55.0
12,-57.8
13,-61.0
14,-60.0
15,-64.0
16,-64.0
17,-62.4444444444
18,-64.0
19,-62.6666666667
20,-64.0
21,-61.0
22,-65.8
23,-61.0
24,-58.0
25,-61.0
26,-58.0
