frequency,pdr
11,-49.0
12,-51.9
13,-52.0
14,-51.5
15,-52.2
16,-54.5
17,-59.7777777778
18,-61.0
19,-57.1111111111
20,-65.8
21,-54.9
22,-52.2
23,-52.2
24,-54.8
25,-55.0
26,-53.5
