frequency,pdr
11,-58.0
12,-68.0
13,-68.7
14,-62.6666666667
15,-70.1
16,-72.3
17,-61.6666666667
18,-61.3
19,-67.0
20,-67.0
21,-67.6
22,-61.0
23,-65.8
24,-61.0
25,-67.9090909091
26,-65.1
