frequency,pdr
11,-67.0
12,-66.5714285714
13,-67.0
14,-74.4285714286
15,-67.2
16,-67.1
17,-74.7
18,-67.0
19,-67.0
20,-62.2
21,-61.0
22,-61.0
23,-61.0
24,-64.0
25,-74.7
26,-68.4
