frequency,pdr
11,-83.4
12,-67.0
13,-67.0
14,-70.4444444444
15,-72.3
16,-70.6
17,-61.0
18,-61.0
19,-68.6666666667
20,-63.6
21,-58.0
22,-59.7
23,-61.0
24,-60.9
25,-63.5
26,-61.7
