frequency,pdr
11,-70.0
12,-66.3333333333
13,-68.3
14,-61.8888888889
15,-62.2
16,-64.1
17,-60.8
18,-58.0
19,-59.0
20,-59.0
21,-61.0
22,-62.6
23,-67.0
24,-70.0
25,-67.1
26,-67.0
