frequency,pdr
11,-55.0
12,-55.0
13,-58.6666666667
14,-58.6666666667
15,-55.9
16,-55.0
17,-56.0
18,-55.0
19,-55.0
20,-52.3
21,-52.8
22,-55.0
23,-57.5
24,-57.3
25,-55.4
26,-58.2
