frequency,pdr
11,-58.0
12,-60.1666666667
13,-61.0
14,-62.6666666667
15,-67.0
16,-67.0
17,-64.0
18,-66.1
19,-67.0
20,-62.9
21,-67.0
22,-68.5
23,-63.1
24,-61.3
25,-62.9
26,-66.6
