frequency,pdr
11,-61.0
12,-57.375
13,-58.0
14,-63.1111111111
15,-60.2727272727
16,-57.5
17,-56.3333333333
18,-57.3
19,-63.2222222222
20,-65.0
21,-58.2
22,-60.8
23,-62.0
24,-61.0
25,-61.0
26,-64.0
