frequency,pdr
11,-58.8
12,-57.8
13,-58.0
14,-58.0
15,-61.0
16,-63.7
17,-69.2857142857
18,-72.0
19,-66.0
20,-63.9
21,-65.1
22,-72.4444444444
23,-68.6
24,-66.7
25,-70.0
26,-82.5
