frequency,pdr
12,-89.0
13,-82.4285714286
14,-84.0
15,-83.0
16,-84.0
17,-85.5454545455
18,-86.0
19,-90.4
20,-89.9
21,-86.1
22,-84.3
23,-86.6
24,-87.0
25,-88.0
26,-89.0
