frequency,pdr
11,-83.6
12,-85.5714285714
13,-84.1666666667
14,-85.0
15,-91.0
16,-89.5
17,-82.3333333333
18,-79.8
19,-79.1
20,-79.8
21,-79.7
22,-80.5
23,-82.0
24,-83.0
25,-84.8
26,-87.7
