frequency,pdr
11,-90.3333333333
12,-90.8333333333
13,-90.6666666667
14,-91.0
15,-91.0
16,-91.0
17,-91.0
24,-91.0
25,-91.0
26,-87.7
