frequency,pdr
11,-89.8888888889
12,-91.0
13,-91.0
15,-91.0
16,-91.0
17,-87.4
18,-85.7
19,-83.0
20,-83.0
21,-83.9
22,-87.625
23,-89.1111111111
24,-88.0
25,-87.2
26,-86.7
