frequency,pdr
11,-89.75
12,-89.3333333333
13,-86.3333333333
14,-88.2
15,-90.3
16,-88.6666666667
17,-85.3333333333
18,-85.0
19,-84.7142857143
20,-84.8
21,-86.0
23,-90.875
24,-91.0
25,-91.0
