frequency,pdr
11,-84.3
12,-84.7777777778
13,-85.2857142857
14,-87.7
15,-87.9
16,-90.5
17,-91.0
18,-91.0
19,-91.0
20,-89.5
21,-86.3
22,-83.9
23,-84.8
24,-85.0
25,-85.6
26,-88.5
