frequency,pdr
11,-90.0
12,-91.0
13,-91.0
14,-90.9
15,-90.2
16,-88.6666666667
17,-88.5
18,-90.3333333333
19,-91.0
20,-91.0
21,-91.0
