frequency,pdr
11,-85.2222222222
12,-88.8888888889
13,-88.125
14,-89.7777777778
15,-90.1
16,-89.6
17,-83.0
18,-81.0
19,-82.0
20,-82.0
21,-82.0
22,-83.0
23,-82.0
24,-82.0
25,-85.8
26,-85.1
