frequency,pdr
11,-77.1111111111
12,-76.6
13,-77.1666666667
14,-76.0
15,-76.0
16,-78.3
17,-80.5
18,-79.2
19,-80.0
20,-84.9
21,-89.4
22,-87.3
23,-85.8
24,-83.2
25,-83.9
26,-87.3
