frequency,pdr
11,-85.125
12,-85.8
13,-85.0
14,-84.5555555556
15,-85.0
16,-86.5
17,-87.1111111111
18,-88.125
19,-91.0
20,-91.0
21,-91.0
23,-86.0
24,-85.0
25,-85.9
26,-87.9
