frequency,pdr
11,-77.0
12,-75.0
13,-73.0
14,-72.3
15,-73.0
16,-76.3
17,-79.0
18,-81.2
19,-83.5
20,-83.2
21,-82.0
22,-83.2222222222
23,-86.3333333333
24,-86.8
25,-82.6
26,-79.0
