frequency,pdr
11,-89.2222222222
12,-91.0
13,-91.0
14,-91.0
15,-91.0
16,-91.0
17,-89.5714285714
18,-90.0
19,-91.0
20,-89.0
21,-87.7777777778
22,-90.5
23,-91.0
24,-91.0
26,-91.0
