frequency,pdr
11,-73.9
12,-83.2222222222
13,-83.4444444444
14,-73.7
15,-70.0
16,-70.0
17,-70.0
18,-70.0
19,-70.0
20,-70.0
21,-70.0
22,-70.0
23,-70.0
24,-69.0
25,-68.4
26,-70.0
