frequency,pdr
11,-89.0
12,-87.7777777778
13,-85.75
14,-88.0
15,-91.0
16,-89.1111111111
17,-89.4444444444
18,-89.3333333333
19,-88.6
20,-88.0
21,-91.0
22,-91.0
23,-91.0
24,-91.0
25,-90.2
26,-90.0
