frequency,pdr
11,-65.7
12,-64.1111111111
13,-69.8
14,-64.2
15,-63.6666666667
16,-64.1
17,-68.9
18,-62.1
19,-66.1
20,-80.2
21,-71.4
22,-65.1
23,-61.0
24,-60.9
25,-69.1
26,-64.0
