frequency,pdr
11,-73.5555555556
12,-69.8888888889
13,-55.0
14,-64.6
15,-66.3333333333
16,-68.7
17,-70.3
18,-66.0
19,-61.2
20,-62.0
21,-68.4
22,-69.3
23,-66.3
24,-67.1
25,-65.4
26,-59.0
