frequency,pdr
11,-54.9
12,-50.2
13,-53.2
14,-68.3636363636
15,-54.5555555556
16,-59.2
17,-55.0
18,-53.4
19,-55.0
20,-52.0
21,-63.5
22,-60.8
23,-55.0
24,-65.1
25,-57.4
26,-55.3
