frequency,pdr
11,-55.0
12,-55.0
13,-66.5
14,-70.8888888889
15,-61.7777777778
16,-58.7
17,-61.0
18,-61.8
19,-58.0
20,-54.6
21,-56.3
22,-73.6666666667
23,-53.9
24,-51.7
25,-68.3
26,-58.0
