frequency,pdr
11,-63.8
12,-56.7
13,-60.6
14,-52.0
15,-50.5555555556
16,-61.5
17,-52.6
18,-61.0
19,-59.5
20,-67.5
21,-55.0
22,-55.0
23,-54.9
24,-47.9090909091
25,-49.0
26,-62.7
