frequency,pdr
11,-59.2
12,-66.7777777778
13,-58.2
14,-64.2
15,-58.6666666667
16,-59.9
17,-59.5
18,-61.0
19,-67.7
20,-67.0
21,-67.0
22,-62.9
23,-63.1
24,-64.0
25,-78.0
26,-62.1
