frequency,pdr
11,-62.3333333333
12,-60.6666666667
13,-66.4
14,-60.7
15,-71.8
16,-68.7
17,-62.3
18,-62.8
19,-59.4
20,-56.1
21,-59.2
22,-68.6
23,-60.6
24,-64.0
25,-69.7
26,-73.2
