frequency,pdr
11,-63.8
12,-65.8888888889
13,-61.0
14,-67.0
15,-62.8888888889
16,-64.0
17,-64.0
18,-59.1
19,-60.6
20,-66.7
21,-68.3
22,-65.7
23,-67.0
24,-65.1
25,-67.0
26,-70.0
