frequency,pdr
11,-65.4
12,-61.0
13,-67.0
14,-68.5555555556
15,-59.7777777778
16,-64.7
17,-67.0
18,-70.6
19,-61.7
20,-61.2
21,-72.2
22,-67.9
23,-66.4
24,-76.1
25,-61.4
26,-63.7
