frequency,pdr
11,-68.3
12,-66.3333333333
13,-61.0
14,-77.3333333333
15,-63.6666666667
16,-60.9
17,-58.0
18,-64.0
19,-67.0
20,-69.2
21,-66.6
22,-62.1
23,-62.8
24,-65.6
25,-66.5
26,-55.3
