frequency,pdr
11,-59.1111111111
12,-53.4
13,-55.0
14,-66.1
15,-62.1111111111
16,-67.4
17,-55.5
18,-50.1
19,-53.6
20,-56.6
21,-55.0
22,-50.0
23,-49.0
24,-47.7
25,-64.7
26,-52.5
