frequency,pdr
11,-57.3
12,-63.8888888889
13,-62.9
14,-55.3
15,-51.3333333333
16,-53.2
17,-59.7
18,-53.9
19,-80.3
20,-61.0
21,-61.1
22,-59.4
23,-62.4
24,-56.1
25,-54.2
26,-65.8
