frequency,pdr
11,-55.0
12,-63.1818181818
13,-68.7
14,-56.3
15,-62.2222222222
16,-61.6
17,-55.1
18,-68.8
19,-65.1
20,-57.0
21,-63.0
22,-53.6
23,-53.8181818182
24,-54.3
25,-52.2
26,-57.7
