frequency,pdr
11,-64.7777777778
12,-64.0
13,-61.9
14,-55.0
15,-58.6666666667
16,-55.0
17,-55.0
18,-63.4
19,-60.1
20,-52.0
21,-60.9
22,-61.0
23,-52.9
24,-55.6
25,-61.0
26,-63.7
