frequency,pdr
11,-58.8
12,-71.8888888889
13,-78.125
14,-65.3636363636
15,-65.0
16,-67.0
17,-70.0
18,-61.3
19,-77.1
20,-61.0
21,-66.1
22,-65.2
23,-80.0
24,-59.0
25,-58.6
26,-79.6
