frequency,pdr
11,-65.4
12,-63.4444444444
13,-62.9
14,-59.0
15,-62.1111111111
16,-64.0
17,-62.6
18,-70.8
19,-59.2
20,-60.9
21,-63.6
22,-55.0
23,-55.0
24,-56.0
25,-73.3
26,-55.0
