frequency,pdr
11,-69.3
12,-54.9
13,-55.0
14,-55.0
15,-52.6363636364
16,-52.4
17,-54.9
18,-51.0
19,-53.9
20,-49.0
21,-54.1
22,-56.8
23,-56.0909090909
24,-62.2
25,-55.0
26,-74.1
