frequency,pdr
11,-62.6
12,-59.6666666667
13,-64.3
14,-51.8
15,-60.0
16,-53.8
17,-69.3
18,-55.0
19,-49.4
20,-52.6363636364
21,-52.0
22,-69.3
23,-55.7
24,-62.2
25,-57.9
26,-66.8
