frequency,pdr
11,-62.7777777778
12,-64.0
13,-61.9
14,-65.8181818182
15,-63.2
16,-65.9
17,-67.0
18,-64.8
19,-70.4
20,-64.0
21,-63.0
22,-64.1
23,-66.5
24,-67.0
25,-63.8
26,-59.7
