frequency,pdr
11,-73.6666666667
12,-68.2
13,-69.6
14,-67.3
15,-60.0909090909
16,-61.0
17,-70.5
18,-67.4
19,-63.8
20,-66.9
21,-70.8
22,-68.2
23,-67.0
24,-69.1
25,-64.0
26,-70.1
