frequency,pdr
11,-67.2
12,-59.4444444444
13,-64.6
14,-59.8
15,-62.1111111111
16,-68.3
17,-61.6
18,-59.2
19,-63.6
20,-65.3
21,-63.6
22,-57.6
23,-55.0
24,-55.9
25,-70.0
26,-64.4
