frequency,pdr
11,-52.0
12,-57.3636363636
13,-66.5
14,-59.5
15,-66.8888888889
16,-52.0
17,-62.8
18,-52.0
19,-64.1
20,-55.0
21,-58.7
22,-58.2
23,-68.8
24,-61.2
25,-60.0
26,-54.2
