frequency,pdr
11,-58.3
12,-52.6666666667
13,-51.5
14,-54.4
15,-56.4444444444
16,-52.0
17,-52.3
18,-57.7
19,-50.1
20,-55.4
21,-55.0
22,-51.0
23,-56.7
24,-60.2
25,-52.3
26,-59.2
