frequency,pdr
11,-90.5714285714
12,-91.0
13,-91.0
14,-91.0
15,-89.9
16,-88.0
17,-88.125
18,-89.1
19,-91.0
20,-91.0
21,-91.0
22,-89.5714285714
23,-90.375
24,-89.0
25,-88.0
26,-86.0
