frequency,pdr
11,-79.0
12,-76.0
13,-74.1
14,-75.8
15,-79.0
16,-81.5
17,-80.3333333333
18,-79.8888888889
19,-80.2
20,-80.0
21,-81.3
22,-83.6
23,-84.3
24,-86.3
25,-85.0
26,-82.0
