frequency,pdr
11,-90.875
12,-87.5714285714
13,-89.7777777778
14,-91.0
15,-91.0
16,-91.0
23,-91.0
24,-91.0
25,-91.0
26,-91.0
