frequency,pdr
11,-83.7777777778
12,-81.7142857143
13,-82.3333333333
14,-83.4
15,-82.0
16,-87.9
17,-88.6666666667
18,-88.3333333333
19,-89.6666666667
20,-89.0
21,-90.6666666667
22,-86.0
23,-86.5
24,-91.0
25,-90.9
26,-90.1
