frequency,pdr
11,-78.8
12,-79.0
13,-82.0
14,-80.1
15,-81.3
16,-84.2
17,-85.625
18,-89.2222222222
19,-90.8571428571
20,-90.0
21,-89.6666666667
22,-84.8571428571
23,-84.0
24,-84.8888888889
25,-82.8
26,-86.1
