frequency,pdr
11,-83.0
12,-82.8333333333
13,-85.1111111111
14,-86.8
15,-91.0
16,-91.0
17,-88.75
18,-91.0
19,-91.0
20,-91.0
21,-91.0
24,-91.0
25,-91.0
26,-91.0
