frequency,pdr
11,-90.3333333333
12,-91.0
14,-91.0
15,-91.0
16,-91.0
17,-89.0
18,-90.7777777778
19,-91.0
20,-91.0
21,-91.0
22,-91.0
23,-90.25
24,-90.7
25,-91.0
26,-91.0
