frequency,pdr
11,-81.1
12,-84.125
13,-85.125
14,-88.0
15,-91.0
16,-89.8
17,-89.4444444444
18,-89.875
19,-91.0
20,-91.0
22,-91.0
23,-91.0
24,-88.3333333333
25,-88.4
26,-89.3
