frequency,pdr
11,-52.1428571429
12,-50.5
13,-46.4
14,-49.0
15,-52.0
16,-52.0
17,-53.9
18,-55.0
19,-55.0
20,-58.1
21,-61.2
22,-59.5555555556
23,-55.8
24,-61.4
25,-69.9
26,-61.3
