frequency,pdr
11,-61.1666666667
12,-55.0
13,-55.1111111111
14,-60.0
15,-60.1
16,-60.9
17,-81.4444444444
18,-72.7
19,-69.1
20,-59.1
21,-59.2
22,-65.3333333333
23,-69.0
24,-70.0
25,-76.1
26,-73.0
