frequency,pdr
11,-58.3333333333
12,-64.0
13,-69.1428571429
14,-67.0
15,-64.7
16,-64.0
17,-64.0
18,-58.0
19,-55.0
20,-59.2
21,-63.9
22,-64.0
23,-63.8
24,-67.1
25,-70.1
26,-58.1
