frequency,pdr
11,-60.7142857143
12,-58.125
13,-56.125
14,-62.3333333333
15,-65.2
16,-60.0
17,-58.0
18,-55.1
19,-54.0
20,-52.5
21,-59.2
22,-59.3333333333
23,-55.0
24,-55.0
25,-55.0
26,-58.0
