frequency,pdr
11,-55.5
12,-54.8
13,-55.0
14,-59.3333333333
15,-68.2
16,-67.2
17,-63.0
18,-55.0
19,-53.7
20,-54.0
21,-56.9
22,-57.8888888889
23,-54.7
24,-53.8
25,-55.0
26,-58.0
