frequency,pdr
11,-60.6666666667
12,-62.25
13,-67.0
14,-57.8888888889
15,-55.0
16,-55.6
17,-57.6
18,-59.0
19,-55.0
20,-55.3
21,-55.3
22,-57.8
23,-61.0
24,-68.9
25,-65.6
26,-71.8
