frequency,pdr
11,-66.2
12,-67.0
13,-59.4444444444
14,-61.0
15,-67.8
16,-67.0
17,-67.7777777778
18,-67.0
19,-67.0
20,-67.0
21,-67.0
22,-67.0
23,-57.1
24,-55.3
25,-58.0
26,-59.5
