frequency,pdr
11,-60.8333333333
12,-57.9
13,-58.7142857143
14,-55.0
15,-60.0
16,-60.6
17,-64.0
18,-65.9
19,-61.0
20,-54.4
21,-53.4
22,-59.0
23,-59.8
24,-61.0
25,-68.7
26,-67.7
