frequency,pdr
11,-59.5
12,-63.75
13,-67.0
14,-77.2222222222
15,-76.0
16,-71.9
17,-69.0
18,-67.0
19,-71.2
20,-67.0
21,-69.4
22,-73.8888888889
23,-67.0
24,-64.0
25,-72.1
26,-89.6
