frequency,pdr
11,-55.0
12,-54.8888888889
13,-55.0
14,-55.0
15,-54.9
16,-55.0
17,-58.0
18,-55.1
19,-56.6
20,-58.6
21,-61.7
22,-59.8888888889
23,-61.4
24,-61.0
25,-64.0
26,-61.9
