frequency,pdr
11,-57.8333333333
12,-58.0
13,-57.5
14,-57.8888888889
15,-64.2
16,-59.2
17,-58.4
18,-61.0
19,-57.0
20,-55.0
21,-55.0
22,-55.0
23,-58.0
24,-60.8
25,-66.8
26,-68.0
