frequency,pdr
11,-60.6
12,-54.8888888889
13,-54.875
14,-63.0
15,-67.4
16,-58.0
17,-58.0
18,-57.8
19,-57.7
20,-67.4
21,-65.0
22,-59.7777777778
23,-58.0
24,-58.8
25,-58.6
26,-55.0
