frequency,pdr
11,-63.2857142857
12,-62.7777777778
13,-57.9
14,-61.0
15,-68.7
16,-64.0
17,-67.0
18,-59.0
19,-55.2
20,-63.3
21,-70.4
22,-64.2222222222
23,-61.0
24,-66.1
25,-63.2
26,-61.0
