frequency,pdr
11,-51.9
12,-52.0
13,-57.5555555556
14,-60.4444444444
15,-58.0
16,-55.0
17,-50.2
18,-52.0
19,-59.8
20,-58.0
21,-52.0
22,-52.0
23,-60.7
24,-67.3
25,-65.8
26,-58.0
