frequency,pdr
11,-67.6666666667
12,-61.0
13,-57.1428571429
14,-55.0
15,-55.0
16,-57.8
17,-63.7272727273
18,-55.0
19,-53.0
20,-54.8
21,-55.2
22,-60.7
23,-67.0
24,-65.0
25,-71.0
26,-79.0
