frequency,pdr
11,-73.0
12,-74.0
13,-70.0
14,-71.6666666667
15,-64.0
16,-61.1
17,-61.0
18,-58.0
19,-59.5
20,-61.0
21,-62.4
22,-69.3333333333
23,-64.5
24,-68.8
25,-68.0
26,-66.7
