frequency,pdr
11,-52.1428571429
12,-55.0
13,-58.0
14,-56.2222222222
15,-55.0
16,-55.0
17,-55.0
18,-53.2
19,-55.0
20,-61.8
21,-63.9
22,-58.0
23,-56.6
24,-64.0
25,-58.0
26,-57.0
