frequency,pdr
11,-57.8888888889
12,-58.0
13,-58.75
14,-64.0
15,-61.0
16,-61.0
17,-67.0
18,-73.0
19,-70.0
20,-67.0
21,-67.0
22,-72.1111111111
23,-70.7
24,-73.1
25,-67.0
26,-67.0
