frequency,pdr
11,-67.0
12,-66.2222222222
13,-66.8
14,-69.6666666667
15,-77.3333333333
16,-70.0
17,-67.0
18,-67.5
19,-73.3333333333
20,-67.0
21,-67.0
22,-69.0
23,-72.3
24,-80.5
25,-80.1
26,-81.6
