frequency,pdr
11,-55.0
12,-61.1
13,-57.6666666667
14,-64.7
15,-62.4
16,-67.1
17,-63.4
18,-61.0
19,-54.7
20,-64.4
21,-55.2
22,-55.0
23,-69.7777777778
24,-62.6
25,-59.9
26,-63.7777777778
