frequency,pdr
11,-67.8181818182
12,-72.3
13,-67.1111111111
14,-64.1
15,-64.0
16,-68.9
17,-58.0
18,-64.0
19,-61.0
20,-62.9
21,-61.3
22,-70.2
23,-61.1
24,-58.0
25,-61.0
26,-64.0
