frequency,pdr
11,-64.4444444444
12,-59.1
13,-55.0
14,-55.1
15,-68.3
16,-63.9
17,-62.6
18,-60.7
19,-55.0
20,-54.5
21,-49.0
22,-55.0
23,-52.8
24,-69.3333333333
25,-58.9
26,-55.0
