frequency,pdr
11,-66.2222222222
12,-54.3
13,-52.2222222222
14,-55.0
15,-52.0
16,-52.0
17,-53.4
18,-61.6
19,-52.3
20,-54.6
21,-54.9
22,-57.0
23,-61.2
24,-52.6
25,-69.8
26,-54.0
