frequency,pdr
11,-62.6666666667
12,-64.1
13,-74.5555555556
14,-55.0
15,-62.4
16,-70.9
17,-68.6
18,-62.4
19,-67.0
20,-67.0
21,-62.3
22,-58.9
23,-64.0
24,-81.2
25,-67.2
26,-67.0
