frequency,pdr
11,-68.3
12,-64.0
13,-57.6666666667
14,-62.7
15,-61.0
16,-71.7
17,-66.3
18,-55.2
19,-64.1
20,-62.2
21,-58.4
22,-62.4
23,-75.8888888889
24,-63.0
25,-59.5
26,-58.0
