frequency,pdr
11,-49.6
12,-53.3333333333
13,-58.1111111111
14,-51.7
15,-56.0
16,-67.6
17,-58.0
18,-53.4
19,-54.4
20,-50.7
21,-53.0
22,-47.6
23,-48.1
24,-47.9
25,-51.1
26,-51.7
