frequency,pdr
11,-78.8888888889
12,-64.2222222222
13,-57.9
14,-59.2
15,-59.8
16,-77.7
17,-72.9
18,-68.2
19,-65.0
20,-69.7
21,-66.4
22,-63.3
23,-71.0
24,-61.8
25,-69.7
26,-70.1
