frequency,pdr
11,-68.3333333333
12,-56.4444444444
13,-66.4444444444
14,-62.3
15,-71.5
16,-61.5
17,-52.1
18,-55.0
19,-63.4
20,-54.7
21,-63.2
22,-63.1
23,-52.0
24,-53.2
25,-47.4
26,-55.0
