frequency,pdr
11,-51.2
12,-60.5555555556
13,-69.8888888889
14,-50.8
15,-49.0
16,-46.0
17,-50.3
18,-55.7
19,-49.0
20,-53.1
21,-52.0
22,-67.1
23,-63.6
24,-68.2
25,-55.0
26,-58.7
