frequency,pdr
11,-53.1
12,-52.7777777778
13,-61.4444444444
14,-58.0
15,-55.0
16,-69.3
17,-53.2
18,-55.0
19,-62.3
20,-66.4
21,-66.1
22,-53.0
23,-61.9
24,-49.8
25,-51.0
26,-56.5
