frequency,pdr
11,-52.0
12,-46.0
13,-58.8888888889
14,-64.0
15,-55.0
16,-64.0
17,-49.5
18,-45.9
19,-47.8
20,-49.0
21,-55.0
22,-69.7
23,-52.6
24,-49.1
25,-50.3
26,-58.7272727273
