frequency,pdr
11,-66.6666666667
12,-56.1
13,-69.7777777778
14,-55.0
15,-52.0
16,-55.0
17,-65.0
18,-68.3
19,-61.0
20,-67.4
21,-55.0
22,-58.7
23,-55.0
24,-61.2
25,-61.0
26,-55.0
