frequency,pdr
11,-57.8
12,-60.7777777778
13,-67.3333333333
14,-63.2
15,-55.0
16,-60.1
17,-62.2
18,-58.0
19,-60.2
20,-58.4
21,-54.2
22,-66.8
23,-67.7
24,-55.0
25,-61.0
26,-74.5
