frequency,pdr
11,-71.4444444444
12,-55.1111111111
13,-69.2
14,-66.5
15,-58.3
16,-54.5
17,-55.0
18,-55.0
19,-68.7
20,-65.1
21,-55.0
22,-58.0
23,-68.8
24,-68.1
25,-67.7
26,-62.3
