frequency,pdr
11,-55.0
12,-69.3333333333
13,-66.3333333333
14,-73.5
15,-61.9
16,-63.6
17,-62.0
18,-65.1
19,-61.0
20,-67.2
21,-66.9
22,-75.2
23,-71.4
24,-62.1
25,-63.6
26,-58.9
