frequency,pdr
11,-64.5
12,-65.7777777778
13,-59.5555555556
14,-62.4
15,-67.0
16,-61.0
17,-58.3
18,-60.9
19,-63.1
20,-65.7
21,-61.0
22,-64.0
23,-55.0
24,-55.0
25,-60.6
26,-61.0
