frequency,pdr
11,-66.9
12,-53.7
13,-55.7777777778
14,-52.0
15,-54.9
16,-69.2222222222
17,-55.0
18,-66.8
19,-56.9
20,-63.5
21,-55.0
22,-58.0
23,-60.1
24,-55.0
25,-55.0
26,-54.7
