frequency,pdr
11,-52.1
12,-55.0
13,-65.3333333333
14,-54.9
15,-54.9
16,-57.6
17,-70.6
18,-56.3
19,-52.0
20,-55.4
21,-58.0
22,-65.9
23,-61.9
24,-61.0
25,-62.2222222222
26,-55.0
