frequency,pdr
11,-60.3
12,-60.4
13,-61.5555555556
14,-67.8
15,-52.0
16,-52.0
17,-52.0
18,-57.7
19,-61.8181818182
20,-63.7
21,-54.9
22,-75.5
23,-58.0
24,-55.2
25,-61.7777777778
26,-54.4
