frequency,pdr
11,-55.0
12,-69.7
13,-66.7
14,-58.2
15,-55.0
16,-63.7272727273
17,-66.4
18,-56.0
19,-55.0
20,-55.7
21,-55.6
22,-51.1
23,-68.2
24,-67.0
25,-61.5555555556
26,-61.0
