frequency,pdr
11,-49.1
12,-50.8
13,-56.6666666667
14,-64.9
15,-57.2
16,-61.1
17,-58.0
18,-55.0
19,-57.7
20,-67.1
21,-61.9
22,-58.0
23,-52.8
24,-55.0
25,-52.3333333333
26,-50.5
