frequency,pdr
11,-54.4
12,-52.2
13,-58.7777777778
14,-55.0
15,-58.5
16,-64.9
17,-56.4
18,-55.0
19,-56.5
20,-63.3
21,-56.2
22,-66.1
23,-58.0
24,-64.0
25,-68.8888888889
26,-55.0
