frequency,pdr
11,-52.0
12,-56.9
13,-59.3333333333
14,-72.8888888889
15,-58.0
16,-66.6
17,-65.7
18,-64.7
19,-69.6
20,-58.0
21,-55.2
22,-55.0
23,-59.8
24,-64.9
25,-62.1
26,-66.8
