frequency,pdr
11,-58.9
12,-52.0
13,-52.5
14,-52.6
15,-52.5
16,-61.0
17,-53.3636363636
18,-69.1
19,-55.5
20,-57.7
21,-57.0
22,-68.5
23,-55.0
24,-60.9
25,-61.3333333333
26,-55.0
