frequency,pdr
11,-64.7777777778
12,-46.0
13,-44.2
14,-43.0
15,-43.3636363636
16,-41.0
17,-40.0
18,-42.0
19,-40.0
20,-40.0
21,-44.0
22,-43.0
23,-43.0
24,-40.0
25,-43.7
26,-44.7
