frequency,pdr
11,-60.1
12,-52.0
13,-58.4444444444
14,-61.7
15,-64.0
16,-53.3
17,-59.2
18,-53.2
19,-57.4
20,-61.6
21,-60.3
22,-59.0
23,-63.0
24,-52.1
25,-60.4444444444
26,-52.0
