frequency,pdr
11,-52.1
12,-67.0
13,-69.7777777778
14,-55.0
15,-52.4
16,-56.3
17,-57.1
18,-52.0
19,-54.4
20,-54.6
21,-67.2
22,-61.2
23,-60.9
24,-67.0
25,-67.2222222222
26,-58.0
