frequency,pdr
11,-54.6
12,-55.6
13,-54.8888888889
14,-60.6
15,-55.0
16,-65.6
17,-60.7
18,-56.0
19,-50.3
20,-51.3
21,-48.6
22,-50.9
23,-59.1818181818
24,-54.0
25,-56.4
26,-55.0
