frequency,pdr
11,-65.2
12,-56.2
13,-67.2222222222
14,-59.0
15,-59.5
16,-62.4
17,-53.2
18,-50.2
19,-59.3
20,-55.0
21,-53.2
22,-63.9
23,-53.1
24,-55.0
25,-58.5555555556
26,-58.9
