frequency,pdr
11,-66.7142857143
12,-72.4
13,-61.0
14,-65.4
15,-66.6
16,-61.0
17,-63.4444444444
18,-62.3333333333
19,-59.9
20,-58.0
21,-60.4
22,-63.0
23,-61.2
24,-61.4
25,-55.0
26,-58.0
