frequency,pdr
11,-43.9
12,-46.0
13,-50.0
14,-58.3
15,-62.7
16,-65.4444444444
17,-57.3333333333
18,-59.9
19,-52.0
20,-48.0
21,-49.0
22,-49.0
23,-52.0
24,-62.9
25,-61.0
26,-58.0
