frequency,pdr
11,-62.4444444444
12,-61.0
13,-60.0
14,-64.0
15,-64.0
16,-72.3333333333
17,-70.4444444444
18,-67.0
19,-64.0
20,-64.0
21,-63.2
22,-64.0
23,-71.0
24,-64.0
25,-71.5
26,-66.0
