frequency,pdr
11,-63.7142857143
12,-63.2
13,-55.3333333333
14,-57.8
15,-55.2
16,-55.0
17,-49.3
18,-51.6666666667
19,-52.0
20,-46.8
21,-47.1
22,-50.8
23,-50.0
24,-57.4
25,-59.4
26,-49.2
