frequency,pdr
11,-60.8
12,-68.0
13,-60.8
14,-63.9
15,-60.9
16,-55.0
17,-57.8888888889
18,-70.5555555556
19,-58.5555555556
20,-58.0
21,-58.0
22,-55.0
23,-56.2
24,-58.0
25,-55.0
26,-58.0
