frequency,pdr
11,-54.3333333333
12,-52.0
13,-51.75
14,-52.0
15,-55.0
16,-57.8888888889
17,-63.6666666667
18,-62.2222222222
19,-55.0
20,-54.7
21,-54.7
22,-55.0
23,-55.1
24,-78.9090909091
25,-59.6
26,-60.2
