frequency,pdr
11,-62.9
12,-66.5555555556
13,-67.0
14,-70.1
15,-69.9
16,-63.8888888889
17,-63.1111111111
18,-64.0
19,-61.0
20,-66.3
21,-61.4
22,-59.5
23,-60.6
24,-62.7
25,-64.2
26,-63.6
