frequency,pdr
11,-55.0
12,-53.3636363636
13,-53.5555555556
14,-56.4
15,-71.1
16,-64.0
17,-59.5555555556
18,-55.0
19,-52.0
20,-50.7
21,-50.2
22,-52.0
23,-55.0
24,-62.7
25,-66.3
26,-61.0
