frequency,pdr
11,-44.9
12,-43.0
13,-43.2
14,-46.0
15,-49.0
16,-55.0
17,-60.7777777778
18,-61.0
19,-64.7777777778
20,-55.0
21,-48.0
22,-46.0
23,-47.0
24,-51.0
25,-58.1
26,-61.0
