frequency,pdr
11,-85.6
12,-87.375
13,-90.0
14,-90.0
15,-88.9
16,-88.6
17,-87.6666666667
18,-88.6666666667
19,-90.0
20,-90.0
21,-89.1
23,-91.0
24,-91.0
25,-91.0
26,-90.6
