frequency,pdr
11,-85.0
12,-89.6666666667
13,-84.8888888889
14,-85.0
15,-91.0
17,-90.8571428571
18,-91.0
19,-91.0
21,-91.0
23,-91.0
24,-91.0
25,-91.0
26,-91.0
