frequency,pdr
11,-86.875
12,-84.6666666667
13,-82.1
14,-85.0
15,-91.0
17,-89.875
18,-91.0
19,-91.0
21,-87.0
22,-84.1666666667
23,-86.1428571429
24,-86.5555555556
25,-88.0
26,-90.0
