frequency,pdr
11,-91.0
12,-90.9
13,-90.3333333333
14,-89.0
15,-89.0
16,-87.4285714286
17,-91.0
18,-91.0
21,-91.0
22,-89.75
23,-91.0
24,-91.0
25,-91.0
26,-90.4
