frequency,pdr
11,-90.2
13,-90.0
14,-87.0
15,-85.0
16,-84.1
17,-84.0
18,-83.0
19,-84.5
20,-85.2
21,-86.0
22,-87.1428571429
23,-88.4444444444
24,-89.9
25,-90.7
26,-89.4
