frequency,pdr
11,-87.25
12,-86.875
13,-89.875
14,-91.0
15,-91.0
17,-86.1428571429
18,-85.0
19,-87.9
21,-90.8333333333
22,-89.875
23,-91.0
24,-91.0
25,-91.0
26,-89.0
