frequency,pdr
11,-90.2222222222
12,-91.0
13,-91.0
14,-90.8
15,-90.0
16,-91.0
17,-90.7142857143
18,-91.0
19,-91.0
20,-91.0
21,-91.0
22,-91.0
24,-91.0
