frequency,pdr
11,-50.0
12,-52.0
13,-52.7
14,-55.0
15,-54.7
16,-53.8888888889
17,-51.9
18,-52.8888888889
19,-54.0
20,-52.0
21,-52.0
22,-52.0
23,-52.0
24,-52.0
25,-50.8
26,-50.0
