frequency,pdr
11,-77.125
12,-72.375
13,-69.1428571429
14,-67.0
15,-67.0
16,-79.2222222222
17,-70.875
18,-66.6666666667
19,-61.0
20,-61.0
21,-61.0
22,-61.0
23,-59.7
24,-59.0
25,-58.6
26,-60.3
