frequency,pdr
11,-61.125
12,-55.0
13,-54.8888888889
14,-57.0
15,-60.0
16,-60.0
17,-57.8888888889
18,-55.0
19,-52.9
20,-55.0
21,-52.0
22,-55.0
23,-58.0
24,-58.0
25,-61.0
26,-60.0
