frequency,pdr
11,-72.125
12,-72.4444444444
13,-67.5714285714
14,-64.25
15,-62.0
16,-61.0
17,-64.25
18,-70.0
19,-67.1111111111
20,-64.0
21,-62.0
22,-64.0
23,-64.0
24,-63.2
25,-64.0
26,-66.2
