frequency,pdr
11,-66.25
12,-66.625
13,-67.0
14,-67.0
15,-69.9
16,-64.4444444444
17,-61.3
18,-60.6666666667
19,-64.0
20,-64.0
21,-67.0
22,-67.0
23,-67.0
24,-67.0
25,-64.0
26,-65.0
