frequency,pdr
11,-64.0
12,-63.7777777778
13,-59.6666666667
14,-60.4444444444
15,-62.3
16,-64.0
17,-68.2857142857
18,-70.0
19,-67.0
20,-70.8
21,-67.0
22,-64.2
23,-65.8
24,-67.0
25,-72.5
26,-75.9
