frequency,pdr
11,-70.0
12,-70.5555555556
13,-71.2857142857
14,-72.2222222222
15,-70.0
16,-69.8888888889
17,-70.8571428571
18,-70.0
19,-67.2
20,-67.0
21,-67.0
22,-64.9
23,-63.1
24,-64.0
25,-67.0
26,-72.6
