frequency,pdr
11,-54.7
12,-55.0
13,-54.7
14,-52.0
15,-53.0
16,-52.1111111111
17,-55.0
18,-52.0
19,-51.8888888889
20,-60.3
21,-55.0
22,-55.0
23,-58.0
24,-61.0
25,-61.0
26,-60.6
