frequency,pdr
11,-64.0
12,-66.625
13,-67.0
14,-64.7777777778
15,-65.0
16,-67.0
17,-67.0
18,-72.8888888889
19,-76.0
20,-74.5
21,-70.2
22,-67.7
23,-67.9
24,-68.8
25,-78.7
26,-76.1
