frequency,pdr
11,-66.4285714286
12,-72.625
13,-66.375
14,-61.0
15,-61.0
16,-65.8888888889
17,-83.5714285714
18,-67.3
19,-65.0
20,-67.0
21,-67.0
22,-64.0
23,-66.6
24,-67.0
25,-67.0
26,-67.2
