frequency,pdr
11,-72.0
12,-66.75
13,-64.1666666667
14,-61.0
15,-58.0
16,-58.8
17,-61.7777777778
18,-64.0
19,-61.2222222222
20,-61.0
21,-58.0
22,-58.0
23,-59.7
24,-58.0
25,-61.0
26,-66.9
