frequency,pdr
11,-63.875
12,-63.75
13,-63.1111111111
14,-62.5555555556
15,-61.0
16,-61.7777777778
17,-62.8571428571
18,-64.0
19,-65.0
20,-64.0
21,-67.0
22,-78.0
23,-68.6
24,-70.0
25,-74.3
26,-71.0
