frequency,pdr
11,-58.875
12,-58.6666666667
13,-57.8888888889
14,-58.0
15,-56.6
16,-55.0
17,-55.0
18,-58.0
19,-58.0
20,-61.0
21,-62.1
22,-62.9
23,-61.0
24,-61.2
25,-64.0
26,-64.0
