frequency,pdr
11,-54.9
12,-55.0
13,-57.25
14,-59.4444444444
15,-61.0
16,-65.8888888889
17,-67.0
18,-57.8
19,-58.0
20,-61.0
21,-65.3
22,-64.0
23,-61.0
24,-61.0
25,-69.1
26,-66.5
