frequency,pdr
11,-54.9
12,-55.0
13,-55.0
14,-54.0
15,-55.0
16,-59.4444444444
17,-56.5714285714
18,-55.0
19,-55.0
20,-58.1
21,-59.0
22,-62.0
23,-61.1
24,-56.5
25,-55.0
26,-55.0
