frequency,pdr
11,-90.75
13,-91.0
14,-87.5
15,-87.6
16,-88.625
17,-87.1
18,-87.8333333333
19,-87.4
20,-87.3
21,-90.6666666667
22,-90.0
23,-90.2222222222
24,-91.0
25,-91.0
26,-91.0
