frequency,pdr
11,-89.8571428571
12,-90.7142857143
13,-91.0
15,-91.0
16,-89.0
17,-90.0
18,-91.0
19,-91.0
22,-90.0
23,-89.0
24,-86.2
25,-86.2
26,-87.8
