frequency,pdr
11,-89.6666666667
12,-90.8888888889
13,-89.3
14,-90.0
15,-91.0
16,-90.0
17,-89.6
18,-90.8333333333
19,-91.0
20,-91.0
21,-91.0
23,-91.0
24,-91.0
25,-91.0
26,-91.0
