frequency,pdr
11,-90.0
12,-87.0
13,-89.25
14,-85.0
15,-85.6
16,-83.4285714286
17,-80.2
18,-79.1666666667
19,-78.5
20,-77.3
21,-78.9
22,-79.5714285714
23,-81.3
24,-81.5
25,-81.3
26,-90.4
