frequency,pdr
11,-86.5
12,-89.2
13,-91.0
15,-90.2
16,-88.0
17,-89.7
18,-90.0
19,-90.8888888889
20,-90.9
21,-91.0
23,-90.8888888889
24,-91.0
25,-90.9
26,-90.2
