frequency,pdr
11,-90.5
12,-91.0
13,-90.6
14,-91.0
15,-91.0
16,-87.5714285714
17,-85.1
18,-88.5714285714
19,-90.9
20,-89.4
21,-91.0
22,-87.1666666667
23,-89.1
24,-89.3
25,-87.3
26,-91.0
