frequency,pdr
11,-86.0
12,-86.0
13,-86.4
14,-90.8
15,-89.0
16,-83.1428571429
17,-85.0
18,-86.5
19,-90.8
20,-91.0
21,-91.0
23,-88.8888888889
24,-90.9
25,-91.0
26,-85.8
