frequency,pdr
11,-54.2
12,-61.7777777778
13,-61.0
14,-62.3333333333
15,-67.0
16,-55.0
17,-68.7
18,-58.1
19,-61.1
20,-58.5
21,-53.8
22,-57.2
23,-60.6
24,-54.5
25,-55.0
26,-64.0
