frequency,pdr
11,-61.0
12,-65.3333333333
13,-62.2
14,-57.6666666667
15,-60.4
16,-67.3
17,-64.6
18,-64.2
19,-76.1
20,-61.5
21,-61.1
22,-73.6
23,-67.4
24,-66.0
25,-63.8
26,-66.3
