frequency,pdr
11,-49.5
12,-58.5555555556
13,-61.0
14,-69.4444444444
15,-67.1
16,-67.0
17,-65.4
18,-58.9
19,-56.8
20,-55.0
21,-55.2
22,-55.0
23,-53.0
24,-63.7
25,-56.8
26,-65.3
