frequency,pdr
11,-51.3
12,-52.7777777778
13,-51.3
14,-65.2222222222
15,-59.6
16,-52.3
17,-49.0
18,-47.7
19,-47.5
20,-53.1
21,-62.6363636364
22,-66.0
23,-52.0
24,-49.6
25,-47.8
26,-56.5
