frequency,pdr
11,-51.3
12,-47.9
13,-51.8
14,-53.2222222222
15,-46.0
16,-46.0
17,-49.0
18,-55.0
19,-62.9
20,-62.4
21,-52.1
22,-54.2727272727
23,-61.9
24,-61.0
25,-66.1
26,-61.0
