frequency,pdr
11,-46.1
12,-52.7
13,-62.4444444444
14,-52.4444444444
15,-52.0
16,-61.2
17,-52.0
18,-46.0
19,-49.0
20,-63.7
21,-47.6
22,-49.0
23,-52.0
24,-66.7
25,-62.4
26,-55.0
