frequency,pdr
11,-63.9
12,-56.6666666667
13,-58.8888888889
14,-61.3333333333
15,-60.0
16,-49.0
17,-49.0
18,-63.4
19,-58.0
20,-55.0
21,-52.0
22,-53.3
23,-50.7
24,-50.0
25,-55.0
26,-69.2
