frequency,pdr
11,-73.8888888889
12,-65.6
13,-54.9
14,-52.2222222222
15,-55.1
16,-63.9
17,-60.1
18,-68.6
19,-58.0
20,-72.4
21,-58.0
22,-62.3
23,-61.6
24,-55.0
25,-62.6
26,-63.0
