frequency,pdr
11,-58.0
12,-65.4444444444
13,-73.2222222222
14,-53.0
15,-56.0
16,-53.0
17,-52.0
18,-49.0
19,-49.0
20,-52.9
21,-67.0
22,-69.2
23,-55.0
24,-53.2
25,-59.8
26,-62.1
