frequency,pdr
11,-54.5
12,-54.9
13,-51.3
14,-46.0
15,-46.8
16,-53.0
17,-54.7
18,-50.6363636364
19,-54.4
20,-51.7
21,-51.5454545455
22,-58.0
23,-61.0
24,-67.0
25,-55.0
26,-59.7
