frequency,pdr
11,-51.1
12,-56.3
13,-50.7
14,-55.2222222222
15,-55.4
16,-69.3
17,-58.5
18,-55.0
19,-55.0
20,-56.0
21,-52.0
22,-53.1
23,-69.3333333333
24,-68.6
25,-59.3
26,-58.0
