frequency,pdr
11,-60.9
12,-60.5
13,-58.1111111111
14,-63.4444444444
15,-57.9
16,-54.9
17,-73.0
18,-58.0
19,-64.0
20,-68.9
21,-57.1
22,-55.0
23,-66.5
24,-62.2
25,-55.1
26,-57.5
