frequency,pdr
11,-53.0
12,-61.4444444444
13,-53.1111111111
14,-48.4545454545
15,-46.7
16,-69.3333333333
17,-58.0
18,-60.3
19,-58.1
20,-52.0
21,-53.8
22,-58.0
23,-66.8
24,-53.4
25,-56.8
26,-58.9
