frequency,pdr
11,-64.6
12,-52.6
13,-54.3333333333
14,-59.3333333333
15,-55.0
16,-70.6
17,-67.2
18,-52.8
19,-61.0
20,-52.3
21,-55.3
22,-58.0
23,-60.1
24,-59.0
25,-60.2
26,-60.0
