frequency,pdr
11,-55.0
12,-59.7777777778
13,-53.1
14,-52.1111111111
15,-51.3
16,-55.0
17,-63.4
18,-53.5
19,-52.0
20,-56.9
21,-55.0
22,-58.0
23,-55.0
24,-48.8
25,-49.0
26,-58.9
