frequency,pdr
11,-68.5555555556
12,-57.2222222222
13,-61.0
14,-55.0
15,-57.6
16,-55.0
17,-62.6
18,-61.2
19,-55.0
20,-54.1
21,-57.8
22,-55.0
23,-55.0
24,-63.0
25,-57.2
26,-61.0
