frequency,pdr
11,-60.9
12,-58.3
13,-83.2222222222
14,-61.2222222222
15,-58.3
16,-72.6
17,-61.6
18,-57.9
19,-63.7
20,-60.7
21,-78.5
22,-61.7
23,-58.1
24,-60.7
25,-61.1
26,-65.3
