frequency,pdr
11,-67.0
12,-61.6666666667
13,-58.0
14,-68.5555555556
15,-62.4
16,-71.1
17,-61.0
18,-65.5
19,-56.5
20,-59.4
21,-68.6
22,-70.7
23,-59.2
24,-61.0
25,-71.1
26,-65.2
