frequency,pdr
11,-56.7
12,-55.4444444444
13,-52.0
14,-56.8
15,-49.0
16,-49.0
17,-67.7
18,-61.0
19,-70.8
20,-55.0
21,-53.3636363636
22,-60.6
23,-52.0
24,-53.6
25,-55.0
26,-55.0
