frequency,pdr
11,-45.4
12,-63.3333333333
13,-63.6
14,-53.2222222222
15,-51.0
16,-46.0
17,-46.0
18,-49.0
19,-50.8
20,-66.1
21,-55.0
22,-52.9
23,-60.1
24,-47.2
25,-50.5
26,-55.0
