frequency,pdr
11,-48.1
12,-46.0
13,-54.3333333333
14,-58.3333333333
15,-49.9
16,-50.8
17,-52.0
18,-53.0
19,-55.0
20,-56.9
21,-55.0
22,-61.0
23,-58.0
24,-61.0
25,-55.0
26,-53.2
