frequency,pdr
11,-55.1
12,-65.1111111111
13,-57.2
14,-58.3333333333
15,-63.4
16,-62.5
17,-61.0
18,-58.9
19,-61.6
20,-61.0
21,-63.7
22,-68.6
23,-76.0
24,-69.4
25,-61.9
26,-63.6
