frequency,pdr
11,-49.3
12,-58.1
13,-56.6666666667
14,-56.5555555556
15,-57.8
16,-59.5
17,-53.5
18,-58.0
19,-59.6
20,-55.0
21,-58.0
22,-58.2
23,-51.5
24,-55.0
25,-56.3
26,-58.5
