frequency,pdr
11,-48.9
12,-57.2
13,-68.2222222222
14,-49.2222222222
15,-52.0
16,-55.0
17,-55.1
18,-59.8
19,-57.6
20,-52.1
21,-49.0
22,-49.0
23,-50.9
24,-64.0
25,-53.5
26,-49.0
