frequency,pdr
11,-58.0
12,-55.0
13,-72.1111111111
14,-60.5555555556
15,-55.0
16,-51.4
17,-55.0
18,-61.0
19,-61.0
20,-67.0
21,-58.0
22,-55.2
23,-65.2
24,-60.5
25,-58.0
26,-61.6
