frequency,pdr
11,-61.3
12,-67.1111111111
13,-65.4444444444
14,-55.0
15,-55.7272727273
16,-63.8
17,-64.0
18,-55.0
19,-62.1
20,-58.0
21,-58.0
22,-63.7
23,-61.0
24,-52.0
25,-55.0
26,-68.7
