frequency,pdr
11,-62.0
12,-66.4444444444
13,-58.6
14,-66.8888888889
15,-64.0
16,-59.6
17,-69.1
18,-64.1
19,-77.0
20,-58.0
21,-64.0
22,-64.0
23,-64.0
24,-64.0
25,-68.2
26,-72.0
