frequency,pdr
11,-53.6
12,-54.8888888889
13,-60.8888888889
14,-67.0
15,-55.0
16,-60.8
17,-65.6
18,-65.5
19,-65.0
20,-70.0
21,-59.5
22,-67.5
23,-78.7
24,-62.2
25,-56.2
26,-56.5
