frequency,pdr
11,-52.0
12,-60.7
13,-60.8888888889
14,-67.2222222222
15,-63.4
16,-64.4444444444
17,-55.0
18,-65.3
19,-64.0
20,-55.0
21,-52.6
22,-52.3
23,-53.6
24,-56.5
25,-55.0
26,-64.3
