frequency,pdr
11,-55.6
12,-58.7777777778
13,-55.0
14,-57.1111111111
15,-55.1
16,-50.0
17,-50.0
18,-59.5
19,-53.8
20,-52.0
21,-50.0
22,-52.0
23,-52.0
24,-48.0
25,-46.7
26,-52.0
