frequency,pdr
11,-53.6
12,-56.6666666667
13,-51.2
14,-60.3333333333
15,-52.6
16,-52.0
17,-55.0
18,-55.0
19,-55.1
20,-63.4
21,-56.0
22,-55.0
23,-57.8
24,-65.9
25,-55.0
26,-54.0
