frequency,pdr
11,-58.1
12,-64.7777777778
13,-62.3333333333
14,-55.3333333333
15,-59.0
16,-55.0
17,-61.0
18,-66.8
19,-58.0
20,-60.2
21,-76.0
22,-62.1
23,-61.8
24,-63.1
25,-66.2
26,-73.5
