frequency,pdr
11,-57.8
12,-56.6363636364
13,-59.6
14,-69.7777777778
15,-59.2
16,-52.8
17,-61.1
18,-57.5
19,-67.0
20,-58.0
21,-53.0
22,-53.2
23,-58.0
24,-55.0
25,-57.1
26,-61.0
