frequency,pdr
11,-57.8
12,-58.3333333333
13,-57.6
14,-61.1111111111
15,-55.0
16,-58.8
17,-55.0
18,-55.9
19,-56.8
20,-69.1
21,-58.9
22,-58.8
23,-64.0
24,-54.3
25,-63.8
26,-59.4
