frequency,pdr
11,-62.6363636364
12,-61.9
13,-61.0
14,-62.3
15,-59.3
16,-55.0
17,-58.1
18,-62.9090909091
19,-66.1
20,-64.0
21,-58.0
22,-63.5
23,-61.9
24,-63.6
25,-58.8
26,-55.0
