frequency,pdr
11,-69.5555555556
12,-61.3333333333
13,-54.9
14,-55.0
15,-55.0
16,-53.5
17,-58.0
18,-52.0
19,-55.0
20,-55.0
21,-52.6
22,-70.4
23,-59.2
24,-61.0
25,-54.9
26,-49.0
