frequency,pdr
11,-70.7777777778
12,-74.2222222222
13,-78.5555555556
14,-70.5
15,-70.0
16,-67.1111111111
17,-67.3
18,-80.7
19,-68.6
20,-67.0
21,-61.0
22,-65.7
23,-64.0
24,-70.4
25,-67.0
26,-58.1
