frequency,pdr
11,-51.9
12,-59.0
13,-55.6666666667
14,-58.1818181818
15,-58.7
16,-56.0
17,-62.0
18,-61.6
19,-67.0
20,-59.5
21,-67.0
22,-61.0
23,-74.2
24,-65.8
25,-61.3
26,-61.8
