frequency,pdr
11,-55.0
12,-58.0
13,-74.3333333333
14,-61.0
15,-65.5
16,-63.8888888889
17,-60.0
18,-58.1
19,-62.1
20,-71.9
21,-83.5
22,-76.5
23,-62.6
24,-67.0
25,-63.2
26,-77.1
