frequency,pdr
11,-58.0
12,-67.0
13,-59.1
14,-61.8888888889
15,-67.0
16,-68.5555555556
17,-55.0
18,-58.4
19,-58.0
20,-67.0
21,-55.0
22,-53.3
23,-53.1
24,-53.4
25,-56.2
26,-60.6
