frequency,pdr
11,-56.3
12,-57.6
13,-58.7777777778
14,-59.2727272727
15,-63.5
16,-58.0
17,-53.6
18,-54.2
19,-59.3
20,-63.8
21,-55.0
22,-50.3636363636
23,-60.6
24,-59.0
25,-68.7
26,-60.9
