frequency,pdr
11,-58.9
12,-58.0
13,-64.7777777778
14,-60.1111111111
15,-57.6
16,-57.8
17,-55.0
18,-61.0
19,-58.0
20,-58.0
21,-53.0
22,-55.0
23,-55.2
24,-55.0
25,-59.8
26,-55.0
