frequency,pdr
11,-52.0
12,-50.7272727273
13,-54.9
14,-61.7777777778
15,-70.8
16,-55.0
17,-56.6
18,-55.1
19,-50.7
20,-49.0
21,-53.3
22,-46.0
23,-55.0
24,-52.5
25,-55.1
26,-70.4
