frequency,pdr
11,-55.0
12,-55.1
13,-55.5
14,-52.0
15,-50.6363636364
16,-55.0
17,-61.5
18,-61.9
19,-78.6666666667
20,-55.0
21,-61.6
22,-52.4
23,-55.0
24,-55.0
25,-55.0
26,-55.0
