frequency,pdr
11,-55.0
12,-57.4
13,-51.9
14,-59.1111111111
15,-53.3636363636
16,-47.3
17,-52.0
18,-50.0
19,-55.0
20,-64.5
21,-55.0
22,-59.4
23,-52.1
24,-52.2
25,-53.2
26,-55.7
