frequency,pdr
11,-60.9
12,-65.7777777778
13,-61.0
14,-66.3333333333
15,-72.3
16,-61.5555555556
17,-52.6
18,-55.9
19,-66.2
20,-74.7
21,-61.0
22,-62.0
23,-63.1
24,-67.9
25,-70.0
26,-56.0
