frequency,pdr
11,-51.5
12,-55.0
13,-54.6666666667
14,-62.2222222222
15,-66.9
16,-68.3
17,-55.2
18,-52.0
19,-54.1
20,-57.9
21,-49.0
22,-50.4
23,-54.4
24,-67.5
25,-69.8
26,-60.9
