frequency,pdr
11,-62.2
12,-72.3333333333
13,-67.0
14,-63.2222222222
15,-59.6
16,-64.1111111111
17,-58.3
18,-55.0
19,-55.0
20,-56.5
21,-74.75
22,-55.0
23,-52.0
24,-55.0
25,-55.0
26,-69.9
