frequency,pdr
11,-50.3
12,-47.4
13,-48.3
14,-48.2222222222
15,-46.7
16,-50.9090909091
17,-49.0
18,-55.0
19,-54.3
20,-50.7
21,-48.5
22,-49.0
23,-49.4
24,-52.0
25,-51.0
26,-63.3
