frequency,pdr
11,-58.4
12,-64.3636363636
13,-55.1
14,-58.2727272727
15,-58.0
16,-66.2
17,-58.8
18,-67.0
19,-61.4
20,-68.1
21,-61.7
22,-73.1
23,-61.0
24,-61.0
25,-69.5
26,-67.0
