frequency,pdr
11,-67.6666666667
12,-52.8888888889
13,-53.4
14,-56.7777777778
15,-49.0
16,-61.7
17,-57.4
18,-49.0
19,-50.0
20,-49.0
21,-52.5
22,-57.7
23,-52.0
24,-52.1
25,-47.6
26,-55.6
