frequency,pdr
11,-69.5
12,-67.7777777778
13,-58.6666666667
14,-65.6666666667
15,-64.9
16,-63.5
17,-62.8
18,-62.3
19,-64.0
20,-62.4
21,-69.8
22,-72.0
23,-68.4
24,-64.1
25,-64.8
26,-75.7
