frequency,pdr
11,-58.1
12,-56.8888888889
13,-67.1111111111
14,-64.0
15,-67.5
16,-61.0
17,-59.7
18,-67.8
19,-64.0
20,-75.7
21,-72.3
22,-58.7
23,-58.5
24,-61.1
25,-58.9
26,-71.0
