frequency,pdr
11,-57.1
12,-55.0
13,-52.0
14,-61.8888888889
15,-55.0
16,-66.3333333333
17,-67.0
18,-59.8
19,-61.0
20,-55.0
21,-53.7
22,-61.0
23,-55.0
24,-54.6
25,-65.7
26,-75.1
