frequency,pdr
11,-60.9
12,-68.2222222222
13,-52.8888888889
14,-49.8888888889
15,-49.0
16,-54.5
17,-56.6
18,-52.9
19,-67.0
20,-55.0
21,-50.0
22,-52.0
23,-51.5
24,-55.0
25,-59.8
26,-54.5
