frequency,pdr
11,1.5873015873
12,1.5873015873
13,1.5873015873
14,1.5873015873
15,1.5873015873
16,1.11111111111
17,1.42857142857
18,1.42857142857
19,1.5873015873
20,1.5873015873
21,1.5873015873
22,1.5873015873
23,1.5873015873
24,1.5873015873
25,1.5873015873
26,1.5873015873
