frequency,pdr
11,-83.5
12,-82.7777777778
13,-83.0
14,-84.1
15,-85.9
16,-88.2
17,-90.2222222222
18,-91.0
19,-91.0
23,-91.0
24,-90.9
25,-90.7
26,-90.0
