frequency,pdr
11,-90.1111111111
12,-89.8888888889
13,-89.875
14,-88.0
15,-86.3
16,-85.4
17,-86.1
18,-88.375
19,-90.0
20,-90.1
21,-88.8
23,-87.2
24,-87.5
25,-88.1
26,-89.2
