frequency,pdr
11,-89.2222222222
12,-89.0
13,-89.0
14,-90.0
15,-90.8
16,-90.8571428571
17,-91.0
18,-91.0
19,-91.0
