frequency,pdr
11,-78.2
12,-78.5555555556
13,-76.6666666667
14,-76.6
15,-79.2
16,-81.9
17,-79.8
18,-76.1
19,-73.0
20,-71.8
21,-70.2
22,-70.0
23,-70.0
24,-71.4
25,-72.6
26,-73.0
