frequency,pdr
11,-88.375
12,-88.6666666667
13,-90.0
14,-89.6
15,-89.7
16,-89.0
17,-88.4
18,-89.4444444444
19,-91.0
20,-91.0
21,-91.0
24,-91.0
25,-91.0
26,-90.0
