frequency,pdr
11,-83.0
12,-83.0
13,-85.125
14,-89.0
15,-90.8
16,-88.4
17,-88.1111111111
18,-88.4
19,-87.5
20,-87.5
21,-88.0
23,-87.9
24,-87.0
25,-85.3636363636
26,-83.3
