frequency,pdr
11,-87.3333333333
12,-79.875
13,-77.375
14,-79.6
15,-91.0
16,-80.1
17,-78.0
18,-76.0
19,-77.4
20,-79.0
21,-80.3
22,-82.6666666667
23,-84.8
24,-80.3
25,-77.2
26,-75.1
