frequency,pdr
11,-90.3333333333
12,-91.0
13,-91.0
14,-90.4
15,-89.9
16,-89.1
17,-88.5
18,-88.0
19,-88.2
20,-89.6
21,-90.8888888889
23,-91.0
24,-91.0
25,-91.0
26,-91.0
