frequency,pdr
11,-56.5555555556
12,-48.9
13,-51.3333333333
14,-53.7
15,-58.7
16,-61.0
17,-72.7
18,-51.8
19,-47.1
20,-49.0
21,-51.1
22,-55.9
23,-55.0
24,-48.5
25,-51.6666666667
26,-48.7
