frequency,pdr
11,-63.0
12,-49.3333333333
13,-52.0
14,-55.0
15,-52.4
16,-53.8
17,-53.4
18,-55.0
19,-51.0
20,-52.0
21,-64.7
22,-58.0
23,-54.9
24,-58.8888888889
25,-56.6666666667
26,-55.0
