frequency,pdr
11,-53.8888888889
12,-62.2222222222
13,-54.6666666667
14,-53.3
15,-51.8
16,-51.1
17,-63.3
18,-62.3
19,-60.6
20,-59.9
21,-57.3
22,-53.0
23,-63.5
24,-55.6666666667
25,-67.4444444444
26,-57.3
