frequency,pdr
11,-57.3
12,-58.3333333333
13,-55.0
14,-59.4444444444
15,-55.0
16,-59.6
17,-53.5
18,-55.0
19,-67.0
20,-66.3
21,-67.0
22,-63.6
23,-61.0
24,-60.2
25,-64.0
26,-63.6
