frequency,pdr
11,-52.0
12,-62.8888888889
13,-56.1111111111
14,-55.1111111111
15,-55.0
16,-55.0
17,-51.0
18,-52.7
19,-62.1
20,-54.9
21,-51.0
22,-50.2
23,-55.0
24,-55.0
25,-54.5
26,-55.0
