frequency,pdr
11,-46.0
12,-61.4444444444
13,-46.0
14,-51.9
15,-63.6
16,-49.0
17,-44.8
18,-49.0
19,-51.6
20,-52.8
21,-52.0
22,-55.7
23,-63.4
24,-53.1111111111
25,-49.0
26,-49.0
