frequency,pdr
11,-46.0
12,-51.6666666667
13,-58.0
14,-56.7777777778
15,-50.9
16,-47.8
17,-49.0
18,-54.4
19,-45.5
20,-55.9
21,-56.6
22,-50.4
23,-46.0
24,-46.0
25,-49.8
26,-49.0
