frequency,pdr
11,-52.8
12,-51.9
13,-56.6666666667
14,-49.6666666667
15,-61.5
16,-54.8
17,-58.0
18,-61.9
19,-51.4
20,-52.0
21,-55.0
22,-48.5
23,-51.2
24,-62.2
25,-54.5555555556
26,-60.2
