frequency,pdr
11,-55.0
12,-63.7777777778
13,-56.4
14,-54.6666666667
15,-55.0
16,-54.0
17,-59.9
18,-54.5
19,-58.0
20,-67.3
21,-66.0
22,-58.0
23,-69.9
24,-60.5
25,-68.6666666667
26,-64.0
