frequency,pdr
11,-60.2
12,-66.1111111111
13,-58.2222222222
14,-58.8
15,-52.9
16,-46.0
17,-47.0
18,-57.8
19,-61.2
20,-55.1
21,-46.5
22,-54.4
23,-52.8
24,-52.0
25,-55.6
26,-55.8
