frequency,pdr
11,-52.0
12,-54.3333333333
13,-55.3
14,-46.0
15,-55.1
16,-57.5
17,-49.0
18,-44.0
19,-50.5
20,-51.4
21,-45.0
22,-43.0
23,-54.8
24,-48.6666666667
25,-45.9
26,-52.4
