frequency,pdr
11,-69.2222222222
12,-57.6666666667
13,-67.5
14,-55.8
15,-53.0
16,-67.3
17,-68.6
18,-64.0
19,-62.1
20,-61.0
21,-68.2
22,-54.7
23,-60.9
24,-76.5
25,-60.9
26,-63.7272727273
