frequency,pdr
11,-47.8
12,-52.2
13,-47.7
14,-61.5555555556
15,-62.7
16,-50.1
17,-50.5
18,-48.9
19,-45.1
20,-55.0
21,-62.9
22,-54.0
23,-53.3
24,-50.6
25,-58.8888888889
26,-63.0
