frequency,pdr
11,-60.7
12,-72.3333333333
13,-61.8888888889
14,-57.0
15,-53.0
16,-53.6
17,-53.9
18,-55.0
19,-51.3
20,-52.0
21,-64.0
22,-55.0
23,-55.6
24,-55.0
25,-55.0
26,-65.1
