frequency,pdr
11,-47.8
12,-54.2222222222
13,-58.0
14,-49.2222222222
15,-54.9
16,-62.5
17,-52.0
18,-61.5
19,-54.0
20,-59.1
21,-55.0
22,-51.3
23,-53.0
24,-61.1111111111
25,-54.9
26,-70.1
