frequency,pdr
11,-60.2
12,-61.2222222222
13,-56.0
14,-57.6666666667
15,-64.6
16,-45.6
17,-42.3
18,-47.7
19,-53.1
20,-60.2
21,-62.5
22,-60.9
23,-46.0
24,-49.0
25,-53.8
26,-41.4
