frequency,pdr
11,-55.0
12,-67.0
13,-67.0
14,-67.8888888889
15,-52.0
16,-58.9
17,-60.5
18,-54.0
19,-63.9
20,-63.5
21,-58.0
22,-63.6
23,-62.9
24,-64.8888888889
25,-61.2
26,-62.6
