frequency,pdr
11,-61.1
12,-69.7777777778
13,-59.0
14,-68.5555555556
15,-68.9
16,-79.8
17,-61.1
18,-66.9
19,-61.3
20,-66.1
21,-55.7
22,-59.8
23,-63.8
24,-63.0
25,-68.3
26,-69.6
