frequency,pdr
11,-48.0
12,-49.0
13,-62.7777777778
14,-43.6
15,-52.2
16,-55.0
17,-49.0
18,-43.0
19,-49.0
20,-46.0
21,-51.4
22,-52.9
23,-51.7
24,-54.5555555556
25,-60.3333333333
26,-59.0
