frequency,pdr
11,-55.0
12,-52.0
13,-58.0
14,-55.6666666667
15,-57.0
16,-58.0
17,-63.0
18,-48.9
19,-54.7
20,-53.6
21,-59.5
22,-55.0
23,-46.0
24,-52.9
25,-58.0909090909
26,-51.1
