frequency,pdr
11,-54.9
12,-54.7777777778
13,-54.8888888889
14,-48.9
15,-46.8
16,-57.7
17,-55.0
18,-51.2
19,-50.1
20,-48.8
21,-48.4
22,-52.0
23,-49.3
24,-54.7777777778
25,-48.7
26,-51.7
