frequency,pdr
11,-64.1
12,-54.1
13,-58.2
14,-73.1111111111
15,-55.0
16,-59.4
17,-55.0
18,-55.4
19,-54.8
20,-56.6
21,-57.3
22,-58.0
23,-53.0
24,-65.3333333333
25,-62.0
26,-56.6
