frequency,pdr
11,-58.4
12,-58.4444444444
13,-60.7
14,-55.0
15,-60.8
16,-61.0
17,-59.3
18,-60.2
19,-70.7
20,-54.1
21,-51.9
22,-65.7
23,-62.4
24,-58.3333333333
25,-67.6666666667
26,-58.0
