frequency,pdr
11,-70.1111111111
12,-61.8
13,-57.2
14,-61.2222222222
15,-65.4
16,-66.9
17,-58.2
18,-74.9
19,-68.9
20,-67.0
21,-61.0
22,-58.0
23,-52.0
24,-61.9
25,-61.1111111111
26,-65.6
