frequency,pdr
11,-52.0
12,-53.8888888889
13,-51.8888888889
14,-49.0
15,-55.8
16,-49.0
17,-55.4
18,-50.2
19,-65.1
20,-48.9
21,-49.0
22,-55.0
23,-57.8
24,-53.5
25,-55.3333333333
26,-49.4
