frequency,pdr
11,-66.4
12,-62.3333333333
13,-57.8
14,-66.7777777778
15,-64.7
16,-58.0
17,-65.6
18,-70.2
19,-55.0
20,-53.5
21,-54.6
22,-55.3
23,-59.4
24,-71.0
25,-62.7
26,-52.5
