frequency,pdr
11,-49.0
12,-55.0
13,-49.3
14,-51.9
15,-46.2
16,-52.8
17,-60.3
18,-50.6
19,-52.4
20,-54.2
21,-58.0
22,-55.9
23,-55.0
24,-60.1111111111
25,-56.3333333333
26,-64.0
