frequency,pdr
11,-66.4444444444
12,-82.375
13,-64.4
14,-54.7777777778
15,-61.6
16,-55.0
17,-58.6
18,-64.6
19,-66.9
20,-60.6
21,-74.3
22,-61.9
23,-59.9
24,-66.0
25,-59.3
26,-55.0
