frequency,pdr
11,-57.5
12,-58.0
13,-54.2727272727
14,-55.0
15,-58.0
16,-64.0
17,-65.7
18,-59.4
19,-63.7272727273
20,-52.0
21,-58.5
22,-55.5
23,-67.1
24,-60.7
25,-57.8
26,-58.0
