frequency,pdr
11,-66.3333333333
12,-53.9
13,-58.0
14,-52.1111111111
15,-55.0
16,-55.0
17,-70.1
18,-70.0
19,-69.4
20,-58.0
21,-61.0
22,-58.1
23,-63.1
24,-55.0
25,-55.9
26,-53.2
