frequency,pdr
11,-49.0
12,-48.9
13,-48.3333333333
14,-48.9
15,-49.0
16,-52.2
17,-44.2
18,-52.7
19,-54.9
20,-55.0
21,-49.0
22,-48.5
23,-57.8
24,-56.8888888889
25,-61.3333333333
26,-55.0
