frequency,pdr
11,-40.2
12,-43.4
13,-43.6
14,-55.3333333333
15,-51.4
16,-43.0
17,-46.0
18,-52.4
19,-54.4
20,-54.5
21,-46.0
22,-50.1
23,-49.1
24,-57.2222222222
25,-44.8
26,-40.0
