frequency,pdr
11,-51.9
12,-50.7777777778
13,-57.6666666667
14,-49.0
15,-56.1
16,-55.0
17,-55.9
18,-67.3
19,-61.9
20,-59.0
21,-47.0
22,-49.0
23,-54.0
24,-48.8
25,-52.0
26,-66.5
