frequency,pdr
11,-74.1
12,-74.5555555556
13,-62.0
14,-67.0
15,-61.0
16,-66.1
17,-61.1
18,-62.5
19,-62.9
20,-63.6
21,-59.4
22,-62.4
23,-58.4
24,-67.2222222222
25,-59.6
26,-59.6
