frequency,pdr
11,-67.3333333333
12,-64.0
13,-64.2222222222
14,-66.6666666667
15,-69.3
16,-53.0
17,-59.4
18,-54.1
19,-59.8
20,-67.0
21,-69.1
22,-67.0
23,-61.4
24,-58.4
25,-58.0
26,-61.0
