frequency,pdr
11,-79.6
12,-79.0
13,-78.9
14,-79.0
15,-80.2
16,-85.1111111111
17,-90.0
18,-89.7777777778
19,-88.875
20,-90.4
21,-91.0
22,-88.3333333333
23,-83.5
24,-81.1
25,-79.0
26,-79.0
