frequency,pdr
11,-90.6666666667
12,-89.6666666667
13,-86.75
14,-84.9
15,-85.0
16,-86.3
17,-89.5
18,-91.0
19,-91.0
