frequency,pdr
11,-78.5
12,-77.2
13,-76.8
14,-78.9
15,-80.0
16,-79.4444444444
17,-79.0
18,-76.6666666667
19,-76.0
20,-76.4
21,-77.6
22,-79.0
23,-79.2
24,-79.0
25,-76.8
26,-76.0
