frequency,pdr
11,-89.2222222222
12,-89.6666666667
13,-90.0
14,-90.75
15,-91.0
16,-91.0
17,-91.0
18,-91.0
19,-91.0
25,-91.0
26,-91.0
