frequency,pdr
11,-86.7
12,-88.9
13,-91.0
15,-91.0
16,-91.0
17,-91.0
18,-90.0
19,-88.0
20,-87.4
21,-88.25
22,-87.125
23,-88.1111111111
24,-89.8571428571
25,-90.5
26,-90.0
