frequency,pdr
11,-87.1
12,-88.375
13,-84.9090909091
14,-85.3
15,-90.3
16,-91.0
17,-91.0
18,-90.1111111111
19,-88.9
20,-90.4
21,-90.8888888889
23,-90.0
24,-91.0
25,-91.0
