frequency,pdr
11,-88.2
12,-89.8333333333
13,-90.8
14,-91.0
15,-91.0
16,-90.5
17,-91.0
18,-89.8888888889
19,-90.8888888889
20,-91.0
21,-91.0
23,-90.8888888889
