frequency,pdr
11,-79.2
12,-81.8888888889
13,-80.6
14,-80.0
15,-79.2
16,-80.0
17,-80.6363636364
18,-79.1
19,-79.0
20,-81.2
21,-78.9
22,-77.0
23,-76.0
24,-76.0
25,-77.1
26,-79.0
