frequency,pdr
11,-75.4
12,-76.0
13,-76.2
14,-76.0
15,-76.4
16,-78.0
17,-79.0
18,-79.6
19,-79.8
20,-80.8
21,-81.7777777778
22,-81.8571428571
23,-82.4444444444
24,-83.2
25,-84.4
26,-86.1
