frequency,pdr
11,-88.9
12,-89.2
13,-88.4444444444
14,-88.0
15,-88.9
16,-89.3333333333
17,-89.0
18,-89.0
19,-90.7777777778
20,-90.1
21,-91.0
