frequency,pdr
11,-86.7777777778
12,-88.6666666667
13,-90.0
14,-90.8571428571
15,-91.0
16,-91.0
17,-91.0
18,-90.0
19,-90.0
20,-89.2
21,-89.9
22,-87.75
23,-88.0
24,-87.1
25,-88.5
26,-90.0
