frequency,pdr
11,-80.8888888889
12,-79.0
13,-91.0
14,-88.0
15,-91.0
16,-83.0
17,-79.0
18,-78.0
19,-77.0909090909
20,-73.0
21,-70.0
22,-70.0
23,-70.0
24,-69.2
25,-70.0
26,-72.6
