frequency,pdr
11,-84.0
12,-84.0
13,-87.6666666667
14,-90.3333333333
15,-89.8
16,-90.6
17,-91.0
18,-91.0
19,-90.0
20,-90.1
21,-91.0
23,-90.1
24,-85.1
25,-85.8
26,-86.0
