frequency,pdr
11,-89.1428571429
12,-90.8333333333
15,-91.0
16,-91.0
17,-91.0
23,-91.0
24,-90.9
25,-90.1
26,-90.4
