frequency,pdr
11,-90.7142857143
12,-90.3333333333
13,-85.0
14,-83.0
15,-84.5
16,-88.2
17,-89.6
18,-88.0
19,-87.0
20,-84.9
21,-84.0
22,-84.0
23,-87.4
24,-91.0
25,-91.0
26,-91.0
