frequency,pdr
11,-54.1
12,-59.6666666667
13,-54.9
14,-57.6666666667
15,-51.0
16,-50.0
17,-56.3
18,-68.8
19,-67.0
20,-57.4
21,-52.0
22,-55.0
23,-66.9
24,-66.2
25,-66.4444444444
26,-52.0
