frequency,pdr
11,-52.0
12,-62.5555555556
13,-55.8
14,-55.0
15,-52.0
16,-58.0
17,-56.8
18,-55.0
19,-49.3
20,-58.0
21,-56.5454545455
22,-60.6
23,-52.0
24,-55.2
25,-55.1
26,-53.3
