frequency,pdr
11,-51.0
12,-51.3333333333
13,-64.3333333333
14,-59.3636363636
15,-55.0
16,-54.0
17,-52.0
18,-58.0
19,-60.8
20,-55.0
21,-59.0
22,-58.0
23,-62.7
24,-60.1
25,-57.3333333333
26,-55.0
