frequency,pdr
11,-62.3
12,-57.3333333333
13,-62.6
14,-55.0
15,-58.4
16,-55.0
17,-61.2
18,-58.0
19,-63.3
20,-65.3
21,-61.0
22,-61.0
23,-73.6666666667
24,-79.3
25,-70.0
26,-62.9
