frequency,pdr
11,-50.5
12,-57.2222222222
13,-61.6666666667
14,-58.0
15,-69.1
16,-58.0
17,-55.3
18,-55.5
19,-61.0
20,-64.0
21,-56.1
22,-52.9
23,-57.9
24,-65.0
25,-58.6
26,-67.0
