frequency,pdr
11,-56.7
12,-57.5555555556
13,-55.0
14,-56.1111111111
15,-54.0
16,-65.7
17,-56.0
18,-64.1
19,-59.2
20,-55.0
21,-64.0
22,-57.9
23,-55.3
24,-63.1
25,-60.4
26,-62.5
