frequency,pdr
11,-60.2
12,-62.4444444444
13,-52.0
14,-53.6666666667
15,-50.5
16,-60.4
17,-58.0
18,-69.0
19,-54.9
20,-49.0
21,-54.2
22,-54.8
23,-59.3
24,-64.5
25,-52.6
26,-52.7
