frequency,pdr
11,-54.2
12,-57.6666666667
13,-54.3
14,-50.1
15,-46.0
16,-55.4
17,-56.2
18,-46.0
19,-51.2
20,-56.8
21,-50.6363636364
22,-62.3
23,-49.0
24,-54.2727272727
25,-52.2
26,-53.7
