frequency,pdr
11,-55.1
12,-63.3333333333
13,-60.5555555556
14,-53.6
15,-56.0
16,-66.4
17,-61.9
18,-52.0
19,-58.0
20,-58.0
21,-58.4
22,-55.0
23,-55.0
24,-52.2
25,-61.3333333333
26,-65.9
