frequency,pdr
11,-55.0
12,-59.7777777778
13,-71.1
14,-68.5555555556
15,-60.7
16,-58.0
17,-67.0
18,-54.9
19,-64.7
20,-67.0
21,-64.2
22,-59.0
23,-72.4
24,-65.1
25,-58.8
26,-64.0
