frequency,pdr
11,-66.3
12,-62.1111111111
13,-57.7777777778
14,-61.5555555556
15,-55.0
16,-55.3
17,-72.5
18,-63.9
19,-55.0
20,-61.0
21,-60.1
22,-64.2
23,-59.2
24,-61.0
25,-73.2222222222
26,-66.5
