frequency,pdr
11,-55.0
12,-63.6363636364
13,-55.0
14,-61.3333333333
15,-55.0
16,-73.7272727273
17,-61.0
18,-70.7
19,-55.0
20,-57.4
21,-52.6
22,-61.0
23,-56.9
24,-55.0
25,-51.1
26,-52.0
