frequency,pdr
11,-58.9
12,-60.1111111111
13,-67.6666666667
14,-68.4
15,-64.8
16,-55.2
17,-59.4
18,-65.9
19,-53.4
20,-54.5
21,-52.0
22,-55.0
23,-54.8
24,-46.6
25,-49.5
26,-66.1
