frequency,pdr
11,-58.6
12,-56.3333333333
13,-49.0
14,-46.3333333333
15,-48.8
16,-50.4
17,-51.8
18,-52.0
19,-47.7
20,-46.0
21,-47.8
22,-56.8
23,-48.7
24,-50.8
25,-61.2
26,-55.0
