frequency,pdr
11,-56.0
12,-57.2222222222
13,-56.4
14,-58.3333333333
15,-65.7
16,-62.3
17,-52.0
18,-50.0
19,-56.4
20,-67.0
21,-72.1
22,-67.3
23,-58.0
24,-58.8
25,-65.2
26,-67.0
