frequency,pdr
11,-56.0
12,-68.3333333333
13,-65.5555555556
14,-58.0
15,-55.0
16,-56.0
17,-58.0
18,-56.0
19,-61.0
20,-66.5
21,-64.0
22,-56.3
23,-55.9
24,-55.2
25,-61.0
26,-61.0
