frequency,pdr
11,-58.0
12,-51.2
13,-53.6
14,-54.0
15,-55.1
16,-52.9
17,-55.7
18,-52.0
19,-62.9
20,-63.0909090909
21,-49.0
22,-67.4
23,-64.5
24,-72.9
25,-59.5454545455
26,-53.3
