frequency,pdr
11,-64.9
12,-62.8888888889
13,-80.625
14,-66.8888888889
15,-65.0
16,-72.8
17,-59.1
18,-61.0
19,-68.7
20,-64.0
21,-63.3
22,-60.9
23,-66.9
24,-64.3
25,-61.1
26,-64.0
