frequency,pdr
11,-55.2
12,-64.6666666667
13,-64.2
14,-55.0
15,-61.9
16,-63.6
17,-67.0
18,-66.7
19,-67.2
20,-75.1
21,-69.1
22,-64.2
23,-60.0
24,-60.7
25,-61.2222222222
26,-60.9
