frequency,pdr
11,-58.0
12,-67.1111111111
13,-58.0
14,-71.3
15,-72.1
16,-74.3
17,-62.9
18,-66.9
19,-66.2
20,-64.0
21,-68.7
22,-62.5
23,-73.4444444444
24,-65.3
25,-76.0
26,-70.0
