frequency,pdr
11,-58.1
12,-67.0
13,-73.6666666667
14,-58.5
15,-62.7
16,-67.9
17,-69.6
18,-80.8
19,-67.0
20,-67.0
21,-64.0
22,-68.5
23,-71.3
24,-67.0
25,-67.0909090909
26,-61.0
