frequency,pdr
11,-57.0
12,-61.0
13,-69.5555555556
14,-64.0
15,-70.5
16,-63.2
17,-58.0
18,-74.1
19,-74.8
20,-80.2
21,-69.1
22,-72.9
23,-66.0
24,-58.4
25,-64.1111111111
26,-66.6
