frequency,pdr
11,-65.0
12,-56.5555555556
13,-51.2
14,-49.0
15,-55.0
16,-55.0
17,-58.2
18,-52.0
19,-50.7
20,-50.2
21,-49.0
22,-52.0
23,-58.6
24,-64.0
25,-60.1111111111
26,-65.8
