frequency,pdr
11,-53.8
12,-55.0
13,-60.1111111111
14,-55.0
15,-49.2
16,-50.4
17,-46.0
18,-49.0
19,-52.2
20,-54.8
21,-61.2727272727
22,-51.7
23,-55.0
24,-61.9
25,-57.7
26,-59.2
