frequency,pdr
11,-58.4
12,-63.6
13,-63.6666666667
14,-59.6
15,-65.3
16,-66.1
17,-59.0
18,-54.1
19,-55.0
20,-63.5
21,-55.6
22,-70.8
23,-59.1
24,-64.2
25,-67.3333333333
26,-69.9
