frequency,pdr
11,-48.2
12,-56.7
13,-55.1
14,-62.4444444444
15,-66.5
16,-53.5
17,-63.4
18,-60.9
19,-55.0
20,-58.7
21,-68.3
22,-64.3
23,-62.9
24,-61.0
25,-59.5555555556
26,-60.3
