frequency,pdr
11,-58.0
12,-64.5
13,-58.4444444444
14,-57.8888888889
15,-64.6
16,-67.0
17,-60.7
18,-61.9
19,-55.0
20,-71.9
21,-56.3
22,-66.8
23,-65.6
24,-55.2
25,-55.0
26,-55.2
