frequency,pdr
11,-55.0
12,-57.8888888889
13,-67.4444444444
14,-61.5
15,-59.0
16,-68.6
17,-55.0
18,-55.0
19,-60.9
20,-55.0
21,-59.6
22,-67.0
23,-60.3
24,-73.9
25,-67.1
26,-61.1
