frequency,pdr
11,-65.1
12,-70.1818181818
13,-64.8888888889
14,-67.3333333333
15,-59.2
16,-52.0
17,-53.7
18,-53.1
19,-52.3
20,-49.0
21,-48.0
22,-50.2
23,-48.4
24,-52.7
25,-49.0
26,-55.0
