frequency,pdr
11,-52.0
12,-51.8
13,-68.9090909091
14,-54.8888888889
15,-55.0
16,-62.7
17,-49.6
18,-52.0
19,-47.3
20,-46.0
21,-52.9
22,-49.6
23,-56.3
24,-48.4
25,-45.9
26,-49.9
