frequency,pdr
11,-52.0
12,-47.9090909091
13,-53.8
14,-67.4444444444
15,-59.0
16,-49.0
17,-47.8
18,-46.1
19,-46.0
20,-50.8
21,-59.8
22,-52.0
23,-56.7
24,-52.0
25,-54.3333333333
26,-48.1
