frequency,pdr
11,-55.0
12,-58.3333333333
13,-57.5555555556
14,-52.0
15,-52.0
16,-52.1
17,-52.3
18,-49.6
19,-62.4
20,-53.3
21,-52.0
22,-67.4
23,-59.1
24,-51.2
25,-55.1
26,-55.0
