frequency,pdr
11,-56.8
12,-53.3
13,-57.4
14,-54.1111111111
15,-52.0
16,-56.0
17,-47.6
18,-54.4
19,-56.4
20,-49.0
21,-52.0
22,-54.3
23,-55.0
24,-49.8
25,-55.3333333333
26,-55.0
