frequency,pdr
11,-44.0
12,-48.5555555556
13,-47.5
14,-48.8888888889
15,-51.9
16,-51.4
17,-46.0
18,-43.4
19,-43.8
20,-53.9
21,-46.0
22,-50.2
23,-45.5
24,-55.0
25,-51.9
26,-48.2
