frequency,pdr
11,-49.7
12,-55.0
13,-58.1111111111
14,-55.3333333333
15,-51.5
16,-57.2
17,-49.0
18,-52.0
19,-55.5
20,-55.0
21,-55.5
22,-49.0
23,-50.8
24,-55.0
25,-64.8888888889
26,-56.0
