frequency,pdr
11,-67.0
12,-66.5
13,-64.6666666667
14,-58.1111111111
15,-61.1
16,-55.9
17,-57.3
18,-65.8
19,-62.2
20,-55.0
21,-63.8
22,-63.7
23,-55.0
24,-59.7
25,-64.0
26,-65.7
