frequency,pdr
11,-52.4
12,-53.6666666667
13,-51.9
14,-51.8
15,-49.4
16,-46.0
17,-47.5
18,-65.7
19,-55.3
20,-55.2
21,-51.2
22,-56.3
23,-50.8
24,-54.2
25,-65.6666666667
26,-67.0
