frequency,pdr
11,-49.8
12,-52.0
13,-51.5555555556
14,-55.0
15,-59.1
16,-65.7
17,-55.0
18,-74.1111111111
19,-72.4
20,-69.4
21,-56.5
22,-49.8
23,-55.0
24,-51.7
25,-57.7777777778
26,-59.6
