frequency,pdr
11,-61.0
12,-63.3333333333
13,-72.9
14,-69.5555555556
15,-68.3
16,-65.6
17,-69.5
18,-63.9
19,-67.0
20,-68.6
21,-64.8
22,-63.8
23,-65.9
24,-65.3
25,-66.5
26,-71.3
