frequency,pdr
11,-52.8
12,-52.0
13,-52.0
14,-53.6666666667
15,-55.8
16,-58.6
17,-51.0
18,-49.0
19,-43.0
20,-51.1
21,-49.0
22,-52.0
23,-64.0
24,-57.9
25,-59.3333333333
26,-60.7
