frequency,pdr
11,-85.5454545455
12,-90.1111111111
13,-91.0
14,-86.0
15,-81.0
16,-79.0
17,-77.0
18,-78.2727272727
19,-78.3
20,-80.0909090909
21,-79.1
22,-79.0
23,-77.9
24,-76.3
25,-77.0
26,-79.0
