frequency,pdr
11,-73.8
12,-70.0
13,-70.0
14,-70.0
15,-70.0
16,-73.0
17,-76.4444444444
18,-82.0
19,-76.7
20,-74.0
21,-73.0
22,-72.5555555556
23,-80.0
24,-74.625
25,-73.7
26,-77.4
