frequency,pdr
11,-70.0
12,-73.0
13,-76.125
14,-90.5555555556
15,-79.0
16,-73.0
17,-74.3333333333
18,-77.4285714286
19,-70.0
20,-70.2
21,-70.1428571429
22,-67.0
23,-67.0
24,-68.1
25,-70.0
26,-67.4
