frequency,pdr
11,-86.9
12,-89.1111111111
13,-87.3333333333
14,-84.5
15,-84.0
16,-84.6
17,-86.4
18,-91.0
19,-90.8
20,-89.3
21,-90.0
23,-91.0
24,-91.0
25,-91.0
26,-91.0
