frequency,pdr
11,-75.9
12,-75.3333333333
13,-72.5555555556
14,-72.9
15,-74.1
16,-80.0
17,-79.375
18,-74.3333333333
19,-76.3
20,-70.0
21,-70.0
22,-72.875
23,-76.0
24,-73.5555555556
25,-72.9
26,-70.3
