frequency,pdr
11,-67.0
12,-67.0
13,-67.0
14,-67.0
15,-67.0
16,-67.0
17,-70.0
18,-79.1111111111
19,-84.8
20,-87.0
21,-82.1428571429
22,-75.2222222222
23,-70.0
24,-69.8
25,-73.2
26,-78.1
