frequency,pdr
11,-65.8
12,-66.4444444444
13,-67.0
14,-69.9
15,-67.8
16,-67.0
17,-67.0
18,-67.0
19,-65.5
20,-64.0
21,-66.8
22,-70.625
23,-70.2857142857
24,-66.1
25,-67.0
26,-69.5
