frequency,pdr
11,-44.1
12,-44.0
13,-49.0
14,-53.5555555556
15,-57.8
16,-70.7777777778
17,-53.1
18,-54.1
19,-65.2
20,-54.9
21,-55.9
22,-51.3
23,-50.8
24,-45.9
25,-46.0
26,-51.3
