frequency,pdr
11,-68.1
12,-53.1
13,-52.7777777778
14,-60.8888888889
15,-65.6
16,-65.5
17,-54.0
18,-51.4
19,-55.7
20,-55.0
21,-58.0
22,-74.1
23,-63.9
24,-63.7
25,-66.3
26,-61.0
