frequency,pdr
11,-49.0
12,-61.0
13,-71.3333333333
14,-55.2222222222
15,-47.1
16,-49.0
17,-53.8
18,-53.7
19,-49.0
20,-46.0
21,-49.0
22,-49.9
23,-49.0
24,-49.0
25,-55.0
26,-53.0
