frequency,pdr
11,-46.0
12,-49.0
13,-63.3333333333
14,-49.2222222222
15,-63.5
16,-49.2
17,-56.2
18,-53.6
19,-72.7
20,-47.0
21,-55.0
22,-59.0
23,-50.9
24,-56.2
25,-56.2
26,-52.0
