frequency,pdr
11,-52.0
12,-51.8
13,-67.5555555556
14,-59.5555555556
15,-54.2
16,-60.9
17,-55.0
18,-57.7
19,-65.3
20,-58.5
21,-60.0
22,-64.0
23,-60.4
24,-59.2
25,-65.5
26,-48.0
