frequency,pdr
11,-49.9
12,-64.0
13,-61.0
14,-56.4444444444
15,-54.6
16,-59.5555555556
17,-64.1
18,-66.2
19,-55.0
20,-58.2
21,-54.8
22,-61.8
23,-49.0
24,-51.8
25,-58.4
26,-52.0
