frequency,pdr
11,-53.4
12,-53.1
13,-52.0
14,-50.7777777778
15,-46.1
16,-53.9
17,-59.5
18,-56.0909090909
19,-52.7
20,-47.0
21,-56.3
22,-48.7
23,-55.0
24,-55.4
25,-56.5
26,-52.0
