frequency,pdr
11,-62.9
12,-58.0
13,-66.8888888889
14,-66.2222222222
15,-60.6
16,-67.0
17,-58.0
18,-67.6
19,-71.8
20,-55.3
21,-55.0
22,-64.1
23,-55.0
24,-54.9
25,-62.6
26,-57.7
