frequency,pdr
11,-55.0
12,-67.4
13,-55.8888888889
14,-51.3333333333
15,-57.9
16,-67.0
17,-55.9
18,-62.0
19,-55.0
20,-63.7272727273
21,-54.8
22,-52.0
23,-49.0
24,-50.1
25,-55.0
26,-60.3
