frequency,pdr
11,-55.0
12,-60.6
13,-66.6666666667
14,-66.3
15,-64.0
16,-56.5
17,-55.0
18,-69.6
19,-67.3
20,-55.0
21,-67.7
22,-53.2
23,-53.8
24,-68.7272727273
25,-55.1
26,-52.9
