frequency,pdr
11,-55.7
12,-66.1
13,-53.8
14,-56.3333333333
15,-64.7
16,-53.8
17,-61.3
18,-58.5454545455
19,-65.8
20,-66.8
21,-65.6
22,-56.2
23,-53.2
24,-55.0
25,-57.0
26,-64.5
