frequency,pdr
11,-55.0
12,-55.0
13,-63.3333333333
14,-54.3333333333
15,-52.0
16,-53.0
17,-49.0
18,-46.2
19,-46.0
20,-68.7272727273
21,-58.0
22,-59.5
23,-52.0
24,-49.7
25,-51.1
26,-47.9
