frequency,pdr
11,-54.8
12,-56.2
13,-53.0
14,-47.7777777778
15,-51.1
16,-64.4444444444
17,-53.6
18,-55.3
19,-63.6
20,-55.0
21,-49.2
22,-49.0
23,-52.0
24,-51.8
25,-53.2
26,-61.0
