frequency,pdr
11,-49.0
12,-52.0
13,-56.4444444444
14,-50.6666666667
15,-46.0
16,-50.7
17,-49.5
18,-49.6
19,-60.5
20,-65.9
21,-49.0
22,-46.0
23,-52.0
24,-59.8
25,-55.0
26,-48.6
