frequency,pdr
11,-61.3
12,-61.4
13,-61.2
14,-61.0
15,-61.0
16,-61.6
17,-63.0
18,-64.0
19,-67.0
20,-68.7
21,-69.2
22,-67.4285714286
23,-67.4444444444
24,-67.6
25,-67.0
26,-67.0
