frequency,pdr
11,-72.7
12,-70.1
13,-70.2
14,-73.4545454545
15,-73.0
16,-73.0
17,-74.1
18,-75.6
19,-74.4
20,-73.0
21,-72.0
22,-71.2222222222
23,-72.3
24,-73.0
25,-73.0
26,-74.1
