frequency,pdr
11,-90.0
13,-91.0
14,-91.0
15,-91.0
16,-90.7142857143
17,-89.7142857143
18,-89.3333333333
19,-90.0
20,-90.0
21,-90.0
22,-88.0
23,-90.8
24,-90.0
25,-91.0
26,-91.0
