frequency,pdr
11,-84.0
12,-85.1111111111
13,-90.5714285714
14,-85.9
15,-84.0
16,-83.0
17,-82.3333333333
18,-81.8888888889
19,-83.4
20,-84.9
21,-85.25
22,-85.6666666667
23,-86.25
24,-90.2
26,-91.0
