frequency,pdr
11,-89.6666666667
12,-90.8
13,-91.0
15,-91.0
16,-91.0
17,-91.0
18,-91.0
19,-91.0
20,-89.0
21,-89.0
22,-88.2857142857
23,-90.1
24,-90.875
25,-91.0
26,-91.0
