frequency,pdr
11,-74.6363636364
12,-73.5
13,-76.0
14,-79.0
15,-79.0
16,-79.4
17,-80.3
18,-85.0
19,-80.5
20,-78.3
21,-76.9
22,-78.1111111111
23,-79.1
24,-79.0
25,-76.0
26,-75.0
