frequency,pdr
11,-72.2
12,-71.2
13,-72.8
14,-73.3
15,-76.0
16,-79.0
17,-83.2
18,-79.0
19,-77.0
20,-78.3
21,-79.0
22,-81.3333333333
23,-83.6
24,-85.8571428571
25,-90.7
26,-86.0
