frequency,pdr
11,-74.0
12,-77.7
13,-77.8
14,-76.0
15,-76.0
16,-74.8
17,-75.0
18,-77.6363636364
19,-80.0
20,-81.0
21,-79.0
22,-78.6666666667
23,-79.8181818182
24,-80.0
25,-87.2
26,-85.0
