frequency,pdr
11,-89.7142857143
12,-88.1111111111
13,-85.6666666667
14,-87.2222222222
15,-89.0
16,-88.0
17,-85.0
18,-84.9
19,-84.7
20,-84.3
21,-85.6
23,-89.7777777778
24,-91.0
25,-91.0
