frequency,pdr
11,-81.9
12,-84.9
13,-91.0
14,-89.0
15,-86.9
16,-86.5
17,-86.0
18,-84.1111111111
19,-83.8
20,-84.9
21,-84.6
22,-85.2222222222
23,-89.25
24,-90.9
25,-91.0
26,-91.0
