frequency,pdr
11,-90.6666666667
12,-90.0
13,-89.75
14,-90.0
15,-91.0
16,-91.0
17,-88.8333333333
18,-85.6666666667
19,-85.4
20,-85.2
21,-85.0
22,-83.6
23,-87.0
24,-90.3
25,-91.0
