frequency,pdr
11,-89.2
12,-85.9
13,-89.5555555556
15,-85.1
16,-83.0
17,-85.1428571429
18,-84.0
19,-82.9
20,-82.8
21,-82.6
22,-83.6
23,-85.0
24,-87.5
25,-91.0
26,-90.7
