frequency,pdr
11,-75.1
12,-75.1111111111
13,-76.0
14,-79.0
15,-82.0
16,-82.0
17,-82.5
18,-86.7777777778
19,-87.0
20,-83.1
21,-82.0
22,-83.0
23,-83.4
24,-86.8
25,-90.4
26,-90.2
