frequency,pdr
11,-61.0
12,-60.7777777778
13,-63.3333333333
14,-67.0
15,-60.9
16,-61.7
17,-65.3
18,-55.2
19,-55.0
20,-55.7
21,-55.0
22,-55.0
23,-52.0
24,-53.4
25,-60.7
26,-64.0
