frequency,pdr
11,-58.0
12,-57.7777777778
13,-56.8571428571
14,-58.0
15,-67.0
16,-69.8
17,-61.4
18,-64.4444444444
19,-62.0
20,-64.6
21,-57.9
22,-56.9
23,-58.0
24,-62.4
25,-64.3
26,-65.7
