frequency,pdr
11,-55.0
12,-51.9
13,-50.4
14,-49.9
15,-53.6
16,-56.6
17,-62.4444444444
18,-75.2222222222
19,-68.8
20,-61.0
21,-55.0
22,-52.1
23,-49.0
24,-49.2
25,-51.7
26,-54.8
