frequency,pdr
11,-55.0
12,-58.0
13,-64.0
14,-60.7777777778
15,-59.0
16,-61.0
17,-61.0
18,-65.7777777778
19,-58.2
20,-55.9
21,-61.0
22,-61.0
23,-55.0
24,-55.0
25,-52.0
26,-55.0
