frequency,pdr
11,-64.0
12,-67.1818181818
13,-65.0
14,-67.0
15,-73.0
16,-67.0
17,-67.0
18,-67.0
19,-74.1818181818
20,-72.0
21,-67.0
22,-65.9
23,-67.0
24,-67.0
25,-67.0
26,-67.0
