frequency,pdr
11,-63.0
12,-67.7777777778
13,-63.7142857143
14,-58.0
15,-55.0
16,-55.0
17,-55.0
18,-61.6
19,-62.4
20,-64.5
21,-75.8
22,-62.0
23,-58.0
24,-58.0
25,-59.0
26,-60.8
