frequency,pdr
11,-55.0
12,-63.7777777778
13,-57.7
14,-55.0
15,-54.8
16,-55.0
17,-57.3
18,-55.0
19,-55.1111111111
20,-56.5
21,-55.0
22,-54.8
23,-52.7
24,-55.0
25,-56.3
26,-54.7
