frequency,pdr
11,-53.2
12,-55.0
13,-62.7142857143
14,-58.0
15,-55.0
16,-54.0
17,-53.0
18,-54.9
19,-64.5555555556
20,-59.8
21,-55.0
22,-55.0
23,-57.0
24,-75.2
25,-58.0
26,-55.0
