frequency,pdr
11,-55.7777777778
12,-57.6666666667
13,-52.3
14,-54.6
15,-55.9
16,-55.0
17,-60.9
18,-63.7777777778
19,-64.3
20,-64.0
21,-69.5
22,-64.0
23,-58.8
24,-55.0
25,-58.0
26,-55.0
