frequency,pdr
11,-54.8888888889
12,-55.1111111111
13,-54.7
14,-58.2222222222
15,-56.8
16,-49.0
17,-49.0
18,-52.0
19,-53.0
20,-49.0
21,-49.0
22,-51.8
23,-55.0
24,-52.0
25,-52.0
26,-59.1
