frequency,pdr
11,-65.2222222222
12,-58.0
13,-56.6666666667
14,-57.1111111111
15,-59.7
16,-67.0
17,-60.6
18,-58.0
19,-58.0
20,-60.2
21,-58.1
22,-58.9
23,-65.0
24,-71.0
25,-67.0
26,-67.0
