frequency,pdr
11,-61.0
12,-60.8888888889
13,-60.3333333333
14,-58.0
15,-66.4
16,-59.8
17,-55.0
18,-55.0
19,-55.0
20,-55.0
21,-54.6
22,-55.0
23,-53.0
24,-53.0
25,-53.9
26,-60.5
