frequency,pdr
11,-60.6
12,-57.4
13,-62.5555555556
14,-63.8
15,-58.0
16,-65.5
17,-61.2222222222
18,-61.0
19,-59.0
20,-60.1
21,-58.0
22,-63.8
23,-58.1
24,-58.0
25,-59.3
26,-58.7
