frequency,pdr
11,-52.0
12,-52.4444444444
13,-52.8333333333
14,-52.125
15,-55.0
16,-61.0
17,-70.0
18,-64.8
19,-61.0
20,-58.5
21,-61.0
22,-59.7
23,-65.0
24,-61.0
25,-58.0
26,-58.0
