frequency,pdr
11,-61.0
12,-68.6666666667
13,-68.4444444444
14,-68.6
15,-65.8
16,-62.0
17,-61.0
18,-64.4
19,-62.1
20,-73.0
21,-70.5
22,-65.9
23,-64.7
24,-75.2
25,-63.2
26,-65.9
