frequency,pdr
11,-65.5555555556
12,-60.9
13,-64.4444444444
14,-64.9
15,-61.0
16,-66.3
17,-63.0
18,-66.0
19,-62.2
20,-61.8
21,-61.7
22,-66.8
23,-66.4
24,-59.3
25,-61.0
26,-61.4
