frequency,pdr
11,-62.1111111111
12,-63.0
13,-64.2222222222
14,-61.0
15,-62.7
16,-60.1
17,-68.9
18,-67.0
19,-64.0
20,-74.3
21,-60.0
22,-64.6
23,-61.0
24,-66.7
25,-67.0
26,-68.6
