frequency,pdr
11,-64.6
12,-65.6666666667
13,-60.3333333333
14,-62.4
15,-65.6
16,-65.8
17,-67.0
18,-72.5
19,-61.0
20,-59.9
21,-66.0
22,-56.2
23,-61.0
24,-59.3
25,-68.9
26,-64.6
