frequency,pdr
11,-63.9
12,-58.2222222222
13,-60.2222222222
14,-68.0
15,-60.4
16,-61.0
17,-62.0
18,-54.4
19,-60.7
20,-68.5
21,-67.0
22,-67.0
23,-66.4
24,-67.0
25,-67.0
26,-72.1111111111
