frequency,pdr
11,-66.7777777778
12,-67.5
13,-58.6666666667
14,-71.1
15,-61.0
16,-68.0
17,-58.0
18,-55.0
19,-63.7
20,-65.8
21,-58.9
22,-63.9
23,-70.1
24,-55.0
25,-74.9
26,-69.3
