frequency,pdr
11,-66.3
12,-67.6666666667
13,-75.5555555556
14,-61.0
15,-67.0
16,-61.6
17,-77.6
18,-68.0
19,-61.2
20,-62.3
21,-71.1
22,-66.5
23,-60.4
24,-58.0
25,-73.0
26,-63.0
