frequency,pdr
11,-56.5
12,-69.8888888889
13,-66.8888888889
14,-64.1
15,-68.3
16,-57.5
17,-66.1
18,-55.3
19,-64.5
20,-68.6
21,-63.5
22,-64.0
23,-59.1
24,-59.9
25,-58.0
26,-63.8
