frequency,pdr
11,-71.4444444444
12,-60.9
13,-62.6666666667
14,-60.4
15,-65.7
16,-59.4
17,-64.3
18,-63.2
19,-64.0
20,-72.2
21,-63.8
22,-61.0
23,-70.4
24,-67.3
25,-59.9
26,-66.6
