frequency,pdr
11,-61.0
12,-62.4444444444
13,-56.7777777778
14,-55.0
15,-55.0
16,-56.2
17,-67.2
18,-76.6
19,-64.7
20,-60.2
21,-69.4
22,-58.0
23,-66.3
24,-69.4
25,-59.2
26,-55.0
