frequency,pdr
11,-69.9
12,-62.4444444444
13,-55.8888888889
14,-55.0
15,-53.8
16,-55.0
17,-51.6
18,-53.7
19,-49.0
20,-51.0
21,-54.3
22,-57.8
23,-63.6
24,-58.0
25,-56.9
26,-63.4
