frequency,pdr
11,-45.7
12,-43.0
13,-47.2222222222
14,-43.0
15,-50.0
16,-50.8
17,-46.4
18,-51.5454545455
19,-52.0
20,-45.8
21,-50.8
22,-46.0
23,-55.0
24,-53.6
25,-63.7
26,-51.0
