frequency,pdr
11,-59.6
12,-65.7777777778
13,-60.1111111111
14,-56.4
15,-67.1
16,-61.0
17,-59.1
18,-69.4
19,-65.6
20,-63.0
21,-60.0
22,-67.0
23,-61.9
24,-61.5
25,-61.5
26,-66.7
