frequency,pdr
11,-63.9
12,-68.3
13,-70.7777777778
14,-70.0
15,-75.1
16,-57.9
17,-60.4
18,-63.1
19,-64.0
20,-58.0
21,-61.8181818182
22,-57.0
23,-64.5
24,-62.4
25,-67.7
26,-62.9
