frequency,pdr
11,-55.2
12,-67.1111111111
13,-60.7777777778
14,-55.0
15,-54.4
16,-61.0
17,-59.4
18,-68.9
19,-65.1
20,-67.8
21,-60.0
22,-61.0
23,-55.2
24,-57.4
25,-72.3
26,-59.8
