frequency,pdr
11,-55.0
12,-66.5555555556
13,-66.7777777778
14,-74.7
15,-63.8
16,-58.6
17,-59.0
18,-65.4
19,-66.5
20,-68.1
21,-63.9
22,-76.4
23,-75.9
24,-70.2
25,-67.9
26,-63.0
