frequency,pdr
11,-63.4
12,-63.7777777778
13,-65.1111111111
14,-55.0
15,-68.4
16,-67.0
17,-62.2
18,-66.7
19,-65.5
20,-61.3
21,-68.0
22,-58.0
23,-69.2
24,-62.4
25,-65.1
26,-61.2
