frequency,pdr
11,-56.4
12,-70.2222222222
13,-69.7777777778
14,-77.0
15,-63.5
16,-63.5
17,-61.0
18,-73.3
19,-62.7
20,-64.0
21,-58.0
22,-63.2
23,-64.0
24,-56.5
25,-60.3
26,-64.0
