frequency,pdr
11,-67.1
12,-75.1111111111
13,-59.5555555556
14,-61.0
15,-67.0
16,-73.0
17,-64.0
18,-67.0
19,-71.5
20,-67.0
21,-68.2
22,-68.5
23,-67.0
24,-61.0
25,-60.3
26,-62.9
