frequency,pdr
11,-58.6
12,-61.1111111111
13,-55.0
14,-61.0
15,-59.9
16,-78.1666666667
17,-70.6
18,-67.0
19,-60.5
20,-68.0
21,-59.3
22,-68.4
23,-62.0
24,-65.4
25,-60.9
26,-61.0
