frequency,pdr
11,-56.1
12,-67.8888888889
13,-56.4444444444
14,-64.0
15,-69.0
16,-61.0
17,-69.4
18,-64.9
19,-65.8
20,-63.0
21,-63.5
22,-63.1
23,-55.0
24,-78.5
25,-56.0
26,-56.6
