frequency,pdr
11,-85.7
12,-87.0
13,-86.8
14,-86.0
15,-85.7
16,-86.2
17,-85.9
18,-85.1111111111
19,-86.0
20,-86.9
21,-87.1
22,-87.8888888889
23,-89.9
24,-88.9
25,-88.0
26,-88.7
