frequency,pdr
11,-68.0
12,-67.0
13,-67.8
14,-68.7
15,-70.0
16,-71.8
17,-74.0
18,-76.0
19,-79.0
20,-87.2
21,-86.7777777778
22,-79.0
23,-76.4545454545
24,-73.9
25,-77.0
26,-75.1
