frequency,pdr
11,-78.3
12,-79.0
13,-79.0
14,-79.0
15,-79.0
16,-81.0
17,-82.2
18,-82.0
19,-82.0
20,-84.8
21,-86.3333333333
22,-84.6
23,-82.6666666667
24,-81.9
25,-80.1
26,-81.9
