frequency,pdr
11,-88.5
12,-91.0
13,-91.0
14,-87.4
15,-86.0
16,-85.8
17,-86.0
18,-85.4444444444
19,-85.7
20,-86.3
21,-87.0
22,-87.4444444444
23,-89.5555555556
24,-90.9
25,-91.0
26,-91.0
