frequency,pdr
11,-81.3333333333
12,-81.5
13,-82.8571428571
14,-84.1
15,-85.0
16,-86.0
17,-87.0
18,-87.9
19,-86.0
20,-83.0
21,-82.0
22,-80.9
23,-81.6
24,-82.0
25,-82.0
26,-82.1
