frequency,pdr
11,-89.7777777778
12,-87.4
13,-82.0
14,-79.0
15,-79.0
16,-79.0
17,-79.0
18,-79.0
19,-80.3
20,-83.0
21,-88.4444444444
23,-90.2
24,-86.0
25,-82.0
26,-81.4
