frequency,pdr
11,-66.7
12,-65.5
13,-65.4
14,-65.1
15,-66.0
16,-66.9
17,-67.0
18,-67.0
19,-67.0
20,-70.0
21,-72.2727272727
22,-70.0
23,-68.4444444444
24,-67.3
25,-70.0
26,-68.5
