frequency,pdr
11,-91.0
13,-91.0
14,-91.0
15,-89.1
16,-86.4
17,-84.4
18,-83.2
19,-84.1
20,-84.3
21,-85.0
22,-85.1666666667
23,-89.0
24,-90.1111111111
25,-91.0
26,-91.0
