frequency,pdr
11,-84.1
12,-83.7777777778
13,-86.1111111111
14,-89.0
15,-91.0
16,-90.2
17,-88.8
18,-86.9
19,-86.0
20,-86.0
21,-86.0
22,-86.1
23,-87.4545454545
24,-88.2
25,-85.7
26,-84.1
