frequency,pdr
11,-87.7777777778
12,-85.0
13,-85.6
14,-85.0
15,-84.1
16,-83.3333333333
17,-84.0
18,-83.5714285714
19,-89.8
20,-89.3
21,-86.1428571429
22,-83.9
23,-83.8333333333
24,-85.0
25,-85.7
26,-86.9
