frequency,pdr
11,-85.0
12,-84.0
13,-89.8888888889
14,-91.0
15,-91.0
16,-91.0
18,-90.8333333333
19,-87.9
20,-90.6
21,-91.0
22,-91.0
23,-91.0
24,-91.0
25,-91.0
26,-86.1
