frequency,pdr
11,-84.3333333333
12,-84.75
13,-87.5555555556
14,-91.0
15,-91.0
17,-90.875
18,-88.5
19,-90.5
20,-88.9
21,-88.0
22,-90.0
23,-91.0
24,-91.0
25,-91.0
26,-90.4
