frequency,pdr
11,-79.0
12,-79.0
13,-79.0
14,-78.9
15,-79.0
16,-80.125
17,-83.4285714286
18,-83.0
19,-82.1
20,-79.6
21,-79.0
22,-81.0
23,-84.4
24,-89.5555555556
25,-85.0
26,-84.0
