frequency,pdr
11,-90.8888888889
12,-90.8571428571
13,-91.0
15,-91.0
16,-89.6666666667
17,-90.6666666667
18,-91.0
19,-91.0
22,-91.0
23,-90.0
24,-85.8888888889
25,-86.9
26,-88.4444444444
