frequency,pdr
11,-83.0
12,-82.2222222222
13,-81.0
14,-80.0
15,-81.0
16,-82.0
17,-82.0
18,-82.6666666667
19,-87.1
20,-90.8
21,-91.0
22,-89.5
23,-85.8571428571
24,-85.1111111111
25,-85.0
26,-82.5
