frequency,pdr
11,-85.2
12,-85.5
13,-83.0
14,-83.4
15,-83.6
16,-83.5
17,-84.8
18,-87.4
19,-91.0
20,-88.8
21,-87.6
22,-88.1
23,-88.8571428571
24,-88.2727272727
25,-87.3
26,-88.9
