frequency,pdr
11,-81.8
12,-82.3
13,-82.0
14,-80.2
15,-80.3
16,-82.0
17,-83.875
18,-87.4285714286
19,-91.0
20,-91.0
21,-90.9
22,-89.6666666667
23,-91.0
24,-91.0
25,-91.0
26,-91.0
