frequency,pdr
11,-89.7777777778
12,-88.1428571429
13,-91.0
14,-89.2857142857
15,-86.0
16,-85.6
17,-82.8888888889
18,-82.125
19,-84.8
20,-88.1111111111
21,-88.125
22,-89.0
23,-90.6
24,-91.0
25,-91.0
26,-88.0
