frequency,pdr
11,-85.2
12,-86.0
13,-85.25
14,-85.0
15,-86.2
16,-87.0
17,-87.6
18,-86.8333333333
19,-85.2222222222
20,-83.2
21,-82.8888888889
22,-84.6666666667
23,-88.2
24,-91.0
25,-91.0
26,-89.6
