frequency,pdr
12,-91.0
13,-90.7777777778
14,-88.9
15,-87.9
16,-89.125
17,-90.625
18,-90.0
19,-90.2222222222
20,-90.5
21,-91.0
23,-91.0
24,-91.0
25,-91.0
26,-91.0
