frequency,pdr
11,-87.3333333333
12,-87.375
13,-86.2
14,-87.875
15,-88.3
16,-87.7777777778
17,-87.8571428571
18,-87.8571428571
19,-87.8
20,-87.7
21,-91.0
22,-91.0
23,-90.0
24,-88.9
25,-90.3
26,-91.0
