frequency,pdr
11,-76.0
12,-79.1
13,-89.4
14,-91.0
15,-91.0
16,-86.8
17,-87.125
18,-91.0
19,-90.1111111111
20,-86.7
21,-85.9
22,-86.5
23,-86.8888888889
24,-83.6
25,-81.9
26,-79.0
