frequency,pdr
11,-89.0
12,-90.0
13,-87.8
14,-87.0
15,-87.3
16,-87.7
17,-86.9
18,-87.5
19,-90.3
20,-90.7
21,-89.6666666667
22,-89.1
23,-89.5714285714
24,-89.7
25,-90.1
26,-91.0
