frequency,pdr
11,-72.2
12,-70.1
13,-70.1
14,-71.3
15,-73.0
16,-72.7
17,-70.8888888889
18,-70.2
19,-71.3
20,-75.9
21,-79.0
22,-75.0
23,-73.1
24,-73.3
25,-74.9090909091
26,-73.0
