frequency,pdr
11,-91.0
12,-91.0
14,-91.0
15,-88.3
16,-85.0
17,-84.6666666667
18,-85.0
19,-83.9
20,-83.1
21,-82.125
22,-83.875
23,-85.6666666667
24,-88.2
25,-90.8
26,-91.0
