frequency,pdr
11,-75.2
12,-75.9
13,-76.0
14,-76.6
15,-79.0
16,-79.6666666667
17,-82.0
18,-83.6666666667
19,-84.3
20,-83.7
21,-83.5
22,-83.3
23,-83.9
24,-85.0
25,-85.3
26,-85.5
