frequency,pdr
11,-77.6
12,-73.9
13,-72.6
14,-73.0
15,-76.7
16,-79.7142857143
17,-79.0
18,-79.0
19,-79.0
20,-79.0
21,-79.4
23,-82.1111111111
24,-85.0
25,-83.1
26,-81.1
