frequency,pdr
11,-86.2222222222
12,-90.4285714286
13,-91.0
15,-91.0
16,-89.1
17,-91.0
19,-91.0
20,-88.7
21,-87.7
22,-85.9
23,-84.1
24,-83.0
25,-86.3
26,-90.9
