frequency,pdr
11,-90.0
12,-91.0
13,-91.0
14,-88.2222222222
15,-88.0
16,-89.7
17,-90.0
18,-89.0
19,-91.0
21,-90.7
23,-89.1818181818
24,-90.0
25,-91.0
26,-90.1
