frequency,pdr
11,-83.0
12,-85.1428571429
13,-87.8888888889
14,-90.1111111111
15,-91.0
16,-90.3
17,-90.0
18,-88.9
19,-87.7
20,-86.2
21,-86.0
22,-85.3
23,-85.5
24,-85.8
25,-86.7
26,-88.7
