frequency,pdr
11,-83.2
12,-87.6
13,-89.7
14,-91.0
15,-91.0
16,-91.0
17,-88.25
18,-85.7777777778
19,-87.2
20,-90.0
21,-89.625
22,-87.25
23,-89.4444444444
24,-91.0
25,-91.0
26,-90.0
