frequency,pdr
11,-89.2222222222
12,-86.0
13,-83.0
14,-82.0
15,-82.0
16,-82.0
17,-83.0
18,-84.0
19,-82.0
20,-82.4
21,-83.9
22,-84.4444444444
23,-85.4444444444
24,-86.5
25,-89.0
26,-89.7
