frequency,pdr
11,-90.5714285714
12,-90.8888888889
13,-91.0
14,-91.0
15,-91.0
16,-91.0
19,-91.0
20,-91.0
21,-91.0
23,-91.0
24,-91.0
