frequency,pdr
11,-87.7777777778
12,-89.0
13,-89.3333333333
14,-89.8181818182
15,-91.0
16,-91.0
17,-91.0
21,-91.0
23,-91.0
24,-91.0
25,-91.0
