frequency,pdr
11,-90.8571428571
12,-90.9
13,-90.2
14,-90.0
15,-89.9
16,-89.4285714286
17,-88.8571428571
18,-89.0
19,-89.6
20,-90.0
21,-90.7777777778
23,-91.0
24,-91.0
25,-91.0
26,-91.0
