frequency,pdr
11,-80.7
12,-83.0
13,-85.2
14,-91.0
15,-90.9
16,-85.7142857143
17,-83.375
18,-83.1111111111
19,-84.4444444444
20,-81.8
21,-80.3333333333
22,-79.0
23,-76.0
24,-74.6
25,-73.0
26,-73.0
