frequency,pdr
11,-89.3
12,-90.0
13,-86.2
14,-85.0
15,-85.0
16,-89.625
17,-91.0
18,-87.5555555556
19,-82.3
20,-80.1
21,-79.8
22,-83.6666666667
23,-88.6
24,-83.1
25,-82.3
26,-84.8
