frequency,pdr
11,-90.0
12,-90.0
13,-89.1111111111
14,-88.3
15,-88.7
16,-89.1
17,-90.4444444444
18,-91.0
19,-91.0
20,-91.0
21,-91.0
22,-89.8888888889
23,-90.3333333333
24,-90.0
25,-89.7
26,-89.8
