frequency,pdr
11,-82.9
12,-82.0
13,-82.0
14,-83.0
15,-84.7
16,-86.8
17,-90.0
18,-91.0
20,-91.0
21,-90.2222222222
22,-88.8888888889
23,-89.3333333333
24,-87.3
25,-85.9
26,-87.1
