frequency,pdr
11,-82.0
12,-82.9
13,-86.3636363636
14,-86.7
15,-84.4
16,-82.5
17,-82.1
18,-83.3
19,-85.3
20,-84.1
21,-83.3333333333
22,-82.6666666667
23,-82.0
24,-82.0
25,-83.1
26,-82.1
