frequency,pdr
11,-90.0
12,-90.2222222222
13,-90.1111111111
14,-91.0
15,-90.2
16,-89.3
17,-89.2
18,-89.9
19,-90.1
20,-90.3
21,-91.0
23,-90.0
24,-90.1
25,-90.7
26,-91.0
