frequency,pdr
11,-90.25
12,-89.0
13,-87.3
14,-86.5
15,-87.2
16,-87.3
17,-87.6
18,-88.25
19,-90.9
20,-90.3
21,-90.2222222222
22,-89.8888888889
23,-90.8888888889
24,-89.8
25,-90.3
26,-91.0
