frequency,pdr
11,-77.9
12,-78.2
13,-78.2
14,-79.0
15,-80.0
16,-80.0
17,-79.0
18,-79.1
19,-79.0
20,-79.0
21,-79.0
22,-79.2222222222
23,-81.1111111111
24,-79.1
25,-79.0
26,-79.0
