frequency,pdr
11,-90.1666666667
12,-90.9090909091
13,-86.8
14,-83.1
15,-82.0
16,-82.2
17,-84.125
18,-85.4545454545
19,-86.4
20,-86.8
21,-85.6
22,-84.0
23,-83.6
24,-84.4
25,-85.0
26,-86.3
