frequency,pdr
11,-72.1
12,-55.2222222222
13,-62.6666666667
14,-53.1
15,-57.4
16,-59.2
17,-57.6
18,-69.7
19,-67.0
20,-74.0
21,-72.8
22,-69.4
23,-70.3
24,-72.9
25,-69.1
26,-58.0
