frequency,pdr
11,-72.2
12,-66.0
13,-63.8888888889
14,-66.9
15,-61.7
16,-64.5
17,-70.0
18,-63.7
19,-72.0
20,-62.9
21,-69.6
22,-72.7777777778
23,-73.375
24,-67.9
25,-70.6
26,-76.2
