frequency,pdr
11,-60.4
12,-61.8888888889
13,-68.2222222222
14,-72.5
15,-69.9
16,-61.7
17,-67.0
18,-70.2
19,-63.2
20,-62.1
21,-77.0
22,-61.9
23,-66.3
24,-69.6
25,-67.0
26,-70.0
