frequency,pdr
11,-67.4
12,-67.7
13,-72.625
14,-72.9
15,-65.2
16,-67.0
17,-69.5
18,-68.5
19,-71.5
20,-64.7
21,-69.4545454545
22,-69.8
23,-77.3
24,-72.0909090909
25,-72.8
26,-67.0
