frequency,pdr
11,-61.6
12,-63.5555555556
13,-58.2222222222
14,-57.9
15,-61.0
16,-65.7
17,-62.0
18,-64.0
19,-66.4
20,-67.1
21,-59.5
22,-66.8
23,-67.0
24,-67.9
25,-68.3
26,-64.6
