frequency,pdr
11,-57.7
12,-62.9
13,-60.1111111111
14,-60.5
15,-59.5
16,-63.8
17,-76.8
18,-70.0
19,-68.0
20,-66.8
21,-67.0
22,-64.0
23,-63.7272727273
24,-68.2
25,-67.0
26,-66.5
