frequency,pdr
11,-53.6
12,-57.2222222222
13,-48.4
14,-49.0909090909
15,-54.8
16,-43.9
17,-49.0
18,-47.0
19,-51.7
20,-49.4
21,-49.0
22,-61.3
23,-47.9
24,-52.0
25,-59.8
26,-52.0
