frequency,pdr
11,-62.6
12,-63.7
13,-66.5555555556
14,-62.5
15,-64.6
16,-63.4
17,-77.7777777778
18,-68.7
19,-67.0
20,-62.8
21,-67.3
22,-62.9
23,-61.9
24,-62.9
25,-61.9
26,-61.0
