frequency,pdr
11,-56.5
12,-56.8
13,-65.8888888889
14,-63.9
15,-57.2
16,-52.4
17,-55.7
18,-49.6
19,-53.6
20,-55.0
21,-82.5555555556
22,-62.7
23,-52.0
24,-60.0
25,-67.0
26,-62.7
