frequency,pdr
11,-55.0
12,-54.7777777778
13,-53.4444444444
14,-53.0
15,-55.0
16,-55.0
17,-62.6
18,-71.2
19,-55.0
20,-55.6
21,-62.5
22,-62.2
23,-52.4
24,-52.0
25,-58.7
26,-62.8
