frequency,pdr
11,-56.0
12,-55.0
13,-57.5555555556
14,-76.4444444444
15,-55.6
16,-54.3
17,-56.4
18,-61.3
19,-59.4
20,-55.0
21,-52.0
22,-56.1
23,-64.3
24,-64.9
25,-65.6
26,-52.0
