frequency,pdr
11,-62.3
12,-62.7777777778
13,-66.1111111111
14,-60.9
15,-67.0
16,-58.0
17,-55.0
18,-55.0
19,-67.0
20,-56.6
21,-56.7
22,-63.8
23,-61.0
24,-63.0
25,-53.6
26,-61.0
