frequency,pdr
11,-59.2
12,-52.8888888889
13,-54.7777777778
14,-52.0
15,-55.0
16,-62.7
17,-55.4
18,-59.7
19,-65.7
20,-55.2
21,-59.5
22,-55.0
23,-55.0
24,-54.9
25,-69.9
26,-59.5
