frequency,pdr
11,-56.5
12,-58.1111111111
13,-59.5555555556
14,-49.0
15,-49.9
16,-55.0
17,-54.4
18,-52.8
19,-75.2
20,-55.0
21,-61.1
22,-51.6
23,-55.0
24,-53.0
25,-54.6
26,-63.3
