frequency,pdr
11,-64.4
12,-59.3333333333
13,-59.4444444444
14,-60.5
15,-59.5
16,-58.0
17,-60.1
18,-55.7
19,-58.0
20,-55.0
21,-65.1
22,-55.0
23,-55.0
24,-69.3
25,-63.6
26,-57.7
