frequency,pdr
11,-62.6
12,-57.8888888889
13,-67.5555555556
14,-61.0
15,-58.0
16,-55.0
17,-54.9
18,-52.0
19,-49.0
20,-46.0
21,-52.0
22,-55.0
23,-65.0
24,-58.1
25,-60.9
26,-55.0
