frequency,pdr
11,-61.6
12,-58.375
13,-51.5555555556
14,-54.7
15,-58.5
16,-58.3
17,-49.0
18,-50.3
19,-61.4
20,-55.6
21,-55.0
22,-63.8
23,-62.5454545455
24,-55.0
25,-63.1
26,-58.8
