frequency,pdr
11,-64.0
12,-55.0
13,-62.7777777778
14,-60.7
15,-70.0
16,-63.9
17,-62.5
18,-60.8
19,-66.2
20,-71.0
21,-64.4
22,-67.0
23,-76.2857142857
24,-67.6
25,-69.5
26,-70.0
