frequency,pdr
11,-79.6666666667
12,-66.875
13,-62.2727272727
14,-67.4
15,-63.3
16,-67.9
17,-70.4
18,-69.5
19,-66.6
20,-70.5
21,-67.0
22,-70.1
23,-61.0
24,-71.7
25,-76.1
26,-65.0
