frequency,pdr
11,-49.1
12,-51.5555555556
13,-54.7777777778
14,-48.0
15,-55.0
16,-52.5
17,-58.7
18,-49.0
19,-48.9
20,-55.0
21,-62.1
22,-53.6
23,-50.6
24,-52.6
25,-55.0
26,-56.6
