frequency,pdr
11,-64.5555555556
12,-52.75
13,-49.1111111111
14,-50.0
15,-52.6
16,-46.0
17,-51.3
18,-55.2
19,-49.0
20,-55.0
21,-56.4
22,-49.0
23,-59.2
24,-59.0
25,-65.1
26,-52.4
