frequency,pdr
11,-55.0
12,-59.6666666667
13,-55.1111111111
14,-63.4
15,-58.0
16,-59.7
17,-77.5
18,-58.9
19,-57.2
20,-62.2
21,-63.8
22,-66.4
23,-77.7
24,-64.5
25,-55.2
26,-63.2
