frequency,pdr
11,-90.4285714286
12,-89.8
13,-90.1
14,-88.2
15,-86.2
16,-84.6
17,-82.0
18,-81.2
19,-81.9
20,-81.6
21,-81.6666666667
22,-81.1428571429
23,-81.5
24,-80.5
25,-81.2
26,-82.0
