frequency,pdr
11,-80.2
12,-79.2
13,-79.0
14,-79.0
15,-81.8
16,-85.0
17,-86.8
18,-85.6
19,-85.0
20,-84.2
21,-83.7777777778
22,-83.875
23,-85.1666666667
24,-88.0
25,-91.0
26,-91.0
