frequency,pdr
11,-79.0
12,-79.0
13,-77.0
14,-75.0
15,-73.0
16,-74.4
17,-76.0
18,-76.0
19,-76.0
20,-77.6
21,-79.0
22,-78.8333333333
23,-79.1428571429
24,-81.7
25,-82.6
26,-84.0
