frequency,pdr
11,-55.0
12,-55.7
13,-58.0
14,-60.1
15,-62.8
16,-64.4
17,-66.9
18,-67.0
19,-70.1
20,-75.2
21,-79.6666666667
22,-79.3333333333
23,-73.0
24,-70.3
25,-69.9
26,-67.0
