frequency,pdr
11,-89.0
12,-86.1111111111
13,-81.6
14,-82.2
15,-82.5
16,-87.2
18,-91.0
19,-90.8
20,-90.0
21,-88.3333333333
22,-84.7777777778
23,-82.5
24,-82.8
25,-84.2
26,-88.3
