frequency,pdr
11,-85.3
12,-85.0
13,-86.0
14,-87.0
15,-89.1
16,-91.0
17,-91.0
19,-91.0
20,-90.6
21,-90.7777777778
22,-88.0
23,-86.8333333333
24,-85.0
25,-82.0
26,-81.0
