frequency,pdr
11,-81.5
12,-80.7777777778
13,-80.25
14,-79.2
15,-79.4
16,-81.1
17,-83.0
18,-85.1111111111
19,-86.3
20,-86.3
21,-86.8
23,-81.9
24,-81.6
25,-81.2
26,-81.7
