frequency,pdr
11,-81.0
12,-82.4
13,-82.5
14,-82.4
15,-82.0
16,-85.4444444444
17,-88.5
18,-88.4444444444
19,-91.0
21,-90.1
22,-87.0
23,-86.5
24,-87.0
25,-87.0
26,-90.6
