frequency,pdr
11,-87.0
12,-88.0
13,-89.0
14,-86.4
15,-86.8
16,-89.0
17,-90.2857142857
18,-85.2222222222
19,-83.7
20,-82.0
21,-82.0
22,-82.5
23,-84.5
24,-87.1
25,-88.0
26,-88.0
