frequency,pdr
11,-88.8888888889
12,-91.0
13,-90.0
14,-87.8571428571
15,-88.1
16,-88.5
17,-88.4
18,-86.7
19,-86.7
20,-89.1
21,-91.0
23,-91.0
24,-90.9
25,-91.0
26,-91.0
