frequency,pdr
11,-81.8
12,-81.5555555556
13,-82.0
14,-85.3
15,-87.0
16,-85.0
17,-85.1428571429
18,-87.5555555556
19,-90.4
20,-88.4
21,-86.5
23,-87.75
24,-88.0
25,-90.0909090909
26,-88.2
