frequency,pdr
11,-84.4
12,-84.8571428571
13,-83.0
14,-85.3
15,-89.9
16,-91.0
17,-91.0
18,-91.0
19,-91.0
20,-90.8333333333
21,-90.125
23,-91.0
24,-91.0
25,-91.0
