frequency,pdr
11,-91.0
12,-89.5714285714
13,-88.1428571429
14,-86.2
15,-84.5
16,-84.1111111111
17,-85.0
18,-90.5
20,-87.2
21,-84.6
23,-84.5
24,-83.2
25,-82.6
26,-84.5
