frequency,pdr
11,-88.8888888889
12,-90.8571428571
13,-91.0
16,-91.0
17,-91.0
19,-91.0
20,-89.2
21,-89.8
22,-89.5
23,-91.0
24,-89.9
25,-88.9
26,-90.0
