frequency,pdr
11,-75.0
12,-75.4285714286
13,-74.375
14,-75.0
15,-79.0
16,-84.1
17,-91.0
18,-88.1
19,-85.0
20,-83.9
21,-87.4
22,-83.1111111111
23,-80.8
24,-79.8
25,-81.1
26,-82.8
