frequency,pdr
11,-85.7
12,-90.1428571429
14,-89.0
15,-86.8
16,-86.2
17,-86.375
18,-89.1111111111
19,-88.9
20,-85.0
21,-85.7
22,-85.3333333333
23,-84.7777777778
24,-85.0
25,-86.4
26,-89.4
