frequency,pdr
11,-80.8888888889
12,-81.4285714286
13,-82.0
14,-85.9
15,-85.1
16,-83.8
17,-83.5
18,-84.6
19,-83.1
20,-82.7
21,-84.4
22,-87.1
23,-90.4
24,-89.5
25,-90.7
26,-91.0
