frequency,pdr
11,-83.3333333333
12,-81.0
13,-80.125
14,-79.0
15,-79.0
16,-79.0
17,-80.0909090909
18,-82.0
19,-88.0
20,-82.0
21,-79.0
22,-79.0
23,-79.0
24,-82.0
25,-83.0
26,-85.0
