frequency,pdr
11,-90.4
12,-89.8571428571
13,-89.2857142857
14,-90.0
15,-90.6
16,-90.1
17,-91.0
19,-91.0
21,-91.0
25,-91.0
