frequency,pdr
11,-67.2222222222
12,-68.625
13,-70.2857142857
14,-69.9
15,-70.0
16,-70.0
17,-70.0
18,-70.2
19,-72.7
20,-73.0
21,-73.0
22,-72.9
23,-73.5
24,-76.0
25,-77.8
26,-79.0
