frequency,pdr
11,-86.3333333333
12,-88.0
13,-90.8333333333
14,-90.2
15,-88.9
16,-87.25
17,-88.0
18,-89.2
19,-91.0
20,-90.5
21,-91.0
23,-91.0
25,-91.0
