frequency,pdr
11,-88.7
12,-88.8571428571
13,-86.7777777778
14,-84.8888888889
15,-86.1
16,-91.0
17,-91.0
18,-88.7
19,-90.2
20,-91.0
21,-91.0
22,-89.8888888889
23,-91.0
25,-91.0
26,-91.0
