frequency,pdr
11,-60.8
12,-71.0
13,-71.2
14,-68.2222222222
15,-66.2
16,-58.8
17,-66.8
18,-62.4
19,-66.4
20,-63.2
21,-66.5
22,-62.3
23,-61.5
24,-68.6666666667
25,-64.0
26,-71.1
