frequency,pdr
11,-55.0
12,-72.2
13,-68.3
14,-55.2
15,-54.6363636364
16,-57.6
17,-65.7
18,-55.0
19,-66.9
20,-51.3
21,-52.0
22,-55.0909090909
23,-53.8
24,-52.1
25,-55.0
26,-54.0
