frequency,pdr
11,-52.3
12,-55.0
13,-56.0909090909
14,-47.3
15,-46.0
16,-53.7
17,-61.2
18,-63.6
19,-60.7
20,-54.5
21,-55.3
22,-47.2
23,-51.9
24,-58.1111111111
25,-49.1
26,-61.4
