frequency,pdr
11,-55.0
12,-55.0
13,-55.0
14,-55.1
15,-57.9
16,-61.6666666667
17,-61.0
18,-76.7777777778
19,-70.8
20,-64.0
21,-61.7
22,-60.6
23,-64.0
24,-70.0
25,-63.9
26,-64.0
