frequency,pdr
11,-61.1
12,-67.0
13,-66.5
14,-61.0
15,-65.0
16,-67.1111111111
17,-60.7777777778
18,-62.1111111111
19,-64.0
20,-59.0
21,-58.9
22,-55.0
23,-52.0
24,-52.0
25,-49.3
26,-51.1
