frequency,pdr
11,-64.0
12,-60.1
13,-64.5714285714
14,-64.1111111111
15,-70.1
16,-70.0
17,-69.3333333333
18,-70.3333333333
19,-61.3
20,-60.0
21,-65.2
22,-67.0
23,-62.0
24,-58.0
25,-61.0
26,-63.5
