frequency,pdr
11,-67.9
12,-71.6
13,-76.6666666667
14,-68.7
15,-65.1
16,-70.3
17,-78.4444444444
18,-73.8888888889
19,-87.9
20,-74.6
21,-76.0
22,-80.0
23,-80.9
24,-71.3
25,-65.3
26,-65.8
