frequency,pdr
11,-50.0
12,-51.0
13,-53.3333333333
14,-63.1111111111
15,-61.0
16,-59.6666666667
17,-55.0
18,-55.0
19,-49.0
20,-48.7
21,-49.0
22,-49.1
23,-50.7
24,-52.0
25,-54.8
26,-52.4
