frequency,pdr
11,-76.3333333333
12,-73.0
13,-76.0
14,-67.4
15,-64.9
16,-65.9
17,-68.8888888889
18,-81.3
19,-71.1111111111
20,-73.0
21,-73.0
22,-70.0
23,-67.6
24,-64.0
25,-64.0
26,-67.0
