frequency,pdr
11,-68.4
12,-63.3
13,-64.8
14,-66.9
15,-65.5
16,-66.1
17,-63.7777777778
18,-66.3333333333
19,-67.0
20,-74.8
21,-71.3
22,-67.8
23,-66.9
24,-68.1
25,-73.0
26,-75.3
