frequency,pdr
11,-56.0
12,-55.0
13,-58.1
14,-73.3333333333
15,-63.8888888889
16,-56.1
17,-59.8
18,-61.0
19,-61.0
20,-61.1
21,-64.0
22,-58.0
23,-57.9
24,-59.0
25,-66.4
26,-83.25
