frequency,pdr
11,-64.1
12,-60.8
13,-62.6666666667
14,-59.0
15,-64.0
16,-67.0
17,-67.0
18,-57.1
19,-62.0
20,-59.3
21,-63.4
22,-64.5
23,-63.1
24,-65.6
25,-70.7777777778
26,-66.4
