frequency,pdr
11,-82.2
12,-58.0
13,-60.7777777778
14,-63.5
15,-59.9
16,-59.2
17,-60.7
18,-56.0
19,-64.0
20,-64.1
21,-67.0
22,-77.8888888889
23,-68.625
24,-73.8
25,-66.4444444444
26,-67.0
