frequency,pdr
11,-68.4
12,-67.0
13,-60.5555555556
14,-64.0
15,-60.9
16,-58.0
17,-63.0
18,-67.0
19,-58.7
20,-61.0
21,-61.0
22,-68.7
23,-65.0
24,-66.3
25,-63.3333333333
26,-70.4
