frequency,pdr
11,-62.4
12,-72.8
13,-66.2727272727
14,-74.5555555556
15,-66.4
16,-68.4
17,-73.7
18,-70.5
19,-58.0
20,-64.0
21,-78.7
22,-60.8
23,-58.0
24,-62.3
25,-76.4444444444
26,-70.0
