frequency,pdr
11,-71.9
12,-72.9
13,-63.8888888889
14,-68.4
15,-66.1
16,-62.3
17,-61.0
18,-63.2
19,-73.1
20,-61.0
21,-64.6
22,-61.2
23,-69.7777777778
24,-64.3
25,-74.7777777778
26,-65.5
