frequency,pdr
11,-57.7
12,-65.9
13,-59.3333333333
14,-66.1
15,-66.7
16,-60.4
17,-67.9
18,-61.0
19,-67.0
20,-65.4
21,-58.5
22,-69.7
23,-83.875
24,-72.6363636364
25,-68.4444444444
26,-68.3
