frequency,pdr
11,-63.2222222222
12,-59.5
13,-64.875
14,-64.4
15,-58.0
16,-70.8
17,-64.0
18,-78.7
19,-67.0
20,-65.9
21,-73.9
22,-68.3
23,-71.7777777778
24,-67.0
25,-73.1111111111
26,-74.8181818182
