frequency,pdr
11,-63.4444444444
12,-81.3
13,-71.875
14,-60.9
15,-68.3
16,-67.6
17,-78.5
18,-61.7
19,-58.0
20,-60.9
21,-76.9
22,-78.7777777778
23,-75.6666666667
24,-67.0
25,-72.4444444444
26,-61.0
