frequency,pdr
11,-65.8
12,-61.3
13,-70.8888888889
14,-67.2
15,-63.3
16,-68.9
17,-55.0
18,-57.3
19,-61.0
20,-58.0
21,-59.1
22,-60.2
23,-67.7777777778
24,-68.8
25,-67.5
26,-67.9
