frequency,pdr
11,-61.0
12,-69.9
13,-60.0
14,-69.8
15,-66.2
16,-61.1
17,-61.0
18,-58.0
19,-65.5
20,-61.1
21,-64.9
22,-72.5
23,-63.1111111111
24,-66.5
25,-65.8888888889
26,-76.6
