frequency,pdr
11,-56.2
12,-63.0
13,-63.8888888889
14,-81.125
15,-67.0
16,-64.9
17,-64.0
18,-62.7
19,-63.8
20,-67.0
21,-67.0
22,-78.5
23,-61.0
24,-67.0
25,-70.6666666667
26,-67.0
