frequency,pdr
11,-62.8
12,-64.0
13,-60.8888888889
14,-63.8
15,-63.0
16,-66.7
17,-67.0
18,-61.0
19,-67.0
20,-66.0
21,-67.8
22,-67.0
23,-63.2
24,-86.1
25,-58.7777777778
26,-61.8
