frequency,pdr
11,-66.6666666667
12,-66.7
13,-64.5555555556
14,-60.1
15,-62.9
16,-64.0
17,-67.0
18,-69.9
19,-67.9
20,-67.0
21,-60.7
22,-61.3
23,-69.8
24,-69.2
25,-77.8888888889
26,-71.7
