frequency,pdr
11,-62.0
12,-77.9
13,-61.7777777778
14,-64.3
15,-66.1
16,-65.8
17,-68.4
18,-66.0
19,-72.5
20,-65.4
21,-77.0
22,-64.0
23,-69.3
24,-67.0
25,-67.4444444444
26,-64.0
