frequency,pdr
11,-59.2
12,-65.3
13,-60.4444444444
14,-62.8
15,-63.0
16,-68.6
17,-63.9
18,-61.0
19,-71.3
20,-68.3
21,-65.6
22,-68.4
23,-66.7
24,-61.3
25,-79.3333333333
26,-69.4545454545
