frequency,pdr
11,-62.9
12,-62.2
13,-62.2222222222
14,-61.0
15,-69.5
16,-62.0
17,-67.1
18,-70.1
19,-61.0
20,-60.3
21,-63.9
22,-61.1
23,-70.125
24,-70.8
25,-69.7777777778
26,-64.2
