frequency,pdr
11,-65.0
12,-55.3
13,-65.8888888889
14,-58.0
15,-55.3
16,-63.8
17,-70.0
18,-61.0
19,-63.9
20,-70.0
21,-69.1
22,-60.0
23,-67.8888888889
24,-65.1
25,-72.6666666667
26,-57.5
