frequency,pdr
11,-58.4
12,-62.2
13,-60.4444444444
14,-61.0
15,-73.8
16,-55.0
17,-58.0
18,-65.8
19,-64.0
20,-64.0
21,-67.1
22,-70.3
23,-63.3
24,-67.0
25,-61.3333333333
26,-61.0
