frequency,pdr
11,-57.8
12,-58.5
13,-58.8888888889
14,-61.5
15,-64.1
16,-67.0
17,-62.4
18,-62.6
19,-66.1
20,-79.0
21,-67.2
22,-63.6
23,-69.7777777778
24,-63.7
25,-68.5
26,-61.0
