frequency,pdr
11,-64.2
12,-55.3
13,-55.9090909091
14,-62.3
15,-63.9
16,-64.5
17,-67.0
18,-61.5
19,-61.0
20,-55.0
21,-58.1
22,-64.1
23,-72.8888888889
24,-55.0
25,-58.0
26,-70.0
