frequency,pdr
11,-68.8888888889
12,-67.7
13,-71.75
14,-63.3
15,-76.3
16,-71.0
17,-62.3
18,-61.0
19,-66.0
20,-61.0
21,-61.8
22,-65.5
23,-69.6
24,-70.9
25,-67.7777777778
26,-75.7
