frequency,pdr
11,-69.1111111111
12,-61.0
13,-59.6666666667
14,-58.1
15,-60.1
16,-65.1
17,-61.0
18,-75.0
19,-67.0
20,-68.5
21,-76.0
22,-67.0
23,-69.9
24,-62.5
25,-69.2222222222
26,-70.0
