frequency,pdr
11,-78.5555555556
12,-72.4
13,-75.1111111111
14,-67.0
15,-79.0
16,-58.2
17,-71.1
18,-59.7
19,-58.3
20,-58.5
21,-57.9
22,-58.0
23,-67.8
24,-64.1
25,-64.0
26,-64.5
