frequency,pdr
11,-55.0
12,-55.6
13,-66.8888888889
14,-58.9
15,-58.0
16,-55.0
17,-61.0
18,-68.4545454545
19,-57.0
20,-65.4
21,-63.1
22,-67.0
23,-64.1
24,-63.2
25,-58.75
26,-55.0
