frequency,pdr
11,-69.2222222222
12,-62.0
13,-62.8888888889
14,-66.6
15,-68.3
16,-62.7
17,-64.0
18,-64.0
19,-67.5
20,-64.0
21,-59.0
22,-62.4
23,-60.0
24,-61.3
25,-63.3333333333
26,-64.0
