frequency,pdr
11,-68.6
12,-67.0
13,-61.4444444444
14,-59.3
15,-65.5
16,-68.0
17,-58.0
18,-68.3
19,-70.4
20,-67.0
21,-77.1
22,-59.6
23,-75.5
24,-67.0
25,-72.1111111111
26,-64.0
