frequency,pdr
11,-72.4444444444
12,-71.4
13,-63.5555555556
14,-62.0
15,-59.5
16,-69.9
17,-66.4
18,-63.2
19,-63.7
20,-63.4
21,-64.0
22,-65.1
23,-63.2
24,-64.0
25,-65.0
26,-70.2
