frequency,pdr
11,-65.4
12,-63.9
13,-69.8888888889
14,-76.8888888889
15,-66.2
16,-63.2
17,-67.0
18,-58.7
19,-65.9
20,-61.0
21,-67.4
22,-66.1
23,-64.6
24,-59.7
25,-60.6666666667
26,-72.8
