frequency,pdr
11,-58.0
12,-64.1
13,-73.25
14,-70.7777777778
15,-61.2
16,-74.1
17,-61.0
18,-73.0
19,-65.3
20,-76.6
21,-66.6
22,-63.5
23,-64.0
24,-61.0
25,-65.3333333333
26,-75.7
