frequency,pdr
11,-55.0
12,-55.0
13,-58.9
14,-68.8
15,-59.6
16,-62.0
17,-63.0
18,-64.0
19,-64.4
20,-62.7
21,-55.0
22,-71.9090909091
23,-81.5714285714
24,-73.0
25,-67.0
26,-76.6
