frequency,pdr
11,-77.7777777778
12,-76.1
13,-67.3
14,-67.1
15,-69.0
16,-61.0
17,-67.9
18,-76.4
19,-67.0
20,-67.0
21,-68.5
22,-68.6
23,-68.0
24,-65.7
25,-74.3333333333
26,-74.8
