frequency,pdr
11,-78.0
12,-60.5
13,-75.5
14,-77.5
15,-68.7
16,-70.0
17,-66.5
18,-62.7
19,-64.6
20,-67.0
21,-71.1
22,-73.9
23,-77.1428571429
24,-66.8
25,-71.2222222222
26,-72.2
