frequency,pdr
11,-73.7777777778
12,-64.2
13,-57.5
14,-55.0
15,-66.0
16,-60.0
17,-58.1
18,-55.0
19,-76.5
20,-73.0
21,-61.2
22,-61.0
23,-61.6
24,-75.0
25,-63.5555555556
26,-58.9
