frequency,pdr
11,-59.4
12,-71.9
13,-65.5555555556
14,-64.1
15,-71.8
16,-64.1
17,-64.8
18,-72.4
19,-64.0
20,-65.6
21,-67.7
22,-58.0
23,-62.7
24,-64.0
25,-72.2222222222
26,-64.0
