frequency,pdr
11,-56.4
12,-55.0
13,-53.1111111111
14,-56.9
15,-59.0
16,-55.8
17,-55.0
18,-54.6
19,-58.0
20,-61.0
21,-69.1
22,-70.2
23,-70.5555555556
24,-63.5
25,-73.1111111111
26,-58.0
