frequency,pdr
11,-50.9
12,-58.0
13,-56.4444444444
14,-64.8
15,-64.5
16,-58.0
17,-58.9
18,-58.0
19,-64.9
20,-63.0
21,-64.0
22,-58.0
23,-58.4
24,-67.0
25,-67.3333333333
26,-59.4
