frequency,pdr
11,-61.2222222222
12,-63.7
13,-67.375
14,-61.0
15,-62.8
16,-55.0
17,-58.1
18,-57.3
19,-74.6
20,-58.0
21,-70.7
22,-63.1
23,-60.7
24,-63.3
25,-63.6666666667
26,-68.4
