frequency,pdr
11,98.8340807175
12,95.8295964126
13,89.1928251121
14,99.9551569507
15,100.044843049
16,100.0
17,100.0
18,99.6860986547
19,100.0
20,100.0
21,99.730941704
22,99.5515695067
23,97.802690583
24,99.865470852
25,100.0
26,99.5067264574
