frequency,pdr
11,98.8789237668
12,99.865470852
13,94.4394618834
14,100.044843049
15,100.044843049
16,100.134529148
17,100.0
18,100.0
19,100.0
20,99.865470852
21,99.9103139013
22,99.9551569507
23,98.0269058296
24,99.9103139013
25,99.9103139013
26,100.0
