frequency,pdr
11,98.9237668161
12,92.5112107623
13,100.044843049
14,94.1255605381
15,100.179372197
16,100.044843049
17,100.0
18,100.044843049
19,100.0
20,100.044843049
21,100.0
22,99.7757847534
23,99.9551569507
24,100.0
25,100.0
26,100.044843049
