frequency,pdr
11,99.730941704
12,100.044843049
13,96.1883408072
14,99.7757847534
15,100.0
16,100.089686099
17,100.0
18,100.0
19,99.9551569507
20,100.0
21,99.6860986547
22,99.8206278027
23,99.865470852
24,99.9551569507
25,100.089686099
26,99.9103139013
