frequency,pdr
11,99.5964125561
12,99.9103139013
13,94.1704035874
14,94.932735426
15,94.932735426
16,100.044843049
17,99.9551569507
18,100.089686099
19,99.9551569507
20,100.179372197
21,100.0
22,99.865470852
23,98.5201793722
24,100.0
25,100.089686099
26,99.5964125561
