frequency,pdr
11,99.7757847534
12,96.5470852018
13,94.798206278
14,99.865470852
15,100.044843049
16,100.0
17,100.089686099
18,100.0
19,100.0
20,100.0
21,99.865470852
22,100.0
23,100.0
24,100.0
25,100.179372197
26,100.0
