frequency,pdr
11,98.0717488789
12,94.7533632287
13,96.5022421525
14,93.3632286996
15,100.0
16,99.9551569507
17,99.865470852
18,100.0
19,100.089686099
20,99.9103139013
21,99.8206278027
22,99.2376681614
23,99.6860986547
24,100.044843049
25,99.5964125561
26,99.8206278027
