frequency,pdr
11,100.0
12,94.3946188341
13,96.4125560538
14,99.9103139013
15,100.089686099
16,100.0
17,100.089686099
18,100.089686099
19,100.179372197
20,99.9103139013
21,99.7757847534
22,99.865470852
23,99.5067264574
24,100.044843049
25,100.224215247
26,100.179372197
