frequency,pdr
11,99.6412556054
12,98.2959641256
13,99.8206278027
14,100.0
15,95.2914798206
16,100.134529148
17,99.9551569507
18,100.0
19,100.0
20,100.0
21,100.089686099
22,99.730941704
23,99.5964125561
24,100.089686099
25,99.6412556054
26,100.134529148
