frequency,pdr
11,99.2376681614
12,97.7130044843
13,97.802690583
14,94.66367713
15,100.0
16,99.5515695067
17,100.0
18,99.9551569507
19,100.044843049
20,100.0
21,100.044843049
22,100.0
23,99.8206278027
24,100.0
25,100.044843049
26,100.0
