frequency,pdr
11,99.1928251121
12,100.0
13,100.089686099
14,100.0
15,95.6053811659
16,98.2959641256
17,100.089686099
18,100.0
19,99.9103139013
20,100.0
21,99.7757847534
22,100.0
23,99.6860986547
24,99.9551569507
25,98.1614349776
26,99.8206278027
