frequency,pdr
11,100.0
12,96.3677130045
13,94.8430493274
14,99.865470852
15,99.6860986547
16,100.044843049
17,100.0
18,100.089686099
19,100.089686099
20,100.0
21,100.044843049
22,99.4170403587
23,99.8206278027
24,100.0
25,98.4753363229
26,100.044843049
