frequency,pdr
11,98.7892376682
12,95.201793722
13,90.9865470852
14,99.730941704
15,100.044843049
16,98.7443946188
17,100.0
18,100.044843049
19,100.179372197
20,100.044843049
21,100.0
22,99.7757847534
23,99.9551569507
24,100.0
25,100.134529148
26,99.4618834081
