frequency,pdr
11,98.4753363229
12,95.2914798206
13,96.1883408072
14,92.9147982063
15,94.798206278
16,100.134529148
17,99.7757847534
18,99.4170403587
19,100.0
20,100.0
21,100.0
22,99.7757847534
23,99.9551569507
24,95.0224215247
25,93.9461883408
26,100.134529148
