frequency,pdr
11,99.3721973094
12,97.7130044843
13,100.0
14,99.865470852
15,95.8744394619
16,100.089686099
17,100.0
18,100.0
19,100.044843049
20,99.865470852
21,100.044843049
22,99.8206278027
23,98.9237668161
24,100.0
25,100.044843049
26,99.9551569507
