frequency,pdr
11,100.0
12,97.7130044843
13,97.8923766816
14,93.3632286996
15,99.9103139013
16,100.0
17,100.0
18,100.044843049
19,100.0
20,99.9103139013
21,100.044843049
22,99.8206278027
23,99.9551569507
24,97.5784753363
25,100.0
26,100.044843049
