frequency,pdr
11,99.8206278027
12,96.9955156951
13,97.5784753363
14,99.9551569507
15,100.0
16,100.0
17,100.089686099
18,100.0
19,100.0
20,100.0
21,100.179372197
22,99.9551569507
23,99.4618834081
24,99.730941704
25,100.179372197
26,100.089686099
