frequency,pdr
11,98.6547085202
12,100.0
13,95.9641255605
14,99.1031390135
15,99.9103139013
16,97.9820627803
17,100.089686099
18,100.044843049
19,100.0
20,100.044843049
21,100.0
22,99.7757847534
23,100.0
24,100.044843049
25,100.089686099
26,100.0
