frequency,pdr
11,99.4170403587
12,99.730941704
13,97.5784753363
14,99.865470852
15,100.044843049
16,99.9551569507
17,100.134529148
18,100.0
19,100.224215247
20,100.0
21,99.9551569507
22,99.9551569507
23,99.4170403587
24,100.0
25,99.8206278027
26,99.865470852
