frequency,pdr
11,100.0
12,98.3856502242
13,98.0269058296
14,100.0
15,100.089686099
16,98.8789237668
17,99.9103139013
18,100.0
19,99.8206278027
20,99.9551569507
21,99.5067264574
22,99.5964125561
23,100.0
24,100.0
25,99.865470852
26,100.044843049
