frequency,pdr
11,99.5067264574
12,97.4887892377
13,100.0
14,99.730941704
15,100.0
16,100.089686099
17,100.044843049
18,100.134529148
19,99.730941704
20,99.9551569507
21,100.0
22,99.7757847534
23,99.6412556054
24,100.0
25,97.6233183857
26,99.865470852
