frequency,pdr
11,99.2825112108
12,96.0986547085
13,95.2466367713
14,99.8206278027
15,94.0358744395
16,100.0
17,100.0
18,100.134529148
19,99.9551569507
20,100.044843049
21,100.044843049
22,99.6412556054
23,100.0
24,100.0
25,100.089686099
26,100.0
