frequency,pdr
11,99.4618834081
12,100.044843049
13,100.0
14,100.089686099
15,100.0
16,100.044843049
17,99.9551569507
18,100.0
19,99.9551569507
20,100.134529148
21,99.9103139013
22,100.0
23,99.865470852
24,100.0
25,100.089686099
26,100.0
