frequency,pdr
11,99.2825112108
12,95.8295964126
13,97.4439461883
14,99.9103139013
15,100.0
16,100.089686099
17,100.044843049
18,100.0
19,100.044843049
20,100.134529148
21,100.0
22,100.0
23,99.9103139013
24,100.0
25,100.0
26,99.6412556054
