frequency,pdr
11,98.8789237668
12,97.399103139
13,99.865470852
14,99.6412556054
15,95.0224215247
16,99.0134529148
17,100.0
18,99.9551569507
19,99.2376681614
20,100.0
21,99.7757847534
22,99.9103139013
23,99.6860986547
24,100.044843049
25,100.134529148
26,88.4753363229
