frequency,pdr
11,99.5067264574
12,97.2197309417
13,98.0269058296
14,100.0
15,100.0
16,100.044843049
17,99.730941704
18,100.089686099
19,100.089686099
20,100.044843049
21,100.044843049
22,99.865470852
23,99.6412556054
24,100.0
25,100.044843049
26,99.5515695067
