frequency,pdr
11,98.8789237668
12,97.0852017937
13,98.5201793722
14,94.66367713
15,100.313901345
16,100.0
17,100.0
18,100.044843049
19,100.0
20,100.0
21,100.134529148
22,99.8206278027
23,99.865470852
24,99.865470852
25,100.0
26,100.0
