frequency,pdr
11,99.5067264574
12,94.4843049327
13,92.6905829596
14,99.7757847534
15,99.865470852
16,99.7757847534
17,100.044843049
18,100.0
19,100.044843049
20,100.044843049
21,100.089686099
22,99.9551569507
23,99.865470852
24,99.9103139013
25,99.9551569507
26,100.0
