frequency,pdr
11,98.8340807175
12,93.6322869955
13,95.6053811659
14,99.7757847534
15,100.134529148
16,100.0
17,100.044843049
18,100.089686099
19,99.9103139013
20,100.089686099
21,100.044843049
22,99.730941704
23,98.0269058296
24,100.269058296
25,100.134529148
26,99.7757847534
