frequency,pdr
11,99.3273542601
12,98.3408071749
13,98.7443946188
14,99.865470852
15,100.224215247
16,98.9686098655
17,100.134529148
18,99.9103139013
19,100.0
20,100.0
21,100.0
22,100.044843049
23,100.089686099
24,100.134529148
25,99.9551569507
26,100.0
