frequency,pdr
11,98.1165919283
12,100.0
13,92.2421524664
14,99.4170403587
15,100.0
16,100.0
17,100.044843049
18,100.0
19,99.9551569507
20,100.0
21,99.9551569507
22,99.7757847534
23,100.044843049
24,100.044843049
25,100.134529148
26,100.044843049
