frequency,pdr
11,99.9103139013
12,95.067264574
13,91.8385650224
14,99.5964125561
15,94.3049327354
16,99.1479820628
17,100.044843049
18,100.044843049
19,100.134529148
20,100.0
21,100.224215247
22,99.8206278027
23,98.3408071749
24,100.179372197
25,100.044843049
26,98.7892376682
