frequency,pdr
11,99.6860986547
12,97.8475336323
13,97.264573991
14,100.0
15,100.044843049
16,100.0
17,100.044843049
18,100.0
19,100.0
20,100.044843049
21,100.0
22,100.089686099
23,100.044843049
24,99.3273542601
25,100.134529148
26,99.9551569507
