frequency,pdr
11,100.0
12,91.2107623318
13,99.5515695067
14,99.4170403587
15,100.089686099
16,96.9058295964
17,100.0
18,100.179372197
19,100.0
20,100.044843049
21,99.9551569507
22,99.4170403587
23,99.6412556054
24,100.089686099
25,90.4035874439
26,99.865470852
