frequency,pdr
11,99.5964125561
12,98.0717488789
13,96.9955156951
14,94.7533632287
15,96.5470852018
16,100.0
17,99.8206278027
18,100.0
19,100.089686099
20,100.0
21,99.9103139013
22,99.9103139013
23,100.089686099
24,100.0
25,99.7757847534
26,100.0
