frequency,pdr
11,99.3273542601
12,95.8744394619
13,95.9192825112
14,100.0
15,100.044843049
16,100.0
17,99.9103139013
18,100.179372197
19,100.0
20,100.044843049
21,100.0
22,99.2825112108
23,100.044843049
24,96.5919282511
25,100.0
26,99.5964125561
