frequency,pdr
11,99.1031390135
12,94.0807174888
13,96.0986547085
14,99.8206278027
15,100.044843049
16,100.044843049
17,100.0
18,100.179372197
19,100.089686099
20,99.730941704
21,100.044843049
22,100.044843049
23,99.6412556054
24,100.089686099
25,98.2511210762
26,99.865470852
