frequency,pdr
11,99.7757847534
12,99.9103139013
13,97.130044843
14,99.865470852
15,93.8116591928
16,99.9551569507
17,100.0
18,99.8206278027
19,99.9551569507
20,100.044843049
21,100.0
22,99.9551569507
23,99.865470852
24,99.8206278027
25,100.089686099
26,99.9551569507
