frequency,pdr
11,99.5515695067
12,96.9955156951
13,97.399103139
14,100.0
15,99.9551569507
16,100.0
17,100.044843049
18,99.5964125561
19,99.8206278027
20,99.7757847534
21,99.9103139013
22,100.0
23,99.730941704
24,99.6412556054
25,100.0
26,100.089686099
