frequency,pdr
11,99.3273542601
12,94.66367713
13,99.6860986547
14,99.6412556054
15,95.067264574
16,99.9103139013
17,99.865470852
18,100.089686099
19,100.044843049
20,99.8206278027
21,99.9103139013
22,99.730941704
23,99.7757847534
24,100.089686099
25,99.8206278027
26,100.0
