frequency,pdr
11,99.6412556054
12,99.9551569507
13,100.044843049
14,96.0538116592
15,100.044843049
16,99.2825112108
17,100.044843049
18,100.0
19,100.0
20,100.0
21,100.0
22,99.4618834081
23,99.9103139013
24,100.044843049
25,100.0
26,100.0
