frequency,pdr
11,100.044843049
12,97.6233183857
13,97.7578475336
14,99.9551569507
15,100.0
16,100.0
17,99.730941704
18,100.044843049
19,100.0
20,100.0
21,100.044843049
22,99.865470852
23,99.5964125561
24,100.0
25,97.9372197309
26,100.0
