frequency,pdr
11,96.9506726457
12,94.1704035874
13,85.3811659193
14,93.4529147982
15,99.865470852
16,99.1031390135
17,100.0
18,99.5964125561
19,99.6412556054
20,100.044843049
21,100.0
22,99.9103139013
23,99.9103139013
24,99.9551569507
25,100.0
26,98.8340807175
