frequency,pdr
11,99.3721973094
12,97.130044843
13,94.0807174888
14,99.6412556054
15,92.8251121076
16,99.9551569507
17,100.044843049
18,99.865470852
19,99.9551569507
20,99.865470852
21,99.6412556054
22,99.6412556054
23,99.7757847534
24,100.089686099
25,99.3273542601
26,99.865470852
