frequency,pdr
11,99.5067264574
12,97.7578475336
13,97.802690583
14,90.4932735426
15,100.0
16,98.7892376682
17,99.865470852
18,99.9103139013
19,99.6860986547
20,100.0
21,100.044843049
22,100.0
23,99.9551569507
24,100.044843049
25,99.9103139013
26,100.044843049
