frequency,pdr
11,99.2825112108
12,96.4125560538
13,95.8744394619
14,93.4529147982
15,99.9551569507
16,98.4753363229
17,100.0
18,99.9551569507
19,99.9103139013
20,99.9551569507
21,99.7757847534
22,99.3273542601
23,99.6860986547
24,100.0
25,100.044843049
26,100.044843049
