frequency,pdr
11,99.3721973094
12,96.6816143498
13,98.4304932735
14,99.4170403587
15,100.0
16,100.044843049
17,99.7757847534
18,100.044843049
19,99.6860986547
20,99.7757847534
21,100.179372197
22,99.865470852
23,100.0
24,99.7757847534
25,99.9551569507
26,99.9103139013
