frequency,pdr
11,99.6412556054
12,97.8475336323
13,100.0
14,100.044843049
15,100.044843049
16,100.134529148
17,99.7757847534
18,100.0
19,100.0
20,100.0
21,100.0
22,100.089686099
23,99.5964125561
24,100.0
25,100.044843049
26,99.8206278027
