frequency,pdr
11,99.6412556054
12,97.6233183857
13,100.0
14,100.0
15,100.0
16,99.5964125561
17,100.134529148
18,100.044843049
19,100.0
20,100.134529148
21,99.9551569507
22,99.9551569507
23,99.9551569507
24,100.0
25,99.9551569507
26,100.179372197
