frequency,pdr
11,99.0134529148
12,97.399103139
13,95.9192825112
14,99.9551569507
15,100.0
16,100.0
17,100.0
18,99.9551569507
19,100.0
20,99.9551569507
21,100.044843049
22,99.730941704
23,99.9551569507
24,100.0
25,100.0
26,99.9551569507
