frequency,pdr
11,99.865470852
12,99.9551569507
13,97.130044843
14,99.5067264574
15,100.089686099
16,100.224215247
17,100.0
18,100.0
19,100.0
20,99.5964125561
21,100.0
22,99.7757847534
23,100.0
24,100.089686099
25,99.730941704
26,99.730941704
