frequency,pdr
11,99.4618834081
12,96.9058295964
13,94.3946188341
14,100.224215247
15,100.089686099
16,100.0
17,99.730941704
18,100.044843049
19,99.865470852
20,100.134529148
21,100.089686099
22,99.865470852
23,100.0
24,95.6502242152
25,100.044843049
26,99.6412556054
