frequency,pdr
11,99.4170403587
12,94.2600896861
13,94.798206278
14,99.7757847534
15,100.0
16,100.0
17,100.089686099
18,100.0
19,99.7757847534
20,100.044843049
21,100.089686099
22,99.9551569507
23,99.2825112108
24,99.6860986547
25,100.0
26,100.089686099
