frequency,pdr
11,99.5964125561
12,97.1748878924
13,99.7757847534
14,99.9103139013
15,95.067264574
16,99.1928251121
17,99.9103139013
18,100.0
19,99.8206278027
20,100.044843049
21,100.0
22,99.6412556054
23,99.9551569507
24,100.0
25,100.0
26,99.9103139013
