frequency,pdr
11,100.0
12,97.399103139
13,97.4439461883
14,99.9103139013
15,99.9551569507
16,98.5650224215
17,100.134529148
18,100.0
19,100.0
20,100.0
21,100.089686099
22,99.865470852
23,100.044843049
24,100.0
25,100.0
26,99.9103139013
