frequency,pdr
11,100.0
12,97.1748878924
13,97.5784753363
14,94.7085201794
15,100.089686099
16,100.0
17,100.0
18,100.0
19,100.0
20,100.134529148
21,100.0
22,100.134529148
23,100.0
24,97.264573991
25,100.0
26,100.179372197
