frequency,pdr
11,100.0
12,97.533632287
13,97.4439461883
14,94.7085201794
15,100.0
16,100.0
17,100.0
18,100.0
19,99.865470852
20,100.0
21,100.044843049
22,100.089686099
23,100.0
24,100.179372197
25,97.2197309417
26,99.865470852
