frequency,pdr
11,98.9686098655
12,95.7399103139
13,99.9551569507
14,100.0
15,100.0
16,98.7443946188
17,100.0
18,99.6412556054
19,100.0
20,100.044843049
21,100.0
22,98.8340807175
23,100.044843049
24,100.134529148
25,93.7668161435
26,98.7443946188
