frequency,pdr
11,100.089686099
12,97.264573991
13,100.0
14,94.0807174888
15,99.9551569507
16,99.9103139013
17,100.0
18,100.179372197
19,100.044843049
20,99.9103139013
21,100.044843049
22,100.044843049
23,99.9103139013
24,100.179372197
25,100.0
26,100.0
