frequency,pdr
11,99.5515695067
12,96.8609865471
13,96.9058295964
14,99.9103139013
15,100.044843049
16,100.0
17,100.044843049
18,100.089686099
19,100.0
20,100.089686099
21,100.0
22,99.6860986547
23,99.9551569507
24,100.0
25,99.9551569507
26,100.0
