frequency,pdr
11,98.5650224215
12,91.1210762332
13,93.2735426009
14,99.4618834081
15,100.0
16,100.0
17,99.9551569507
18,99.9103139013
19,100.0
20,100.0
21,100.0
22,100.089686099
23,99.9103139013
24,100.089686099
25,100.089686099
26,100.044843049
