frequency,pdr
11,99.5515695067
12,96.5919282511
13,96.9955156951
14,99.9551569507
15,100.089686099
16,100.0
17,100.044843049
18,99.9103139013
19,99.7757847534
20,100.0
21,100.0
22,99.9551569507
23,100.0
24,98.3408071749
25,98.9686098655
26,100.0
