frequency,pdr
11,99.2825112108
12,97.3542600897
13,97.4439461883
14,100.0
15,92.9147982063
16,100.044843049
17,100.044843049
18,100.0
19,100.134529148
20,100.179372197
21,100.089686099
22,100.134529148
23,99.3273542601
24,96.0538116592
25,98.2959641256
26,99.730941704
