frequency,pdr
11,99.9103139013
12,99.9551569507
13,97.130044843
14,95.0224215247
15,100.0
16,98.9686098655
17,100.134529148
18,100.0
19,100.044843049
20,99.9551569507
21,100.0
22,99.7757847534
23,100.044843049
24,100.0
25,100.0
26,99.7757847534
