frequency,pdr
11,99.6860986547
12,97.3542600897
13,97.399103139
14,99.865470852
15,100.224215247
16,98.7892376682
17,100.0
18,100.0
19,100.044843049
20,100.089686099
21,99.865470852
22,99.7757847534
23,99.865470852
24,97.4887892377
25,100.044843049
26,99.9551569507
