frequency,pdr
11,99.5067264574
12,99.8206278027
13,91.4798206278
14,99.5067264574
15,95.7399103139
16,100.089686099
17,100.224215247
18,99.730941704
19,100.0
20,100.044843049
21,99.9103139013
22,99.730941704
23,99.9103139013
24,100.0
25,100.089686099
26,99.9551569507
