frequency,pdr
11,100.089686099
12,96.7713004484
13,97.9820627803
14,100.134529148
15,100.0
16,98.4304932735
17,100.0
18,100.089686099
19,99.8206278027
20,100.089686099
21,99.8206278027
22,99.6412556054
23,99.9103139013
24,100.134529148
25,96.1434977578
26,99.730941704
