frequency,pdr
11,98.1165919283
12,95.6950672646
13,87.7130044843
14,99.3273542601
15,99.7757847534
16,99.730941704
17,99.9551569507
18,100.134529148
19,100.089686099
20,100.044843049
21,100.0
22,99.9103139013
23,100.0
24,100.044843049
25,93.4529147982
26,99.9551569507
