frequency,pdr
11,99.1928251121
12,100.0
13,96.3677130045
14,99.8206278027
15,100.0
16,98.9237668161
17,100.089686099
18,100.044843049
19,100.0
20,99.6860986547
21,100.044843049
22,99.9551569507
23,99.5964125561
24,100.044843049
25,100.0
26,100.0
