frequency,pdr
11,99.0582959641
12,100.0
13,94.0807174888
14,95.6502242152
15,100.0
16,100.0
17,100.0
18,100.0
19,100.044843049
20,99.9551569507
21,99.9103139013
22,99.6860986547
23,99.3273542601
24,97.3094170404
25,100.044843049
26,100.0
