frequency,pdr
11,100.044843049
12,93.6322869955
13,96.9058295964
14,92.9147982063
15,100.0
16,100.224215247
17,100.044843049
18,100.0
19,100.044843049
20,100.0
21,100.089686099
22,100.134529148
23,99.9103139013
24,100.089686099
25,99.6412556054
26,100.089686099
