frequency,pdr
11,94.4394618834
12,89.6860986547
13,89.1928251121
14,99.6860986547
15,100.044843049
16,100.089686099
17,100.0
18,100.0
19,100.134529148
20,100.0
21,99.8206278027
22,99.865470852
23,99.730941704
24,100.089686099
25,99.6412556054
26,99.6412556054
