frequency,pdr
11,99.3721973094
12,97.4439461883
13,96.9058295964
14,99.9551569507
15,96.2780269058
16,100.0
17,100.0
18,100.044843049
19,100.044843049
20,100.044843049
21,99.9103139013
22,98.6547085202
23,99.2825112108
24,100.044843049
25,94.3946188341
26,99.9103139013
