frequency,pdr
11,99.865470852
12,99.9103139013
13,97.399103139
14,99.9103139013
15,100.089686099
16,100.0
17,100.044843049
18,100.0
19,100.044843049
20,100.0
21,100.0
22,99.6860986547
23,99.9103139013
24,96.8609865471
25,100.044843049
26,99.9103139013
