frequency,pdr
11,99.1928251121
12,96.5919282511
13,94.0807174888
14,100.0
15,100.044843049
16,99.1031390135
17,100.044843049
18,100.089686099
19,100.089686099
20,100.0
21,100.044843049
22,100.044843049
23,99.5515695067
24,95.6053811659
25,97.7578475336
26,100.0
