frequency,pdr
11,97.533632287
12,97.1748878924
13,97.2197309417
14,99.6860986547
15,100.0
16,99.2376681614
17,100.179372197
18,99.9551569507
19,99.9551569507
20,100.0
21,99.6412556054
22,99.0134529148
23,99.0582959641
24,100.0
25,99.9103139013
26,100.0
