frequency,pdr
11,100.044843049
12,97.802690583
13,95.6950672646
14,100.0
15,100.0
16,100.0
17,100.089686099
18,100.134529148
19,100.0
20,100.089686099
21,100.0
22,100.0
23,99.6412556054
24,100.044843049
25,97.4887892377
26,99.865470852
