frequency,pdr
11,99.5067264574
12,97.7130044843
13,98.2511210762
14,99.9103139013
15,100.0
16,99.4170403587
17,99.4170403587
18,100.224215247
19,100.044843049
20,100.0
21,100.089686099
22,100.0
23,100.044843049
24,100.0
25,99.730941704
26,100.134529148
