frequency,pdr
11,99.1479820628
12,96.2780269058
13,96.8609865471
14,100.0
15,100.0
16,99.9551569507
17,100.089686099
18,100.0
19,99.9551569507
20,100.0
21,99.865470852
22,99.8206278027
23,100.134529148
24,99.9103139013
25,93.7668161435
26,99.9103139013
