frequency,pdr
11,99.1479820628
12,96.9506726457
13,97.6233183857
14,100.0
15,95.201793722
16,100.0
17,99.865470852
18,100.0
19,100.0
20,100.134529148
21,100.0
22,99.9551569507
23,100.0
24,100.089686099
25,100.044843049
26,100.0
