frequency,pdr
11,99.6412556054
12,97.1748878924
13,96.9955156951
14,95.9192825112
15,100.089686099
16,99.9551569507
17,99.9551569507
18,100.044843049
19,100.089686099
20,100.0
21,100.134529148
22,100.134529148
23,99.8206278027
24,100.0
25,100.0
26,100.044843049
