frequency,pdr
11,99.5515695067
12,98.0717488789
13,96.8161434978
14,99.5515695067
15,100.044843049
16,99.9103139013
17,99.8206278027
18,100.044843049
19,100.0
20,100.044843049
21,100.044843049
22,99.9103139013
23,99.9551569507
24,100.0
25,99.865470852
26,99.9103139013
