frequency,pdr
11,99.5515695067
12,97.4439461883
13,97.399103139
14,99.9103139013
15,99.9551569507
16,100.089686099
17,99.730941704
18,100.134529148
19,99.7757847534
20,100.0
21,99.9103139013
22,99.8206278027
23,99.5515695067
24,100.134529148
25,98.0269058296
26,100.0
