frequency,pdr
11,97.9820627803
12,95.201793722
13,95.4708520179
14,99.4618834081
15,94.2152466368
16,100.0
17,100.089686099
18,100.179372197
19,100.179372197
20,100.0
21,100.0
22,99.6860986547
23,99.9551569507
24,99.9103139013
25,97.1748878924
26,99.6412556054
