frequency,pdr
11,99.6412556054
12,95.0224215247
13,97.1748878924
14,100.089686099
15,100.044843049
16,100.0
17,99.865470852
18,100.089686099
19,99.5515695067
20,100.089686099
21,100.044843049
22,99.2376681614
23,100.0
24,100.044843049
25,100.0
26,100.044843049
