frequency,pdr
11,100.0
12,96.9506726457
13,97.130044843
14,96.1883408072
15,100.044843049
16,100.089686099
17,100.0
18,99.865470852
19,100.0
20,100.089686099
21,100.269058296
22,100.0
23,100.0
24,100.0
25,97.802690583
26,99.9103139013
