frequency,pdr
11,99.5515695067
12,97.5784753363
13,95.1569506726
14,100.0
15,100.044843049
16,100.0
17,100.044843049
18,100.0
19,100.044843049
20,99.7757847534
21,99.8206278027
22,99.9551569507
23,99.8206278027
24,100.0
25,96.9955156951
26,99.8206278027
