frequency,pdr
11,99.5067264574
12,96.9506726457
13,97.9372197309
14,95.5156950673
15,100.0
16,100.0
17,100.0
18,100.0
19,100.044843049
20,100.269058296
21,100.044843049
22,99.730941704
23,99.4170403587
24,99.9551569507
25,100.0
26,100.044843049
