frequency,pdr
11,99.1479820628
12,97.399103139
13,94.0358744395
14,99.730941704
15,96.2331838565
16,100.134529148
17,100.0
18,100.0
19,99.6860986547
20,100.044843049
21,100.0
22,99.9551569507
23,99.8206278027
24,99.9551569507
25,98.2062780269
26,100.0
