frequency,pdr
11,99.4618834081
12,97.533632287
13,98.1614349776
14,99.7757847534
15,96.0986547085
16,100.0
17,100.0
18,100.0
19,100.179372197
20,100.089686099
21,99.730941704
22,99.9551569507
23,99.7757847534
24,100.0
25,99.9551569507
26,100.0
