frequency,pdr
11,99.7757847534
12,100.044843049
13,98.1165919283
14,100.0
15,100.0
16,99.9551569507
17,100.0
18,100.0
19,100.0
20,100.134529148
21,100.0
22,99.9551569507
23,100.044843049
24,100.134529148
25,99.9551569507
26,100.0
