frequency,pdr
11,99.7757847534
12,100.0
13,97.399103139
14,99.865470852
15,100.134529148
16,100.089686099
17,100.044843049
18,100.0
19,100.044843049
20,100.044843049
21,100.0
22,99.9551569507
23,100.044843049
24,100.044843049
25,97.399103139
26,100.0
