frequency,pdr
11,100.0
12,97.1748878924
13,94.5291479821
14,99.730941704
15,100.134529148
16,99.0582959641
17,99.9103139013
18,99.6860986547
19,100.089686099
20,99.6412556054
21,99.9103139013
22,99.3721973094
23,100.044843049
24,99.9551569507
25,100.044843049
26,99.9103139013
