frequency,pdr
11,99.1928251121
12,97.8923766816
13,97.5784753363
14,99.6412556054
15,100.0
16,100.0
17,100.0
18,100.0
19,100.089686099
20,99.865470852
21,100.089686099
22,99.9551569507
23,99.7757847534
24,99.9103139013
25,100.224215247
26,99.9551569507
