frequency,pdr
11,99.4618834081
12,96.4125560538
13,96.6816143498
14,94.7085201794
15,100.0
16,100.179372197
17,99.8206278027
18,100.044843049
19,100.134529148
20,100.0
21,99.6860986547
22,99.865470852
23,100.089686099
24,100.0
25,95.9641255605
26,100.044843049
