frequency,pdr
11,98.5650224215
12,96.0986547085
13,94.3497757848
14,94.8430493274
15,100.0
16,100.044843049
17,100.044843049
18,99.7757847534
19,99.6860986547
20,99.730941704
21,99.9551569507
22,99.9551569507
23,98.1165919283
24,100.044843049
25,100.0
26,100.0
