frequency,pdr
11,99.5515695067
12,98.2959641256
13,100.044843049
14,99.7757847534
15,100.0
16,100.044843049
17,100.0
18,100.089686099
19,100.134529148
20,100.089686099
21,100.269058296
22,99.865470852
23,99.9551569507
24,100.0
25,99.7757847534
26,100.044843049
