frequency,pdr
11,99.6860986547
12,97.802690583
13,97.4439461883
14,99.865470852
15,96.3228699552
16,100.089686099
17,100.089686099
18,100.089686099
19,99.865470852
20,100.089686099
21,100.0
22,99.9551569507
23,99.9103139013
24,99.9551569507
25,100.0
26,100.0
