frequency,pdr
11,99.3721973094
12,97.5784753363
13,97.3094170404
14,99.7757847534
15,100.044843049
16,100.044843049
17,100.0
18,100.0
19,99.8206278027
20,100.089686099
21,100.0
22,100.0
23,99.865470852
24,100.089686099
25,100.044843049
26,100.089686099
