frequency,pdr
11,99.2825112108
12,95.7399103139
13,96.2780269058
14,99.8206278027
15,95.9192825112
16,100.0
17,99.9551569507
18,99.6860986547
19,99.9551569507
20,100.089686099
21,100.0
22,99.9551569507
23,100.0
24,100.0
25,100.089686099
26,100.0
