frequency,pdr
11,99.730941704
12,100.0
13,97.5784753363
14,99.9551569507
15,95.5605381166
16,100.0
17,100.044843049
18,100.044843049
19,100.044843049
20,100.044843049
21,100.134529148
22,99.865470852
23,99.730941704
24,100.0
25,99.9551569507
26,99.9551569507
