frequency,pdr
11,98.7892376682
12,99.9551569507
13,90.9865470852
14,99.1031390135
15,99.9551569507
16,97.9820627803
17,99.5067264574
18,100.0
19,100.179372197
20,100.0
21,99.5964125561
22,99.4170403587
23,99.3273542601
24,100.044843049
25,99.9551569507
26,99.1479820628
