frequency,pdr
11,96.5470852018
12,95.6502242152
13,96.6816143498
14,99.1928251121
15,100.089686099
16,100.0
17,100.044843049
18,100.044843049
19,100.0
20,100.089686099
21,99.9551569507
22,99.7757847534
23,95.8744394619
24,100.044843049
25,100.0
26,100.044843049
