frequency,pdr
11,99.2825112108
12,97.7130044843
13,99.9103139013
14,95.5605381166
15,96.4125560538
16,99.9103139013
17,99.9103139013
18,100.044843049
19,100.0
20,100.0
21,100.0
22,99.9103139013
23,99.4618834081
24,100.0
25,100.0
26,100.0
