frequency,pdr
11,98.7443946188
12,96.3228699552
13,98.0269058296
14,99.7757847534
15,100.044843049
16,100.0
17,99.9103139013
18,100.134529148
19,100.0
20,100.134529148
21,100.089686099
22,99.5067264574
23,99.2825112108
24,100.0
25,96.5470852018
26,100.044843049
