frequency,pdr
11,99.3721973094
12,96.5470852018
13,97.802690583
14,94.5291479821
15,100.044843049
16,100.0
17,100.134529148
18,100.0
19,100.089686099
20,100.134529148
21,99.9103139013
22,99.8206278027
23,99.8206278027
24,99.865470852
25,100.0
26,100.089686099
