frequency,pdr
11,99.0582959641
12,95.7847533632
13,93.0044843049
14,99.9551569507
15,99.6860986547
16,99.8206278027
17,100.0
18,100.089686099
19,100.0
20,99.8206278027
21,100.089686099
22,99.9551569507
23,99.5067264574
24,100.0
25,100.0
26,99.6412556054
