frequency,pdr
11,99.1928251121
12,97.8923766816
13,100.0
14,99.7757847534
15,95.1569506726
16,100.089686099
17,100.0
18,99.865470852
19,99.9103139013
20,100.0
21,99.9551569507
22,99.9551569507
23,100.0
24,100.269058296
25,100.089686099
26,100.134529148
