frequency,pdr
11,99.5515695067
12,97.668161435
13,95.1121076233
14,95.2914798206
15,100.0
16,100.089686099
17,99.9103139013
18,100.0
19,99.865470852
20,99.865470852
21,99.9551569507
22,100.044843049
23,99.730941704
24,99.9551569507
25,100.0
26,99.9551569507
