frequency,pdr
11,99.3721973094
12,98.1614349776
13,97.0852017937
14,99.865470852
15,96.7264573991
16,100.134529148
17,100.044843049
18,100.0
19,100.0
20,100.0
21,100.179372197
22,99.865470852
23,99.1479820628
24,100.0
25,100.0
26,100.0
