frequency,pdr
11,98.9237668161
12,95.2914798206
13,96.3677130045
14,94.3497757848
15,100.044843049
16,100.089686099
17,100.0
18,100.0
19,99.6412556054
20,100.0
21,100.224215247
22,99.8206278027
23,99.865470852
24,99.865470852
25,99.9551569507
26,100.044843049
