frequency,pdr
11,98.7892376682
12,94.3049327354
13,100.0
14,99.4618834081
15,100.134529148
16,100.044843049
17,100.0
18,100.0
19,99.9551569507
20,99.9103139013
21,100.0
22,99.9551569507
23,99.9103139013
24,100.0
25,99.9103139013
26,99.2825112108
