frequency,pdr
11,97.9820627803
12,95.6950672646
13,94.7533632287
14,99.9103139013
15,100.0
16,100.0
17,100.0
18,99.6860986547
19,100.0
20,100.0
21,100.0
22,99.730941704
23,99.9551569507
24,100.089686099
25,95.33632287
26,100.0
