frequency,pdr
11,99.5964125561
12,96.9058295964
13,97.5784753363
14,99.8206278027
15,94.7085201794
16,100.0
17,100.0
18,100.179372197
19,100.089686099
20,100.134529148
21,100.089686099
22,99.9103139013
23,98.7892376682
24,100.0
25,100.0
26,100.044843049
