frequency,pdr
11,99.3721973094
12,97.1748878924
13,95.5156950673
14,99.865470852
15,99.9551569507
16,98.8789237668
17,100.0
18,100.044843049
19,100.089686099
20,99.9551569507
21,99.9551569507
22,100.044843049
23,99.7757847534
24,100.0
25,100.0
26,100.044843049
