frequency,pdr
11,99.5067264574
12,97.6233183857
13,97.7130044843
14,99.730941704
15,96.0538116592
16,98.8789237668
17,100.0
18,100.089686099
19,100.179372197
20,100.0
21,100.0
22,99.9103139013
23,99.6412556054
24,99.9551569507
25,100.0
26,100.044843049
