frequency,pdr
11,100.089686099
12,100.0
13,97.7578475336
14,99.9103139013
15,100.0
16,99.865470852
17,100.044843049
18,100.0
19,100.134529148
20,100.089686099
21,99.6860986547
22,99.9103139013
23,99.8206278027
24,99.865470852
25,100.0
26,99.9551569507
