frequency,pdr
11,99.5964125561
12,99.5067264574
13,95.7847533632
14,99.865470852
15,95.0224215247
16,100.089686099
17,100.044843049
18,100.0
19,99.6412556054
20,100.089686099
21,100.0
22,99.6412556054
23,99.9103139013
24,100.0
25,100.0
26,100.0
