frequency,pdr
11,100.0
12,97.0403587444
13,99.865470852
14,99.9551569507
15,95.6502242152
16,100.134529148
17,100.134529148
18,99.9551569507
19,100.044843049
20,100.0
21,99.9103139013
22,99.9103139013
23,99.5515695067
24,100.224215247
25,100.044843049
26,100.0
