frequency,pdr
11,98.3856502242
12,100.0
13,91.2107623318
14,99.5964125561
15,100.0
16,99.9103139013
17,100.044843049
18,100.044843049
19,100.0
20,100.0
21,100.0
22,99.2376681614
23,96.7713004484
24,99.9103139013
25,91.3452914798
26,99.730941704
