frequency,pdr
11,99.6412556054
12,92.466367713
13,97.2197309417
14,99.865470852
15,100.179372197
16,100.0
17,99.7757847534
18,99.3273542601
19,100.0
20,100.0
21,99.5964125561
22,100.089686099
23,99.1928251121
24,100.179372197
25,100.0
26,100.0
