frequency,pdr
11,95.1569506726
12,95.2914798206
13,92.0179372197
14,92.735426009
15,99.9551569507
16,100.0
17,100.044843049
18,99.9551569507
19,100.089686099
20,100.0
21,100.0
22,99.9551569507
23,99.9103139013
24,100.0
25,100.0
26,98.9237668161
