frequency,pdr
11,99.5067264574
12,96.9058295964
13,94.2600896861
14,99.865470852
15,100.0
16,98.6547085202
17,99.8206278027
18,100.044843049
19,100.044843049
20,99.865470852
21,100.089686099
22,99.8206278027
23,99.9551569507
24,99.8206278027
25,100.134529148
26,100.0
