frequency,pdr
11,99.2825112108
12,97.4887892377
13,97.802690583
14,95.2914798206
15,100.0
16,100.0
17,99.865470852
18,100.0
19,100.0
20,100.044843049
21,100.044843049
22,100.044843049
23,100.089686099
24,100.044843049
25,100.0
26,100.044843049
