frequency,pdr
11,99.1928251121
12,98.0269058296
13,97.399103139
14,95.1121076233
15,100.134529148
16,98.9686098655
17,100.044843049
18,100.089686099
19,99.9551569507
20,99.7757847534
21,99.730941704
22,99.9551569507
23,99.9103139013
24,100.0
25,100.0
26,99.9551569507
