frequency,pdr
11,99.3273542601
12,97.2197309417
13,98.3408071749
14,99.865470852
15,96.9506726457
16,100.0
17,99.9103139013
18,100.134529148
19,100.089686099
20,99.9551569507
21,100.044843049
22,99.9103139013
23,100.044843049
24,100.044843049
25,100.0
26,100.0
