frequency,pdr
11,-57.8333333333
12,-55.0
13,-52.0
14,-53.5
15,-51.9
16,-55.8888888889
17,-58.0
18,-54.8
19,-57.2
20,-55.1
21,-55.1
22,-59.0
23,-68.6
24,-73.2
25,-67.0
26,-64.0
