frequency,pdr
11,-56.8571428571
12,-58.0
13,-60.6666666667
14,-58.0
15,-62.3
16,-64.1428571429
17,-58.5
18,-57.4
19,-57.6
20,-58.0
21,-63.7
22,-62.9
23,-62.2
24,-66.1
25,-58.3
26,-56.2
