frequency,pdr
11,-66.5555555556
12,-59.0
13,-58.0
14,-59.0
15,-63.7
16,-62.7142857143
17,-63.0
18,-64.0
19,-67.0
20,-66.0
21,-61.0
22,-61.0
23,-61.0
24,-63.3
25,-72.3
26,-67.0
