frequency,pdr
11,-63.0
12,-67.0
13,-63.7777777778
14,-60.75
15,-58.0
16,-55.1111111111
17,-64.5
18,-78.3
19,-76.3
20,-70.0
21,-68.1
22,-61.0
23,-62.4
24,-61.0
25,-63.8
26,-72.5
