frequency,pdr
11,-50.5555555556
12,-53.8
13,-56.0
14,-57.1111111111
15,-55.0
16,-57.0
17,-59.8
18,-76.3333333333
19,-55.5
20,-52.0
21,-49.5
22,-54.5
23,-63.1
24,-58.0
25,-58.2
26,-51.8
