frequency,pdr
11,-58.8333333333
12,-57.9
13,-61.0
14,-70.0
15,-61.0
16,-57.2
17,-56.9090909091
18,-55.1
19,-55.0
20,-55.3
21,-62.8
22,-70.0
23,-64.0
24,-60.7
25,-55.0
26,-55.0
