frequency,pdr
11,-52.3
12,-52.0
13,-54.3
14,-55.0
15,-55.0
16,-58.4285714286
17,-66.3
18,-64.8888888889
19,-61.2
20,-63.5
21,-61.3
22,-58.0
23,-59.1
24,-58.0
25,-55.0
26,-55.0
