frequency,pdr
11,-68.0
12,-61.4
13,-68.125
14,-63.4
15,-60.9
16,-60.8571428571
17,-58.0
18,-57.6666666667
19,-61.0
20,-61.0
21,-66.0
22,-65.8
23,-61.0
24,-64.1
25,-58.1
26,-57.8
