frequency,pdr
11,-61.0
12,-60.8888888889
13,-61.0
14,-61.0
15,-66.9
16,-68.4285714286
17,-67.0
18,-68.4444444444
19,-70.0
20,-67.0
21,-63.6
22,-58.6
23,-60.0
24,-58.5
25,-60.7
26,-66.8
