frequency,pdr
11,-76.0
12,-76.0
13,-75.0
14,-75.875
15,-79.0
16,-85.7
17,-88.8571428571
18,-88.8888888889
19,-90.3
23,-91.0
24,-88.5555555556
25,-88.0
26,-91.0
