frequency,pdr
11,-87.4444444444
12,-87.7
13,-86.4
14,-86.1
15,-89.1
16,-90.0
17,-82.7
18,-81.8
19,-82.9
20,-88.0
21,-91.0
22,-89.4444444444
23,-89.0
24,-86.2
25,-85.0
26,-82.0
