frequency,pdr
11,-88.625
12,-88.4444444444
13,-91.0
14,-89.6666666667
15,-89.7
16,-91.0
17,-91.0
19,-89.875
20,-87.0
21,-89.875
22,-88.125
23,-86.0
24,-85.7142857143
25,-85.0
26,-86.0
