frequency,pdr
11,-82.0
12,-79.8
13,-80.1
14,-87.1818181818
15,-91.0
16,-87.0
17,-90.7
18,-91.0
19,-91.0
20,-89.7
21,-88.1
22,-83.1111111111
23,-82.7
24,-84.1
25,-85.0
26,-87.9
