frequency,pdr
11,-79.0
12,-79.0
13,-77.7777777778
14,-79.0
15,-79.0
16,-80.4444444444
17,-88.0
18,-85.75
19,-88.5
20,-91.0
21,-90.5555555556
22,-87.0
23,-90.8
24,-88.625
25,-88.7
26,-87.1
