frequency,pdr
11,-43.0
12,-44.0
13,-46.0
14,-48.9
15,-49.0
16,-61.1111111111
17,-55.0
18,-49.0
19,-47.9
20,-48.3636363636
21,-46.0
22,-43.0
23,-43.0
24,-45.9
25,-47.0
26,-49.0
