frequency,pdr
11,-55.0
12,-57.8888888889
13,-58.1
14,-60.4444444444
15,-62.5
16,-67.0
17,-81.125
18,-66.8333333333
19,-61.1
20,-58.0
21,-62.5
22,-67.0
23,-62.6
24,-58.0
25,-55.0
26,-55.0
