frequency,pdr
11,-61.875
12,-67.0
13,-64.0
14,-62.6666666667
15,-64.0
16,-62.3333333333
17,-68.0
18,-67.0
19,-64.8
20,-67.0
21,-63.4
22,-55.0
23,-55.0
24,-59.0
25,-58.0
26,-62.2
