frequency,pdr
11,-70.0
12,-73.7777777778
13,-81.7
14,-91.0
15,-82.3
16,-71.1111111111
17,-71.6666666667
18,-73.0
19,-70.0
20,-71.0
21,-72.9
22,-76.1
23,-79.0
24,-80.8
25,-77.6
26,-73.0
