frequency,pdr
11,-57.25
12,-58.0
13,-55.2
14,-54.9
15,-55.0
16,-63.1111111111
17,-66.8888888889
18,-61.0
19,-59.8
20,-64.0
21,-79.0
22,-75.1
23,-67.0
24,-67.0
25,-64.0
26,-62.0
