frequency,pdr
11,-64.125
12,-71.6666666667
13,-75.5555555556
14,-66.9
15,-58.1
16,-55.0
17,-55.8
18,-61.0
19,-61.0
20,-66.7
21,-71.1
22,-62.0
23,-62.0
24,-71.5
25,-72.1
26,-67.5
