frequency,pdr
11,-73.0
12,-77.0
13,-81.9
14,-67.5
15,-66.1
16,-69.4
17,-80.0
18,-78.8333333333
19,-76.8888888889
20,-75.6
21,-69.9
22,-64.4
23,-66.3
24,-67.7
25,-70.6
26,-70.0
