frequency,pdr
11,-52.1
12,-50.6666666667
13,-47.4
14,-51.6666666667
15,-54.7
16,-46.0
17,-45.2
18,-50.8
19,-55.6666666667
20,-49.9
21,-50.5
22,-48.7
23,-46.0
24,-48.7
25,-58.4
26,-52.1
