frequency,pdr
11,-59.75
12,-63.3333333333
13,-66.6
14,-63.8
15,-64.0
16,-67.0
17,-64.0
18,-72.1428571429
19,-75.6666666667
20,-67.0
21,-67.0
22,-58.0
23,-55.6
24,-58.0
25,-55.0
26,-56.5
