frequency,pdr
11,-54.2
12,-52.0
13,-54.8
14,-59.4
15,-62.6666666667
16,-64.0
17,-62.5
18,-59.4285714286
19,-60.9
20,-60.9
21,-75.0
22,-70.0
23,-67.0
24,-67.0
25,-58.9
26,-55.0
