frequency,pdr
11,-52.0
12,-54.625
13,-58.0
14,-60.5555555556
15,-63.3
16,-65.4444444444
17,-57.6
18,-55.2
19,-52.8
20,-52.0
21,-52.0
22,-57.1
23,-55.0
24,-53.3
25,-55.0
26,-52.8
