frequency,pdr
11,-66.25
12,-67.0
13,-67.0
14,-61.0
15,-62.9
16,-67.0
17,-66.7777777778
18,-64.1666666667
19,-60.9
20,-58.0
21,-59.5
22,-61.0
23,-61.0
24,-67.2
25,-74.5
26,-75.8
