frequency,pdr
11,-67.1
12,-67.0
13,-67.0
14,-67.1
15,-72.4
16,-83.1
17,-75.3333333333
18,-71.8571428571
19,-70.0
20,-67.0
21,-74.9
22,-69.0
23,-67.0
24,-65.7
25,-65.6
26,-64.7
