frequency,pdr
11,-56.5
12,-58.0
13,-63.0
14,-64.5555555556
15,-71.1
16,-75.5555555556
17,-66.9
18,-64.0
19,-64.0
20,-61.0
21,-63.6
22,-63.6
23,-62.3
24,-67.0
25,-61.0
26,-61.0
