frequency,pdr
11,-85.2222222222
12,-82.2222222222
13,-82.0
14,-82.0
15,-85.1
16,-88.9
17,-86.0
18,-83.7
19,-81.3
20,-81.0
21,-82.0
22,-82.3
23,-86.0
24,-82.0
25,-81.9
26,-80.3
