frequency,pdr
11,-89.4545454545
12,-86.5555555556
13,-88.6666666667
14,-90.7272727273
15,-91.0
16,-91.0
17,-91.0
23,-91.0
24,-91.0
25,-91.0
26,-91.0
