frequency,pdr
11,-89.8333333333
12,-85.8888888889
13,-85.0
14,-84.1
15,-85.6
16,-91.0
17,-90.6
18,-91.0
19,-91.0
21,-91.0
23,-90.7777777778
24,-91.0
25,-91.0
