frequency,pdr
11,-72.9
12,-77.8888888889
13,-87.875
14,-91.0
15,-85.1
16,-87.0
17,-81.8571428571
18,-81.9
19,-80.7
20,-89.875
21,-79.2222222222
22,-73.6666666667
23,-72.0
24,-73.0
25,-74.0
26,-76.1
