frequency,pdr
11,-73.5
12,-80.3333333333
13,-70.1
14,-69.9
15,-73.0
16,-67.9
17,-67.0
18,-68.4
19,-67.7
20,-67.0
21,-66.1
22,-69.6666666667
23,-69.5
24,-70.0
25,-73.0
26,-79.0
