frequency,pdr
11,-82.0
12,-83.25
13,-84.0
14,-85.1428571429
15,-88.9
16,-88.0
17,-85.2222222222
18,-85.8888888889
19,-86.0
20,-86.4
21,-86.3
22,-85.7777777778
23,-85.8888888889
24,-85.9
25,-87.2
26,-89.0
