frequency,pdr
11,-90.3333333333
12,-89.6
13,-90.9
14,-90.8
15,-91.0
16,-89.9
17,-88.7
18,-88.0
19,-88.1
20,-87.2
21,-87.0
22,-86.6666666667
23,-87.1111111111
24,-87.8
25,-88.3
26,-90.0
