frequency,pdr
11,-82.3
12,-81.1111111111
13,-82.5
14,-88.9
15,-90.8
16,-89.0
17,-89.0
18,-88.8
19,-90.1
20,-90.1
21,-90.4444444444
23,-90.8888888889
24,-90.6
25,-91.0
26,-91.0
