frequency,pdr
11,-89.3333333333
12,-90.5
13,-91.0
14,-90.1
15,-85.0
16,-82.0
17,-81.1
18,-80.9
19,-80.3
20,-80.0
21,-81.0
22,-83.2222222222
23,-88.2222222222
24,-90.2
25,-89.1
26,-89.1
