frequency,pdr
11,-89.8333333333
12,-90.1666666667
13,-91.0
14,-91.0
15,-91.0
16,-90.6
17,-86.5
18,-85.7
19,-85.8
20,-85.0
21,-85.75
22,-85.1111111111
23,-85.0
24,-85.5555555556
25,-85.6
26,-86.1
