frequency,pdr
11,-57.9
12,-60.5555555556
13,-52.0
14,-55.0
15,-53.0
16,-62.7
17,-55.0
18,-53.7
19,-62.1818181818
20,-53.9
21,-53.0
22,-50.4
23,-55.0
24,-55.0
25,-61.6
26,-67.0
