frequency,pdr
11,-65.3333333333
12,-62.1
13,-57.7
14,-62.1
15,-52.0
16,-64.9
17,-70.5
18,-67.0
19,-67.6
20,-61.6
21,-68.4
22,-68.0
23,-71.7777777778
24,-67.2
25,-69.0
26,-60.8
