frequency,pdr
11,-67.7777777778
12,-55.3333333333
13,-49.7
14,-56.0
15,-52.0
16,-46.0
17,-46.0
18,-47.9
19,-52.0
20,-56.0
21,-61.1
22,-55.6
23,-58.0
24,-59.5
25,-56.7
26,-59.0
