frequency,pdr
11,-69.6
12,-67.1111111111
13,-63.9
14,-78.7777777778
15,-64.9
16,-58.3
17,-60.4
18,-60.5
19,-55.0
20,-55.9
21,-69.9090909091
22,-66.9
23,-63.6
24,-64.4
25,-63.6
26,-67.0
