frequency,pdr
11,-49.0
12,-47.5
13,-52.0909090909
14,-61.8888888889
15,-54.5
16,-52.0
17,-56.9
18,-57.2
19,-57.5
20,-61.0
21,-55.0
22,-61.0
23,-58.2
24,-55.0
25,-58.0
26,-55.0
