frequency,pdr
11,-55.0
12,-47.8
13,-49.1
14,-70.5555555556
15,-61.3
16,-55.5
17,-55.0
18,-51.0
19,-52.8181818182
20,-47.9
21,-51.8
22,-66.7
23,-58.0
24,-55.0
25,-52.0
26,-55.0
