frequency,pdr
11,-67.7777777778
12,-59.4444444444
13,-62.4
14,-65.1
15,-53.1
16,-56.1
17,-51.0
18,-59.8
19,-48.0
20,-49.0
21,-63.0
22,-62.5
23,-52.0
24,-61.0
25,-55.0
26,-56.3
