frequency,pdr
11,-90.1111111111
12,-91.0
13,-89.0
14,-89.7142857143
15,-89.4
16,-91.0
19,-91.0
20,-91.0
21,-91.0
23,-90.1111111111
24,-91.0
25,-91.0
26,-91.0
