frequency,pdr
11,-87.25
12,-84.7777777778
13,-79.2222222222
14,-79.25
15,-79.0
16,-77.4
17,-77.5
18,-79.2
19,-82.8
20,-87.7
21,-91.0
22,-87.4
23,-84.8
24,-86.3
25,-87.7
26,-83.5
