frequency,pdr
11,-90.1666666667
12,-88.8888888889
13,-90.375
14,-89.0
15,-88.9
16,-91.0
17,-91.0
18,-91.0
19,-91.0
20,-88.8
21,-90.9
23,-91.0
24,-91.0
25,-91.0
26,-91.0
