frequency,pdr
11,-73.0
12,-73.0
13,-74.4444444444
14,-79.0
15,-83.0
16,-83.2
17,-79.0
18,-76.0
19,-73.0
20,-73.0
21,-73.0
22,-74.3636363636
23,-73.0
24,-73.0
25,-71.8
26,-72.5
