frequency,pdr
11,-79.4444444444
12,-79.0
13,-79.0
14,-81.2222222222
15,-86.0
16,-87.0
17,-88.0
18,-88.8
19,-85.0
20,-82.6
21,-82.0
22,-83.5555555556
23,-85.4
24,-87.0
25,-85.0
26,-84.8
