frequency,pdr
11,-91.0
12,-86.5555555556
13,-84.8571428571
14,-85.2857142857
15,-88.0
16,-91.0
17,-91.0
18,-91.0
19,-88.0
20,-88.8
21,-87.0
22,-89.0
23,-91.0
24,-86.9
25,-85.0
26,-88.0
