frequency,pdr
11,-90.1111111111
12,-91.0
13,-89.5714285714
14,-89.3333333333
15,-91.0
17,-91.0
18,-91.0
19,-89.7
20,-89.6
21,-90.5
22,-90.0
23,-88.1111111111
24,-88.5
25,-90.1
26,-91.0
