frequency,pdr
11,-74.7777777778
12,-73.0
13,-76.0
14,-82.625
15,-77.1
16,-74.7
17,-74.4
18,-77.9
19,-84.0
21,-90.2
22,-84.8333333333
23,-87.0
25,-90.9
26,-85.0
