frequency,pdr
11,-81.7
12,-82.5555555556
13,-85.0
14,-89.6
15,-91.0
16,-91.0
17,-91.0
18,-90.3
19,-90.0
20,-87.9
21,-85.0
22,-85.3
23,-89.2222222222
24,-91.0
25,-90.3
26,-90.0
