frequency,pdr
11,-78.4444444444
12,-76.6666666667
13,-76.7142857143
14,-76.0
15,-76.0
16,-77.3
17,-79.0
18,-79.3
19,-83.5
20,-90.9
21,-91.0
22,-85.0
23,-82.0
24,-81.1
25,-82.0
26,-82.0
