frequency,pdr
11,-55.0
12,-57.4
13,-61.1111111111
14,-57.7777777778
15,-46.0
16,-46.6
17,-46.0
18,-47.3
19,-53.5
20,-51.6
21,-54.7
22,-47.6
23,-55.7
24,-49.0
25,-46.3
26,-50.1
