frequency,pdr
11,-46.0
12,-48.4
13,-48.3
14,-61.4444444444
15,-49.0
16,-49.9
17,-52.0
18,-58.0
19,-54.5
20,-52.6
21,-63.7
22,-55.9
23,-55.0
24,-69.1818181818
25,-53.2
26,-52.0
