frequency,pdr
11,-59.0
12,-66.8888888889
13,-59.3
14,-71.7777777778
15,-65.1
16,-58.0
17,-61.5
18,-64.0
19,-63.1
20,-66.7
21,-63.2
22,-67.2
23,-69.5
24,-66.2
25,-68.7
26,-67.0
