frequency,pdr
11,-46.0
12,-48.9
13,-46.2
14,-49.4444444444
15,-49.0
16,-52.0
17,-52.0
18,-46.0
19,-60.4444444444
20,-48.0
21,-49.0
22,-47.0
23,-43.1
24,-45.9
25,-52.0
26,-50.6
