frequency,pdr
11,-59.7
12,-64.0
13,-71.8
14,-68.1111111111
15,-69.7
16,-62.1
17,-63.9
18,-80.0
19,-67.0
20,-67.7
21,-71.1
22,-74.3333333333
23,-67.0
24,-73.0
25,-65.5
26,-68.1
