frequency,pdr
11,-48.0
12,-51.9
13,-55.1
14,-55.2222222222
15,-44.6
16,-47.0
17,-46.0
18,-51.4
19,-56.1
20,-52.2
21,-70.0
22,-60.2
23,-58.9
24,-55.1
25,-65.1111111111
26,-56.7
