frequency,pdr
11,-55.0
12,-57.5555555556
13,-58.6666666667
14,-55.4
15,-55.4
16,-67.0
17,-60.7
18,-55.0
19,-66.6
20,-68.5
21,-67.0
22,-58.8
23,-55.0
24,-55.0
25,-63.5555555556
26,-60.8
