frequency,pdr
11,-50.0
12,-54.2222222222
13,-55.0
14,-65.7777777778
15,-66.3
16,-70.4
17,-55.3
18,-64.2
19,-54.0
20,-55.8
21,-63.3
22,-56.0
23,-55.1
24,-58.9
25,-52.0
26,-59.1
