frequency,pdr
11,-69.5
12,-66.7777777778
13,-68.8888888889
14,-64.0
15,-57.7
16,-66.8
17,-64.0
18,-74.8
19,-65.9
20,-68.0
21,-63.3
22,-72.8181818182
23,-62.8
24,-61.0
25,-61.0
26,-64.7
