frequency,pdr
11,-53.3
12,-67.1111111111
13,-66.8
14,-66.1111111111
15,-63.5
16,-53.7
17,-52.0
18,-60.9
19,-61.0
20,-63.8
21,-61.2
22,-50.2
23,-53.4
24,-56.9
25,-50.7
26,-65.6
