frequency,pdr
11,-55.1
12,-66.8
13,-75.2222222222
14,-66.4444444444
15,-55.6
16,-58.6
17,-62.0
18,-66.7
19,-67.0
20,-80.5
21,-70.9
22,-69.9
23,-68.2
24,-79.0
25,-76.3333333333
26,-67.0
