frequency,pdr
11,-55.1
12,-63.8888888889
13,-44.9
14,-50.3333333333
15,-43.2
16,-54.9
17,-52.4
18,-50.8
19,-53.3
20,-50.1
21,-52.6
22,-53.7
23,-47.3
24,-55.0
25,-50.5
26,-46.0
