frequency,pdr
11,-46.6
12,-48.7777777778
13,-44.8
14,-46.8888888889
15,-51.0
16,-50.0
17,-46.0
18,-49.0
19,-54.9
20,-51.5
21,-49.0
22,-46.0
23,-46.0
24,-48.8
25,-48.9
26,-48.8
