frequency,pdr
11,-52.4
12,-51.8
13,-50.3
14,-51.5555555556
15,-50.3
16,-46.0
17,-49.0
18,-46.8
19,-57.2
20,-57.1
21,-55.0
22,-55.0
23,-55.7
24,-56.6
25,-59.5555555556
26,-52.0
