frequency,pdr
11,-55.2
12,-54.2
13,-55.0
14,-56.2222222222
15,-58.9
16,-56.7
17,-55.0
18,-55.0
19,-55.0
20,-56.7
21,-46.9
22,-52.0
23,-49.0
24,-54.9
25,-56.8888888889
26,-58.4
