frequency,pdr
11,-58.0
12,-53.8
13,-63.3333333333
14,-59.1
15,-66.1
16,-56.7
17,-76.6
18,-59.1
19,-58.0
20,-49.0
21,-49.0
22,-49.0
23,-52.0
24,-52.0
25,-59.4444444444
26,-49.0
