frequency,pdr
11,-59.6
12,-72.8888888889
13,-67.0
14,-67.3333333333
15,-65.9
16,-70.0
17,-63.2
18,-67.0
19,-67.0
20,-63.1
21,-67.0
22,-66.0
23,-61.0
24,-67.0
25,-62.1111111111
26,-61.1
