frequency,pdr
11,-57.7
12,-69.2222222222
13,-67.1111111111
14,-68.0
15,-60.6
16,-62.8
17,-64.0
18,-73.2
19,-66.9
20,-61.0
21,-61.0
22,-58.0
23,-60.9
24,-71.5454545455
25,-66.9
26,-66.7
