frequency,pdr
11,-62.0
12,-55.0
13,-59.4444444444
14,-55.0
15,-63.9
16,-61.1
17,-61.1
18,-58.0
19,-74.0
20,-61.9
21,-59.9
22,-55.3
23,-55.6
24,-61.0
25,-63.6666666667
26,-66.3
