frequency,pdr
11,-45.0
12,-50.2
13,-53.0
14,-48.4444444444
15,-50.0
16,-51.4
17,-48.6
18,-46.0
19,-46.7
20,-49.0
21,-52.0
22,-46.0
23,-58.0
24,-50.2
25,-48.7777777778
26,-51.1
