frequency,pdr
11,-68.4
12,-58.4
13,-55.0
14,-57.7777777778
15,-60.8
16,-61.5
17,-58.0
18,-71.8
19,-66.1
20,-53.9
21,-55.0
22,-58.0
23,-68.5
24,-71.1
25,-70.3333333333
26,-63.7
