frequency,pdr
11,-49.0
12,-49.0
13,-49.5555555556
14,-51.5555555556
15,-50.3
16,-50.8
17,-49.2
18,-46.0
19,-59.5
20,-47.9
21,-57.9
22,-55.5
23,-49.7
24,-46.0
25,-63.8888888889
26,-49.0
