frequency,pdr
11,-52.2
12,-51.5
13,-54.9
14,-49.8888888889
15,-50.5
16,-61.1
17,-63.5
18,-57.6
19,-57.7
20,-66.8
21,-46.7
22,-54.1
23,-55.0
24,-52.0
25,-52.2222222222
26,-55.0
