frequency,pdr
11,-50.9
12,-55.1
13,-64.7777777778
14,-65.4444444444
15,-55.0
16,-53.0
17,-49.0
18,-56.4
19,-49.0
20,-55.0
21,-55.0
22,-57.4
23,-49.0
24,-53.9
25,-55.0
26,-45.9
