frequency,pdr
11,-61.7
12,-60.4
13,-62.5555555556
14,-57.5555555556
15,-55.0
16,-55.0
17,-54.5
18,-55.0
19,-55.0
20,-55.0
21,-55.0
22,-60.7
23,-60.2
24,-55.0
25,-65.2222222222
26,-56.3
