frequency,pdr
11,-55.2
12,-54.0
13,-54.4444444444
14,-66.5555555556
15,-49.0
16,-52.7
17,-50.3
18,-52.0
19,-54.4
20,-53.9
21,-56.6
22,-59.6
23,-57.2
24,-55.3
25,-49.4
26,-45.4
