frequency,pdr
11,-53.7
12,-55.0
13,-52.1111111111
14,-52.0
15,-63.4
16,-51.3
17,-52.0
18,-63.7
19,-58.6
20,-56.4
21,-51.8
22,-56.5
23,-60.3
24,-52.0
25,-52.4444444444
26,-61.1
