frequency,pdr
11,-54.9
12,-55.0
13,-61.7777777778
14,-60.0
15,-55.8
16,-56.4
17,-61.0
18,-67.5
19,-56.5
20,-65.0
21,-66.7
22,-59.2
23,-62.1
24,-63.4
25,-56.3333333333
26,-72.5
