frequency,pdr
11,-55.0
12,-60.6
13,-59.1111111111
14,-64.8888888889
15,-55.6
16,-61.2
17,-70.0
18,-58.5
19,-58.0
20,-56.7
21,-55.3
22,-66.4
23,-66.6
24,-60.3
25,-63.0
26,-66.0
