frequency,pdr
11,-54.3
12,-56.8888888889
13,-54.6666666667
14,-49.6666666667
15,-46.0
16,-59.8
17,-49.0
18,-55.3
19,-52.9
20,-58.1
21,-49.7
22,-49.4
23,-44.1
24,-47.2
25,-50.3
26,-46.0
