frequency,pdr
11,-52.0
12,-63.7777777778
13,-57.9
14,-61.4444444444
15,-57.3
16,-55.0
17,-48.7
18,-55.0
19,-52.9
20,-49.2
21,-52.8
22,-51.1
23,-52.8
24,-52.0
25,-48.9
26,-46.0
