frequency,pdr
11,-49.6
12,-56.4444444444
13,-62.3333333333
14,-56.3
15,-55.0
16,-48.9
17,-54.8
18,-55.0
19,-52.0
20,-55.0
21,-54.6
22,-55.0
23,-49.0
24,-52.0
25,-51.9
26,-49.3
