frequency,pdr
11,-64.4
12,-61.0
13,-61.4444444444
14,-60.1
15,-67.7
16,-61.0
17,-67.0
18,-69.6
19,-61.0
20,-58.2
21,-63.7
22,-61.0
23,-69.1
24,-69.7
25,-69.4444444444
26,-63.6
