frequency,pdr
11,-56.5
12,-63.3333333333
13,-58.0
14,-58.0
15,-55.0
16,-58.2
17,-55.7
18,-65.2
19,-55.0
20,-58.0
21,-64.0
22,-63.1818181818
23,-58.0
24,-59.3
25,-59.9
26,-70.625
