frequency,pdr
11,-43.0
12,-43.1
13,-43.0
14,-43.0
15,-43.0
16,-45.4
17,-51.7
18,-47.7
19,-46.0
20,-44.3
21,-44.0
22,-57.2
23,-55.7
24,-52.5454545455
25,-54.3333333333
26,-49.7
