frequency,pdr
11,-75.8
12,-59.0
13,-51.9
14,-60.3333333333
15,-69.4
16,-63.3
17,-58.0
18,-64.0
19,-67.0
20,-64.0
21,-70.4
22,-68.6
23,-64.0
24,-59.9
25,-65.2222222222
26,-63.0
