frequency,pdr
11,-62.7
12,-67.3333333333
13,-63.8
14,-59.2222222222
15,-61.8
16,-73.3
17,-67.6
18,-55.0
19,-55.0
20,-57.4
21,-66.5
22,-58.5
23,-63.0
24,-66.0
25,-64.0
26,-73.0
