frequency,pdr
11,-49.3636363636
12,-49.7
13,-56.1111111111
14,-53.9
15,-46.1
16,-47.3
17,-48.2
18,-66.3
19,-55.0
20,-45.4
21,-49.0
22,-55.0
23,-49.0
24,-52.0
25,-48.2
26,-51.8
