frequency,pdr
11,-72.8
12,-74.2
13,-78.8
14,-90.6666666667
15,-79.0
16,-73.0
17,-72.625
18,-72.3333333333
19,-73.3
20,-76.0
21,-78.0
22,-78.25
23,-77.1
24,-73.0
25,-71.0
26,-73.0
