frequency,pdr
11,-82.3
12,-82.8
13,-84.0
14,-83.9
15,-83.1
16,-82.0
17,-80.8888888889
18,-81.0
19,-82.0
20,-82.2
21,-82.0
22,-82.3333333333
23,-84.8888888889
24,-87.1
25,-87.9
26,-86.0
