frequency,pdr
11,-81.4
12,-87.5
13,-90.8571428571
14,-90.0
15,-85.6
16,-89.3333333333
17,-87.0
18,-82.4444444444
19,-83.5714285714
20,-84.5
21,-80.8
22,-77.2222222222
23,-76.0
24,-75.3
25,-74.7
26,-74.4
