frequency,pdr
11,-86.6
12,-87.7
13,-88.4
14,-89.1
15,-91.0
16,-91.0
17,-89.3333333333
18,-91.0
19,-90.7777777778
20,-91.0
21,-91.0
22,-90.0
23,-91.0
24,-91.0
25,-91.0
