frequency,pdr
11,-79.0
12,-80.0
13,-74.7
14,-75.0
15,-78.9
16,-76.0
17,-76.0
18,-77.875
19,-79.8571428571
20,-84.8
21,-89.8888888889
23,-82.0
24,-79.0
25,-79.0
26,-79.0
