frequency,pdr
11,-85.0
12,-83.4444444444
13,-87.0
14,-84.4
15,-82.4
16,-84.7
17,-88.2222222222
18,-90.375
19,-89.4
20,-89.0
21,-90.2
23,-83.0
24,-82.0
25,-82.0
26,-83.2
