frequency,pdr
11,-85.5
12,-85.3
13,-84.1
14,-83.8
15,-85.6
16,-84.1
17,-82.0
18,-83.0
19,-85.0
20,-85.6
21,-84.7777777778
22,-85.1428571429
23,-88.0
24,-91.0
25,-91.0
