frequency,pdr
11,-91.0
12,-91.0
13,-91.0
14,-89.9
15,-89.7
16,-89.7
17,-89.7777777778
18,-89.3
19,-88.6
20,-88.9
21,-90.1
23,-90.6666666667
24,-91.0
25,-91.0
26,-91.0
