frequency,pdr
11,-85.0
12,-86.6
13,-86.9
14,-86.9
15,-85.0
16,-82.1
17,-81.9
18,-82.0
19,-81.5
20,-79.0
21,-77.2222222222
22,-77.1428571429
23,-76.0
24,-75.9
25,-71.9
26,-70.3
