frequency,pdr
11,-90.3
12,-88.5
13,-86.0
14,-88.0
15,-90.7
16,-88.4
17,-88.7
18,-90.9
19,-87.9
20,-86.2
21,-85.5714285714
22,-84.1428571429
23,-84.0
24,-82.0
25,-79.0
26,-79.0
