frequency,pdr
11,-82.4
12,-81.2857142857
13,-79.4444444444
14,-79.1
15,-77.9
16,-76.0
17,-74.8
18,-75.6
19,-76.0
20,-78.1
21,-79.0
22,-78.75
23,-77.4444444444
24,-76.0
25,-76.0
26,-73.7
