frequency,pdr
11,-85.125
12,-84.8888888889
13,-83.4
14,-82.0
15,-81.9
16,-82.0
17,-81.9
18,-82.2222222222
19,-83.6363636364
20,-84.7
21,-86.8
23,-85.0
24,-84.4
25,-84.6
26,-85.0
