frequency,pdr
11,-88.8
12,-87.9
13,-90.1
14,-90.8
15,-90.3
16,-89.0
17,-90.9
21,-91.0
22,-88.125
23,-88.3333333333
24,-87.6666666667
25,-88.0
26,-90.9
