frequency,pdr
11,-90.75
12,-90.0
13,-87.0
14,-89.0
15,-88.0
16,-88.8
17,-91.0
18,-89.0
19,-86.2
20,-83.0
21,-82.0
22,-82.2857142857
23,-83.6666666667
24,-84.0
25,-82.0
26,-82.0
