frequency,pdr
11,-79.0
12,-79.2
13,-79.1
14,-80.0
15,-81.0
16,-82.0
17,-83.9
18,-83.9
19,-83.5
20,-85.7
21,-87.8
22,-85.8333333333
23,-84.1428571429
24,-82.9
25,-82.0
26,-82.0
