frequency,pdr
11,-81.7
12,-85.2222222222
13,-89.5
14,-90.4
15,-90.8
16,-91.0
17,-91.0
18,-91.0
19,-90.2
20,-89.0
21,-87.3333333333
22,-86.2222222222
23,-86.4285714286
24,-87.4
25,-87.6
26,-89.4
