frequency,pdr
11,-82.0
12,-82.4444444444
13,-82.2222222222
14,-81.9
15,-81.8
16,-81.9
17,-83.5
18,-85.0
19,-85.7
20,-86.0
21,-87.5
22,-87.6666666667
23,-88.375
24,-87.2
25,-86.6
26,-87.0
