frequency,pdr
11,-90.0
12,-88.1428571429
13,-87.0
14,-86.5
15,-86.7
16,-86.7
17,-86.0
18,-84.8888888889
19,-85.1
20,-85.6
21,-86.3
23,-90.6666666667
24,-89.6
25,-89.1
26,-88.3
