frequency,pdr
11,-89.4444444444
12,-88.4
13,-88.0
14,-88.0
15,-87.0
16,-85.1111111111
17,-84.9
18,-83.1
19,-82.4
20,-83.7
21,-84.5
22,-83.2
23,-82.0
24,-82.0
25,-82.0
26,-82.0
