frequency,pdr
11,-65.8
12,-55.0
13,-57.7
14,-56.7
15,-55.2
16,-65.6
17,-49.3
18,-51.5
19,-51.8
20,-52.1
21,-55.6
22,-53.9
23,-61.6
24,-54.9
25,-53.5555555556
26,-67.7777777778
