frequency,pdr
11,-58.0
12,-58.3333333333
13,-59.2
14,-61.3
15,-74.0
16,-78.7
17,-62.0
18,-63.5
19,-67.0
20,-71.1
21,-69.2
22,-70.625
23,-74.8888888889
24,-70.7
25,-70.0
26,-73.9
