frequency,pdr
11,-66.0
12,-65.4444444444
13,-66.1111111111
14,-68.3
15,-60.9
16,-58.9
17,-72.5
18,-74.6
19,-72.3
20,-61.0
21,-77.7
22,-59.9
23,-69.1
24,-64.7
25,-65.3333333333
26,-74.7
