frequency,pdr
11,-59.7
12,-71.7777777778
13,-67.4444444444
14,-55.0
15,-52.5
16,-55.8
17,-52.0
18,-51.7
19,-56.9
20,-67.8
21,-58.6
22,-54.8
23,-61.1
24,-55.0
25,-62.7777777778
26,-59.4
