frequency,pdr
11,-52.4
12,-56.6666666667
13,-55.0
14,-54.5
15,-59.1
16,-67.3
17,-55.0
18,-57.5
19,-54.7
20,-60.6
21,-54.9
22,-55.1
23,-56.8
24,-68.8
25,-56.6666666667
26,-57.8
