frequency,pdr
11,-49.0
12,-51.3333333333
13,-68.625
14,-56.6
15,-52.8
16,-72.8888888889
17,-54.6
18,-52.0
19,-53.1
20,-53.0
21,-54.1
22,-52.0
23,-58.9
24,-57.9
25,-58.5
26,-56.9
