frequency,pdr
11,-66.9
12,-70.8888888889
13,-64.4
14,-60.7
15,-67.0
16,-58.0
17,-59.9
18,-60.0
19,-58.0
20,-67.0
21,-65.6
22,-63.0
23,-58.1
24,-64.8
25,-65.5555555556
26,-66.9
