frequency,pdr
11,-47.1
12,-49.0
13,-67.6666666667
14,-59.7
15,-55.0
16,-60.7
17,-65.7
18,-55.0
19,-59.6
20,-61.0
21,-60.3
22,-67.7
23,-56.0
24,-64.6
25,-61.1111111111
26,-60.8
