frequency,pdr
11,-65.8888888889
12,-58.8
13,-59.7777777778
14,-67.3
15,-55.2
16,-55.9
17,-57.7
18,-58.0
19,-66.6
20,-68.3
21,-55.6
22,-54.0
23,-50.4
24,-52.2
25,-67.0
26,-59.0
