frequency,pdr
11,-50.8
12,-53.1111111111
13,-57.1
14,-58.0
15,-58.2
16,-63.3
17,-60.1
18,-61.0
19,-62.3
20,-55.0
21,-49.0
22,-55.0
23,-57.4
24,-60.8
25,-61.3333333333
26,-67.1
