frequency,pdr
11,-65.4
12,-72.2222222222
13,-71.8888888889
14,-64.0
15,-65.9
16,-61.7777777778
17,-68.4
18,-67.0
19,-71.7
20,-64.8
21,-73.0
22,-72.4
23,-67.8
24,-67.7
25,-67.1111111111
26,-66.0
