frequency,pdr
11,-50.0
12,-54.5
13,-70.8888888889
14,-56.2
15,-55.0
16,-60.5
17,-64.0
18,-65.7272727273
19,-61.0
20,-58.0
21,-55.7
22,-68.7
23,-69.8
24,-58.8
25,-56.1111111111
26,-59.9
