frequency,pdr
11,-67.2
12,-68.0
13,-65.0
14,-68.5
15,-71.9
16,-72.7777777778
17,-64.0
18,-64.0
19,-68.3
20,-66.9
21,-66.0
22,-61.4
23,-59.0
24,-62.5
25,-71.4444444444
26,-69.2
