frequency,pdr
11,-67.1
12,-53.0
13,-65.1
14,-59.7
15,-60.3
16,-61.6666666667
17,-62.3
18,-61.2
19,-67.0
20,-62.8
21,-61.3
22,-64.0
23,-60.2
24,-61.0
25,-72.7777777778
26,-71.9
