frequency,pdr
11,-58.1
12,-61.2222222222
13,-56.5555555556
14,-59.9
15,-57.7
16,-64.8
17,-56.0
18,-55.0
19,-62.5
20,-55.3
21,-55.0
22,-54.6
23,-52.0
24,-53.3
25,-50.0
26,-49.0
