frequency,pdr
11,-58.0
12,-65.7777777778
13,-68.4444444444
14,-62.3
15,-65.3
16,-59.7
17,-64.0
18,-62.9
19,-63.8
20,-58.7
21,-71.9
22,-58.8
23,-61.1
24,-63.2
25,-67.0
26,-68.1111111111
