frequency,pdr
11,-51.6
12,-59.2222222222
13,-63.2
14,-62.3
15,-55.1
16,-54.6
17,-54.6
18,-63.4
19,-58.7
20,-55.0
21,-53.9
22,-56.6
23,-53.3
24,-54.3
25,-64.4444444444
26,-55.1
