frequency,pdr
11,-58.0
12,-67.5555555556
13,-56.5
14,-52.0
15,-53.9
16,-57.4
17,-54.1
18,-61.0
19,-58.0
20,-52.0909090909
21,-49.0
22,-53.2
23,-55.0
24,-63.1
25,-55.0
26,-55.3
