frequency,pdr
11,-60.5
12,-62.4444444444
13,-64.0
14,-63.9
15,-71.1
16,-63.7
17,-64.3
18,-66.9
19,-61.1
20,-64.0
21,-64.0
22,-61.0
23,-66.5
24,-64.0
25,-76.1111111111
26,-84.7142857143
