frequency,pdr
11,-49.3
12,-58.5555555556
13,-71.1111111111
14,-46.3
15,-51.6
16,-48.7
17,-52.5
18,-52.4
19,-55.6
20,-59.5
21,-55.6
22,-48.8
23,-47.9
24,-49.0
25,-61.3333333333
26,-50.4
