frequency,pdr
11,-52.1
12,-57.4444444444
13,-55.0
14,-60.4
15,-49.5
16,-52.0
17,-51.4
18,-56.1
19,-55.0
20,-63.7
21,-57.1
22,-55.8
23,-70.8
24,-61.0
25,-56.8888888889
26,-63.9
