frequency,pdr
11,-55.0
12,-55.0
13,-63.6
14,-61.8
15,-55.0
16,-62.3
17,-59.8
18,-51.7
19,-55.0
20,-56.6363636364
21,-55.0
22,-55.0
23,-55.0
24,-52.1
25,-60.8888888889
26,-55.3
