frequency,pdr
11,-69.8
12,-61.1111111111
13,-69.4444444444
14,-64.0
15,-68.4
16,-63.8
17,-64.0
18,-62.7
19,-77.2
20,-70.0
21,-70.0
22,-67.5
23,-64.1
24,-67.5
25,-70.3333333333
26,-63.5
