frequency,pdr
11,-61.9
12,-59.2222222222
13,-64.5555555556
14,-60.7
15,-73.7
16,-57.1
17,-63.4
18,-58.3
19,-67.6
20,-63.6
21,-57.7
22,-68.4
23,-55.0
24,-55.0
25,-56.0
26,-56.1
