frequency,pdr
11,-45.1818181818
12,-43.0
13,-42.0
14,-40.0
15,-43.0
16,-45.0
17,-47.0
18,-46.0
19,-49.0
20,-52.0
21,-49.0
22,-49.0
23,-54.4
24,-53.5
25,-61.3333333333
26,-52.0
