frequency,pdr
11,-63.1
12,-49.6666666667
13,-46.2
14,-54.8
15,-54.6
16,-55.0
17,-48.5
18,-46.0
19,-49.5
20,-49.8
21,-49.1
22,-49.0
23,-55.0
24,-55.0
25,-67.1111111111
26,-51.7
