frequency,pdr
11,-65.9
12,-72.8
13,-70.1111111111
14,-74.4
15,-71.4
16,-74.6666666667
17,-67.0
18,-61.0
19,-68.6
20,-60.8
21,-66.4
22,-64.7
23,-75.5555555556
24,-79.7
25,-66.1
26,-64.0
