frequency,pdr
11,-47.6
12,-57.8
13,-53.1
14,-65.0
15,-54.7
16,-51.0
17,-56.6
18,-61.5
19,-52.0
20,-49.0
21,-64.0
22,-47.9
23,-65.2
24,-48.8
25,-62.2222222222
26,-70.2222222222
