frequency,pdr
11,-64.4
12,-63.1111111111
13,-65.8888888889
14,-62.2
15,-55.0
16,-73.3
17,-50.4
18,-52.0
19,-56.6
20,-61.0
21,-68.1
22,-55.0
23,-57.5
24,-55.0
25,-53.1
26,-55.0
