frequency,pdr
11,-55.0
12,-70.3333333333
13,-65.2222222222
14,-58.0
15,-51.4
16,-47.9
17,-49.0
18,-69.1
19,-57.3
20,-48.7
21,-56.4
22,-50.3
23,-54.5
24,-59.9
25,-53.5
26,-51.7
