frequency,pdr
11,-52.3
12,-54.8888888889
13,-63.7777777778
14,-60.7
15,-65.2
16,-61.0
17,-55.0
18,-58.0
19,-62.1
20,-71.8
21,-64.2
22,-60.1
23,-61.2
24,-58.0
25,-64.0
26,-65.5
