frequency,pdr
11,-63.4
12,-63.4444444444
13,-69.4444444444
14,-65.5
15,-66.2
16,-70.0
17,-68.9
18,-70.0
19,-76.0
20,-80.0
21,-74.3
22,-69.6
23,-67.0
24,-64.1
25,-59.6
26,-66.0
