frequency,pdr
11,-59.6
12,-56.7777777778
13,-59.5555555556
14,-60.7
15,-63.8
16,-62.2
17,-61.0
18,-56.0
19,-55.0
20,-57.7
21,-58.0
22,-59.0
23,-61.0
24,-62.7
25,-61.3
26,-58.5
