frequency,pdr
11,-67.9
12,-69.6666666667
13,-64.3333333333
14,-60.1
15,-55.0
16,-55.0
17,-61.7
18,-57.1
19,-62.3
20,-61.0
21,-55.0
22,-58.1
23,-58.0
24,-55.3
25,-64.0
26,-69.7
