frequency,pdr
11,-58.0
12,-69.6666666667
13,-61.0
14,-62.0
15,-71.1
16,-54.0
17,-52.0
18,-50.4
19,-56.0909090909
20,-66.5
21,-62.1
22,-69.6
23,-61.0
24,-52.0
25,-50.1
26,-55.0
