frequency,pdr
11,-49.0
12,-55.4444444444
13,-55.6666666667
14,-49.2
15,-47.4
16,-45.5
17,-46.0
18,-49.0
19,-52.4
20,-46.0
21,-52.0
22,-49.3
23,-51.9
24,-59.9
25,-59.3
26,-52.4
