frequency,pdr
11,-57.3
12,-67.6666666667
13,-64.7777777778
14,-55.0
15,-67.0
16,-56.5
17,-52.7
18,-52.0
19,-55.0
20,-61.1
21,-55.0
22,-52.3
23,-58.9
24,-52.0
25,-51.3
26,-52.6
