frequency,pdr
11,-55.0
12,-54.3333333333
13,-63.2222222222
14,-54.7
15,-48.8
16,-51.7
17,-49.1
18,-50.9
19,-55.0
20,-54.0
21,-59.2
22,-58.1
23,-61.1
24,-57.1
25,-50.5
26,-59.9
