frequency,pdr
11,-90.6666666667
12,-90.25
13,-90.5555555556
14,-90.0
15,-90.0
16,-89.8
17,-90.0
18,-91.0
19,-91.0
20,-90.1
21,-91.0
23,-89.6
24,-88.5
25,-88.0
26,-87.9
