frequency,pdr
11,-74.6363636364
12,-70.9
13,-70.0
14,-70.0
15,-70.0
16,-71.3
17,-73.8333333333
18,-77.2
19,-78.9
20,-79.0
21,-80.5
22,-82.7777777778
23,-82.7
24,-81.2
25,-79.0
26,-76.2
