frequency,pdr
11,-80.0
12,-81.2
13,-84.6
14,-84.5
15,-83.0
16,-84.8888888889
17,-86.1666666667
18,-83.0
19,-80.3
20,-79.2
21,-79.0
22,-79.5
23,-79.4
24,-81.0
25,-82.0
26,-79.0
