frequency,pdr
11,-75.0
12,-75.0
13,-76.0
14,-76.0
15,-76.0
16,-76.0
17,-76.4285714286
18,-77.7777777778
19,-79.0
20,-79.0
21,-79.8
22,-80.4
23,-79.0
24,-79.0
25,-78.9
26,-77.1
