frequency,pdr
11,-79.0
12,-82.0
13,-85.3
14,-91.0
18,-91.0
19,-90.0
20,-86.0
21,-84.8888888889
22,-84.2222222222
23,-85.3333333333
24,-85.5
25,-82.0
26,-82.0
