frequency,pdr
11,-84.7
12,-88.8888888889
13,-88.875
14,-87.1
15,-89.2
16,-91.0
17,-91.0
18,-88.0
19,-85.0
20,-84.9
21,-85.0
22,-85.4444444444
23,-88.1111111111
24,-89.0
25,-85.9
26,-84.0
