frequency,pdr
11,-81.4
12,-81.1
13,-82.0
14,-84.6
15,-89.3
16,-90.0
17,-90.3333333333
18,-89.9
19,-85.8
20,-84.6
21,-85.3333333333
23,-91.0
24,-91.0
25,-91.0
26,-91.0
