frequency,pdr
11,-88.9
12,-87.6
13,-87.5
14,-87.6
15,-87.3
16,-88.3
17,-89.7
18,-90.4444444444
19,-90.4
20,-90.0
21,-90.7777777778
22,-90.3
23,-91.0
24,-91.0
25,-91.0
