frequency,pdr
11,-91.0
12,-89.5555555556
13,-88.0
14,-85.0
15,-82.0
16,-82.8
17,-86.6
18,-88.6
19,-85.3
20,-84.8
21,-84.9
22,-85.0
23,-86.7777777778
24,-89.875
25,-88.9
26,-85.9
