frequency,pdr
11,-79.0
12,-79.1
13,-79.0
14,-79.0
15,-79.8
16,-80.0
17,-82.0
18,-84.2
19,-85.5
20,-84.6
21,-81.9
22,-81.2222222222
23,-82.8888888889
24,-84.4
25,-82.7
26,-84.7
