frequency,pdr
11,-57.9
12,-68.2222222222
13,-66.1818181818
14,-66.2
15,-58.0
16,-76.1
17,-70.4
18,-64.0
19,-67.0
20,-62.0
21,-65.2
22,-67.0
23,-62.0
24,-67.0
25,-67.7
26,-74.1
