frequency,pdr
11,-63.3
12,-55.7777777778
13,-55.1111111111
14,-53.6
15,-61.8
16,-61.1
17,-55.0
18,-52.7
19,-55.3
20,-49.0
21,-53.5
22,-56.6
23,-58.0
24,-50.4
25,-54.7
26,-54.9
