frequency,pdr
11,-69.4
12,-68.7777777778
13,-73.4444444444
14,-64.7
15,-64.0
16,-65.5
17,-67.0
18,-79.8
19,-67.4
20,-66.3
21,-67.0
22,-64.3
23,-66.5
24,-62.1
25,-61.0
26,-69.7
