frequency,pdr
11,-56.6
12,-52.6666666667
13,-52.4444444444
14,-50.6
15,-53.9
16,-63.2
17,-51.9
18,-46.0
19,-50.5
20,-63.2
21,-63.3
22,-51.8
23,-63.8
24,-56.9
25,-55.0
26,-46.1
