frequency,pdr
11,-48.1
12,-51.2222222222
13,-71.5555555556
14,-60.9
15,-65.7
16,-58.0
17,-57.5
18,-64.8
19,-60.8
20,-67.2
21,-57.2
22,-61.0
23,-60.2
24,-55.0
25,-48.8
26,-52.0
