frequency,pdr
11,-58.0
12,-64.0
13,-58.2222222222
14,-55.0
15,-56.3
16,-59.5
17,-54.8
18,-53.5
19,-56.1
20,-55.0
21,-61.1
22,-57.9
23,-66.4
24,-69.5
25,-61.1818181818
26,-61.0
