frequency,pdr
11,-63.0
12,-65.1111111111
13,-66.4444444444
14,-64.0
15,-68.1
16,-64.0
17,-64.0
18,-63.4
19,-65.0
20,-63.5
21,-59.0
22,-61.6
23,-71.3
24,-79.0
25,-61.0
26,-65.6
