frequency,pdr
11,-63.0
12,-58.1111111111
13,-68.1111111111
14,-65.9
15,-69.2
16,-68.0
17,-66.4
18,-65.6
19,-61.0
20,-64.0
21,-69.9
22,-62.2
23,-62.0
24,-78.2
25,-61.0
26,-69.9
