frequency,pdr
11,-57.1
12,-71.7272727273
13,-64.0
14,-66.9
15,-76.8
16,-67.6
17,-68.1
18,-73.7
19,-67.0
20,-67.1
21,-67.0
22,-67.9
23,-76.3333333333
24,-70.2
25,-64.0
26,-81.6
