frequency,pdr
11,-65.3333333333
12,-67.0
13,-66.6666666667
14,-64.9
15,-75.8
16,-65.1
17,-65.2
18,-67.0
19,-62.1
20,-59.2
21,-67.0
22,-75.5
23,-67.0
24,-70.0
25,-72.6
26,-76.1
