frequency,pdr
11,-56.6
12,-59.4545454545
13,-54.2222222222
14,-52.1
15,-46.0
16,-46.0
17,-48.5
18,-52.0
19,-46.0
20,-48.7
21,-48.0
22,-52.0
23,-52.0
24,-66.4
25,-59.3
26,-49.0
