frequency,pdr
11,-62.1111111111
12,-55.0
13,-54.5555555556
14,-54.2
15,-55.0
16,-54.3
17,-52.0
18,-52.3
19,-51.0
20,-54.2
21,-52.0
22,-52.7
23,-49.0
24,-55.0
25,-53.5
26,-57.5
