frequency,pdr
11,-64.6666666667
12,-68.9
13,-62.1111111111
14,-72.0
15,-60.0
16,-68.2
17,-61.9
18,-68.4
19,-59.2
20,-58.8
21,-63.9
22,-62.4
23,-69.6
24,-73.2
25,-63.5
26,-61.0
