{"pdr":{"11":98.4126984127,"12":98.4126984127,"13":98.4126984127,"14":98.4126984127,"15":98.4126984127,"16":98.4126984127,"17":97.619047619,"18":98.4126984127,"19":98.4126984127,"20":98.4126984127,"21":98.4126984127,"22":98.253968254,"23":97.619047619,"24":98.253968254,"25":98.4126984127,"26":98.4126984127}}