{"pdr":{"11":98.4126984127,"12":98.7301587302,"13":98.253968254,"14":98.4126984127,"15":98.5714285714,"16":98.4126984127,"17":98.4126984127,"18":98.4126984127,"19":98.5714285714,"20":98.5714285714,"21":98.4126984127,"22":90.6349206349,"23":98.4126984127,"24":98.4126984127,"25":98.4126984127,"26":98.4126984127}}