{"pdr":{"11":98.5714285714,"12":98.4126984127,"13":98.4126984127,"14":98.8888888889,"15":97.7777777778,"16":98.4126984127,"17":97.9365079365,"18":98.4126984127,"19":98.4126984127,"20":98.5714285714,"21":98.0952380952,"22":98.5714285714,"23":98.253968254,"24":98.4126984127,"25":98.4126984127,"26":98.5714285714}}