{"pdr":{"11":98.4126984127,"12":98.4126984127,"13":98.4126984127,"14":98.4126984127,"15":98.4126984127,"16":98.7301587302,"17":98.4126984127,"18":98.4126984127,"19":98.4126984127,"20":98.4126984127,"21":98.5714285714,"22":97.619047619,"23":94.6031746032,"24":98.4126984127,"25":98.4126984127,"26":98.4126984127}}