{"pdr":{"11":93.0158730159,"12":98.5714285714,"13":98.4126984127,"14":97.619047619,"15":98.4126984127,"16":98.4126984127,"17":98.4126984127,"18":98.4126984127,"19":98.4126984127,"20":98.5714285714,"21":98.5714285714,"22":97.7777777778,"23":98.4126984127,"24":98.4126984127,"25":98.5714285714,"26":98.4126984127}}