{"pdr":{"11":100.1587301587,"12":98.4126984127,"13":98.4126984127,"14":98.4126984127,"15":97.4603174603,"16":98.5714285714,"17":93.8095238095,"18":98.4126984127,"19":98.4126984127,"20":98.4126984127,"21":98.5714285714,"22":98.5714285714,"23":98.4126984127,"24":98.4126984127,"25":98.4126984127,"26":98.5714285714}}