{"pdr":{"11":98.5714285714,"12":98.4126984127,"13":98.4126984127,"14":98.4126984127,"15":98.4126984127,"16":98.4126984127,"17":98.4126984127,"18":95.873015873,"19":98.4126984127,"20":98.4126984127,"21":98.8888888889,"22":98.7301587302,"23":98.4126984127,"24":98.4126984127,"25":98.4126984127,"26":98.4126984127}}