{"pdr":{"11":98.4126984127,"12":98.4126984127,"13":98.4126984127,"14":95.3968253968,"15":98.5714285714,"16":98.4126984127,"17":98.4126984127,"18":98.4126984127,"19":98.4126984127,"20":98.253968254,"21":98.4126984127,"22":98.4126984127,"23":98.4126984127,"24":98.253968254,"25":98.4126984127,"26":98.4126984127}}