{"pdr":{"11":98.4126984127,"12":98.7301587302,"13":98.4126984127,"14":97.3015873016,"15":98.4126984127,"16":98.5714285714,"17":98.4126984127,"18":98.4126984127,"19":98.5714285714,"20":98.4126984127,"21":98.5714285714,"22":98.4126984127,"23":98.4126984127,"24":98.4126984127,"25":98.4126984127,"26":98.4126984127}}