{"pdr":{"11":100.4761904762,"12":100.0,"13":100.0,"14":98.7301587302,"15":100.0,"16":100.0,"17":100.0,"18":100.0,"19":100.0,"20":100.0,"21":100.0,"22":99.8412698413,"23":100.0,"24":100.0,"25":100.0,"26":100.1587301587}}