{"pdr":{"11":92.5396825397,"12":98.5714285714,"13":98.5714285714,"14":98.4126984127,"15":98.5714285714,"16":98.4126984127,"17":98.4126984127,"18":98.0952380952,"19":98.4126984127,"20":98.4126984127,"21":98.4126984127,"22":98.4126984127,"23":98.253968254,"24":98.253968254,"25":98.4126984127,"26":98.4126984127}}