{"pdr":{"11":100.3174603175,"12":98.4126984127,"13":98.4126984127,"14":98.5714285714,"15":98.4126984127,"16":98.4126984127,"17":93.1746031746,"18":98.4126984127,"19":98.4126984127,"20":98.8888888889,"21":98.4126984127,"22":98.4126984127,"23":98.4126984127,"24":98.4126984127,"25":98.4126984127,"26":98.4126984127}}