frequency,pdr
11,100.0
12,98.4126984127
13,98.4126984127
14,88.5714285714
15,94.9206349206
16,98.4126984127
17,97.4603174603
18,98.4126984127
19,98.4126984127
20,98.4126984127
21,98.4126984127
22,96.8253968254
23,98.4126984127
24,98.4126984127
25,98.4126984127
26,98.4126984127
