{"pdr":{"11":100.0,"12":98.4126984127,"13":98.4126984127,"14":98.4126984127,"15":98.5714285714,"16":98.5714285714,"17":92.6984126984,"18":98.5714285714,"19":98.5714285714,"20":98.5714285714,"21":98.5714285714,"22":98.253968254,"23":98.4126984127,"24":98.4126984127,"25":98.5714285714,"26":98.5714285714}}