{"pdr":{"11":98.4126984127,"12":98.4126984127,"13":98.5714285714,"14":98.4126984127,"15":98.4126984127,"16":98.5714285714,"17":98.4126984127,"18":96.8253968254,"19":98.4126984127,"20":98.4126984127,"21":98.4126984127,"22":98.5714285714,"23":98.4126984127,"24":98.4126984127,"25":98.7301587302,"26":98.5714285714}}