{"pdr":{"11":98.5714285714,"12":98.5714285714,"13":98.4126984127,"14":98.5714285714,"15":98.4126984127,"16":98.4126984127,"17":81.2698412698,"18":98.4126984127,"19":98.4126984127,"20":98.4126984127,"21":98.4126984127,"22":98.4126984127,"23":98.253968254,"24":98.4126984127,"25":98.4126984127,"26":98.4126984127}}