{"pdr":{"11":98.5714285714,"12":98.4126984127,"13":98.5714285714,"14":98.4126984127,"15":98.5714285714,"16":98.4126984127,"17":98.4126984127,"18":98.5714285714,"19":98.4126984127,"20":98.4126984127,"21":98.4126984127,"22":96.5079365079,"23":98.5714285714,"24":98.4126984127,"25":98.4126984127,"26":98.4126984127}}