{"pdr":{"11":98.5714285714,"12":98.4126984127,"13":98.5714285714,"14":98.4126984127,"15":98.5714285714,"16":97.7777777778,"17":98.4126984127,"18":98.5714285714,"19":98.5714285714,"20":98.4126984127,"21":98.4126984127,"22":98.0952380952,"23":98.4126984127,"24":98.4126984127,"25":98.4126984127,"26":98.4126984127}}