{"pdr":{"11":98.5714285714,"12":98.4126984127,"13":98.4126984127,"14":98.4126984127,"15":98.0952380952,"16":98.4126984127,"17":98.4126984127,"18":98.4126984127,"19":98.4126984127,"20":98.4126984127,"21":98.4126984127,"22":97.7777777778,"23":97.9365079365,"24":98.4126984127,"25":98.4126984127,"26":98.4126984127}}