{"pdr":{"11":98.5714285714,"12":98.4126984127,"13":98.4126984127,"14":98.4126984127,"15":98.4126984127,"16":98.4126984127,"17":98.4126984127,"18":98.4126984127,"19":98.4126984127,"20":98.4126984127,"21":98.0952380952,"22":98.253968254,"23":98.253968254,"24":98.4126984127,"25":98.5714285714,"26":98.4126984127}}