{"pdr":{"11":98.5714285714,"12":98.5714285714,"13":98.4126984127,"14":97.619047619,"15":98.5714285714,"16":98.4126984127,"17":98.4126984127,"18":98.4126984127,"19":98.4126984127,"20":98.4126984127,"21":98.4126984127,"22":98.4126984127,"23":98.4126984127,"24":98.0952380952,"25":98.4126984127,"26":98.4126984127}}