{"pdr":{"11":98.4126984127,"12":98.4126984127,"13":98.5714285714,"14":98.4126984127,"15":98.4126984127,"16":98.253968254,"17":98.4126984127,"18":98.4126984127,"19":98.4126984127,"20":98.5714285714,"21":98.4126984127,"22":98.4126984127,"23":98.5714285714,"24":98.4126984127,"25":98.8888888889,"26":98.4126984127}}