{"pdr":{"11":98.4126984127,"12":98.4126984127,"13":98.4126984127,"14":98.4126984127,"15":98.4126984127,"16":98.4126984127,"17":91.4285714286,"18":98.4126984127,"19":98.4126984127,"20":98.4126984127,"21":97.1428571429,"22":97.9365079365,"23":97.9365079365,"24":98.0952380952,"25":98.4126984127,"26":98.4126984127}}