{"pdr":{"11":98.5714285714,"12":98.7301587302,"13":98.4126984127,"14":98.253968254,"15":98.5714285714,"16":98.4126984127,"17":98.5714285714,"18":98.0952380952,"19":98.4126984127,"20":98.4126984127,"21":98.4126984127,"22":98.4126984127,"23":98.4126984127,"24":98.4126984127,"25":98.4126984127,"26":98.4126984127}}