{"pdr":{"11":98.4126984127,"12":98.4126984127,"13":98.4126984127,"14":98.5714285714,"15":90.4761904762,"16":98.5714285714,"17":98.7301587302,"18":98.5714285714,"19":98.4126984127,"20":98.4126984127,"21":98.0952380952,"22":98.253968254,"23":98.4126984127,"24":98.4126984127,"25":98.4126984127,"26":98.4126984127}}