{"pdr":{"11":98.4126984127,"12":98.4126984127,"13":98.5714285714,"14":97.619047619,"15":98.4126984127,"16":98.5714285714,"17":98.4126984127,"18":98.0952380952,"19":98.4126984127,"20":98.4126984127,"21":98.4126984127,"22":98.7301587302,"23":98.5714285714,"24":98.4126984127,"25":98.4126984127,"26":98.4126984127}}