{"pdr":{"11":98.5714285714,"12":98.5714285714,"13":98.4126984127,"14":98.4126984127,"15":98.4126984127,"16":98.4126984127,"17":98.5714285714,"18":93.3333333333,"19":98.4126984127,"20":98.4126984127,"21":98.4126984127,"22":98.253968254,"23":98.253968254,"24":98.5714285714,"25":98.4126984127,"26":98.4126984127}}