{"pdr":{"11":90.3174603175,"12":98.4126984127,"13":98.4126984127,"14":98.4126984127,"15":98.4126984127,"16":98.5714285714,"17":98.4126984127,"18":98.4126984127,"19":98.4126984127,"20":98.4126984127,"21":98.4126984127,"22":95.873015873,"23":98.253968254,"24":98.4126984127,"25":98.4126984127,"26":98.4126984127}}