{"pdr":{"11":98.4126984127,"12":98.4126984127,"13":98.4126984127,"14":98.5714285714,"15":98.4126984127,"16":98.4126984127,"17":91.5873015873,"18":98.7301587302,"19":98.4126984127,"20":98.4126984127,"21":98.4126984127,"22":95.2380952381,"23":98.4126984127,"24":98.5714285714,"25":98.4126984127,"26":98.4126984127}}