{"pdr":{"11":98.4126984127,"12":98.4126984127,"13":98.4126984127,"14":98.4126984127,"15":98.7301587302,"16":98.5714285714,"17":98.5714285714,"18":98.4126984127,"19":98.4126984127,"20":98.4126984127,"21":98.4126984127,"22":98.4126984127,"23":98.253968254,"24":98.5714285714,"25":98.4126984127,"26":98.4126984127}}