{"pdr":{"11":98.7301587302,"12":98.4126984127,"13":98.4126984127,"14":98.5714285714,"15":98.4126984127,"16":98.4126984127,"17":98.4126984127,"18":88.253968254,"19":98.4126984127,"20":98.4126984127,"21":98.4126984127,"22":98.7301587302,"23":98.4126984127,"24":98.4126984127,"25":98.4126984127,"26":98.4126984127}}