{"pdr":{"11":98.4126984127,"12":98.4126984127,"13":98.4126984127,"14":98.4126984127,"15":98.4126984127,"16":98.4126984127,"17":98.4126984127,"18":98.4126984127,"19":98.5714285714,"20":98.4126984127,"21":98.7301587302,"22":98.4126984127,"23":98.4126984127,"24":98.8888888889,"25":98.4126984127,"26":98.4126984127}}