{"pdr":{"11":98.4126984127,"12":98.5714285714,"13":98.4126984127,"14":97.9365079365,"15":98.4126984127,"16":98.4126984127,"17":93.0158730159,"18":98.4126984127,"19":98.4126984127,"20":98.5714285714,"21":98.4126984127,"22":97.9365079365,"23":98.253968254,"24":98.4126984127,"25":98.4126984127,"26":98.4126984127}}