{"pdr":{"11":94.9206349206,"12":98.4126984127,"13":98.4126984127,"14":86.5079365079,"15":98.4126984127,"16":98.4126984127,"17":98.4126984127,"18":98.4126984127,"19":98.4126984127,"20":97.7777777778,"21":98.4126984127,"22":98.4126984127,"23":98.253968254,"24":98.4126984127,"25":98.4126984127,"26":98.7301587302}}