{"pdr":{"11":98.4126984127,"12":98.4126984127,"13":98.7301587302,"14":98.4126984127,"15":97.4603174603,"16":98.4126984127,"17":98.5714285714,"18":98.4126984127,"19":98.5714285714,"20":98.4126984127,"21":98.4126984127,"22":98.5714285714,"23":98.253968254,"24":98.4126984127,"25":98.5714285714,"26":98.5714285714}}