{"pdr":{"11":100.0,"12":98.4126984127,"13":98.4126984127,"14":92.0634920635,"15":95.3968253968,"16":98.4126984127,"17":97.619047619,"18":98.4126984127,"19":98.5714285714,"20":98.8888888889,"21":98.4126984127,"22":96.8253968254,"23":98.5714285714,"24":98.4126984127,"25":98.4126984127,"26":98.4126984127}}