{"pdr":{"11":98.7301587302,"12":98.4126984127,"13":98.4126984127,"14":98.4126984127,"15":86.3492063492,"16":97.3015873016,"17":98.4126984127,"18":98.4126984127,"19":98.4126984127,"20":98.5714285714,"21":98.253968254,"22":98.253968254,"23":97.3015873016,"24":98.4126984127,"25":98.4126984127,"26":98.4126984127}}