{"pdr":{"11":98.4126984127,"12":98.4126984127,"13":98.7301587302,"14":98.5714285714,"15":98.4126984127,"16":98.5714285714,"17":98.7301587302,"18":91.4285714286,"19":98.4126984127,"20":98.5714285714,"21":98.4126984127,"22":95.5555555556,"23":98.4126984127,"24":98.5714285714,"25":98.5714285714,"26":98.4126984127}}