{"pdr":{"11":100.0,"12":98.7301587302,"13":98.4126984127,"14":96.6666666667,"15":98.4126984127,"16":98.4126984127,"17":98.4126984127,"18":98.4126984127,"19":98.5714285714,"20":98.5714285714,"21":98.4126984127,"22":98.4126984127,"23":98.5714285714,"24":98.4126984127,"25":98.7301587302,"26":98.4126984127}}