frequency,pdr
11,-60.5
12,-62.3333333333
13,-55.0
14,-54.9
15,-57.3
16,-55.0
17,-68.9090909091
18,-67.6
19,-61.0
20,-68.9
21,-57.8
22,-58.0
23,-67.4
24,-61.0
25,-58.9
26,-73.5
