frequency,pdr
11,-56.8
12,-66.1111111111
13,-65.3
14,-75.8888888889
15,-61.0
16,-59.8
17,-52.0
18,-55.8
19,-60.3
20,-56.7
21,-70.9
22,-61.0
23,-63.0
24,-74.4
25,-65.6
26,-67.0
