frequency,pdr
11,-60.4
12,-65.2222222222
13,-71.5555555556
14,-67.1
15,-67.0
16,-62.5
17,-67.2
18,-61.0
19,-64.0
20,-67.0
21,-61.9
22,-61.0
23,-63.0
24,-62.4
25,-63.5
26,-70.0
