frequency,pdr
11,-67.0
12,-65.7777777778
13,-64.0909090909
14,-64.3
15,-60.0
16,-68.4
17,-67.0
18,-73.7
19,-64.0
20,-58.4
21,-61.1
22,-65.2
23,-61.0
24,-68.4
25,-66.7
26,-64.8
