frequency,pdr
11,-63.2222222222
12,-69.0
13,-57.2
14,-61.0
15,-60.4
16,-73.1
17,-64.0
18,-74.7
19,-71.4
20,-66.1
21,-67.5
22,-72.9
23,-61.7
24,-64.3
25,-75.8181818182
26,-61.2
