frequency,pdr
11,-64.6666666667
12,-63.1111111111
13,-67.0
14,-61.6
15,-69.5
16,-65.6
17,-58.6
18,-63.1
19,-69.3
20,-66.4
21,-73.3
22,-70.4
23,-75.3
24,-70.0
25,-74.7
26,-69.5
