frequency,pdr
11,-73.8888888889
12,-67.8888888889
13,-62.6
14,-67.0
15,-72.0
16,-70.0
17,-64.0
18,-66.7
19,-67.0
20,-68.6
21,-67.0
22,-75.2222222222
23,-64.5
24,-67.0
25,-64.4
26,-79.5
