frequency,pdr
11,-63.0
12,-66.4444444444
13,-69.7777777778
14,-64.1
15,-67.0
16,-61.9
17,-62.7
18,-64.0
19,-59.1
20,-51.5
21,-54.6
22,-65.2
23,-72.5
24,-71.2
25,-67.0
26,-58.0
