frequency,pdr
11,-65.1111111111
12,-63.5555555556
13,-76.4444444444
14,-61.0
15,-69.9
16,-67.0
17,-68.1
18,-67.0
19,-64.7
20,-61.8
21,-67.0
22,-64.6
23,-66.9
24,-70.0
25,-77.3
26,-67.0
