frequency,pdr
11,-70.5555555556
12,-67.5555555556
13,-68.2
14,-65.5
15,-63.9
16,-64.0
17,-70.6
18,-70.0
19,-66.4
20,-62.8
21,-77.7
22,-70.1
23,-74.8
24,-67.8
25,-73.9
26,-74.8
