frequency,pdr
11,-55.2222222222
12,-55.0
13,-68.3333333333
14,-55.1
15,-55.0
16,-55.0
17,-53.7
18,-55.0
19,-55.0
20,-54.9
21,-58.0
22,-55.0
23,-72.2
24,-55.0
25,-54.8
26,-52.5
