frequency,pdr
11,-78.4444444444
12,-67.0
13,-63.3333333333
14,-79.5555555556
15,-67.0
16,-68.4
17,-63.6
18,-57.3
19,-63.5
20,-61.1
21,-68.3
22,-67.5
23,-59.7
24,-61.0
25,-60.0
26,-85.3
