frequency,pdr
11,-57.1
12,-75.8888888889
13,-62.4444444444
14,-60.7
15,-77.8
16,-67.1
17,-67.0
18,-65.2
19,-64.9
20,-68.9
21,-59.0
22,-62.2
23,-66.0
24,-79.0
25,-68.3
26,-76.0
