frequency,pdr
11,-63.0909090909
12,-61.0
13,-64.1111111111
14,-58.0
15,-72.9
16,-65.1
17,-58.0
18,-55.0
19,-65.4
20,-71.8
21,-68.5
22,-63.5
23,-67.9
24,-62.0
25,-70.0
26,-61.0
