frequency,pdr
11,-51.5555555556
12,-56.2222222222
13,-53.9090909091
14,-62.9
15,-67.6
16,-52.6
17,-63.3
18,-65.0
19,-70.9
20,-62.9
21,-66.9
22,-64.0
23,-62.2
24,-56.8
25,-68.3
26,-53.9
