frequency,pdr
11,-65.2222222222
12,-62.3333333333
13,-64.3636363636
14,-61.3
15,-60.5
16,-55.0
17,-58.7
18,-66.8
19,-64.9
20,-58.0
21,-63.3
22,-56.9
23,-55.3
24,-64.0
25,-65.9
26,-58.0
