frequency,pdr
11,-74.9
12,-77.7777777778
13,-77.6666666667
14,-60.6
15,-55.0
16,-67.0
17,-77.6
18,-60.7
19,-70.6
20,-67.0
21,-73.4
22,-68.6
23,-58.0
24,-65.0
25,-68.6
26,-58.3
