frequency,pdr
11,-66.7
12,-67.8888888889
13,-68.2727272727
14,-67.0
15,-70.0
16,-70.5
17,-68.4
18,-70.0
19,-62.5
20,-61.1
21,-61.0
22,-68.2
23,-61.9
24,-67.0
25,-67.0
26,-67.0
