frequency,pdr
11,-68.1111111111
12,-64.0
13,-72.1111111111
14,-65.3
15,-67.4
16,-67.0
17,-65.6
18,-69.1
19,-69.0
20,-64.0
21,-65.3
22,-62.7
23,-59.5
24,-67.0
25,-67.2
26,-65.8
