frequency,pdr
11,-61.6
12,-67.8888888889
13,-70.5555555556
14,-74.2
15,-61.0
16,-66.1
17,-70.5
18,-61.1
19,-64.0
20,-63.1
21,-60.9
22,-64.0
23,-67.9
24,-70.1
25,-62.6
26,-62.9
