frequency,pdr
11,-72.0909090909
12,-64.0
13,-55.2222222222
14,-70.6
15,-61.0
16,-69.0
17,-61.9
18,-61.6
19,-61.0
20,-70.0
21,-62.0
22,-64.0
23,-67.0
24,-73.0
25,-70.9
26,-63.9
