frequency,pdr
11,-65.5555555556
12,-59.4444444444
13,-64.3
14,-70.4
15,-63.7
16,-67.4
17,-61.4
18,-70.6
19,-67.5
20,-79.3
21,-71.5
22,-63.4
23,-65.4
24,-72.4
25,-70.0
26,-67.0
