frequency,pdr
11,-59.3333333333
12,-52.4
13,-55.6666666667
14,-61.0
15,-56.3
16,-64.1
17,-60.3
18,-64.0
19,-65.2
20,-66.5
21,-64.2
22,-61.2
23,-62.1
24,-61.0
25,-61.0
26,-64.0
