frequency,pdr
11,-51.6
12,-62.8888888889
13,-76.4444444444
14,-58.3
15,-63.4
16,-52.1
17,-49.0
18,-54.9
19,-51.5454545455
20,-52.6
21,-63.1
22,-66.5
23,-49.0
24,-48.5
25,-52.2
26,-64.6
