frequency,pdr
11,-59.4
12,-66.3333333333
13,-76.1111111111
14,-72.9
15,-67.0
16,-65.1
17,-63.6
18,-76.3
19,-61.0
20,-58.0
21,-61.2
22,-64.0
23,-67.0
24,-67.5
25,-67.8
26,-64.3
