frequency,pdr
11,-69.3333333333
12,-70.8888888889
13,-70.8
14,-67.0
15,-65.6
16,-70.0
17,-70.0
18,-66.3
19,-68.6
20,-62.7
21,-67.0
22,-81.2
23,-64.0
24,-64.0
25,-70.0
26,-65.8
