frequency,pdr
11,-55.3333333333
12,-53.8888888889
13,-53.9
14,-55.7
15,-55.0
16,-55.0
17,-61.8
18,-52.0
19,-55.2
20,-55.0
21,-60.3
22,-52.0
23,-54.8
24,-52.0
25,-50.4
26,-54.8
