frequency,pdr
11,-78.3333333333
12,-68.1
13,-58.0
14,-67.0
15,-77.4
16,-66.5
17,-78.5
18,-76.5
19,-72.1
20,-74.3
21,-63.8
22,-76.3333333333
23,-61.0
24,-67.8
25,-66.0
26,-76.5
