frequency,pdr
11,-60.5555555556
12,-64.0
13,-66.8888888889
14,-63.3
15,-74.8
16,-61.0
17,-70.7
18,-57.4
19,-64.9
20,-64.4
21,-60.0
22,-61.0
23,-67.2
24,-72.0
25,-63.2
26,-69.5
