frequency,pdr
11,-72.2222222222
12,-70.2222222222
13,-71.1111111111
14,-71.7
15,-71.4
16,-66.2
17,-69.6
18,-72.5
19,-76.0
20,-61.3
21,-63.1
22,-68.0
23,-72.8
24,-69.7
25,-70.0
26,-76.1
