frequency,pdr
11,-72.7777777778
12,-73.5555555556
13,-60.9
14,-66.8
15,-66.8
16,-68.1
17,-66.3
18,-67.0
19,-63.3
20,-69.7
21,-59.0
22,-67.5
23,-64.0
24,-64.0
25,-62.5
26,-67.0
