frequency,pdr
11,-59.6
12,-65.5
13,-69.1
14,-61.2
15,-58.1111111111
16,-72.2222222222
17,-59.4
18,-58.0
19,-56.8
20,-62.1
21,-61.0
22,-59.4
23,-64.5
24,-64.8
25,-75.4
26,-61.0
