frequency,pdr
11,-79.0
12,-75.7777777778
13,-67.3
14,-67.9
15,-69.7777777778
16,-60.9
17,-66.2
18,-74.3
19,-83.8
20,-67.0
21,-65.1
22,-66.6
23,-67.5
24,-64.0
25,-78.1
26,-65.625
