frequency,pdr
11,-49.4
12,-63.7777777778
13,-55.3
14,-50.2
15,-61.5555555556
16,-52.9
17,-52.0
18,-55.0
19,-54.7
20,-60.7
21,-56.9
22,-49.0
23,-65.8
24,-49.1
25,-48.8
26,-61.0
