frequency,pdr
11,-56.7
12,-58.8
13,-54.8
14,-51.7
15,-59.8888888889
16,-64.6
17,-55.0
18,-52.0
19,-52.0
20,-52.0
21,-49.0
22,-54.2
23,-46.8
24,-54.7
25,-61.5
26,-61.8888888889
