frequency,pdr
11,-73.8
12,-66.8888888889
13,-63.2
14,-58.7
15,-55.2222222222
16,-57.9
17,-63.3
18,-64.0
19,-61.8
20,-58.0
21,-62.3
22,-71.5
23,-55.0
24,-60.8
25,-64.0
26,-67.0
