frequency,pdr
11,-49.8
12,-54.1
13,-52.8
14,-56.5
15,-49.1111111111
16,-51.0
17,-51.4
18,-50.4
19,-49.0
20,-52.4
21,-56.9
22,-58.0
23,-52.3
24,-65.7
25,-51.6363636364
26,-59.6666666667
