frequency,pdr
11,-51.3
12,-48.2
13,-57.5
14,-49.4
15,-53.4444444444
16,-59.1
17,-55.0
18,-61.0
19,-67.7
20,-55.0
21,-49.2
22,-53.0
23,-52.0
24,-53.3
25,-56.2
26,-55.1111111111
