frequency,pdr
11,-43.0
12,-41.4
13,-52.0
14,-45.6
15,-48.7777777778
16,-43.1
17,-46.1
18,-47.4
19,-46.1
20,-52.6
21,-42.4
22,-43.0
23,-43.2
24,-42.9090909091
25,-49.5
26,-46.0
