frequency,pdr
11,-57.3
12,-58.0
13,-61.8
14,-63.4444444444
15,-55.0
16,-58.5
17,-55.0
18,-58.0
19,-58.3
20,-58.8
21,-67.0
22,-73.7777777778
23,-69.3
24,-58.0
25,-61.1
26,-72.375
