frequency,pdr
11,-55.0
12,-54.4
13,-59.9
14,-66.9
15,-56.8888888889
16,-55.5
17,-58.0
18,-63.4
19,-55.0
20,-55.2
21,-59.4
22,-65.9
23,-64.9
24,-73.1
25,-53.6
26,-51.1428571429
