frequency,pdr
11,-67.0
12,-58.7
13,-65.3
14,-60.3
15,-60.7
16,-64.5555555556
17,-67.8
18,-57.1
19,-55.0
20,-52.6
21,-52.0
22,-58.0
23,-55.0
24,-61.0
25,-61.0
26,-62.7777777778
