frequency,pdr
11,-60.2222222222
12,-55.0
13,-54.8
14,-55.0
15,-56.9
16,-57.7
17,-61.0
18,-64.0
19,-55.0
20,-54.9
21,-54.8
22,-62.3
23,-55.0
24,-55.0
25,-52.0
26,-60.1111111111
