frequency,pdr
11,-64.3
12,-63.3333333333
13,-56.8
14,-64.6
15,-63.2222222222
16,-58.0
17,-69.6
18,-67.0
19,-67.0
20,-76.7
21,-66.8
22,-65.3
23,-62.6
24,-65.1
25,-67.0
26,-70.4444444444
