frequency,pdr
11,-58.2
12,-75.5
13,-55.0
14,-58.3
15,-54.6
16,-59.6363636364
17,-51.6
18,-51.7
19,-58.0
20,-59.7
21,-64.0
22,-60.2
23,-60.1
24,-52.0
25,-55.0
26,-49.1428571429
