frequency,pdr
11,-67.4444444444
12,-67.0
13,-64.0
14,-65.8
15,-67.0
16,-66.3333333333
17,-61.0
18,-62.9
19,-68.4
20,-64.0
21,-67.0
22,-66.8
23,-59.6
24,-68.1
25,-63.3
26,-67.0
