frequency,pdr
11,-60.4444444444
12,-61.0
13,-61.0
14,-71.9
15,-64.0
16,-63.9
17,-70.8
18,-61.6
19,-70.9
20,-60.0
21,-70.3
22,-64.0
23,-66.4
24,-74.6
25,-61.2
26,-60.1111111111
