frequency,pdr
11,-64.0
12,-57.8888888889
13,-62.8
14,-63.4
15,-71.8888888889
16,-61.1
17,-62.4
18,-58.7
19,-71.8
20,-66.7
21,-68.0
22,-76.2222222222
23,-64.1
24,-67.0
25,-66.9
26,-66.2222222222
