frequency,pdr
11,-79.1428571429
12,-64.8888888889
13,-73.6
14,-66.9
15,-69.3333333333
16,-67.6
17,-67.0
18,-70.0
19,-70.0
20,-66.1
21,-67.0
22,-64.0
23,-60.4
24,-67.9
25,-70.0
26,-67.0
