frequency,pdr
11,-60.1
12,-57.9
13,-67.2
14,-58.8
15,-62.7777777778
16,-68.5555555556
17,-69.0
18,-61.2
19,-75.1
20,-71.0
21,-65.3
22,-59.2
23,-61.4
24,-57.6
25,-66.3
26,-64.0
