frequency,pdr
11,-47.0
12,-56.0
13,-51.1
14,-54.9
15,-46.1111111111
16,-43.0
17,-43.1
18,-46.0
19,-48.8
20,-47.6
21,-43.9
22,-45.0
23,-43.5
24,-40.0
25,-39.3
26,-45.4444444444
