frequency,pdr
11,-49.0
12,-51.2
13,-59.6
14,-68.2222222222
15,-51.4444444444
16,-54.4
17,-50.6
18,-48.1
19,-49.0
20,-52.6
21,-51.5
22,-55.0
23,-56.8
24,-52.8
25,-68.6
26,-58.125
