frequency,pdr
11,-67.3
12,-61.4444444444
13,-70.0
14,-66.5
15,-58.9
16,-70.1111111111
17,-60.7
18,-64.0
19,-58.8
20,-60.4
21,-75.3
22,-70.9
23,-61.0
24,-64.1
25,-67.0
26,-66.0
