frequency,pdr
11,-61.8888888889
12,-49.0
13,-50.9
14,-53.9
15,-57.1111111111
16,-67.0
17,-52.0
18,-66.0
19,-61.0
20,-50.9
21,-53.6
22,-64.0
23,-55.0
24,-65.0
25,-59.5
26,-61.125
