frequency,pdr
11,-49.0
12,-48.6666666667
13,-52.0
14,-56.9
15,-54.9
16,-64.8
17,-64.5
18,-55.1
19,-53.9
20,-58.0
21,-49.0
22,-55.2
23,-51.4
24,-58.5
25,-51.7
26,-63.4444444444
