frequency,pdr
11,-64.1111111111
12,-60.9
13,-64.0
14,-59.9
15,-62.4
16,-59.6
17,-69.1
18,-67.0
19,-64.0
20,-74.7
21,-58.6
22,-63.4
23,-59.8
24,-66.1
25,-67.0
26,-69.2222222222
