frequency,pdr
11,-59.3
12,-55.6666666667
13,-57.7
14,-51.0
15,-52.3333333333
16,-64.0
17,-55.0
18,-56.6
19,-55.6
20,-55.0
21,-55.0
22,-53.6
23,-55.6
24,-69.5
25,-53.6
26,-52.4
