frequency,pdr
11,-49.4
12,-58.8888888889
13,-46.0
14,-45.3
15,-50.1111111111
16,-55.0
17,-55.0
18,-57.8
19,-53.7
20,-51.1
21,-52.0
22,-56.0
23,-59.5
24,-48.1
25,-50.8
26,-49.0
