frequency,pdr
11,-54.8
12,-56.2222222222
13,-74.6
14,-62.0
15,-53.0
16,-49.6
17,-57.0
18,-49.1
19,-50.9
20,-51.4
21,-49.0
22,-55.1
23,-59.2
24,-52.5
25,-57.2
26,-68.1428571429
