frequency,pdr
11,-56.0
12,-60.4444444444
13,-55.0
14,-57.8
15,-58.7777777778
16,-59.1
17,-57.7
18,-62.4
19,-70.8
20,-65.1
21,-59.0
22,-64.6
23,-50.0
24,-54.3
25,-59.3
26,-56.5555555556
