frequency,pdr
11,-67.0
12,-67.0
13,-65.2
14,-65.0
15,-63.6666666667
16,-67.2222222222
17,-66.4
18,-61.6
19,-61.0
20,-63.2
21,-68.2
22,-73.1
23,-67.1
24,-61.2
25,-65.8
26,-83.2
