frequency,pdr
11,-65.3333333333
12,-52.0
13,-43.0
14,-47.5
15,-50.3
16,-65.0
17,-47.6
18,-43.0
19,-48.6
20,-43.0
21,-45.6
22,-45.1
23,-46.0
24,-43.0
25,-43.0
26,-44.8888888889
