frequency,pdr
11,-53.8
12,-60.3333333333
13,-50.6
14,-49.0
15,-45.6666666667
16,-53.7
17,-49.0
18,-55.0
19,-52.8
20,-55.0
21,-52.0
22,-54.5
23,-53.3
24,-55.0
25,-64.7
26,-69.7
