frequency,pdr
11,-65.0
12,-62.2222222222
13,-64.0
14,-70.9
15,-63.3333333333
16,-73.3333333333
17,-67.0
18,-65.5
19,-59.9
20,-65.2
21,-70.8
22,-67.0
23,-66.2
24,-67.9
25,-70.7
26,-64.0
