frequency,pdr
11,-55.6
12,-55.0
13,-57.8
14,-71.3333333333
15,-64.0
16,-62.1
17,-71.1
18,-71.3
19,-63.2
20,-61.0
21,-62.6
22,-73.0
23,-63.2
24,-74.9
25,-62.1
26,-64.4444444444
