frequency,pdr
11,-59.0
12,-57.2
13,-59.9
14,-57.8
15,-55.2222222222
16,-52.0
17,-55.8
18,-65.2
19,-56.4
20,-52.0
21,-55.5
22,-55.0
23,-55.1
24,-67.6
25,-52.7
26,-56.2222222222
