frequency,pdr
11,-63.1
12,-64.7777777778
13,-49.0
14,-57.9
15,-59.4444444444
16,-63.2222222222
17,-49.0
18,-58.4
19,-55.9
20,-47.3
21,-47.3
22,-50.9
23,-49.0
24,-48.6
25,-55.0
26,-52.0
