frequency,pdr
11,-49.0
12,-49.2
13,-54.6
14,-64.3
15,-50.7777777778
16,-52.6
17,-57.6
18,-57.7
19,-49.0
20,-46.9
21,-63.9
22,-68.4
23,-49.7
24,-59.8
25,-49.9
26,-52.1111111111
