frequency,pdr
11,-61.4
12,-52.3
13,-58.5
14,-55.0
15,-51.2222222222
16,-56.6666666667
17,-57.1
18,-55.5
19,-55.0
20,-55.0
21,-59.5
22,-55.0
23,-52.0
24,-55.0
25,-55.0
26,-52.2222222222
