frequency,pdr
11,-54.3
12,-46.0
13,-47.4
14,-51.9
15,-53.2222222222
16,-43.0
17,-47.3
18,-46.2
19,-48.3
20,-46.1
21,-44.9
22,-52.3
23,-48.6
24,-49.0
25,-52.0
26,-50.1428571429
