frequency,pdr
11,-62.8
12,-57.8888888889
13,-61.1
14,-58.7
15,-68.4444444444
16,-62.7777777778
17,-60.1
18,-61.1
19,-64.6
20,-55.0
21,-59.1
22,-66.3
23,-71.3
24,-73.9
25,-62.6
26,-67.0
