frequency,pdr
11,-55.0
12,-62.5555555556
13,-62.7
14,-55.0
15,-63.3333333333
16,-49.4
17,-49.4
18,-55.0
19,-58.0
20,-53.4
21,-57.4
22,-66.9
23,-56.2
24,-60.0
25,-53.6
26,-49.0
