frequency,pdr
11,-69.2
12,-61.0
13,-63.1111111111
14,-64.2
15,-64.0
16,-66.3
17,-70.7
18,-65.5
19,-66.0
20,-58.0
21,-63.9
22,-71.2
23,-73.2222222222
24,-67.0
25,-78.1
26,-76.0
