frequency,pdr
11,-70.2222222222
12,-67.7777777778
13,-81.0
14,-73.2222222222
15,-73.0
16,-69.2
17,-69.3
18,-82.4
19,-70.1
20,-69.2
21,-64.0
22,-67.0
23,-67.0
24,-72.5
25,-68.4
26,-61.3
