frequency,pdr
11,-61.9
12,-66.9090909091
13,-66.9
14,-70.0
15,-68.3636363636
16,-63.6
17,-67.5
18,-72.8
19,-62.3
20,-60.8
21,-67.0
22,-66.4
23,-71.4444444444
24,-69.5
25,-71.5
26,-66.3
