frequency,pdr
11,-69.5555555556
12,-64.0
13,-68.7777777778
14,-77.7777777778
15,-64.7
16,-64.0
17,-72.8
18,-69.1
19,-68.4
20,-61.0
21,-66.7
22,-59.7
23,-66.9
24,-67.0
25,-76.5
26,-74.8
