frequency,pdr
11,-69.5555555556
12,-67.0
13,-67.0
14,-65.6
15,-64.3
16,-67.0
17,-65.8
18,-68.1
19,-68.9
20,-69.8
21,-67.0
22,-73.0
23,-67.2222222222
24,-67.0
25,-66.5
26,-68.1
