frequency,pdr
11,-62.7777777778
12,-73.1
13,-76.3333333333
14,-63.8
15,-58.0
16,-63.6
17,-75.1
18,-61.0
19,-61.0
20,-58.0
21,-67.0
22,-62.0
23,-62.1111111111
24,-62.4
25,-67.8
26,-63.0
