frequency,pdr
11,-67.2222222222
12,-72.2222222222
13,-61.9
14,-64.6
15,-68.3
16,-61.0
17,-66.3
18,-73.5
19,-73.0
20,-58.4
21,-61.0
22,-68.4
23,-67.7
24,-71.6
25,-69.4
26,-68.3
