frequency,pdr
11,-59.5
12,-70.7777777778
13,-70.4444444444
14,-59.0
15,-61.0
16,-69.2
17,-64.0
18,-64.0
19,-61.0
20,-61.3
21,-61.0
22,-59.8
23,-60.1
24,-73.1
25,-65.9
26,-61.0
