frequency,pdr
11,-57.5
12,-64.1111111111
13,-66.8888888889
14,-62.6
15,-52.0
16,-49.0
17,-48.0
18,-52.0
19,-55.0
20,-60.6
21,-66.5
22,-53.2
23,-52.1
24,-49.0
25,-50.4
26,-57.6
