frequency,pdr
11,-60.9
12,-66.2222222222
13,-67.0
14,-76.5555555556
15,-67.0
16,-69.9
17,-67.0
18,-64.4
19,-65.1
20,-60.7
21,-61.7
22,-67.0
23,-70.1
24,-72.4
25,-67.0
26,-67.7
