frequency,pdr
11,-55.0
12,-60.8888888889
13,-69.2222222222
14,-63.2
15,-69.8
16,-61.7
17,-58.0
18,-73.9
19,-74.0
20,-80.1
21,-69.2
22,-72.2
23,-65.6
24,-58.0
25,-63.8
26,-65.7
