frequency,pdr
11,-63.4444444444
12,-70.9090909091
13,-73.0
14,-81.8888888889
15,-72.2
16,-67.0
17,-61.0
18,-70.4
19,-65.7
20,-64.9
21,-61.0
22,-61.0
23,-64.1
24,-59.2
25,-61.1
26,-66.7
