frequency,pdr
11,-62.6
12,-63.2222222222
13,-60.3333333333
14,-58.0
15,-61.8
16,-62.7
17,-72.9
18,-64.0
19,-66.6
20,-63.8
21,-66.2
22,-61.0
23,-62.5
24,-61.5
25,-68.0
26,-65.1
