frequency,pdr
11,-67.3
12,-64.2
13,-69.8888888889
14,-78.4444444444
15,-64.0
16,-75.4
17,-61.9
18,-70.0
19,-64.1
20,-68.3
21,-68.9
22,-73.1
23,-63.7
24,-66.0
25,-65.1
26,-77.4
