frequency,pdr
11,-58.4
12,-62.0
13,-67.0
14,-72.8888888889
15,-59.3
16,-71.5
17,-72.6
18,-61.0
19,-63.9
20,-67.0
21,-79.7
22,-61.9
23,-67.1111111111
24,-70.8
25,-72.2
26,-65.9
