frequency,pdr
11,-56.2
12,-61.0
13,-56.4444444444
14,-52.4
15,-50.1
16,-65.2
17,-55.9090909091
18,-48.5
19,-51.6
20,-55.0
21,-57.5
22,-64.0
23,-69.5555555556
24,-56.0
25,-52.0
26,-60.9
