frequency,pdr
11,-61.9
12,-65.5
13,-77.2222222222
14,-68.3333333333
15,-73.2
16,-73.9
17,-72.9
18,-75.2
19,-65.8
20,-64.0
21,-63.0
22,-73.1
23,-68.7
24,-67.0
25,-64.3
26,-67.1
