frequency,pdr
11,-65.8
12,-60.3
13,-61.7777777778
14,-77.4444444444
15,-72.6
16,-69.3
17,-70.0
18,-75.2
19,-66.8
20,-75.0
21,-69.2
22,-67.0
23,-62.0
24,-61.0
25,-69.7
26,-68.3
