frequency,pdr
11,-71.7777777778
12,-74.2222222222
13,-58.0
14,-73.4
15,-74.9
16,-72.7
17,-71.5
18,-68.5
19,-61.0
20,-63.4
21,-77.5
22,-65.2
23,-65.3333333333
24,-73.6
25,-69.6
26,-58.0
