frequency,pdr
11,-70.4444444444
12,-64.0
13,-60.6666666667
14,-68.5
15,-65.4
16,-65.8
17,-58.0
18,-55.0
19,-55.6
20,-64.0
21,-66.0
22,-64.9
23,-61.0
24,-73.6
25,-76.9
26,-65.2
