frequency,pdr
11,-72.6666666667
12,-60.4444444444
13,-60.7777777778
14,-65.4
15,-64.1
16,-62.3
17,-66.4
18,-64.0
19,-66.9
20,-64.6
21,-68.6
22,-59.3
23,-69.1
24,-74.8
25,-70.2
26,-67.0
