frequency,pdr
11,-61.8
12,-59.2222222222
13,-54.8888888889
14,-56.0
15,-55.2
16,-55.0
17,-60.8
18,-65.4
19,-55.0
20,-56.0
21,-51.0
22,-59.2
23,-54.8
24,-62.0
25,-55.0
26,-54.7
