frequency,pdr
11,-62.3333333333
12,-66.0
13,-64.5
14,-67.5
15,-64.0
16,-71.5
17,-59.8
18,-68.2
19,-67.0
20,-61.4
21,-55.0
22,-62.9
23,-69.8888888889
24,-63.7
25,-60.3
26,-61.8
