frequency,pdr
11,-77.5555555556
12,-64.7
13,-67.0
14,-66.2
15,-55.4
16,-65.3
17,-70.7
18,-65.5
19,-61.0
20,-61.0
21,-69.5
22,-76.1111111111
23,-69.6
24,-73.0
25,-67.0
26,-73.7
