frequency,pdr
11,-62.9
12,-65.1111111111
13,-62.5
14,-79.7777777778
15,-79.2
16,-80.6
17,-76.4
18,-61.4
19,-64.0
20,-64.0
21,-72.6
22,-74.0
23,-67.0
24,-68.6
25,-74.1
26,-72.2
