frequency,pdr
11,-63.9
12,-69.5555555556
13,-64.1111111111
14,-73.1
15,-62.7
16,-78.8
17,-66.8
18,-71.6
19,-74.4
20,-67.6
21,-68.6
22,-62.1
23,-64.0
24,-63.8
25,-64.1
26,-62.1
