frequency,pdr
11,-69.2222222222
12,-64.0
13,-64.0
14,-79.1111111111
15,-64.9
16,-59.8
17,-61.0
18,-61.1
19,-55.0
20,-57.6
21,-68.5
22,-67.1
23,-64.3
24,-66.3
25,-64.0
26,-67.0
