frequency,pdr
11,-68.2222222222
12,-65.6666666667
13,-66.0
14,-73.8888888889
15,-69.6
16,-61.0
17,-59.8
18,-59.0
19,-72.9
20,-67.0
21,-65.3
22,-67.1
23,-66.9
24,-60.1
25,-63.5
26,-66.3
