frequency,pdr
11,-62.4444444444
12,-67.5555555556
13,-68.5555555556
14,-70.9
15,-64.0
16,-64.0
17,-60.8
18,-58.0
19,-67.8
20,-58.0
21,-59.7
22,-58.0
23,-60.0
24,-58.1
25,-69.4
26,-60.4
