frequency,pdr
11,-72.0
12,-68.1111111111
13,-69.9
14,-64.0
15,-59.8
16,-67.0
17,-64.0
18,-76.2
19,-66.7
20,-68.9
21,-64.0
22,-74.3
23,-63.6666666667
24,-61.2
25,-61.1
26,-65.1
