frequency,pdr
11,-58.4
12,-59.5454545455
13,-78.7777777778
14,-67.0
15,-65.7
16,-72.0
17,-62.8
18,-64.0
19,-71.6
20,-60.0
21,-68.4
22,-79.4
23,-67.0
24,-70.3
25,-65.4
26,-61.0
