frequency,pdr
11,-74.1111111111
12,-64.6363636364
13,-66.4444444444
14,-71.1111111111
15,-80.8
16,-61.0
17,-55.3
18,-67.3
19,-66.6
20,-58.0
21,-63.9
22,-77.3333333333
23,-58.9
24,-70.5
25,-67.0
26,-72.9
