frequency,pdr
11,-64.0909090909
12,-66.6666666667
13,-62.9
14,-64.0
15,-68.3
16,-65.3
17,-57.8
18,-60.4
19,-68.2
20,-68.4
21,-66.9
22,-60.9
23,-67.75
24,-72.2
25,-79.1
26,-61.0
