frequency,pdr
11,-68.7777777778
12,-67.1111111111
13,-67.4444444444
14,-67.3
15,-71.5
16,-61.9
17,-67.3
18,-61.0
19,-66.0
20,-74.0
21,-66.0
22,-65.1
23,-71.7
24,-71.1
25,-68.0
26,-73.1
