frequency,pdr
11,-66.2
12,-74.7777777778
13,-67.5
14,-66.6
15,-58.0
16,-61.6
17,-68.4
18,-61.5
19,-65.9
20,-56.5
21,-62.4
22,-80.6666666667
23,-61.0
24,-69.1
25,-64.0
26,-73.6
