frequency,pdr
11,-65.0
12,-74.3333333333
13,-62.0
14,-59.0
15,-74.4
16,-76.0
17,-64.0
18,-60.9
19,-77.1
20,-68.0
21,-59.4
22,-69.9
23,-69.5555555556
24,-69.8
25,-65.7
26,-66.4
