frequency,pdr
11,-67.8
12,-76.1111111111
13,-75.6
14,-70.1
15,-77.7
16,-69.4
17,-74.8
18,-68.6
19,-64.0
20,-70.8181818182
21,-66.2
22,-67.0
23,-67.0
24,-67.7
25,-68.5
26,-68.4
