frequency,pdr
11,-62.9
12,-67.1
13,-65.3
14,-71.5555555556
15,-67.7272727273
16,-69.1
17,-64.5
18,-66.6
19,-67.0
20,-66.9
21,-70.2
22,-68.7
23,-66.9
24,-66.1
25,-59.0
26,-66.1
