frequency,pdr
11,-66.4444444444
12,-55.4
13,-67.2222222222
14,-61.0
15,-70.7
16,-64.5
17,-59.9
18,-63.1
19,-63.0
20,-78.2
21,-62.0
22,-63.9
23,-58.0
24,-63.2
25,-63.1
26,-59.7
