frequency,pdr
11,-61.1111111111
12,-55.0
13,-71.7777777778
14,-57.8
15,-64.8
16,-63.2
17,-64.0
18,-67.2
19,-60.0
20,-55.0
21,-62.6
22,-55.0
23,-59.9
24,-60.4
25,-68.7
26,-70.0
