frequency,pdr
11,-58.75
12,-59.3333333333
13,-55.0
14,-57.2
15,-59.1
16,-60.9
17,-55.0
18,-54.1111111111
19,-55.6
20,-63.9
21,-67.0
22,-59.6
23,-58.0
24,-54.2
25,-58.0
26,-61.0
