frequency,pdr
11,-49.375
12,-52.8888888889
13,-59.2
14,-68.6666666667
15,-59.0
16,-65.1111111111
17,-59.6666666667
18,-55.0
19,-52.0
20,-52.0
21,-52.0
22,-56.0
23,-55.0
24,-55.0
25,-55.0
26,-55.0
