frequency,pdr
11,-68.0
12,-66.7
13,-64.0
14,-61.0
15,-59.0
16,-61.5714285714
17,-63.1666666667
18,-67.0
19,-65.875
20,-60.0
21,-58.0
22,-58.0
23,-56.0
24,-58.0
25,-56.3
26,-55.0
