frequency,pdr
11,-66.1
12,-70.0
13,-78.6666666667
14,-73.375
15,-67.0
16,-67.375
17,-71.3333333333
18,-72.5
19,-76.0
20,-74.2
21,-74.7
22,-70.0
23,-73.6
24,-79.0
25,-73.0
26,-70.0
