frequency,pdr
11,-64.0
12,-64.4
13,-70.8888888889
14,-69.4444444444
15,-65.1
16,-66.5
17,-68.4
18,-74.25
19,-79.625
20,-73.0
21,-73.0
22,-73.0
23,-73.2
24,-74.7
25,-71.0
26,-70.0
