frequency,pdr
11,-66.875
12,-60.0
13,-55.0
14,-55.0
15,-52.0
16,-54.9
17,-59.4
18,-71.25
19,-63.6363636364
20,-55.0
21,-55.0
22,-56.2727272727
23,-58.8
24,-64.9
25,-74.1
26,-61.6
