frequency,pdr
11,-64.0
12,-58.0
13,-55.0
14,-55.0
15,-59.0
16,-67.0
17,-59.5714285714
18,-56.0
19,-57.3333333333
20,-60.0
21,-58.0
22,-58.7
23,-64.0
24,-71.9
25,-68.0
26,-66.5
