frequency,pdr
11,-52.0
12,-56.6666666667
13,-55.0
14,-52.0
15,-53.9
16,-55.6
17,-60.7777777778
18,-61.0
19,-64.0
20,-65.7
21,-64.0
22,-62.3
23,-61.4
24,-67.0
25,-67.0
26,-61.0
