frequency,pdr
11,-81.125
12,-65.0
13,-66.9
14,-70.4444444444
15,-72.1
16,-70.7142857143
17,-61.0
18,-60.0
19,-68.25
20,-62.0
21,-58.0
22,-58.0
23,-60.6
24,-59.1
25,-61.2
26,-61.0
