frequency,pdr
11,-69.2222222222
12,-72.2
13,-67.6666666667
14,-66.8888888889
15,-63.2
16,-63.0
17,-65.5
18,-70.875
19,-74.5
20,-64.5
21,-64.0
22,-64.5
23,-66.7
24,-69.3
25,-67.2
26,-67.0
