frequency,pdr
11,-63.6666666667
12,-59.5555555556
13,-55.2
14,-52.3
15,-58.0
16,-58.0
17,-58.5555555556
18,-65.2222222222
19,-58.0
20,-58.0
21,-55.6
22,-58.0
23,-65.5
24,-70.0
25,-62.8
26,-61.0
