frequency,pdr
11,-85.0
12,-74.1111111111
13,-70.6
14,-69.9
15,-70.0
16,-70.0
17,-70.0
18,-70.0
19,-73.0
20,-77.8888888889
21,-75.5454545455
22,-70.0
23,-69.0
24,-74.7
25,-79.0
26,-70.0
