frequency,pdr
11,-67.0
12,-60.5555555556
13,-58.0
14,-58.3
15,-63.7
16,-55.8888888889
17,-54.7142857143
18,-58.0
19,-60.25
20,-55.0
21,-55.0
22,-55.0
23,-59.0
24,-55.0
25,-55.0
26,-58.0
