frequency,pdr
11,-55.0
12,-57.2222222222
13,-64.3
14,-61.0
15,-59.9
16,-63.7142857143
17,-67.0
18,-61.375
19,-67.0
20,-61.0
21,-61.0
22,-64.0
23,-67.0
24,-83.5555555556
25,-67.1
26,-69.6
