frequency,pdr
11,-62.9
12,-64.8888888889
13,-66.6
14,-60.4
15,-60.5
16,-72.875
17,-62.6
18,-64.0
19,-60.75
20,-61.0
21,-64.1
22,-66.9
23,-77.4444444444
24,-66.6
25,-64.0
26,-64.0
