frequency,pdr
11,-65.0
12,-74.2222222222
13,-66.6
14,-64.5
15,-71.5
16,-87.0
17,-74.3333333333
18,-73.625
19,-72.375
20,-75.5
21,-79.0
22,-69.9
23,-70.0
24,-67.0
25,-67.0
26,-74.4
