frequency,pdr
11,-52.1
12,-53.2
13,-56.8
14,-55.0
15,-55.2
16,-61.0
17,-57.4285714286
18,-62.4444444444
19,-63.3
20,-65.9
21,-55.0
22,-52.7
23,-55.0
24,-55.0
25,-53.4
26,-54.9
