frequency,pdr
11,-58.0
12,-56.8888888889
13,-63.8
14,-70.0
15,-73.0
16,-64.0
17,-67.1666666667
18,-65.0
19,-63.7777777778
20,-67.3
21,-61.0
22,-64.0
23,-66.8
24,-67.2
25,-67.0
26,-62.2
