frequency,pdr
11,-50.8
12,-55.9
13,-62.1
14,-68.1111111111
15,-67.0
16,-58.4
17,-56.5555555556
18,-54.1
19,-53.6
20,-55.0
21,-55.0
22,-55.0
23,-53.8
24,-52.7
25,-51.4
26,-49.5
