frequency,pdr
11,-54.7777777778
12,-56.7777777778
13,-64.0
14,-63.1
15,-61.0
16,-55.0
17,-57.625
18,-61.0
19,-58.375
20,-53.4
21,-52.0
22,-52.0
23,-58.0
24,-55.5
25,-52.0
26,-56.5
