frequency,pdr
11,-88.0
12,-90.8571428571
13,-89.8888888889
14,-87.0
15,-85.5
16,-85.7
17,-85.4
18,-85.0
19,-85.5
20,-86.0
21,-86.6
22,-86.4444444444
23,-89.0
24,-90.2
25,-90.7
26,-91.0
