frequency,pdr
11,-82.0
12,-86.5555555556
13,-88.2222222222
14,-87.0
15,-85.0
16,-83.0
17,-82.0
18,-82.0
19,-82.1
20,-84.0
21,-86.875
22,-85.0
23,-88.0
24,-89.8
25,-91.0
26,-91.0
