frequency,pdr
15,-90.0
16,-87.4
17,-85.8888888889
18,-85.1
19,-85.6
20,-87.0
21,-87.0
22,-88.4
23,-89.5714285714
25,-89.9
26,-87.8181818182
