frequency,pdr
11,-84.7
12,-85.4
13,-83.0
14,-82.2
15,-83.0
16,-85.1
17,-87.9
18,-87.6
19,-88.9
20,-90.0
21,-90.7777777778
23,-87.3333333333
24,-88.0
25,-90.1
26,-91.0
