frequency,pdr
11,-83.2
12,-83.0
13,-86.6
14,-88.0
15,-86.7272727273
16,-86.0
17,-88.8
18,-91.0
20,-90.9
21,-88.0
22,-87.6666666667
23,-86.7777777778
24,-86.0
25,-88.2
26,-91.0
