frequency,pdr
11,-70.0
12,-70.0
13,-72.8888888889
14,-73.4
15,-67.1
16,-67.0
17,-66.6666666667
18,-66.5555555556
19,-67.0
20,-67.0
21,-70.0
22,-70.0
23,-73.0
24,-73.0
25,-70.2
26,-70.0
