frequency,pdr
11,-61.5714285714
12,-54.75
13,-51.8888888889
14,-52.0
15,-49.0
16,-49.0
17,-47.5
18,-46.0
19,-45.0
20,-43.3
21,-46.0
22,-53.1
23,-53.0
24,-52.0
25,-54.2727272727
26,-52.0
