frequency,pdr
11,-71.3
12,-66.7
13,-65.9
14,-73.875
15,-74.6666666667
16,-74.0
17,-78.8888888889
18,-71.6666666667
19,-67.0
20,-69.3333333333
21,-81.1
22,-70.9
23,-73.0
24,-82.4
25,-74.5
26,-74.9
