frequency,pdr
11,-59.2857142857
12,-63.25
13,-57.7777777778
14,-60.0
15,-62.0
16,-69.2
17,-63.9
18,-60.0
19,-64.7
20,-70.0
21,-61.0
22,-57.0
23,-58.0
24,-58.0
25,-61.0
26,-71.5
