frequency,pdr
11,-73.1111111111
12,-70.2222222222
13,-73.5
14,-72.7
15,-73.0
16,-70.125
17,-72.3333333333
18,-76.5555555556
19,-77.7
20,-79.1
21,-84.0
22,-82.0
23,-76.0
24,-77.4
25,-74.5
26,-73.0
