frequency,pdr
11,-61.2222222222
12,-57.5555555556
13,-57.5555555556
14,-55.9
15,-55.0
16,-56.1111111111
17,-57.3333333333
18,-54.4
19,-52.0
20,-50.9
21,-53.1
22,-55.0
23,-55.0
24,-55.0
25,-54.9
26,-55.0
