frequency,pdr
11,-60.8571428571
12,-67.0
13,-66.5555555556
14,-61.0
15,-65.1
16,-68.0
17,-61.0
18,-61.7777777778
19,-64.0
20,-58.2
21,-58.0
22,-55.0
23,-53.7
24,-53.3
25,-52.0
26,-52.0
