frequency,pdr
11,-84.0
12,-82.0
13,-79.0
14,-76.0
15,-82.0
16,-83.0
17,-89.0
18,-89.7777777778
19,-73.1111111111
20,-73.0
21,-76.0
22,-78.5
23,-76.0
24,-73.0
25,-73.0
26,-76.0
