frequency,pdr
11,-61.5
12,-61.625
13,-57.6666666667
14,-55.9
15,-58.0
16,-63.4444444444
17,-69.4
18,-77.2222222222
19,-71.3
20,-67.0
21,-65.1
22,-60.8
23,-61.6
24,-61.9
25,-59.0
26,-61.0
