frequency,pdr
11,-50.8
12,-50.0
13,-50.3
14,-52.0
15,-55.0
16,-63.625
17,-63.7142857143
18,-59.7777777778
19,-58.0
20,-62.7777777778
21,-65.0
22,-63.3
23,-59.0
24,-58.0
25,-55.0
26,-54.4
