frequency,pdr
11,-63.2222222222
12,-67.7777777778
13,-70.0
14,-67.0
15,-74.0
16,-73.0
17,-70.4
18,-74.0
19,-83.7777777778
20,-81.8888888889
21,-73.9
22,-67.5
23,-64.0
24,-64.0
25,-66.0
26,-64.0
