frequency,pdr
11,-55.1428571429
12,-52.0
13,-51.8888888889
14,-52.0
15,-52.0
16,-53.8888888889
17,-58.0
18,-66.2222222222
19,-64.0
20,-58.0
21,-58.0
22,-53.0
23,-52.0
24,-52.9
25,-52.0
26,-50.9
