frequency,pdr
11,-52.0
12,-50.6666666667
13,-49.0
14,-51.8
15,-53.9
16,-55.0
17,-55.0
18,-52.0
19,-54.6363636364
20,-56.8
21,-62.7
22,-67.0
23,-64.4
24,-58.0
25,-58.0
26,-59.9
