frequency,pdr
11,-67.0
12,-65.125
13,-64.0
14,-78.1
15,-67.2727272727
16,-63.0
17,-64.0
18,-70.0
19,-83.8888888889
20,-79.4
21,-73.0
22,-85.0
23,-67.0
24,-65.0
25,-67.0
26,-71.8
