frequency,pdr
11,-61.2
12,-67.0
13,-60.75
14,-63.2
15,-68.0
16,-68.2222222222
17,-64.0
18,-63.5555555556
19,-61.0
20,-61.0
21,-62.6
22,-67.2
23,-70.5
24,-79.8
25,-71.7
26,-63.7
