frequency,pdr
11,-70.5
12,-72.3333333333
13,-73.25
14,-76.0
15,-73.0
16,-70.0
17,-71.7
18,-71.4
19,-72.1818181818
20,-70.1
21,-70.0
22,-70.0
23,-70.6
24,-70.0
25,-68.8
26,-68.0
