frequency,pdr
11,-69.6666666667
12,-70.0
13,-70.0
14,-74.6666666667
15,-76.1
16,-79.0
17,-77.5
18,-77.0
19,-79.0
20,-83.0
21,-85.1
22,-88.8333333333
23,-84.8571428571
24,-79.0
25,-79.0
26,-78.2727272727
