frequency,pdr
11,-88.4285714286
12,-91.0
13,-91.0
14,-86.4444444444
15,-85.4
16,-85.0
17,-85.0
18,-83.8
19,-84.5
20,-86.0
21,-85.0
22,-86.5555555556
23,-88.1
24,-84.1
25,-83.4
26,-83.0
