frequency,pdr
11,-88.1428571429
12,-89.8888888889
13,-89.0
14,-87.875
15,-86.0
16,-88.1
17,-91.0
18,-91.0
19,-91.0
20,-90.2
21,-89.5
22,-89.25
23,-91.0
24,-90.0
25,-90.0
26,-91.0
