frequency,pdr
11,-86.1111111111
12,-88.375
13,-88.25
14,-87.6666666667
15,-83.6
16,-81.9
17,-81.2
18,-83.8
19,-86.9
20,-90.1
21,-91.0
22,-87.3
23,-84.0
24,-82.3
25,-83.4
26,-84.1
