frequency,pdr
11,-57.8
12,-60.4444444444
13,-57.7777777778
14,-51.0
15,-49.0
16,-57.7
17,-55.0
18,-50.0
19,-45.7
20,-44.2
21,-43.0
22,-46.3
23,-45.2
24,-53.6
25,-45.7
26,-45.5
