frequency,pdr
11,-60.9
12,-61.1111111111
13,-59.5555555556
14,-69.0
15,-58.0
16,-71.8
17,-73.0
18,-55.0
19,-70.7
20,-55.0
21,-56.0
22,-55.6
23,-61.7
24,-67.3
25,-57.4
26,-59.4
