frequency,pdr
11,-51.2
12,-55.0
13,-52.1111111111
14,-52.7
15,-58.5555555556
16,-60.0
17,-57.9
18,-71.1
19,-57.7
20,-61.0
21,-55.4
22,-51.7
23,-50.3
24,-50.6
25,-52.1
26,-60.0
