frequency,pdr
11,-70.9
12,-74.0909090909
13,-67.6
14,-58.0
15,-59.3333333333
16,-70.5
17,-55.1
18,-58.0
19,-61.0
20,-69.5
21,-65.0
22,-61.0
23,-64.0
24,-65.7
25,-61.0
26,-64.8
