frequency,pdr
11,-56.3
12,-65.8888888889
13,-54.5
14,-58.0
15,-62.3333333333
16,-48.8
17,-44.6
18,-45.5
19,-43.0
20,-43.0
21,-46.0
22,-52.8
23,-55.2
24,-51.9
25,-56.0
26,-51.8
