frequency,pdr
11,-52.6
12,-61.6666666667
13,-72.6666666667
14,-53.2
15,-45.8
16,-46.0
17,-52.0
18,-49.0
19,-49.2
20,-50.4
21,-46.7
22,-45.3
23,-49.1
24,-46.7
25,-49.1
26,-65.4
