frequency,pdr
11,-64.3333333333
12,-57.6666666667
13,-61.6666666667
14,-59.9
15,-64.1
16,-59.4
17,-66.8
18,-58.0
19,-62.4
20,-64.0
21,-64.0
22,-65.5
23,-61.5
24,-60.4
25,-60.3
26,-72.2
