frequency,pdr
11,-49.0
12,-55.1111111111
13,-48.8888888889
14,-48.6
15,-45.0
16,-43.0
17,-50.7
18,-45.6
19,-49.0
20,-51.9090909091
21,-48.4
22,-67.0
23,-56.2
24,-55.0
25,-52.3
26,-48.5
