frequency,pdr
11,-40.0
12,-43.0
13,-42.7
14,-42.1
15,-42.2
16,-45.1818181818
17,-41.6
18,-43.0
19,-40.0
20,-41.4545454545
21,-42.5
22,-40.0
23,-40.0
24,-42.0
25,-43.1
26,-41.0
