frequency,pdr
11,-49.5
12,-64.6666666667
13,-52.7
14,-53.2
15,-61.7777777778
16,-51.5
17,-55.0
18,-55.0
19,-49.0
20,-50.9
21,-49.1
22,-49.0
23,-59.0
24,-55.6
25,-49.0
26,-49.0
