frequency,pdr
11,-66.4
12,-72.0
13,-72.1111111111
14,-67.0
15,-63.4444444444
16,-64.3
17,-66.6
18,-55.4
19,-65.8
20,-67.0
21,-72.7
22,-58.0
23,-64.4
24,-66.5
25,-61.3
26,-67.0
