frequency,pdr
11,-58.2
12,-66.9
13,-67.5555555556
14,-67.0
15,-60.7272727273
16,-61.0
17,-64.4
18,-55.0
19,-58.0
20,-55.0
21,-66.7
22,-67.0
23,-68.0
24,-64.8
25,-67.6
26,-76.3
