frequency,pdr
11,-57.7
12,-60.6666666667
13,-58.2222222222
14,-59.7
15,-71.6666666667
16,-55.0
17,-57.3
18,-64.1
19,-63.1
20,-61.9
21,-66.7
22,-68.5
23,-61.0
24,-65.7
25,-60.8
26,-58.1
