frequency,pdr
11,-69.5
12,-60.8888888889
13,-61.0
14,-67.0
15,-61.2222222222
16,-58.8
17,-61.0
18,-56.6
19,-65.5
20,-63.1
21,-67.3
22,-55.0
23,-68.0
24,-61.0
25,-59.2
26,-59.4
