frequency,pdr
11,-50.2
12,-56.4444444444
13,-54.4
14,-59.1
15,-61.3333333333
16,-59.4
17,-51.6
18,-46.0
19,-54.7
20,-57.1
21,-53.5
22,-45.4
23,-45.7
24,-51.4
25,-56.5
26,-58.0
