frequency,pdr
11,-49.0
12,-64.0909090909
13,-51.5555555556
14,-49.2
15,-60.9
16,-51.6
17,-49.2
18,-54.2
19,-49.0
20,-51.2
21,-52.0
22,-52.0
23,-61.0
24,-58.0
25,-52.0
26,-61.5
