frequency,pdr
11,-64.4
12,-60.4444444444
13,-64.0
14,-64.0
15,-66.8888888889
16,-55.9
17,-55.6
18,-62.9
19,-61.9
20,-59.3
21,-61.0
22,-58.3
23,-56.5
24,-66.0
25,-73.7
26,-62.4
