frequency,pdr
11,-64.0
12,-72.0909090909
13,-62.0
14,-66.2
15,-67.4
16,-68.5
17,-62.9
18,-63.7272727273
19,-74.5
20,-65.9
21,-69.9
22,-72.8
23,-70.0
24,-77.4444444444
25,-55.0
26,-60.0
