frequency,pdr
11,-58.0
12,-61.4
13,-74.3333333333
14,-66.0
15,-58.3636363636
16,-63.0
17,-65.4
18,-70.0
19,-72.6
20,-67.0
21,-63.0
22,-67.0
23,-66.0
24,-68.3
25,-79.6
26,-61.7
