frequency,pdr
11,-69.7777777778
12,-62.5555555556
13,-61.0
14,-60.6
15,-67.7777777778
16,-59.2
17,-65.7
18,-63.8
19,-64.0
20,-68.2
21,-65.5
22,-64.0
23,-59.8
24,-62.6
25,-71.3
26,-62.2
