frequency,pdr
11,-59.4444444444
12,-55.0
13,-53.0
14,-62.4
15,-66.1111111111
16,-58.0
17,-66.9
18,-57.1
19,-64.1
20,-56.7
21,-58.0
22,-55.0
23,-60.6
24,-55.0
25,-71.0
26,-71.2
