frequency,pdr
11,-50.9
12,-54.9
13,-56.7777777778
14,-56.8
15,-58.1
16,-55.0909090909
17,-47.5
18,-51.0
19,-65.0
20,-66.5
21,-54.9
22,-53.1
23,-58.4
24,-57.8
25,-61.9
26,-49.6
