frequency,pdr
11,-52.0
12,-51.8888888889
13,-63.2222222222
14,-66.9
15,-60.9
16,-53.4
17,-52.0
18,-52.0
19,-59.6
20,-56.9
21,-55.0
22,-52.7
23,-50.4
24,-53.0
25,-50.0
26,-55.0
