frequency,pdr
11,-54.9
12,-57.5555555556
13,-56.4444444444
14,-52.0
15,-53.2
16,-61.8
17,-67.0
18,-55.0
19,-51.9
20,-57.1
21,-65.5
22,-63.3
23,-53.6
24,-49.0
25,-53.9
26,-46.8
