frequency,pdr
11,-69.7
12,-64.9
13,-66.5555555556
14,-80.3
15,-68.4444444444
16,-63.0
17,-61.0
18,-69.0
19,-64.0
20,-66.1
21,-71.8
22,-70.3
23,-66.2
24,-71.6
25,-71.3
26,-68.4
