frequency,pdr
11,-50.7
12,-51.3333333333
13,-58.0
14,-51.9
15,-51.5555555556
16,-59.2
17,-49.3
18,-58.0
19,-50.2
20,-49.0
21,-66.2
22,-53.1
23,-49.9
24,-57.1
25,-66.0
26,-59.5
