frequency,pdr
11,-55.7
12,-63.7777777778
13,-70.0
14,-73.8888888889
15,-61.7777777778
16,-56.0
17,-64.0
18,-61.0
19,-63.2
20,-70.4
21,-55.0
22,-59.0
23,-55.0
24,-58.0
25,-62.0
26,-56.4
