frequency,pdr
11,-60.7
12,-61.0
13,-74.4444444444
14,-68.3
15,-57.4444444444
16,-63.0
17,-69.0
18,-62.0
19,-67.6
20,-67.0
21,-66.2
22,-61.0
23,-66.5
24,-61.8
25,-72.1
26,-55.0
