frequency,pdr
11,-70.4444444444
12,-61.2222222222
13,-74.1111111111
14,-70.6
15,-57.1818181818
16,-63.7
17,-66.0
18,-74.8
19,-74.8
20,-65.9
21,-66.0
22,-64.6
23,-72.5
24,-62.7
25,-64.9
26,-61.0
