frequency,pdr
11,-55.8888888889
12,-51.8888888889
13,-51.9
14,-60.5
15,-55.0
16,-61.0
17,-58.0
18,-67.6
19,-60.9
20,-57.8
21,-58.0
22,-67.1
23,-57.4
24,-63.4
25,-67.0
26,-58.0
