frequency,pdr
11,-62.7
12,-70.1111111111
13,-58.2
14,-58.0
15,-63.2727272727
16,-64.8
17,-70.7
18,-59.5
19,-61.3
20,-58.0
21,-58.8
22,-65.3
23,-58.9
24,-58.3
25,-55.0
26,-70.7
