frequency,pdr
13,-90.75
14,-87.1111111111
15,-84.5
16,-84.0
17,-83.7777777778
18,-81.9
19,-81.0
20,-80.1
21,-81.0
22,-81.7
23,-83.0
24,-85.3
25,-88.9
26,-86.1
