frequency,pdr
11,-85.2857142857
12,-91.0
13,-91.0
14,-85.2222222222
15,-85.0
16,-86.2
17,-88.2
18,-90.0
19,-91.0
20,-91.0
21,-91.0
23,-91.0
24,-89.6
25,-84.8
26,-82.0
