frequency,pdr
11,-79.1428571429
12,-80.375
13,-82.0
14,-84.4444444444
15,-87.0
16,-87.9
17,-85.1
18,-83.6
19,-82.0
20,-82.0
21,-82.0
22,-82.2
23,-84.8
24,-86.3
25,-89.1
26,-90.9
