frequency,pdr
11,-77.3636363636
12,-73.8333333333
13,-73.0
14,-73.0
15,-73.0
16,-72.0
17,-71.9
18,-73.0
19,-73.1
20,-75.0
21,-74.9
22,-74.3
23,-73.5
24,-74.0
25,-76.0
26,-76.0
