frequency,pdr
11,-69.1428571429
12,-69.0
13,-69.3333333333
14,-70.0
15,-73.0
16,-76.0
17,-80.8
18,-85.0
19,-82.0
20,-79.0
21,-76.0
22,-74.2
23,-73.0
24,-73.0
25,-76.5
26,-80.0
