frequency,pdr
11,-83.3
12,-85.1666666667
13,-87.1
14,-88.4
15,-91.0
16,-90.8888888889
17,-86.9
18,-84.9
19,-85.2
20,-88.1
21,-89.9
23,-88.0
24,-88.1
25,-88.7
26,-90.1
