frequency,pdr
11,-80.8888888889
12,-80.1666666667
13,-79.0
14,-80.4
15,-82.0
16,-85.0
17,-88.3
18,-89.9
19,-86.0
20,-82.0
21,-80.1
22,-79.1
23,-79.1
24,-79.0
25,-80.1
26,-80.9
