frequency,pdr
11,-79.0
12,-80.0909090909
13,-79.0
14,-81.9
15,-89.4
16,-91.0
17,-88.0
18,-83.3333333333
19,-81.6
20,-79.9
21,-80.6
22,-81.8571428571
23,-83.8571428571
24,-90.2
25,-91.0
26,-91.0
