frequency,pdr
11,-81.9
12,-82.0
13,-84.0
14,-85.8
15,-86.2
16,-87.3
17,-87.1
18,-85.7
19,-84.6
20,-84.1
21,-83.7777777778
22,-83.8888888889
23,-85.0
24,-85.6666666667
25,-86.1
26,-88.2
