frequency,pdr
11,-81.5
12,-80.7
13,-81.7
14,-82.5
15,-82.0
16,-82.0
17,-84.6
18,-84.8
19,-85.0
20,-87.2
21,-85.6666666667
22,-84.3333333333
23,-87.6666666667
24,-86.2222222222
25,-83.0
26,-81.0
