frequency,pdr
11,-79.0
12,-79.0
13,-79.0
14,-81.0
15,-81.0
16,-81.9
17,-83.7777777778
18,-86.6666666667
19,-85.9
20,-84.0
21,-84.5
22,-86.25
23,-88.1428571429
24,-87.2
25,-87.0
26,-86.8
