frequency,pdr
11,-87.6
12,-87.9
13,-88.9
14,-89.0
15,-89.7
16,-91.0
17,-91.0
18,-90.0
19,-89.6
20,-89.0
21,-89.8181818182
22,-88.3333333333
23,-89.8888888889
24,-91.0
25,-91.0
26,-90.4
