frequency,pdr
11,-81.7
12,-85.0
13,-79.0
14,-79.0
15,-79.0
16,-82.1
17,-88.1111111111
18,-86.0
19,-82.2
20,-81.0
21,-80.0
22,-81.8888888889
23,-85.3
25,-86.8
26,-82.7
