frequency,pdr
11,-76.0
12,-76.0
13,-77.8
14,-79.0
15,-79.8
16,-81.5
17,-83.2
18,-88.4
19,-91.0
20,-91.0
21,-90.1111111111
22,-86.8888888889
23,-88.75
24,-90.7777777778
25,-89.9
26,-90.5
