frequency,pdr
11,-86.0
12,-86.1428571429
13,-86.8571428571
14,-87.8888888889
15,-89.0
16,-89.8
17,-88.8888888889
18,-87.7
19,-88.0
20,-88.0
21,-89.0
23,-87.7777777778
24,-88.0
25,-89.0
26,-90.4
