frequency,pdr
12,-91.0
13,-90.1
14,-89.3
15,-89.0
16,-88.2
17,-87.9
18,-88.0
19,-88.0
20,-88.8
21,-90.0
22,-88.3333333333
23,-91.0
24,-90.7777777778
25,-91.0
26,-91.0
