frequency,pdr
11,-46.2
12,-52.1111111111
13,-50.5
14,-50.6
15,-49.7
16,-43.6
17,-49.0
18,-55.0
19,-55.0
20,-54.0
21,-50.0
22,-52.8
23,-62.0
24,-52.9
25,-46.0
26,-50.6363636364
