frequency,pdr
11,-59.9
12,-65.8888888889
13,-58.2
14,-57.2
15,-50.9
16,-46.0
17,-47.9090909091
18,-55.0
19,-59.2
20,-53.3
21,-46.0
22,-52.0
23,-50.7
24,-50.0
25,-54.1
26,-53.8
