frequency,pdr
11,-71.2222222222
12,-55.0
13,-55.3
14,-54.0
15,-62.2
16,-53.5
17,-54.0
18,-62.0
19,-52.6
20,-55.0909090909
21,-55.0
22,-66.0
23,-74.5
24,-59.4
25,-65.6
26,-55.0
