frequency,pdr
11,-61.4444444444
12,-62.2222222222
13,-58.0
14,-52.9
15,-62.4
16,-46.3
17,-47.7
18,-51.9
19,-54.8
20,-64.7
21,-55.6
22,-61.5
23,-54.0
24,-58.0
25,-61.0
26,-52.9
