frequency,pdr
11,-61.0
12,-66.1111111111
13,-76.1
14,-67.7
15,-68.6
16,-64.0
17,-67.6
18,-55.7
19,-55.0
20,-59.4
21,-63.4
22,-61.0
23,-76.2222222222
24,-73.1
25,-66.8
26,-61.7
