frequency,pdr
11,-65.8888888889
12,-64.3333333333
13,-57.7
14,-55.6
15,-59.3
16,-55.4
17,-63.4
18,-65.4
19,-65.8
20,-72.1
21,-55.0
22,-66.9
23,-55.0
24,-56.4
25,-64.0
26,-64.0
