frequency,pdr
11,-50.8
12,-49.0
13,-48.8888888889
14,-49.0
15,-49.8
16,-52.0
17,-50.8888888889
18,-49.0
19,-47.1
20,-49.8
21,-49.0
22,-51.9
23,-52.2
24,-68.1
25,-58.7
26,-66.3
