frequency,pdr
11,-63.7272727273
12,-63.3
13,-69.0
14,-67.0
15,-72.3
16,-73.7777777778
17,-67.1111111111
18,-66.0
19,-67.0
20,-66.0
21,-67.0
22,-63.8
23,-62.6
24,-67.0
25,-63.9
26,-61.0
