frequency,pdr
11,-55.0
12,-55.0
13,-60.8571428571
14,-55.0
15,-52.7
16,-54.0
17,-55.7777777778
18,-58.5
19,-55.6
20,-55.0
21,-50.1
22,-49.2
23,-50.1
24,-55.0
25,-61.0
26,-59.0
