frequency,pdr
11,-55.0
12,-56.5
13,-73.2
14,-56.4444444444
15,-52.0
16,-56.5
17,-57.7777777778
18,-49.0
19,-47.0
20,-49.0
21,-52.0
22,-55.0
23,-55.0
24,-55.0
25,-55.0
26,-59.4
