frequency,pdr
11,-58.0
12,-55.0
13,-49.0
14,-48.1
15,-48.5
16,-51.7
17,-63.2222222222
18,-61.7777777778
19,-60.5555555556
20,-58.0
21,-61.0
22,-61.0
23,-70.0
24,-67.0
25,-58.0
26,-54.0
