frequency,pdr
11,-58.2
12,-55.3333333333
13,-66.6666666667
14,-66.4444444444
15,-58.0
16,-54.0
17,-53.7
18,-54.9
19,-58.0
20,-58.0
21,-55.0
22,-57.7
23,-52.2
24,-51.6
25,-52.0
26,-55.7
