frequency,pdr
11,-46.0
12,-48.8
13,-54.1111111111
14,-59.3333333333
15,-64.0
16,-67.0
17,-57.5555555556
18,-60.3
19,-54.9
20,-50.0
21,-51.0
22,-52.1
23,-55.0
24,-63.8
25,-61.0
26,-58.0
