frequency,pdr
11,-76.6
12,-77.6666666667
13,-67.0
14,-67.0
15,-67.0
16,-67.0
17,-66.6666666667
18,-67.0
19,-69.375
20,-69.3
21,-67.0
22,-64.0
23,-60.0
24,-63.1
25,-67.0
26,-64.3
