frequency,pdr
11,-67.7
12,-69.1666666667
13,-72.6666666667
14,-67.0
15,-67.0
16,-61.0
17,-55.3333333333
18,-58.0
19,-60.8888888889
20,-66.6
21,-67.0
22,-63.9
23,-68.7
24,-64.0
25,-64.0
26,-71.1
