frequency,pdr
11,-64.0
12,-57.5714285714
13,-54.7142857143
14,-49.5555555556
15,-46.0
16,-44.8
17,-48.1
18,-55.0
19,-54.9
20,-52.0
21,-51.0
22,-48.4
23,-47.6
24,-52.0
25,-61.6
26,-53.3
