frequency,pdr
11,-65.9
12,-62.7777777778
13,-74.1428571429
14,-67.0
15,-64.0
16,-63.5555555556
17,-63.8
18,-58.0
19,-57.5555555556
20,-59.2
21,-67.0
22,-65.9
23,-63.2
24,-61.0
25,-62.6
26,-67.0
