frequency,pdr
11,-90.4285714286
12,-91.0
13,-91.0
14,-91.0
15,-91.0
16,-91.0
17,-91.0
18,-91.0
19,-91.0
20,-89.2
21,-85.4
22,-85.7142857143
23,-88.2222222222
24,-86.9
25,-88.3
26,-91.0
