frequency,pdr
11,-64.0
12,-64.8888888889
13,-67.8888888889
14,-72.5714285714
15,-81.8
16,-84.4444444444
17,-72.3
18,-70.6
19,-78.3
20,-79.9
21,-69.4
22,-66.875
23,-69.6666666667
24,-73.4
25,-72.8
26,-68.9
