frequency,pdr
13,-91.0
14,-91.0
15,-91.0
16,-91.0
20,-91.0
21,-91.0
22,-87.3333333333
23,-87.6666666667
24,-90.3
25,-91.0
26,-91.0
