frequency,pdr
13,-89.1666666667
14,-84.1
15,-82.1
16,-81.125
17,-80.1111111111
18,-79.0
19,-79.0
20,-79.0
21,-81.3
22,-82.6666666667
23,-90.375
24,-91.0
25,-91.0
26,-91.0
