frequency,pdr
11,-57.4
12,-61.7
13,-66.5
14,-69.8
15,-62.4
16,-58.3
17,-59.6
18,-63.3
19,-61.0
20,-61.0
21,-63.7777777778
22,-67.0
23,-63.6666666667
24,-62.4
25,-62.3
26,-58.1
