frequency,pdr
11,-90.0
12,-90.3
13,-89.9
14,-87.8
15,-87.2
16,-87.5
17,-88.7777777778
18,-89.625
19,-89.4
20,-89.1
21,-88.5
22,-87.0
23,-89.5555555556
24,-91.0
25,-91.0
26,-91.0
