frequency,pdr
11,-61.5555555556
12,-61.0
13,-63.7
14,-61.8
15,-61.0
16,-61.5
17,-67.0
18,-67.0
19,-61.6
20,-61.0
21,-62.6
22,-64.1
23,-65.0
24,-83.2222222222
25,-67.0
26,-66.0
