frequency,pdr
11,-90.25
12,-90.6
13,-91.0
14,-91.0
15,-91.0
16,-91.0
17,-90.5714285714
18,-91.0
19,-91.0
20,-90.6666666667
21,-91.0
22,-91.0
23,-90.8333333333
24,-89.375
25,-91.0
26,-91.0
