frequency,pdr
11,-90.2857142857
12,-90.9
13,-91.0
14,-91.0
15,-91.0
16,-85.2
17,-82.3
18,-82.1
19,-83.1
20,-87.7
21,-91.0
22,-88.0
23,-86.5714285714
24,-86.7
25,-86.3
26,-84.6
