frequency,pdr
11,-56.3
12,-57.2222222222
13,-52.2222222222
14,-48.9
15,-50.3
16,-48.3
17,-49.0
18,-48.4
19,-57.6
20,-47.6
21,-49.9
22,-53.4
23,-57.7
24,-61.0
25,-51.8
26,-52.6
