frequency,pdr
11,-56.0909090909
12,-67.2222222222
13,-51.4
14,-55.0
15,-49.0
16,-47.2
17,-52.8
18,-55.0
19,-55.9
20,-51.1
21,-49.3
22,-51.0
23,-53.5
24,-66.6
25,-55.1111111111
26,-46.0
