frequency,pdr
11,-51.1
12,-57.8888888889
13,-54.7
14,-58.9
15,-52.1
16,-51.7
17,-50.8
18,-59.8
19,-58.9
20,-56.4
21,-52.0
22,-49.0
23,-64.1111111111
24,-53.5
25,-52.5
26,-54.7
