frequency,pdr
11,-49.0
12,-51.5555555556
13,-52.8888888889
14,-52.9
15,-48.0
16,-49.0
17,-46.0
18,-49.0
19,-47.5
20,-59.1
21,-49.0
22,-52.6
23,-48.0
24,-46.0
25,-50.3
26,-48.8
