frequency,pdr
11,-64.0
12,-61.5555555556
13,-55.3333333333
14,-54.1
15,-62.1
16,-60.5
17,-68.5
18,-64.9
19,-55.0
20,-62.6
21,-76.7
22,-63.0
23,-64.0
24,-69.7
25,-69.6666666667
26,-72.9
