frequency,pdr
11,-58.0
12,-60.8888888889
13,-55.2222222222
14,-61.0
15,-59.5
16,-54.6
17,-55.1
18,-59.1
19,-56.9
20,-55.0
21,-58.1
22,-58.0
23,-55.0
24,-62.3
25,-64.0
26,-61.0
