frequency,pdr
11,-55.5
12,-56.3333333333
13,-57.6
14,-72.3
15,-61.6
16,-62.6
17,-59.2
18,-63.6
19,-55.0
20,-61.7
21,-65.5
22,-62.7
23,-59.5
24,-65.8181818182
25,-59.3333333333
26,-58.0
