frequency,pdr
11,-56.0
12,-51.5
13,-48.0
14,-52.6
15,-58.0
16,-61.5
17,-50.7
18,-51.7
19,-55.0
20,-49.0
21,-46.0
22,-58.0
23,-64.3333333333
24,-57.5
25,-54.1111111111
26,-68.9
