frequency,pdr
11,-57.0
12,-55.9
13,-66.2222222222
14,-69.0
15,-71.7
16,-73.3
17,-64.0
18,-69.2
19,-59.8
20,-58.1
21,-69.5
22,-69.6
23,-72.6
24,-61.0
25,-69.7777777778
26,-76.6
