frequency,pdr
11,-46.0
12,-53.6
13,-46.0
14,-52.7
15,-57.7
16,-50.1
17,-44.9
18,-54.1
19,-57.6
20,-51.6
21,-52.5
22,-57.1818181818
23,-49.0
24,-46.1
25,-53.6666666667
26,-64.0
