frequency,pdr
11,-51.0
12,-52.1111111111
13,-66.25
14,-59.0
15,-53.0
16,-57.7
17,-46.1
18,-48.4
19,-52.2
20,-65.6
21,-71.6
22,-59.0
23,-52.0
24,-55.0
25,-63.8888888889
26,-65.6
