frequency,pdr
11,-55.0
12,-67.1111111111
13,-52.1111111111
14,-59.3
15,-46.4
16,-54.1
17,-54.0
18,-57.1
19,-53.6
20,-49.2
21,-55.9
22,-51.8
23,-46.0
24,-51.7
25,-58.3
26,-55.0
