frequency,pdr
11,-68.6
12,-55.2222222222
13,-54.9
14,-68.8
15,-55.0
16,-49.0
17,-61.7
18,-58.8
19,-55.0
20,-55.0
21,-60.8
22,-55.4
23,-61.5
24,-68.1
25,-62.4444444444
26,-55.0
