frequency,pdr
11,-49.0
12,-48.4
13,-59.3333333333
14,-55.0
15,-46.8
16,-49.0
17,-49.0
18,-55.1
19,-54.3
20,-55.0
21,-49.0
22,-49.7
23,-50.0
24,-53.6
25,-55.2222222222
26,-52.0
