frequency,pdr
11,-51.6
12,-56.2222222222
13,-55.7777777778
14,-52.2
15,-55.0
16,-56.3
17,-46.0
18,-50.6
19,-70.3
20,-55.6
21,-55.0
22,-58.0
23,-55.0
24,-56.6
25,-66.5
26,-53.7
