frequency,pdr
11,-91.0
12,-91.0
13,-90.8888888889
14,-89.5555555556
15,-88.3
16,-90.0
17,-89.0
18,-89.6666666667
19,-90.8
20,-90.0
21,-90.0
22,-89.25
23,-90.8333333333
24,-91.0
25,-91.0
26,-91.0
