frequency,pdr
11,-84.625
12,-81.8888888889
13,-82.0
14,-81.6
15,-83.4
16,-85.0
17,-85.8571428571
18,-91.0
19,-91.0
21,-91.0
22,-90.1111111111
23,-88.1428571429
24,-86.8888888889
25,-85.0
26,-83.0
