frequency,pdr
11,-87.625
12,-87.3333333333
13,-89.0
14,-88.0
15,-84.0
16,-82.0
17,-81.8888888889
18,-83.5
19,-87.0
20,-86.3
21,-85.6
22,-85.1111111111
23,-86.0
24,-88.8
25,-85.0
26,-84.0
