frequency,pdr
11,-90.1666666667
12,-88.9
13,-87.25
14,-86.4
15,-85.6
16,-87.3636363636
17,-90.5454545455
18,-91.0
19,-91.0
21,-91.0
22,-91.0
23,-91.0
24,-90.0
25,-88.0
26,-89.7
