frequency,pdr
11,-88.0
12,-89.0
13,-91.0
14,-91.0
15,-90.0
16,-88.9
17,-90.8333333333
18,-91.0
19,-91.0
21,-91.0
22,-90.0
23,-90.5714285714
24,-90.7
25,-87.6
26,-83.0
