frequency,pdr
11,-87.0
12,-89.875
13,-90.8888888889
14,-91.0
15,-91.0
16,-91.0
17,-90.8888888889
18,-86.7
19,-84.4
20,-81.5
21,-80.7
22,-81.0
23,-82.9
24,-86.3
25,-86.0
26,-87.5
