frequency,pdr
11,-88.6666666667
12,-78.2222222222
13,-78.6666666667
14,-80.1
15,-74.5
16,-72.4
17,-73.0
18,-73.1
19,-75.8
20,-84.7
21,-76.0
22,-70.0
23,-68.8
24,-70.0
25,-70.0
26,-70.0
