frequency,pdr
11,-83.4
12,-83.7777777778
13,-84.5555555556
15,-83.1
16,-79.0
17,-79.0
18,-79.6
19,-82.0
20,-82.0
21,-79.5
22,-80.2
23,-82.0
24,-81.0
25,-81.8
26,-88.0
