frequency,pdr
11,-52.0
12,-49.0
13,-48.9
14,-46.0
15,-47.9090909091
16,-46.0
17,-46.3
18,-46.3
19,-46.0
20,-46.0
21,-46.0
22,-46.0
23,-47.9090909091
24,-46.0
25,-45.0
26,-45.5
