frequency,pdr
11,-83.9
12,-85.0
13,-88.0
14,-85.0
15,-83.7
16,-84.9
17,-86.0
18,-89.1111111111
19,-90.3
20,-89.2727272727
21,-88.0
22,-86.0
23,-87.0
24,-90.0
25,-90.0
26,-91.0
