frequency,pdr
11,-65.2
12,-61.3333333333
13,-50.8
14,-60.5
15,-67.7
16,-54.5
17,-55.3
18,-61.0
19,-46.4
20,-47.3
21,-61.9
22,-61.6
23,-53.3636363636
24,-49.0
25,-49.7
26,-62.6
