frequency,pdr
11,-69.25
12,-49.4
13,-51.8888888889
14,-65.7777777778
15,-49.7
16,-52.0
17,-61.0
18,-58.0
19,-58.1
20,-58.0
21,-47.0
22,-52.7
23,-49.0
24,-52.8
25,-52.0
26,-55.8
