frequency,pdr
11,-69.4444444444
12,-65.6666666667
13,-61.0
14,-69.0
15,-69.9
16,-66.8
17,-59.7
18,-66.5
19,-67.5
20,-58.0
21,-66.5
22,-63.9
23,-64.0
24,-58.7
25,-61.1
26,-69.9
