frequency,pdr
11,-61.4
12,-57.8888888889
13,-65.5555555556
14,-65.1
15,-55.8
16,-57.9
17,-55.0
18,-58.4
19,-59.4
20,-48.9
21,-46.0
22,-50.7
23,-65.7
24,-48.2
25,-68.2
26,-49.0
