frequency,pdr
11,-49.0
12,-45.9
13,-48.5555555556
14,-66.4444444444
15,-60.1
16,-49.0
17,-43.8
18,-47.8
19,-49.0
20,-65.2
21,-55.1
22,-59.8
23,-54.6
24,-49.0
25,-47.8
26,-61.1
