frequency,pdr
11,-63.6666666667
12,-71.2222222222
13,-64.4
14,-58.0
15,-67.7
16,-61.0
17,-61.5
18,-60.5
19,-60.4
20,-58.1
21,-69.8
22,-65.6
23,-60.3
24,-62.9
25,-68.2
26,-67.1
