frequency,pdr
11,-55.0
12,-56.9090909091
13,-57.4444444444
14,-51.4
15,-51.9
16,-53.0
17,-69.0
18,-66.8
19,-58.1
20,-58.7
21,-65.6
22,-49.9
23,-55.7
24,-64.1
25,-54.8
26,-51.5
