frequency,pdr
11,-51.6
12,-55.6666666667
13,-58.4444444444
14,-55.0
15,-58.3
16,-49.1
17,-54.9
18,-57.9
19,-52.0
20,-61.2
21,-57.5
22,-55.6
23,-58.0
24,-52.1
25,-67.0
26,-55.0
