frequency,pdr
11,-64.0
12,-61.6666666667
13,-61.3333333333
14,-55.0
15,-58.2
16,-63.5
17,-67.0
18,-58.4
19,-55.0
20,-55.0
21,-58.0
22,-54.8
23,-64.0
24,-67.2
25,-55.0
26,-52.0
