frequency,pdr
11,-62.4
12,-57.6666666667
13,-65.25
14,-58.1
15,-63.8
16,-65.4
17,-58.6
18,-57.9
19,-63.9
20,-58.2
21,-61.0
22,-79.8571428571
23,-78.8
24,-64.2
25,-58.0
26,-70.4
