frequency,pdr
11,-62.3
12,-58.2222222222
13,-78.125
14,-66.3
15,-64.0
16,-71.6
17,-61.0
18,-62.9
19,-71.4
20,-58.0
21,-68.7
22,-78.8333333333
23,-67.0
24,-70.0
25,-64.0
26,-59.3
