frequency,pdr
11,-53.6
12,-56.1111111111
13,-61.9090909091
14,-67.5
15,-51.5
16,-52.7
17,-61.8
18,-55.7
19,-55.0
20,-57.9
21,-70.3636363636
22,-63.4
23,-63.7
24,-67.0
25,-61.0
26,-60.3
