frequency,pdr
11,-48.0
12,-49.6666666667
13,-64.2222222222
14,-53.9
15,-52.0
16,-58.0
17,-55.0
18,-57.7
19,-65.8
20,-61.0
21,-55.0
22,-52.0
23,-60.2
24,-61.6
25,-67.4
26,-58.0
