frequency,pdr
11,-48.9
12,-58.6666666667
13,-52.4444444444
14,-51.9
15,-58.8
16,-54.2
17,-56.4
18,-43.0
19,-45.5
20,-49.0
21,-43.1
22,-47.1
23,-51.3
24,-56.4
25,-53.4
26,-56.6
