frequency,pdr
11,-62.1111111111
12,-59.5555555556
13,-55.0
14,-57.8
15,-57.3
16,-71.2
17,-58.7
18,-67.0
19,-66.0
20,-55.9
21,-53.0
22,-62.0909090909
23,-78.6
24,-64.0
25,-57.3
26,-66.4
