frequency,pdr
11,-64.3
12,-61.0
13,-72.6666666667
14,-70.1111111111
15,-67.0
16,-65.4
17,-65.4
18,-54.7
19,-58.1
20,-56.0
21,-66.2
22,-65.7
23,-58.0
24,-64.7
25,-61.0
26,-67.0
