frequency,pdr
11,-66.8888888889
12,-60.8888888889
13,-62.6666666667
14,-63.4
15,-70.8
16,-60.3
17,-73.6
18,-61.2
19,-61.0
20,-61.0
21,-63.6
22,-67.0
23,-66.4
24,-61.3
25,-67.0
26,-64.0
