frequency,pdr
11,-47.1
12,-53.5555555556
13,-51.7777777778
14,-48.6
15,-49.0
16,-51.6
17,-46.0
18,-49.0
19,-55.0
20,-61.0
21,-61.2
22,-59.2
23,-61.0
24,-64.4
25,-52.7
26,-49.0
