frequency,pdr
11,-82.5
12,-83.4
13,-82.0
14,-79.0
15,-76.2
16,-76.0
17,-77.1
18,-79.0
19,-81.1
20,-83.9
21,-89.1111111111
23,-84.8888888889
24,-82.0
25,-87.0
26,-90.9
