frequency,pdr
11,-90.2857142857
12,-90.875
13,-91.0
14,-91.0
15,-91.0
18,-91.0
19,-91.0
20,-90.0
21,-89.5
23,-90.6666666667
24,-90.0
25,-90.9
26,-91.0
