frequency,pdr
11,-76.0
12,-77.8888888889
13,-76.2222222222
14,-73.0
15,-70.2
16,-70.0
17,-70.0
18,-70.0
19,-72.2
20,-75.8
21,-77.4
22,-75.6
23,-76.0
24,-76.0
25,-76.0
26,-73.2
