frequency,pdr
11,-58.1
12,-60.7
13,-63.7272727273
14,-62.9
15,-64.0
16,-64.6
17,-65.4
18,-67.0
19,-67.0
20,-68.6
21,-70.0
22,-71.0
23,-70.6666666667
24,-70.0
25,-70.0
26,-70.0
