frequency,pdr
11,-89.8888888889
12,-90.2222222222
13,-91.0
14,-91.0
15,-91.0
16,-91.0
17,-91.0
19,-91.0
20,-91.0
21,-91.0
23,-91.0
24,-91.0
25,-90.8
26,-90.8
