frequency,pdr
11,-55.0
12,-62.6
13,-60.5555555556
14,-60.5
15,-63.9
16,-55.0
17,-61.0
18,-73.6
19,-71.6
20,-64.7
21,-65.5
22,-65.3
23,-78.7777777778
24,-61.0
25,-55.0
26,-61.0
