frequency,pdr
11,-68.6666666667
12,-65.2
13,-58.0
14,-76.5555555556
15,-61.0
16,-69.9
17,-61.0
18,-57.1
19,-55.7
20,-59.0
21,-81.2
22,-55.0
23,-64.7
24,-59.3
25,-55.0
26,-67.0
