frequency,pdr
11,-56.2
12,-68.7
13,-54.1111111111
14,-60.8
15,-58.0
16,-57.4
17,-63.3
18,-67.6
19,-54.8
20,-65.1
21,-58.0
22,-55.0
23,-67.3
24,-62.4
25,-71.9090909091
26,-58.4
