frequency,pdr
11,-61.4444444444
12,-60.8
13,-57.875
14,-67.1111111111
15,-64.9
16,-61.0
17,-64.1
18,-68.8
19,-69.9
20,-58.0
21,-60.4
22,-66.2
23,-67.5
24,-60.6
25,-60.1
26,-67.0
