frequency,pdr
11,-65.9
12,-64.1
13,-75.1666666667
14,-59.1
15,-59.0
16,-64.6
17,-63.8
18,-64.6
19,-53.0
20,-56.0909090909
21,-58.6
22,-66.4
23,-61.0
24,-62.7
25,-67.0
26,-69.9
