frequency,pdr
11,-55.0
12,-54.1
13,-60.7142857143
14,-59.9
15,-55.0
16,-55.0
17,-68.7
18,-65.8
19,-60.0
20,-56.8
21,-61.0
22,-74.8571428571
23,-70.7777777778
24,-60.5
25,-68.4
26,-72.4
