frequency,pdr
11,-58.0
12,-56.3
13,-64.6666666667
14,-61.6
15,-55.0
16,-64.0
17,-61.5
18,-57.3
19,-61.8
20,-75.2
21,-73.3
22,-75.5555555556
23,-67.0
24,-67.0
25,-55.0
26,-68.6
