frequency,pdr
11,-73.4
12,-66.7
13,-61.1428571429
14,-59.5
15,-70.0
16,-67.2727272727
17,-60.0
18,-55.0
19,-62.8
20,-67.0
21,-58.0
22,-55.0
23,-58.6
24,-63.2
25,-58.0
26,-65.4
