frequency,pdr
11,-59.6
12,-82.75
13,-63.75
14,-73.4
15,-61.8
16,-64.0
17,-59.9
18,-78.5
19,-66.4
20,-77.0
21,-62.7
22,-61.0
23,-73.6666666667
24,-71.4
25,-67.8181818182
26,-63.6
