frequency,pdr
11,-64.0
12,-55.2
13,-56.8333333333
14,-55.0
15,-66.8
16,-61.0
17,-58.0
18,-73.5
19,-60.9
20,-60.9
21,-82.1111111111
22,-55.2
23,-55.0
24,-71.7
25,-66.9
26,-59.0
