frequency,pdr
11,-68.1111111111
12,-76.4
13,-57.4444444444
14,-65.1111111111
15,-66.2
16,-61.5
17,-58.8
18,-58.0
19,-64.7
20,-64.4
21,-64.0
22,-65.4
23,-69.2
24,-75.7
25,-59.7
26,-61.4
