frequency,pdr
11,-55.0
12,-52.9
13,-58.8333333333
14,-70.3333333333
15,-69.4
16,-58.0
17,-58.0
18,-65.7
19,-67.0
20,-67.0
21,-64.0
22,-60.9
23,-72.6
24,-65.9
25,-59.9
26,-77.1
