frequency,pdr
11,-55.0
12,-70.1111111111
13,-73.2222222222
14,-71.6
15,-65.2
16,-61.9
17,-58.0
18,-77.1
19,-58.1
20,-62.9
21,-61.0
22,-55.0
23,-53.7
24,-59.7
25,-70.2
26,-61.0
