frequency,pdr
11,-54.4
12,-54.9
13,-55.4
14,-67.9
15,-70.1818181818
16,-63.5555555556
17,-57.7
18,-63.4
19,-50.5
20,-63.2
21,-61.2
22,-63.0
23,-67.4
24,-62.1
25,-63.6
26,-65.6
