frequency,pdr
11,-62.7777777778
12,-57.6666666667
13,-59.6666666667
14,-52.6
15,-59.7
16,-59.6
17,-58.8
18,-59.5
19,-67.0
20,-60.2
21,-55.0
22,-60.8
23,-64.6
24,-58.2
25,-58.4
26,-68.2
