frequency,pdr
11,-55.2
12,-63.6666666667
13,-69.8888888889
14,-65.1
15,-67.7
16,-61.9090909091
17,-65.5
18,-55.0
19,-56.7
20,-57.6
21,-70.2
22,-70.2
23,-67.0
24,-64.2
25,-64.0
26,-71.8
