frequency,pdr
11,-56.4
12,-63.3333333333
13,-58.4
14,-61.4
15,-72.2727272727
16,-61.0909090909
17,-61.9
18,-60.1
19,-66.0
20,-69.5
21,-69.9
22,-60.4
23,-64.0
24,-79.2
25,-65.8
26,-60.1
