frequency,pdr
11,-49.0
12,-58.0
13,-58.6666666667
14,-65.4444444444
15,-52.0
16,-54.2
17,-49.0
18,-49.0
19,-48.9
20,-50.6
21,-52.0
22,-58.0
23,-53.9
24,-50.4
25,-58.9
26,-51.0
