frequency,pdr
11,-64.5
12,-63.5555555556
13,-57.9
14,-56.7
15,-69.6
16,-58.7777777778
17,-65.7
18,-66.2
19,-62.8
20,-67.0
21,-72.0
22,-61.7
23,-69.9
24,-69.2
25,-61.3
26,-58.2
