frequency,pdr
11,-54.8
12,-63.5
13,-60.7
14,-58.0
15,-55.6
16,-74.2222222222
17,-62.5
18,-64.0
19,-54.0
20,-51.0
21,-62.1
22,-55.0
23,-60.8181818182
24,-56.5454545455
25,-56.8
26,-67.0
