frequency,pdr
11,-68.3333333333
12,-68.4444444444
13,-62.7
14,-58.9
15,-68.1
16,-67.0
17,-67.0
18,-61.0
19,-70.0
20,-70.0
21,-65.9
22,-60.7
23,-63.9
24,-58.0
25,-60.5
26,-63.0
