frequency,pdr
11,-59.0
12,-68.6666666667
13,-64.8
14,-65.0
15,-64.0
16,-56.3333333333
17,-62.4545454545
18,-67.1
19,-58.0
20,-55.0
21,-55.0
22,-62.0
23,-73.5
24,-64.9
25,-64.4
26,-64.8
