frequency,pdr
11,-66.6666666667
12,-74.75
13,-64.3333333333
14,-71.6
15,-69.4
16,-64.8
17,-58.6
18,-67.9
19,-61.0
20,-74.0
21,-64.0
22,-63.4
23,-62.2
24,-58.9
25,-66.4
26,-59.6
