frequency,pdr
11,-62.2222222222
12,-49.0
13,-52.4444444444
14,-55.3
15,-57.0
16,-64.1
17,-52.0
18,-57.1
19,-60.3
20,-53.0
21,-63.9
22,-63.7
23,-58.0
24,-55.4
25,-53.1
26,-50.5
