frequency,pdr
11,-54.6
12,-66.7777777778
13,-58.7777777778
14,-53.8
15,-49.0
16,-52.4
17,-55.1
18,-49.0
19,-56.9
20,-67.0
21,-54.0
22,-52.0
23,-61.0
24,-52.4
25,-61.0
26,-56.5
