frequency,pdr
11,-63.6
12,-61.2
13,-64.6666666667
14,-61.0
15,-58.1
16,-69.1111111111
17,-64.8
18,-64.1
19,-68.3
20,-58.7
21,-63.4
22,-58.0
23,-69.7
24,-68.3
25,-61.0
26,-63.4
