frequency,pdr
11,-65.9
12,-64.8
13,-57.9
14,-61.0
15,-63.8888888889
16,-68.4
17,-67.1
18,-64.6
19,-63.9
20,-72.8
21,-61.0
22,-70.3
23,-76.6
24,-69.5555555556
25,-66.0
26,-68.6
