frequency,pdr
11,-55.1
12,-58.0
13,-61.8888888889
14,-67.0
15,-63.0
16,-62.9
17,-72.2
18,-62.6
19,-68.8
20,-61.0
21,-65.3
22,-69.0
23,-64.0
24,-61.0
25,-77.6666666667
26,-69.0
