frequency,pdr
11,-60.1
12,-64.0
13,-71.0
14,-63.8888888889
15,-70.0
16,-67.0
17,-60.4
18,-64.9
19,-61.0
20,-62.0
21,-61.0
22,-64.0
23,-61.6
24,-66.9
25,-74.4444444444
26,-70.8
