frequency,pdr
11,-61.7
12,-55.2222222222
13,-58.7
14,-64.1111111111
15,-61.0
16,-63.7272727273
17,-67.0
18,-60.0
19,-59.5
20,-63.7
21,-52.0
22,-63.7
23,-64.7
24,-68.4444444444
25,-62.7777777778
26,-67.0
