frequency,pdr
11,-60.7
12,-57.8888888889
13,-60.5555555556
14,-60.5
15,-58.9
16,-63.9
17,-69.3
18,-63.2
19,-62.0
20,-68.6
21,-66.6
22,-64.0
23,-70.2
24,-68.4444444444
25,-60.0
26,-64.9
