frequency,pdr
11,-63.4
12,-64.0
13,-69.1111111111
14,-69.0
15,-62.5
16,-58.1
17,-71.0
18,-62.1
19,-70.0
20,-69.3
21,-61.0
22,-60.2
23,-67.2
24,-58.9
25,-65.6666666667
26,-79.2
