frequency,pdr
11,-59.2
12,-75.1111111111
13,-58.0
14,-67.0
15,-61.0
16,-66.7
17,-69.1
18,-70.3
19,-67.0
20,-61.2
21,-58.0
22,-62.1
23,-77.6666666667
24,-77.4444444444
25,-62.7777777778
26,-70.0
