frequency,pdr
11,-62.2
12,-60.8
13,-57.9
14,-55.0
15,-63.5
16,-55.0
17,-59.9
18,-55.0
19,-61.7
20,-61.0
21,-60.2
22,-71.0
23,-57.8
24,-59.6666666667
25,-71.4444444444
26,-65.9
