frequency,pdr
11,-65.1
12,-62.1111111111
13,-66.3333333333
14,-74.875
15,-61.0
16,-59.2
17,-69.7
18,-67.0
19,-65.3
20,-72.0
21,-58.9
22,-61.5
23,-57.8
24,-70.5
25,-55.0
26,-60.8
