frequency,pdr
11,-56.9
12,-69.5555555556
13,-67.1
14,-60.1111111111
15,-56.0
16,-55.1
17,-68.5
18,-76.3
19,-66.9
20,-58.0
21,-63.2
22,-66.7
23,-68.1
24,-58.4444444444
25,-67.6666666667
26,-66.6
