frequency,pdr
11,-65.5
12,-71.6666666667
13,-64.0
14,-74.5555555556
15,-62.4444444444
16,-64.0
17,-61.0
18,-64.0
19,-72.3
20,-72.5
21,-67.0
22,-67.7
23,-65.8
24,-66.8888888889
25,-59.3
26,-65.8
