frequency,pdr
11,-68.9
12,-69.4
13,-63.5555555556
14,-65.4444444444
15,-58.0
16,-65.3
17,-60.8
18,-61.5
19,-59.1
20,-58.0
21,-66.7
22,-59.8
23,-65.1
24,-63.7777777778
25,-62.0
26,-63.0
