frequency,pdr
11,-60.8888888889
12,-62.3
13,-68.7777777778
14,-66.8888888889
15,-76.2222222222
16,-68.4
17,-67.2
18,-64.0
19,-66.5
20,-63.8
21,-68.0
22,-63.0
23,-75.3
24,-70.3
25,-63.5555555556
26,-61.9
