frequency,pdr
11,-67.0
12,-67.6
13,-61.2
14,-60.1111111111
15,-61.1
16,-61.0
17,-73.2
18,-58.0
19,-67.0
20,-66.2
21,-69.9
22,-67.7
23,-61.9
24,-61.0
25,-69.3333333333
26,-74.8
