frequency,pdr
11,-58.6
12,-58.5555555556
13,-61.1111111111
14,-55.0
15,-60.5
16,-61.0
17,-59.4
18,-59.5
19,-70.4
20,-52.2
21,-50.6
22,-65.3
23,-62.5
24,-57.5
25,-67.3333333333
26,-58.1
