frequency,pdr
11,-55.0
12,-57.7
13,-60.0
14,-67.0
15,-55.8888888889
16,-58.1
17,-56.4
18,-64.0
19,-58.0
20,-71.3
21,-79.1
22,-65.3
23,-67.0
24,-71.1111111111
25,-55.0
26,-67.0
