frequency,pdr
11,-62.5555555556
12,-74.8888888889
13,-71.8
14,-66.8
15,-63.6
16,-61.0
17,-61.0
18,-58.3
19,-61.0
20,-67.0
21,-69.9
22,-66.4
23,-62.3
24,-59.1111111111
25,-67.0
26,-72.1
