frequency,pdr
11,-68.8888888889
12,-64.6
13,-64.0
14,-71.625
15,-60.8
16,-59.0
17,-58.0
18,-68.1
19,-67.9
20,-73.0
21,-86.0
22,-63.2
23,-71.7
24,-71.6666666667
25,-65.5
26,-67.0
