frequency,pdr
11,-59.2
12,-66.8888888889
13,-77.5714285714
14,-57.6666666667
15,-55.0
16,-57.6
17,-59.2
18,-68.7
19,-56.1
20,-67.0
21,-58.3
22,-56.9
23,-58.0
24,-69.8888888889
25,-65.0
26,-62.4
