frequency,pdr
11,-56.0909090909
12,-61.0
13,-58.0
14,-64.1111111111
15,-55.0
16,-54.8
17,-54.9
18,-62.3
19,-61.2
20,-59.8
21,-59.9
22,-60.9
23,-63.8
24,-66.6666666667
25,-69.1111111111
26,-70.6
