frequency,pdr
11,-55.8
12,-62.3333333333
13,-52.5
14,-49.1
15,-55.0
16,-53.3
17,-52.1
18,-54.3
19,-55.0
20,-60.7
21,-52.0
22,-62.8
23,-61.3
24,-60.1111111111
25,-65.4444444444
26,-61.6
