frequency,pdr
11,-62.0
12,-63.7
13,-64.0
14,-65.8888888889
15,-72.5555555556
16,-64.0
17,-62.1
18,-69.2
19,-61.4
20,-70.6
21,-69.2
22,-62.4
23,-63.0
24,-68.1111111111
25,-67.0
26,-72.9
