frequency,pdr
11,-64.0
12,-67.0
13,-72.1111111111
14,-64.875
15,-63.3
16,-70.0909090909
17,-62.9
18,-59.1
19,-57.3
20,-64.0
21,-63.0
22,-61.0
23,-70.1
24,-75.8888888889
25,-65.0
26,-61.1
