frequency,pdr
11,-60.6
12,-69.8
13,-57.7
14,-61.0
15,-58.6
16,-67.0
17,-58.0
18,-60.0
19,-60.4
20,-65.9
21,-67.0
22,-65.0
23,-63.3
24,-60.7777777778
25,-62.3333333333
26,-71.9
