frequency,pdr
11,-69.1
12,-64.0
13,-75.5555555556
14,-61.0
15,-63.6666666667
16,-61.7
17,-67.3
18,-59.0
19,-59.0
20,-62.5
21,-66.2
22,-55.0
23,-63.9
24,-66.0
25,-61.1111111111
26,-62.7
