frequency,pdr
11,-55.2
12,-54.1
13,-62.2222222222
14,-60.7777777778
15,-61.2
16,-67.5454545455
17,-59.7
18,-56.7
19,-58.0
20,-54.0
21,-62.5
22,-61.6
23,-59.6
24,-63.0
25,-60.0
26,-65.5
