frequency,pdr
11,-44.0
12,-46.1
13,-49.0
14,-56.7777777778
15,-48.2222222222
16,-50.6
17,-66.7
18,-54.0
19,-64.0
20,-63.6
21,-52.7
22,-52.0
23,-46.0
24,-46.0
25,-43.0
26,-43.9
