frequency,pdr
11,-71.0
12,-59.6
13,-67.2222222222
14,-60.8888888889
15,-64.0
16,-62.7
17,-77.5
18,-67.0
19,-64.0
20,-71.2
21,-73.6
22,-76.1
23,-68.0
24,-73.1111111111
25,-61.0
26,-77.7
