frequency,pdr
11,-64.8888888889
12,-66.5
13,-67.0
14,-61.2222222222
15,-65.4444444444
16,-64.0
17,-68.9
18,-71.9
19,-68.4
20,-65.9
21,-59.8
22,-67.5
23,-67.0
24,-63.4444444444
25,-61.0
26,-68.3
