frequency,pdr
11,-66.1111111111
12,-55.6
13,-56.4444444444
14,-52.0
15,-53.8888888889
16,-55.0
17,-62.8
18,-67.3
19,-61.0
20,-69.0
21,-59.5
22,-58.2
23,-61.1
24,-59.1
25,-58.0
26,-59.7
