frequency,pdr
11,-69.2
12,-60.4444444444
13,-58.0
14,-67.0
15,-62.3333333333
16,-61.0
17,-63.6
18,-60.9
19,-63.4
20,-58.9
21,-57.6
22,-58.2
23,-66.2
24,-63.0
25,-68.5555555556
26,-67.0
