frequency,pdr
11,-74.9
12,-60.9
13,-61.5555555556
14,-55.0
15,-71.7777777778
16,-61.0
17,-58.0
18,-58.4
19,-61.0
20,-55.8
21,-61.0
22,-67.0
23,-58.0
24,-64.8888888889
25,-63.4444444444
26,-62.7
