frequency,pdr
11,-59.2
12,-59.7
13,-71.2222222222
14,-61.8888888889
15,-70.0
16,-70.0
17,-63.1
18,-60.7
19,-65.2
20,-62.9
21,-64.0
22,-68.8
23,-72.4
24,-69.1111111111
25,-64.0
26,-68.2
