frequency,pdr
11,-67.1111111111
12,-61.0
13,-60.9
14,-63.4444444444
15,-64.0
16,-57.0
17,-55.0
18,-65.8
19,-58.3
20,-59.9
21,-59.1
22,-55.0
23,-55.8
24,-75.2
25,-60.4
26,-55.0
