frequency,pdr
11,-63.9
12,-60.3333333333
13,-57.9
14,-58.0
15,-63.7777777778
16,-61.8
17,-61.9
18,-60.3
19,-62.7
20,-62.3
21,-59.8
22,-64.6
23,-58.9
24,-65.4
25,-62.6666666667
26,-55.0
