frequency,pdr
11,-60.3
12,-58.1111111111
13,-55.0
14,-55.0
15,-52.0
16,-49.0
17,-55.0
18,-51.1
19,-46.7
20,-49.0
21,-55.0
22,-54.2
23,-66.5
24,-60.4444444444
25,-52.0
26,-56.4
