frequency,pdr
11,-67.6
12,-59.6666666667
13,-60.7
14,-61.6666666667
15,-63.2727272727
16,-58.2
17,-67.5
18,-66.5
19,-63.0
20,-63.0
21,-64.2
22,-77.9
23,-72.4
24,-65.5
25,-70.8888888889
26,-73.7
