frequency,pdr
11,-56.9
12,-52.9
13,-55.0
14,-51.3333333333
15,-53.5555555556
16,-52.5
17,-50.2
18,-50.3
19,-49.0
20,-53.0
21,-44.2
22,-43.0
23,-45.3
24,-49.0
25,-56.8
26,-55.9
