frequency,pdr
11,-58.5
12,-65.6666666667
13,-65.5555555556
14,-59.7777777778
15,-60.0
16,-67.5
17,-63.6
18,-64.0
19,-67.5
20,-58.0
21,-58.8
22,-58.6
23,-62.0
24,-67.0
25,-66.4444444444
26,-65.0
