frequency,pdr
11,-67.0
12,-67.0
13,-68.7
14,-65.5555555556
15,-63.4444444444
16,-63.2727272727
17,-60.5
18,-66.7
19,-77.7
20,-70.0
21,-72.3
22,-65.4
23,-62.5
24,-66.5555555556
25,-68.0
26,-67.0
