frequency,pdr
11,-60.9
12,-61.0
13,-62.9
14,-69.7777777778
15,-62.2
16,-73.0
17,-63.3
18,-63.1
19,-59.2
20,-65.3
21,-61.0
22,-60.0
23,-72.2
24,-67.0
25,-75.8888888889
26,-58.4
