frequency,pdr
11,-62.1
12,-55.2
13,-55.0
14,-69.8888888889
15,-62.8888888889
16,-72.7
17,-67.0
18,-61.0
19,-62.0
20,-61.9
21,-68.6
22,-69.4
23,-64.0
24,-62.1111111111
25,-66.3333333333
26,-64.6
