frequency,pdr
11,-73.6666666667
12,-64.0
13,-68.7777777778
14,-68.6666666667
15,-62.3636363636
16,-63.8
17,-58.8
18,-66.5
19,-68.3
20,-69.9
21,-65.4
22,-61.2
23,-67.0
24,-66.7777777778
25,-67.0
26,-62.5
