frequency,pdr
11,-65.0
12,-63.3
13,-63.6
14,-62.8888888889
15,-72.6666666667
16,-67.0
17,-70.0
18,-64.0
19,-65.4
20,-59.6
21,-60.2
22,-67.0
23,-74.0
24,-71.2
25,-60.1111111111
26,-66.3
