frequency,pdr
11,-58.0
12,-76.1111111111
13,-64.1111111111
14,-55.7
15,-76.9
16,-64.9
17,-61.7
18,-67.0
19,-59.1
20,-63.4
21,-63.0
22,-65.1
23,-60.9
24,-62.1111111111
25,-61.0
26,-72.6
