frequency,pdr
11,-46.0
12,-47.1
13,-51.9
14,-56.8888888889
15,-50.1
16,-49.8
17,-55.4
18,-51.1
19,-47.4
20,-43.0
21,-43.0
22,-44.0
23,-51.3
24,-48.8
25,-50.4
26,-50.6363636364
