frequency,pdr
11,-63.8888888889
12,-67.0
13,-64.0
14,-68.625
15,-71.1
16,-66.9
17,-73.5
18,-67.0
19,-64.0
20,-64.5
21,-74.5
22,-67.0
23,-64.5
24,-66.3333333333
25,-62.0
26,-60.5
