frequency,pdr
11,-58.9
12,-61.5555555556
13,-55.3
14,-55.0
15,-64.0
16,-62.0
17,-67.9
18,-60.4
19,-65.0
20,-72.7
21,-64.0
22,-79.8
23,-60.4
24,-61.5555555556
25,-66.5555555556
26,-69.0
