frequency,pdr
11,-67.7777777778
12,-67.0
13,-73.2222222222
14,-58.1
15,-68.2222222222
16,-58.4
17,-60.5
18,-63.9
19,-60.0
20,-69.4
21,-72.0
22,-63.0
23,-60.6
24,-58.7
25,-67.0
26,-64.0
