frequency,pdr
11,-58.1
12,-56.5555555556
13,-59.9
14,-59.2222222222
15,-64.0
16,-63.6
17,-75.1666666667
18,-55.0
19,-55.0
20,-54.8
21,-55.0
22,-55.0
23,-61.0
24,-59.1
25,-56.4
26,-68.4
