frequency,pdr
11,-59.0
12,-64.3333333333
13,-67.0
14,-64.0
15,-62.1111111111
16,-62.5
17,-56.0
18,-59.5
19,-61.0
20,-63.8
21,-67.8
22,-64.0
23,-68.5
24,-67.0
25,-64.0
26,-64.0
