frequency,pdr
11,-61.0
12,-65.1111111111
13,-66.7
14,-66.0
15,-62.2222222222
16,-61.5
17,-66.3
18,-68.4
19,-67.0
20,-64.7
21,-64.0
22,-60.2
23,-70.4
24,-67.0
25,-68.7777777778
26,-64.5
