frequency,pdr
11,-60.9
12,-68.8888888889
13,-61.2222222222
14,-60.8888888889
15,-63.8888888889
16,-68.7
17,-65.8
18,-61.6
19,-68.5
20,-58.0
21,-55.6
22,-65.6
23,-62.6
24,-67.0
25,-67.1111111111
26,-58.0
