frequency,pdr
11,-55.0
12,-67.0
13,-64.0
14,-60.7777777778
15,-55.8888888889
16,-65.2
17,-67.7
18,-67.0
19,-68.4
20,-64.0
21,-64.2
22,-64.0
23,-60.8
24,-63.9
25,-65.0
26,-58.0
