frequency,pdr
11,-60.0
12,-75.1111111111
13,-67.0
14,-67.2222222222
15,-78.3333333333
16,-70.2
17,-70.8
18,-76.4
19,-70.0
20,-69.7
21,-67.4
22,-70.0
23,-79.6
24,-71.7777777778
25,-66.0
26,-84.5
