frequency,pdr
11,-61.5
12,-64.0
13,-67.0
14,-67.8888888889
15,-67.8
16,-68.0
17,-67.0
18,-70.1
19,-61.2
20,-67.5
21,-67.5
22,-61.0
23,-59.6
24,-69.6666666667
25,-55.6666666667
26,-55.0
