frequency,pdr
11,-66.6
12,-58.0
13,-59.4444444444
14,-59.3333333333
15,-57.9
16,-78.2
17,-71.5
18,-60.4
19,-64.0
20,-63.8
21,-67.7
22,-61.2
23,-62.0
24,-64.1
25,-68.8888888889
26,-78.4
