frequency,pdr
11,-57.4
12,-74.3333333333
13,-62.8
14,-58.0
15,-67.0
16,-73.1
17,-67.0
18,-61.0
19,-60.2
20,-61.9
21,-60.5
22,-65.2
23,-59.0
24,-62.5
25,-61.8888888889
26,-71.9
