frequency,pdr
11,-55.0
12,-54.9
13,-52.9
14,-44.0
15,-49.4444444444
16,-46.0
17,-46.0
18,-43.0
19,-44.0
20,-46.0
21,-46.9
22,-47.2
23,-52.2
24,-66.1111111111
25,-49.0
26,-46.0
