frequency,pdr
11,-60.6
12,-68.0
13,-61.1111111111
14,-57.7777777778
15,-59.4444444444
16,-70.0
17,-67.8
18,-60.5
19,-67.0
20,-58.0
21,-55.0
22,-55.0
23,-59.2
24,-66.8888888889
25,-64.7777777778
26,-66.6
