frequency,pdr
11,-57.8
12,-63.0
13,-65.6666666667
14,-64.0
15,-60.2
16,-59.8
17,-55.0
18,-55.0
19,-70.9
20,-67.0
21,-61.0
22,-67.0
23,-68.4
24,-65.3
25,-61.0
26,-63.4545454545
