frequency,pdr
11,-69.8
12,-61.5
13,-64.5555555556
14,-72.5555555556
15,-58.8888888889
16,-61.5
17,-55.9
18,-71.1
19,-59.1
20,-64.0
21,-56.6
22,-56.0909090909
23,-58.0
24,-60.9
25,-77.0
26,-70.6
