frequency,pdr
11,-58.0
12,-55.1
13,-55.2
14,-75.2222222222
15,-78.5555555556
16,-67.0
17,-78.8
18,-63.0
19,-65.2
20,-58.0
21,-57.9
22,-61.0
23,-62.4
24,-61.0
25,-67.0
26,-69.7
