frequency,pdr
11,-64.0
12,-61.3
13,-62.3
14,-69.8888888889
15,-64.0
16,-79.0
17,-68.9
18,-67.0
19,-61.0
20,-69.5
21,-64.0
22,-71.7
23,-64.0
24,-65.1111111111
25,-81.3333333333
26,-70.0
