frequency,pdr
11,-67.2222222222
12,-63.3
13,-62.8
14,-61.9
15,-66.1111111111
16,-67.0
17,-68.5
18,-58.0
19,-60.7
20,-62.4
21,-60.0
22,-67.0
23,-64.9
24,-67.0
25,-61.0
26,-68.4
