frequency,pdr
11,-72.8888888889
12,-72.2
13,-67.0
14,-72.1
15,-63.4444444444
16,-66.8
17,-69.8
18,-60.5
19,-61.9
20,-59.1
21,-61.1
22,-68.6
23,-67.0
24,-68.4444444444
25,-67.0
26,-64.1
