frequency,pdr
11,-67.0
12,-67.0
13,-55.4
14,-66.1111111111
15,-68.5555555556
16,-71.8
17,-67.0
18,-61.0
19,-65.5
20,-67.0
21,-64.9
22,-60.7
23,-58.0
24,-58.1
25,-63.2222222222
26,-59.4
