frequency,pdr
11,-63.9
12,-62.2222222222
13,-52.0
14,-55.0
15,-55.1111111111
16,-78.4
17,-63.6
18,-61.0
19,-63.9
20,-63.8
21,-55.4
22,-68.2
23,-66.9
24,-55.2222222222
25,-55.9
26,-55.0
