frequency,pdr
11,-58.3
12,-63.5555555556
13,-60.4
14,-61.0
15,-74.3333333333
16,-63.2
17,-68.7
18,-67.7
19,-62.0
20,-59.7
21,-69.1
22,-67.7
23,-69.2
24,-64.3333333333
25,-64.0
26,-76.2
