frequency,pdr
11,-69.7777777778
12,-61.5555555556
13,-57.8
14,-55.0
15,-58.0
16,-68.6
17,-60.5
18,-55.5
19,-52.0
20,-57.6
21,-58.2
22,-57.9
23,-59.3
24,-52.2
25,-57.1
26,-52.0
