frequency,pdr
11,-64.1
12,-58.7
13,-76.1111111111
14,-66.8888888889
15,-67.0
16,-67.0
17,-65.9
18,-69.6
19,-75.3
20,-58.0
21,-64.0
22,-71.5
23,-61.0
24,-72.1111111111
25,-66.6666666667
26,-61.3
