frequency,pdr
11,-66.1
12,-69.3
13,-73.2222222222
14,-59.0
15,-61.2222222222
16,-70.0
17,-75.9
18,-64.0
19,-64.1
20,-62.0
21,-64.5
22,-68.3
23,-63.9
24,-60.1111111111
25,-59.3
26,-60.7
