frequency,pdr
11,-63.3333333333
12,-63.6
13,-55.0
14,-59.3333333333
15,-63.8
16,-71.7
17,-57.6
18,-64.1
19,-72.5
20,-59.0
21,-62.3
22,-59.7
23,-64.7
24,-63.6666666667
25,-76.0
26,-58.9
