frequency,pdr
11,-67.0
12,-62.2222222222
13,-62.8888888889
14,-58.0
15,-59.2
16,-64.2
17,-66.1
18,-63.4
19,-62.1
20,-55.2
21,-72.2
22,-65.3
23,-66.3
24,-55.2
25,-59.8888888889
26,-68.2
