frequency,pdr
11,-56.9
12,-59.0
13,-57.7
14,-64.7
15,-62.8888888889
16,-69.5
17,-69.4
18,-68.4
19,-55.0
20,-64.0
21,-63.6
22,-61.0
23,-59.0
24,-63.7777777778
25,-58.8888888889
26,-70.0
