frequency,pdr
11,-57.0
12,-64.2222222222
13,-67.0
14,-57.1
15,-60.4444444444
16,-60.5
17,-75.9
18,-74.5
19,-67.4
20,-64.0
21,-67.0
22,-73.0
23,-65.6
24,-62.5555555556
25,-61.0
26,-70.0
