frequency,pdr
11,-49.0
12,-52.0
13,-64.3333333333
14,-53.0
15,-68.6
16,-70.5
17,-55.0
18,-68.3
19,-54.9
20,-47.2
21,-51.7
22,-55.6
23,-55.0
24,-60.6666666667
25,-58.5555555556
26,-54.6
