frequency,pdr
11,-71.0
12,-88.4444444444
13,-76.0
14,-74.4
15,-64.4444444444
16,-68.2
17,-68.6
18,-68.2
19,-74.7
20,-70.1
21,-70.3
22,-61.0
23,-62.0
24,-73.7777777778
25,-64.9
26,-66.3
