frequency,pdr
11,-65.4444444444
12,-61.8888888889
13,-67.2
14,-66.4444444444
15,-70.7
16,-70.0
17,-67.2
18,-72.9
19,-62.0
20,-61.0
21,-58.0
22,-59.0
23,-54.0
24,-53.6
25,-53.0
26,-59.1
