frequency,pdr
11,-49.1
12,-63.3333333333
13,-51.6
14,-49.0
15,-57.1
16,-58.0
17,-52.2
18,-55.0
19,-63.2
20,-55.0
21,-73.3
22,-60.9
23,-56.4
24,-55.0
25,-55.4444444444
26,-59.4
