frequency,pdr
11,-52.0
12,-51.3
13,-69.5555555556
14,-55.5555555556
15,-64.0
16,-67.0
17,-66.0
18,-54.2
19,-55.0
20,-58.9
21,-54.3
22,-55.0
23,-64.0
24,-58.0
25,-61.8
26,-55.0
