frequency,pdr
11,-69.2222222222
12,-64.0
13,-63.1
14,-64.2222222222
15,-62.6666666667
16,-74.8888888889
17,-69.0
18,-61.0
19,-66.9
20,-71.0
21,-55.0
22,-56.2
23,-65.5
24,-73.7777777778
25,-66.2222222222
26,-64.4
