frequency,pdr
11,-62.6
12,-67.0
13,-59.2222222222
14,-54.1
15,-66.0
16,-74.4
17,-63.6
18,-66.6
19,-65.7
20,-64.0
21,-59.8
22,-70.0
23,-67.0
24,-65.1111111111
25,-64.0
26,-63.9
