frequency,pdr
11,-54.9
12,-55.0
13,-59.6666666667
14,-63.625
15,-57.9
16,-57.8
17,-60.5
18,-62.5
19,-65.6
20,-61.0
21,-57.8
22,-68.0
23,-70.3
24,-64.6666666667
25,-64.2222222222
26,-61.0
