frequency,pdr
11,-57.0
12,-58.2222222222
13,-66.3
14,-64.0
15,-75.8
16,-64.0
17,-69.1
18,-61.0
19,-66.9
20,-63.5
21,-61.0
22,-63.0
23,-66.6
24,-67.8
25,-60.3333333333
26,-67.6
