frequency,pdr
11,-67.0
12,-65.3333333333
13,-61.0
14,-65.5
15,-57.4444444444
16,-62.1
17,-59.6
18,-66.9
19,-57.7
20,-59.9
21,-60.7
22,-67.0
23,-63.8
24,-67.3333333333
25,-59.2
26,-70.7
