frequency,pdr
11,-67.0
12,-66.2222222222
13,-65.0
14,-67.1111111111
15,-74.2
16,-64.0
17,-64.9
18,-63.9
19,-64.6
20,-76.0
21,-72.4
22,-67.0
23,-71.4
24,-62.1
25,-68.3333333333
26,-64.0
