frequency,pdr
11,-64.3
12,-58.0
13,-61.0
14,-57.8888888889
15,-62.6666666667
16,-63.6
17,-65.0
18,-66.7
19,-67.2
20,-69.4
21,-66.0
22,-65.2
23,-64.6
24,-65.1
25,-76.2222222222
26,-67.0
