frequency,pdr
11,-66.6666666667
12,-64.0
13,-60.8888888889
14,-67.6666666667
15,-63.0
16,-64.5
17,-64.0
18,-56.5
19,-61.0
20,-60.9
21,-66.1
22,-61.8
23,-68.2
24,-63.4444444444
25,-64.1111111111
26,-59.6
