frequency,pdr
11,-68.3333333333
12,-56.6666666667
13,-64.8
14,-60.7
15,-60.5
16,-70.8
17,-64.0
18,-56.3
19,-73.2
20,-66.8
21,-61.0
22,-56.1818181818
23,-52.1
24,-55.3333333333
25,-51.8
26,-53.0
