frequency,pdr
11,-46.5
12,-48.9
13,-52.9
14,-61.4444444444
15,-57.7777777778
16,-53.8
17,-46.1
18,-47.8
19,-56.6
20,-55.0
21,-49.5
22,-46.0
23,-49.0
24,-72.4444444444
25,-55.0
26,-49.4
