frequency,pdr
11,-61.7
12,-69.6666666667
13,-67.1111111111
14,-68.8
15,-61.2222222222
16,-72.1
17,-64.0
18,-65.5
19,-61.0
20,-64.0
21,-59.6
22,-71.7
23,-63.6
24,-60.9
25,-55.0
26,-60.3
