frequency,pdr
11,-62.7
12,-79.3
13,-73.4444444444
14,-72.2222222222
15,-81.3333333333
16,-67.0
17,-75.4
18,-64.0
19,-62.8
20,-67.0
21,-63.2
22,-78.0
23,-67.0
24,-78.7777777778
25,-65.0
26,-67.0
