frequency,pdr
11,-67.0
12,-67.0
13,-58.0
14,-67.5555555556
15,-66.5
16,-67.0
17,-64.0
18,-58.0
19,-71.6
20,-66.5
21,-68.1
22,-66.7
23,-61.4
24,-60.7777777778
25,-65.2222222222
26,-62.1
