frequency,pdr
11,-55.0
12,-65.3333333333
13,-60.0
14,-64.9
15,-56.6666666667
16,-55.0
17,-67.8181818182
18,-60.4
19,-67.0
20,-55.9
21,-61.0
22,-60.6
23,-55.0
24,-60.5555555556
25,-69.5555555556
26,-64.6
