frequency,pdr
11,-60.9
12,-55.0
13,-58.0
14,-57.6
15,-74.1111111111
16,-67.0
17,-60.9
18,-58.0
19,-55.0
20,-55.0
21,-60.3
22,-58.0
23,-55.0
24,-55.0
25,-53.6666666667
26,-60.8
