frequency,pdr
11,-61.5
12,-60.8888888889
13,-57.2
14,-64.0
15,-56.3
16,-69.8
17,-74.7
18,-67.2
19,-72.3
20,-85.1
21,-64.4
22,-74.8
23,-60.0
24,-60.7777777778
25,-58.0
26,-62.8
