frequency,pdr
11,-55.0
12,-67.0
13,-61.0
14,-57.7777777778
15,-62.5
16,-63.1
17,-59.4
18,-58.0
19,-61.0
20,-65.3
21,-64.0
22,-61.6
23,-63.9
24,-58.0
25,-66.2222222222
26,-58.2
