frequency,pdr
11,-59.9
12,-69.8888888889
13,-73.4444444444
14,-69.1111111111
15,-61.0
16,-72.1
17,-74.1
18,-62.9
19,-65.9
20,-67.0
21,-71.8
22,-68.3
23,-78.7
24,-61.0
25,-68.6666666667
26,-62.0
