frequency,pdr
11,-59.7
12,-63.7777777778
13,-58.0
14,-70.4444444444
15,-67.2222222222
16,-64.5
17,-59.1
18,-62.1
19,-58.5
20,-59.4
21,-55.0
22,-59.3
23,-58.0
24,-55.0
25,-55.0
26,-61.0
