frequency,pdr
11,-55.1
12,-55.1
13,-63.8888888889
14,-59.6
15,-55.4
16,-55.0
17,-51.9
18,-52.7
19,-58.4
20,-57.4
21,-49.1
22,-52.1
23,-53.5
24,-55.3333333333
25,-65.7
26,-55.0
