frequency,pdr
11,-58.0
12,-71.7
13,-62.3333333333
14,-61.8
15,-61.6
16,-58.0
17,-55.0
18,-59.1
19,-64.7
20,-66.8
21,-67.7
22,-68.7
23,-61.0
24,-67.1111111111
25,-64.1
26,-66.8
