frequency,pdr
11,-58.0
12,-61.5
13,-67.0
14,-61.2
15,-65.6
16,-59.9
17,-61.8
18,-67.0
19,-67.0
20,-67.0
21,-66.3
22,-67.0
23,-73.5555555556
24,-66.3333333333
25,-67.0
26,-67.0
