frequency,pdr
11,-66.5454545455
12,-64.8
13,-60.9090909091
14,-70.9
15,-58.0
16,-61.0
17,-61.0
18,-60.9
19,-64.4
20,-65.9
21,-63.1
22,-64.7
23,-64.0
24,-71.7
25,-61.0
26,-67.4
