frequency,pdr
11,-66.9
12,-68.3
13,-66.6666666667
14,-66.2
15,-58.0
16,-59.9
17,-58.4
18,-78.0
19,-67.0
20,-61.7
21,-61.0
22,-65.7
23,-59.3
24,-63.7777777778
25,-69.7
26,-71.2
