frequency,pdr
11,-52.4
12,-53.6
13,-54.6666666667
14,-50.9
15,-52.0
16,-46.0
17,-53.3
18,-55.0
19,-48.6
20,-52.7
21,-52.0
22,-59.2
23,-51.6
24,-54.3333333333
25,-52.1
26,-55.0
