frequency,pdr
11,-55.5
12,-51.8
13,-59.6666666667
14,-52.1
15,-54.3
16,-51.2
17,-50.5
18,-50.5
19,-52.1
20,-52.0
21,-51.2
22,-55.0
23,-70.1
24,-60.3333333333
25,-51.9
26,-53.0
