frequency,pdr
11,-52.8888888889
12,-61.6
13,-56.6666666667
14,-51.9
15,-57.8
16,-60.7
17,-53.8
18,-52.9
19,-58.9
20,-49.2
21,-55.4
22,-52.1
23,-49.0
24,-52.3
25,-51.8
26,-52.0
