frequency,pdr
11,-53.0
12,-55.0
13,-58.9090909091
14,-59.5
15,-58.0909090909
16,-49.0
17,-54.1
18,-49.8
19,-53.3
20,-64.9
21,-49.8
22,-54.0
23,-52.0
24,-53.3
25,-50.6
26,-61.0
