frequency,pdr
11,-62.0
12,-56.9
13,-55.0
14,-65.2
15,-69.6
16,-58.0
17,-57.1
18,-55.0
19,-55.9
20,-61.0
21,-61.0
22,-62.4
23,-55.5
24,-61.5555555556
25,-60.0
26,-60.9090909091
