frequency,pdr
11,-61.0909090909
12,-61.1
13,-75.0
14,-64.0
15,-67.0
16,-61.0
17,-67.0
18,-61.0
19,-67.0
20,-61.5
21,-58.0
22,-77.8
23,-70.8
24,-73.8888888889
25,-73.1
26,-63.8
