frequency,pdr
11,-55.0
12,-57.8
13,-55.0
14,-63.2
15,-52.8
16,-46.0
17,-49.0
18,-49.7
19,-55.0
20,-48.9
21,-48.1
22,-57.3
23,-60.8
24,-61.8888888889
25,-59.8181818182
26,-52.0
