frequency,pdr
11,-79.1
12,-80.0
13,-80.0
14,-81.0
15,-79.0
16,-79.0
17,-80.8888888889
18,-84.7777777778
19,-89.0
20,-91.0
21,-91.0
23,-84.0
24,-86.0
25,-82.4
26,-81.8
