frequency,pdr
11,-79.1
12,-82.4444444444
13,-85.875
14,-91.0
15,-91.0
16,-88.1
17,-83.9
18,-82.0
19,-82.8
20,-83.9
21,-84.1
22,-83.8888888889
23,-85.2
24,-84.5
25,-85.0
26,-86.1
