frequency,pdr
11,-86.0
12,-86.4285714286
13,-89.1666666667
14,-85.4
15,-85.5
16,-86.7777777778
17,-89.3333333333
18,-91.0
19,-89.875
20,-88.9
21,-86.8888888889
22,-84.1428571429
23,-86.0
24,-91.0
25,-91.0
26,-91.0
