frequency,pdr
11,-81.1111111111
12,-79.0
13,-79.0
14,-82.5
15,-83.0
16,-79.1
17,-79.0
18,-79.0
19,-79.0
20,-82.3
21,-84.1111111111
22,-83.0
23,-82.0
24,-86.0
25,-85.0
26,-90.4
