frequency,pdr
11,-78.0
12,-76.8571428571
13,-76.0
14,-76.0
15,-77.3636363636
16,-74.0
17,-75.9
18,-74.2
19,-73.0
20,-79.0
21,-84.9
22,-83.4444444444
23,-83.0
24,-80.7
25,-82.4
26,-79.0
