frequency,pdr
11,-89.5
12,-89.2222222222
13,-89.4285714286
14,-91.0
18,-91.0
19,-91.0
20,-90.1
21,-90.7777777778
22,-88.5
23,-89.4285714286
24,-90.0
25,-91.0
26,-91.0
