frequency,pdr
11,-90.5
12,-91.0
13,-91.0
14,-91.0
15,-91.0
16,-91.0
17,-91.0
18,-89.1
19,-87.7
20,-86.4
21,-86.7777777778
22,-87.75
23,-88.1111111111
24,-88.8
25,-90.0
26,-91.0
