frequency,pdr
11,-90.2222222222
12,-89.7777777778
13,-88.0
14,-87.1
15,-88.1
16,-88.9
17,-89.5
18,-90.9
19,-91.0
21,-91.0
23,-91.0
24,-91.0
25,-91.0
26,-91.0
