frequency,pdr
11,-83.0909090909
12,-79.0
13,-79.3
14,-80.3
15,-82.0
16,-81.3
17,-80.2
18,-80.0
19,-79.9
20,-80.0
21,-80.4444444444
22,-81.5
23,-82.0
24,-81.9
25,-83.2
26,-83.7
