frequency,pdr
11,-90.0
12,-90.0
13,-89.4
14,-89.5
15,-90.2727272727
16,-91.0
17,-91.0
18,-89.9
19,-90.1
20,-90.3
21,-91.0
22,-89.6666666667
23,-91.0
24,-91.0
25,-91.0
26,-91.0
