frequency,pdr
11,-86.4444444444
12,-87.9
13,-87.6666666667
14,-85.0
15,-84.0
16,-84.0
17,-84.1111111111
18,-84.9
19,-85.0
20,-86.0
21,-87.0
23,-90.7
24,-91.0
25,-91.0
26,-90.0
