frequency,pdr
11,-90.2
12,-89.0
13,-89.0
14,-86.0
15,-82.3
16,-80.8888888889
17,-79.1428571429
18,-79.0
19,-78.7
20,-79.0
21,-79.0
22,-79.0
23,-79.1
24,-80.2
25,-82.0
26,-81.3
