frequency,pdr
11,-70.8
12,-70.7777777778
13,-71.1111111111
14,-72.5
15,-74.6
16,-79.0
17,-80.8
18,-76.0
19,-73.0
20,-72.6
21,-72.9
22,-72.3
23,-72.6
24,-71.8
25,-70.6
26,-70.0
