frequency,pdr
11,-88.0
12,-85.7777777778
13,-84.1111111111
14,-82.3
15,-82.0
16,-80.0
17,-79.2
18,-79.2
19,-80.0
20,-81.2
21,-82.0
22,-83.3
23,-86.3
24,-90.0
25,-91.0
26,-91.0
