frequency,pdr
11,-85.0
12,-85.375
13,-87.0
14,-88.9
15,-91.0
17,-90.8888888889
18,-85.0
19,-82.0
20,-82.3636363636
21,-80.3
22,-80.1
23,-81.0
24,-82.0
25,-82.3
26,-85.0
