frequency,pdr
11,-88.3333333333
12,-90.0
13,-90.7777777778
14,-91.0
19,-91.0
20,-91.0
21,-91.0
23,-91.0
24,-91.0
25,-90.0
26,-88.3
