frequency,pdr
11,-75.9
12,-76.0
13,-76.0
14,-76.0
15,-78.0
16,-79.1
17,-82.0
18,-86.3333333333
19,-90.9
20,-90.3333333333
21,-91.0
23,-91.0
24,-88.0
25,-82.0
26,-80.7
