frequency,pdr
11,-84.6
12,-81.8
13,-79.5
14,-79.0
15,-79.0
16,-80.2857142857
17,-81.8888888889
18,-83.2222222222
19,-85.8888888889
20,-89.3
21,-91.0
23,-89.1
24,-88.0
25,-87.9
26,-88.0
