frequency,pdr
11,-87.4444444444
12,-88.1111111111
13,-89.1111111111
14,-90.0
15,-91.0
16,-91.0
19,-91.0
21,-91.0
23,-91.0
26,-91.0
