frequency,pdr
11,-91.0
12,-91.0
13,-89.7777777778
14,-88.2857142857
15,-88.1
16,-89.2
17,-91.0
20,-91.0
21,-91.0
23,-91.0
24,-90.0
25,-88.0
26,-86.3
