frequency,pdr
11,-84.3
12,-82.0
13,-82.0
14,-82.0
15,-82.0
16,-85.7142857143
17,-88.0
18,-82.2222222222
19,-80.1
20,-79.0
21,-79.0
22,-80.1
23,-82.0
24,-87.1
25,-90.0
26,-89.0
