frequency,pdr
11,-71.8571428571
12,-79.4444444444
13,-83.75
14,-73.2
15,-70.0
16,-71.0
17,-74.0
18,-78.7
19,-74.2
20,-73.0
21,-76.0
22,-78.8
23,-79.0
24,-79.0
25,-81.2
26,-82.0
