frequency,pdr
11,-57.7142857143
12,-63.2222222222
13,-67.25
14,-70.0
15,-73.0
16,-82.2222222222
17,-65.125
18,-62.2222222222
19,-64.0
20,-66.0
21,-67.0
22,-64.0
23,-64.1
24,-59.0
25,-58.0
26,-55.0
