frequency,pdr
11,-61.0
12,-64.7777777778
13,-67.0
14,-63.6666666667
15,-55.0
16,-55.0
17,-57.4285714286
18,-58.0
19,-62.1
20,-61.0
21,-64.0
22,-63.4
23,-61.0
24,-58.0
25,-59.0
26,-64.0
