frequency,pdr
11,-60.75
12,-61.3333333333
13,-61.0
14,-64.0
15,-66.4
16,-66.8888888889
17,-70.125
18,-79.0
19,-71.5
20,-68.5
21,-70.0
22,-67.0
23,-64.2
24,-64.1
25,-64.0
26,-66.1
