frequency,pdr
11,-61.125
12,-59.7777777778
13,-61.0
14,-61.0
15,-58.1
16,-59.4444444444
17,-61.0
18,-64.0
19,-64.3
20,-64.0
21,-64.0
22,-67.8
23,-67.1
24,-60.4
25,-58.0
26,-63.0
