frequency,pdr
11,-60.1428571429
12,-60.8
13,-68.75
14,-64.0
15,-61.1
16,-61.1111111111
17,-64.4444444444
18,-70.0
19,-73.0
20,-69.3
21,-67.8
22,-69.7
23,-76.2
24,-73.0
25,-86.2
26,-78.7
