frequency,pdr
11,-63.1111111111
12,-46.6
13,-53.8
14,-61.0
15,-52.0
16,-44.4
17,-54.5
18,-53.9
19,-49.0
20,-46.0
21,-45.6
22,-56.7
23,-61.0
24,-58.4
25,-65.4444444444
26,-49.6
