frequency,pdr
11,-60.5
12,-55.0
13,-65.2
14,-74.6363636364
15,-67.7
16,-74.6
17,-61.0
18,-57.8
19,-65.2
20,-61.1
21,-74.9
22,-78.2857142857
23,-76.2
24,-70.0
25,-60.9
26,-64.0
