frequency,pdr
11,-61.1
12,-57.1111111111
13,-55.0
14,-63.5
15,-56.9
16,-55.0
17,-65.8
18,-62.5
19,-57.7
20,-58.4
21,-62.1
22,-60.7
23,-60.0
24,-61.0
25,-75.2222222222
26,-71.5
