frequency,pdr
11,-55.0
12,-62.7777777778
13,-65.6
14,-65.1
15,-61.7
16,-54.8
17,-69.8
18,-60.0
19,-67.0
20,-55.0
21,-62.9
22,-61.9
23,-64.0
24,-66.0
25,-67.4444444444
26,-61.0
