frequency,pdr
11,-46.0
12,-52.8888888889
13,-46.0
14,-48.0
15,-52.0
16,-49.0
17,-56.9
18,-49.6
19,-52.0
20,-49.0
21,-55.0
22,-55.0
23,-55.9
24,-67.6
25,-51.7777777778
26,-56.4
