frequency,pdr
11,-58.1
12,-60.2222222222
13,-62.4
14,-73.3636363636
15,-61.8
16,-61.0
17,-62.7
18,-69.0
19,-73.7
20,-64.0
21,-68.7
22,-64.8
23,-70.2222222222
24,-74.6
25,-68.0
26,-68.5
