frequency,pdr
11,-55.0
12,-51.3333333333
13,-52.1
14,-55.0
15,-47.6
16,-48.4
17,-54.2
18,-68.2
19,-50.2
20,-54.8
21,-52.0
22,-55.4
23,-52.9
24,-55.0
25,-66.3333333333
26,-49.0
