frequency,pdr
11,-64.1
12,-68.2222222222
13,-67.0
14,-76.3333333333
15,-65.4
16,-67.0
17,-61.0
18,-59.7
19,-64.0
20,-66.2
21,-67.0
22,-62.1
23,-57.4
24,-66.9
25,-63.7777777778
26,-72.2
