frequency,pdr
11,-69.0
12,-57.7777777778
13,-52.1
14,-56.0
15,-59.8
16,-56.4
17,-52.0
18,-55.0
19,-71.6
20,-55.0
21,-61.0
22,-61.0
23,-64.0
24,-64.8
25,-60.5555555556
26,-56.0909090909
