frequency,pdr
11,-63.4444444444
12,-57.3333333333
13,-51.9
14,-49.0
15,-52.7
16,-55.0
17,-49.0
18,-55.0
19,-52.0
20,-53.5
21,-57.6
22,-55.0
23,-56.6
24,-56.2
25,-55.8
26,-47.8
