frequency,pdr
11,-67.0
12,-69.7777777778
13,-58.0
14,-55.0
15,-56.8
16,-60.7
17,-59.0
18,-66.7
19,-64.0
20,-70.7
21,-75.9
22,-61.0
23,-60.6
24,-70.0
25,-64.8888888889
26,-59.0
