frequency,pdr
11,-62.6
12,-65.2222222222
13,-58.7
14,-50.6363636364
15,-47.9
16,-48.4
17,-49.0
18,-49.0
19,-55.0
20,-52.2
21,-46.0
22,-51.4
23,-54.8
24,-51.4
25,-72.0
26,-54.0
