frequency,pdr
11,-56.2
12,-58.1111111111
13,-56.7
14,-54.8
15,-51.7
16,-50.9
17,-49.1
18,-52.0
19,-55.4
20,-51.1
21,-48.7
22,-52.1
23,-53.5
24,-50.7
25,-47.9090909091
26,-48.4
