frequency,pdr
11,-64.3
12,-57.5555555556
13,-56.1
14,-65.9
15,-52.0
16,-55.0
17,-55.0
18,-67.7
19,-55.0
20,-51.6
21,-62.1
22,-61.0
23,-55.0
24,-76.3
25,-54.6666666667
26,-54.3
