frequency,pdr
11,-55.0
12,-55.4
13,-48.1
14,-61.8
15,-55.0
16,-60.2
17,-60.8181818182
18,-50.1
19,-53.0
20,-54.3
21,-56.0
22,-49.0
23,-51.9
24,-52.0
25,-54.7777777778
26,-56.4
