frequency,pdr
11,-60.9
12,-65.8888888889
13,-61.0
14,-65.6
15,-61.2
16,-63.9
17,-66.9
18,-62.1
19,-58.9
20,-69.0
21,-59.8
22,-58.0
23,-57.9
24,-60.5
25,-66.5555555556
26,-65.5
