frequency,pdr
11,-80.75
12,-66.8333333333
13,-60.75
14,-57.1428571429
15,-55.0
16,-55.0
17,-58.0
18,-61.8
19,-59.0
20,-55.0
21,-55.0
22,-55.0
23,-55.5
24,-55.0
25,-55.0
26,-55.0
