frequency,pdr
11,-67.0
12,-63.6
13,-57.5555555556
14,-59.1428571429
15,-76.0
16,-70.75
17,-74.7
18,-70.7777777778
19,-70.0
20,-65.3
21,-67.0
22,-68.7
23,-68.6
24,-70.0
25,-71.6
26,-64.0
