frequency,pdr
11,-58.0
12,-55.6666666667
13,-55.0
14,-59.5
15,-61.2
16,-63.0
17,-61.1
18,-61.1111111111
19,-61.0
20,-58.9
21,-58.0
22,-55.6
23,-56.2
24,-58.0
25,-58.0
26,-57.3
