frequency,pdr
11,-61.4444444444
12,-62.4
13,-62.5714285714
14,-64.0
15,-64.2
16,-64.0
17,-62.9
18,-61.0
19,-61.0
20,-61.0
21,-61.0
22,-60.9
23,-64.2
24,-64.1
25,-69.0
26,-73.8
