frequency,pdr
11,-87.8888888889
12,-71.2
13,-69.0
14,-67.0
15,-70.0
16,-73.0
17,-75.3
18,-76.1111111111
19,-81.2
20,-79.0
21,-79.1
22,-83.0
23,-86.1
24,-79.0
25,-76.0
26,-73.0
