frequency,pdr
11,-67.0
12,-68.8
13,-69.8571428571
14,-69.3333333333
15,-67.0
16,-67.0
17,-70.0
18,-70.0
19,-67.5
20,-67.0
21,-67.0
22,-67.0
23,-67.0
24,-67.0
25,-67.0
26,-69.1818181818
