frequency,pdr
11,-83.25
12,-83.6666666667
13,-67.8571428571
14,-62.1428571429
15,-66.4
16,-73.375
17,-74.0
18,-70.0
19,-65.9
20,-67.0
21,-67.9
22,-65.0
23,-68.0
24,-70.0
25,-70.0
26,-79.0
