frequency,pdr
11,-69.1111111111
12,-70.0
13,-72.4444444444
14,-76.0
15,-75.8
16,-70.0
17,-72.0
18,-68.7777777778
19,-72.0
20,-79.0
21,-73.0
22,-70.0
23,-70.0
24,-73.0
25,-78.1
26,-79.0
