frequency,pdr
11,-74.6666666667
12,-76.0
13,-85.8
14,-76.5
15,-73.0
16,-77.5555555556
17,-82.4
18,-74.0
19,-73.0
20,-70.4
21,-70.0
22,-69.0
23,-69.0
24,-67.0
25,-67.0
26,-70.0
