frequency,pdr
11,-68.6666666667
12,-70.0
13,-72.5555555556
14,-72.0
15,-72.0
16,-73.0
17,-70.7
18,-70.0
19,-69.0
20,-67.0
21,-67.0
22,-67.0
23,-67.0
24,-67.0
25,-67.0
26,-70.0
