frequency,pdr
11,-71.6666666667
12,-72.6666666667
13,-75.25
14,-73.0
15,-70.0
16,-72.5555555556
17,-89.9
18,-81.8888888889
19,-78.1
20,-79.0
21,-79.0
22,-80.0
23,-82.0
24,-83.8
25,-76.0
26,-73.0
