frequency,pdr
11,-73.0
12,-75.8
13,-85.1428571429
14,-73.0
15,-72.3
16,-73.0
17,-70.0
18,-67.2222222222
19,-67.0
20,-66.0
21,-65.1
22,-67.0
23,-67.0
24,-71.9090909091
25,-70.0
26,-67.0
