frequency,pdr
11,-73.1
12,-79.0
13,-76.7142857143
14,-79.4444444444
15,-73.0
16,-68.8888888889
17,-67.7
18,-72.3333333333
19,-67.3
20,-65.0
21,-67.0
22,-70.0
23,-70.0
24,-73.0
25,-76.1
26,-73.0
