frequency,pdr
11,-66.0
12,-70.2
13,-64.0
14,-63.4444444444
15,-64.0
16,-67.0
17,-69.4
18,-75.0
19,-69.0
20,-70.0
21,-75.4
22,-77.1
23,-76.1
24,-79.1
25,-72.9
26,-72.8181818182
