frequency,pdr
11,-79.2222222222
12,-70.0
13,-71.4285714286
14,-73.0
15,-75.8
16,-80.1111111111
17,-77.9
18,-70.0
19,-70.0
20,-84.0
21,-76.0
22,-71.4
23,-68.4
24,-67.0
25,-70.9
26,-73.0
