frequency,pdr
11,-62.7777777778
12,-61.3333333333
13,-65.9
14,-70.0
15,-66.7
16,-68.2
17,-75.9
18,-74.3
19,-63.7
20,-72.9
21,-74.0
22,-68.3
23,-59.6
24,-64.1
25,-64.0
26,-66.9
