frequency,pdr
11,-56.3
12,-59.8888888889
13,-58.7
14,-55.0
15,-55.0
16,-51.7
17,-54.4
18,-55.0
19,-66.3
20,-52.0
21,-55.2
22,-51.8
23,-52.7
24,-68.0
25,-66.7272727273
26,-59.0
