frequency,pdr
11,-78.1111111111
12,-74.1111111111
13,-67.0
14,-67.0
15,-69.0
16,-66.6
17,-68.3
18,-70.0
19,-68.3
20,-69.1
21,-66.3
22,-65.5
23,-58.0
24,-59.0
25,-61.9
26,-81.3
