frequency,pdr
11,-62.4444444444
12,-63.6666666667
13,-63.2
14,-61.3
15,-54.0
16,-51.9
17,-56.4
18,-62.6
19,-55.0
20,-67.5
21,-61.1
22,-70.4285714286
23,-49.0
24,-52.1
25,-59.5
26,-56.9
