frequency,pdr
11,-67.8888888889
12,-69.2222222222
13,-68.7
14,-64.6
15,-63.1
16,-69.0
17,-67.4
18,-64.0
19,-63.7
20,-66.2
21,-64.4
22,-64.3
23,-68.7
24,-67.0
25,-67.0
26,-74.0
