frequency,pdr
11,-62.7777777778
12,-55.5555555556
13,-68.6
14,-51.1
15,-55.0
16,-53.0
17,-51.9
18,-57.6
19,-55.3
20,-51.4
21,-53.6
22,-51.4
23,-52.0
24,-51.7
25,-53.9
26,-63.4
