frequency,pdr
11,-55.6666666667
12,-65.7777777778
13,-69.9
14,-51.6
15,-56.1
16,-66.2
17,-66.1
18,-58.6
19,-64.2
20,-58.0
21,-59.3
22,-55.0
23,-55.2
24,-56.2
25,-53.9
26,-55.0
