frequency,pdr
11,-59.3
12,-59.4444444444
13,-71.7
14,-72.7777777778
15,-65.6
16,-67.0
17,-68.5
18,-72.6
19,-76.5
20,-78.8
21,-72.6
22,-69.1
23,-64.0
24,-69.3
25,-72.7
26,-68.3
