frequency,pdr
11,-59.8888888889
12,-62.8888888889
13,-58.0
14,-53.5
15,-51.8
16,-51.6
17,-55.0
18,-54.9
19,-52.0
20,-63.2
21,-58.7
22,-56.6
23,-49.4
24,-49.0
25,-56.7
26,-61.0
