frequency,pdr
11,-62.5555555556
12,-62.8888888889
13,-58.5555555556
14,-68.1
15,-58.1
16,-63.6
17,-64.0
18,-65.8
19,-66.1
20,-78.0
21,-72.6
22,-68.5
23,-58.0
24,-58.0
25,-67.0
26,-59.3
