frequency,pdr
11,-65.25
12,-58.0
13,-65.3333333333
14,-60.4444444444
15,-55.1
16,-55.8
17,-58.0
18,-57.0
19,-60.4
20,-62.5
21,-60.6
22,-64.2
23,-63.0
24,-67.7
25,-70.3
26,-67.1
