frequency,pdr
11,-66.9
12,-65.4444444444
13,-64.0
14,-61.0
15,-67.0
16,-70.1111111111
17,-67.0
18,-55.0
19,-54.8
20,-58.0
21,-58.2
22,-55.0
23,-61.7
24,-55.0
25,-55.0
26,-55.3
