frequency,pdr
11,-62.9
12,-61.3
13,-66.1428571429
14,-70.4444444444
15,-70.9
16,-69.0
17,-64.0
18,-61.5
19,-58.0
20,-58.0
21,-69.4
22,-63.9
23,-65.2
24,-67.0
25,-67.0
26,-66.2
