frequency,pdr
11,-68.0
12,-58.0
13,-61.4444444444
14,-74.3333333333
15,-65.6
16,-61.0
17,-61.0
18,-59.2
19,-64.8
20,-73.2
21,-63.3
22,-65.5
23,-61.0
24,-58.0
25,-69.5
26,-65.9
