frequency,pdr
11,-66.3333333333
12,-61.0
13,-81.625
14,-58.2
15,-73.1
16,-66.7
17,-61.0
18,-55.1
19,-66.8
20,-69.6
21,-61.1
22,-64.7
23,-62.9
24,-61.0
25,-68.8
26,-70.4444444444
