frequency,pdr
11,-59.5
12,-69.5555555556
13,-70.5714285714
14,-71.1
15,-62.5
16,-68.1
17,-60.0
18,-74.5
19,-67.0
20,-61.0
21,-60.9
22,-73.7777777778
23,-63.7
24,-59.5
25,-61.0
26,-59.0
