frequency,pdr
11,-55.0
12,-46.0
13,-43.7777777778
14,-45.8888888889
15,-49.0
16,-44.0
17,-46.3
18,-55.0
19,-61.8
20,-53.5
21,-52.0
22,-52.3
23,-54.9
24,-46.4
25,-43.0
26,-48.4
