frequency,pdr
11,-62.1
12,-69.3333333333
13,-63.4285714286
14,-60.6666666667
15,-55.0
16,-60.2
17,-54.0
18,-52.1
19,-55.0
20,-58.9
21,-60.1
22,-58.6
23,-62.4
24,-56.2
25,-58.0
26,-53.3
