frequency,pdr
11,-61.0
12,-62.5555555556
13,-64.1111111111
14,-60.5454545455
15,-67.0
16,-68.9
17,-72.4
18,-60.7
19,-69.7
20,-65.2
21,-71.1
22,-64.0
23,-64.0
24,-61.0
25,-65.2
26,-56.7
