frequency,pdr
11,-66.7777777778
12,-59.6666666667
13,-63.4285714286
14,-63.1
15,-64.0
16,-65.9
17,-71.1
18,-66.6
19,-64.0
20,-62.9
21,-66.7
22,-59.5
23,-61.9
24,-75.3
25,-72.3
26,-78.6666666667
