frequency,pdr
11,-65.4444444444
12,-65.6666666667
13,-58.3333333333
14,-55.0
15,-67.0
16,-64.0
17,-67.0
18,-64.3
19,-66.3
20,-64.8
21,-68.6
22,-63.1
23,-63.6
24,-68.2
25,-75.1
26,-58.0
