frequency,pdr
11,-61.1
12,-72.4444444444
13,-62.0
14,-72.1111111111
15,-55.0
16,-61.4
17,-70.5
18,-73.5
19,-67.5
20,-59.2
21,-59.4
22,-61.0
23,-64.0
24,-75.4
25,-64.0
26,-79.0
