frequency,pdr
11,-59.6
12,-59.6666666667
13,-62.1818181818
14,-78.125
15,-65.6
16,-57.0
17,-59.1
18,-62.9
19,-66.5
20,-66.0
21,-71.1
22,-67.0
23,-61.0
24,-80.5
25,-66.1
26,-69.6
