frequency,pdr
11,-65.8888888889
12,-67.0
13,-65.125
14,-68.3333333333
15,-63.5
16,-72.9
17,-67.2
18,-67.0
19,-61.8
20,-61.4
21,-66.8
22,-68.1
23,-71.2
24,-67.0
25,-62.8
26,-66.8
