frequency,pdr
11,-60.2
12,-62.5555555556
13,-64.0
14,-69.3333333333
15,-64.3
16,-62.0
17,-70.0
18,-74.6
19,-70.1
20,-62.8
21,-60.1
22,-58.0
23,-73.0
24,-64.4
25,-68.8
26,-69.1
