frequency,pdr
11,-57.9
12,-59.7777777778
13,-68.7142857143
14,-58.0
15,-62.5
16,-63.7
17,-58.0
18,-74.0
19,-72.2
20,-64.1
21,-61.0
22,-64.4
23,-55.0
24,-55.0
25,-58.0
26,-63.9
