frequency,pdr
11,-67.375
12,-71.2222222222
13,-71.8571428571
14,-59.1
15,-67.0
16,-60.5
17,-73.7
18,-66.3
19,-71.5
20,-61.8
21,-61.0
22,-66.1
23,-63.2
24,-68.8
25,-67.0
26,-69.2
