frequency,pdr
11,-61.4
12,-62.0
13,-65.1428571429
14,-62.7777777778
15,-70.0
16,-70.7
17,-61.0
18,-55.0
19,-64.0
20,-64.0
21,-60.3
22,-76.9
23,-67.0
24,-74.5
25,-70.3
26,-70.1
