frequency,pdr
11,-61.2
12,-57.5555555556
13,-56.3333333333
14,-66.9
15,-63.1
16,-58.1
17,-62.4
18,-55.0
19,-58.0
20,-62.9
21,-71.2
22,-73.5
23,-64.0
24,-67.9
25,-70.4
26,-70.2222222222
