frequency,pdr
11,-60.7777777778
12,-68.3333333333
13,-62.375
14,-70.0
15,-68.3
16,-57.9
17,-64.0
18,-70.0
19,-58.3
20,-65.1
21,-70.1
22,-62.2
23,-66.2
24,-62.8
25,-64.0
26,-64.0
