frequency,pdr
11,-45.6
12,-47.6
13,-54.4444444444
14,-55.6666666667
15,-46.6
16,-46.0
17,-51.8
18,-54.1
19,-49.4
20,-50.5
21,-49.0
22,-51.5
23,-53.6
24,-52.8
25,-54.4
26,-55.7
