frequency,pdr
11,-59.2
12,-58.0
13,-53.8888888889
14,-56.8888888889
15,-64.0
16,-61.0
17,-61.4
18,-67.0
19,-58.7
20,-67.0
21,-55.4
22,-60.0
23,-72.3
24,-57.3
25,-62.6
26,-66.5
