frequency,pdr
11,-74.6666666667
12,-75.8888888889
13,-63.8888888889
14,-59.2
15,-60.9
16,-75.5
17,-63.6
18,-68.8
19,-61.9
20,-69.7
21,-67.5
22,-68.5
23,-67.1
24,-64.4
25,-69.3
26,-66.9
