frequency,pdr
11,-65.1111111111
12,-72.2222222222
13,-68.7142857143
14,-61.0
15,-68.0
16,-60.9
17,-70.0
18,-67.9
19,-64.8
20,-70.0
21,-68.7
22,-61.0
23,-67.8
24,-65.4
25,-58.2
26,-59.5
