frequency,pdr
11,-66.8888888889
12,-64.2222222222
13,-67.625
14,-65.5
15,-70.0
16,-68.8
17,-68.4
18,-64.8
19,-62.2
20,-61.0
21,-67.0
22,-69.6
23,-72.1
24,-62.0
25,-53.9
26,-61.4
