frequency,pdr
11,-66.4
12,-66.6666666667
13,-66.7777777778
14,-60.9090909091
15,-67.2
16,-69.0
17,-70.2
18,-53.6
19,-58.4
20,-67.0
21,-62.7
22,-55.2
23,-60.0
24,-61.0
25,-62.4
26,-72.8888888889
