frequency,pdr
11,-55.6
12,-77.1111111111
13,-60.3333333333
14,-69.0
15,-62.5
16,-67.0
17,-67.0
18,-78.0
19,-69.2
20,-70.0
21,-67.0
22,-66.3
23,-61.0
24,-61.0
25,-58.0
26,-58.7
