frequency,pdr
11,-56.2
12,-61.8888888889
13,-67.25
14,-64.1111111111
15,-55.8
16,-52.0
17,-48.4
18,-53.0
19,-62.5
20,-56.0
21,-49.0
22,-55.5
23,-56.6
24,-50.0
25,-50.3
26,-61.0
