frequency,pdr
11,-62.7
12,-67.0
13,-53.2222222222
14,-53.7
15,-59.2
16,-60.8888888889
17,-55.0
18,-54.0
19,-52.0
20,-46.2
21,-47.4
22,-48.1
23,-49.0
24,-43.1
25,-44.0
26,-49.0
