frequency,pdr
11,-70.5555555556
12,-60.0
13,-63.1428571429
14,-55.3333333333
15,-67.4
16,-66.8
17,-61.0
18,-67.9
19,-63.5
20,-67.7
21,-66.5
22,-70.9
23,-58.0
24,-76.1
25,-64.0
26,-65.3
