frequency,pdr
11,-53.7
12,-49.0
13,-54.8888888889
14,-53.6666666667
15,-57.0
16,-64.7777777778
17,-74.4
18,-58.1
19,-62.7
20,-52.6
21,-49.0
22,-49.0
23,-55.0
24,-55.0
25,-51.5
26,-51.4
