frequency,pdr
11,-55.0
12,-55.7
13,-56.5555555556
14,-59.5555555556
15,-52.0
16,-55.0
17,-52.0
18,-55.0
19,-51.5
20,-46.3
21,-47.3
22,-56.0
23,-61.9
24,-52.9
25,-51.9
26,-55.0
