frequency,pdr
11,-73.5555555556
12,-49.0
13,-51.5555555556
14,-49.0
15,-54.5
16,-51.7
17,-59.6
18,-52.0
19,-52.0
20,-51.1
21,-66.7
22,-55.0
23,-67.2
24,-56.6
25,-59.9
26,-55.0
