frequency,pdr
11,-52.0
12,-55.0
13,-55.0
14,-66.3333333333
15,-63.8
16,-51.2727272727
17,-52.0
18,-61.0
19,-55.9
20,-70.5
21,-55.0
22,-52.0
23,-59.6
24,-61.0
25,-55.8
26,-56.9
