frequency,pdr
11,-56.6
12,-57.4444444444
13,-56.4444444444
14,-55.0
15,-63.1
16,-58.0
17,-58.0
18,-55.0
19,-55.2
20,-61.3
21,-61.0
22,-63.0
23,-57.8
24,-67.4
25,-64.0
26,-55.8
