frequency,pdr
11,-64.4
12,-62.5555555556
13,-63.6666666667
14,-64.0
15,-65.8
16,-67.0
17,-78.4
18,-61.0
19,-60.0
20,-62.1
21,-64.0
22,-70.1
23,-67.0
24,-67.8
25,-70.9
26,-63.6
