frequency,pdr
11,-55.0
12,-69.4444444444
13,-58.1111111111
14,-55.0
15,-58.3
16,-70.5555555556
17,-58.0
18,-63.3
19,-66.9
20,-67.6
21,-68.2
22,-67.8
23,-69.8
24,-63.1
25,-62.4
26,-73.6
