frequency,pdr
11,-58.0
12,-53.0
13,-63.7142857143
14,-63.3333333333
15,-58.0
16,-60.1
17,-60.1
18,-65.0
19,-60.4
20,-59.1
21,-63.1
22,-56.8
23,-55.2
24,-57.4
25,-70.3
26,-65.8
