frequency,pdr
11,-63.7
12,-59.0
13,-66.7777777778
14,-65.3
15,-69.4
16,-62.7777777778
17,-63.3
18,-69.0
19,-67.1
20,-71.1
21,-61.0
22,-58.3
23,-71.4
24,-62.8
25,-57.2
26,-55.6
