frequency,pdr
11,-64.6666666667
12,-61.0
13,-57.875
14,-65.7777777778
15,-61.0
16,-60.3
17,-58.0
18,-58.0
19,-63.9
20,-77.6
21,-63.4
22,-64.6
23,-68.0
24,-61.5
25,-62.2
26,-59.1
