frequency,pdr
11,-64.8
12,-59.0
13,-64.8571428571
14,-61.0
15,-73.1
16,-70.2222222222
17,-67.6
18,-63.9
19,-66.7
20,-71.0
21,-78.8
22,-65.0
23,-67.2
24,-61.0
25,-64.9
26,-80.0
