frequency,pdr
11,-66.5555555556
12,-54.9
13,-55.1111111111
14,-60.6666666667
15,-75.4285714286
16,-61.1
17,-67.0
18,-61.7
19,-74.5
20,-66.1
21,-72.2
22,-67.0
23,-70.0
24,-66.2
25,-67.0
26,-67.0
