frequency,pdr
11,-65.4444444444
12,-63.4444444444
13,-57.875
14,-76.9
15,-71.7
16,-68.0909090909
17,-67.0
18,-63.0
19,-67.4
20,-62.9
21,-61.4
22,-59.0
23,-64.0
24,-67.0
25,-70.3
26,-58.0
