frequency,pdr
11,-62.2
12,-67.0
13,-68.1111111111
14,-68.6666666667
15,-59.1
16,-62.4
17,-66.0
18,-78.625
19,-67.0
20,-68.5
21,-75.7
22,-66.5
23,-69.9
24,-76.1
25,-65.6
26,-64.4
