frequency,pdr
11,-47.5
12,-49.2
13,-53.2222222222
14,-52.4444444444
15,-50.6
16,-52.1
17,-57.3
18,-47.2
19,-51.6
20,-46.0
21,-46.0
22,-46.0
23,-46.0
24,-52.0
25,-55.0
26,-55.0
