frequency,pdr
11,-56.0
12,-54.7
13,-52.1111111111
14,-60.4444444444
15,-55.2
16,-64.4444444444
17,-54.9
18,-49.0
19,-56.4
20,-55.0
21,-58.0
22,-59.0
23,-61.0
24,-61.0
25,-55.0
26,-52.4
