frequency,pdr
11,-60.8
12,-63.7777777778
13,-69.125
14,-70.5
15,-64.8
16,-64.5454545455
17,-61.0
18,-58.0
19,-68.7
20,-62.2
21,-59.0
22,-76.2222222222
23,-60.3
24,-61.7
25,-75.7
26,-68.5
