frequency,pdr
11,-63.5
12,-62.3333333333
13,-66.0
14,-64.7777777778
15,-67.9
16,-80.1818181818
17,-67.0
18,-63.8
19,-68.5
20,-66.7
21,-64.1
22,-61.5
23,-61.0
24,-59.8
25,-59.9
26,-67.0
