frequency,pdr
11,-56.4
12,-62.4
13,-52.625
14,-65.5555555556
15,-55.0
16,-69.4444444444
17,-52.0
18,-50.8
19,-49.0
20,-53.4
21,-52.2
22,-51.9
23,-58.0
24,-56.6
25,-53.0
26,-52.2
