frequency,pdr
11,-69.0
12,-67.1111111111
13,-68.2857142857
14,-61.7777777778
15,-76.7
16,-67.0
17,-64.0
18,-71.1
19,-67.0
20,-61.0
21,-67.0
22,-80.6
23,-68.6
24,-70.0
25,-64.0
26,-62.4
