frequency,pdr
11,-46.0
12,-48.2
13,-46.0
14,-50.2222222222
15,-49.0
16,-52.2727272727
17,-56.2
18,-62.6
19,-57.8
20,-57.8
21,-47.3
22,-49.0
23,-49.0
24,-72.6
25,-57.8
26,-54.3
