frequency,pdr
11,-70.2222222222
12,-70.0
13,-59.0
14,-75.3333333333
15,-61.4
16,-71.7
17,-61.5
18,-68.1
19,-64.0
20,-67.0
21,-62.3
22,-73.8
23,-67.0
24,-62.0
25,-61.0
26,-63.7
