frequency,pdr
11,-61.3
12,-70.4
13,-72.875
14,-64.0909090909
15,-60.1
16,-62.0
17,-77.1
18,-61.5
19,-61.2
20,-64.5
21,-68.5
22,-66.2
23,-67.3
24,-76.0
25,-74.8
26,-76.4444444444
