frequency,pdr
11,-67.1111111111
12,-67.1111111111
13,-58.9
14,-61.0
15,-70.6
16,-63.7
17,-67.4
18,-76.3333333333
19,-64.0
20,-66.0
21,-67.0
22,-74.3
23,-77.8888888889
24,-74.6
25,-67.9
26,-79.1
