frequency,pdr
11,-64.4
12,-71.4444444444
13,-73.8571428571
14,-60.9
15,-64.0
16,-71.1
17,-67.0
18,-67.0
19,-67.0
20,-70.2
21,-61.0
22,-64.4
23,-74.4
24,-70.0
25,-67.0
26,-75.8888888889
