frequency,pdr
11,-60.6
12,-67.8888888889
13,-66.7142857143
14,-59.5555555556
15,-70.3
16,-63.5
17,-58.0
18,-75.9
19,-67.1
20,-60.7
21,-67.9
22,-66.8
23,-66.0
24,-67.0
25,-66.9
26,-79.0
