frequency,pdr
11,-59.6
12,-61.3333333333
13,-69.4285714286
14,-70.0
15,-62.0
16,-64.5
17,-58.4
18,-57.0
19,-55.0
20,-61.7
21,-55.0
22,-71.1
23,-64.0
24,-65.1
25,-69.0
26,-67.0
