frequency,pdr
11,-61.7
12,-68.1111111111
13,-69.4285714286
14,-64.0
15,-72.4
16,-64.8
17,-67.0
18,-58.0
19,-74.9
20,-66.0
21,-64.9
22,-72.0
23,-65.1
24,-69.3
25,-67.9
26,-76.9
