frequency,pdr
11,-62.4444444444
12,-65.3333333333
13,-53.7
14,-56.6666666667
15,-63.0
16,-61.6
17,-58.3
18,-53.2
19,-55.0
20,-57.8
21,-68.1
22,-64.2
23,-55.9
24,-64.2
25,-64.0
26,-63.3
