frequency,pdr
11,-69.0
12,-70.6666666667
13,-57.8
14,-58.0
15,-60.2
16,-61.0
17,-71.4
18,-63.6
19,-67.1
20,-69.5
21,-70.0
22,-65.7
23,-67.2
24,-61.0
25,-71.8
26,-72.7777777778
