frequency,pdr
11,-52.0
12,-48.3
13,-66.3333333333
14,-46.5555555556
15,-45.1
16,-50.0
17,-58.0
18,-52.0
19,-55.1
20,-50.9
21,-49.4
22,-62.7
23,-47.3
24,-43.0
25,-44.4
26,-56.3
