frequency,pdr
11,-57.8
12,-65.6666666667
13,-65.0
14,-64.1111111111
15,-63.1
16,-75.7
17,-70.0
18,-64.0
19,-70.0
20,-68.7
21,-70.7
22,-70.7
23,-62.7
24,-64.6
25,-68.5
26,-67.0
