frequency,pdr
11,-76.1
12,-67.0
13,-67.1428571429
14,-65.0
15,-66.6
16,-72.1818181818
17,-70.5
18,-68.4
19,-61.1
20,-65.6
21,-72.3
22,-67.6
23,-75.0
24,-68.9
25,-67.3
26,-68.5
