frequency,pdr
11,-63.3333333333
12,-70.6666666667
13,-65.2
14,-65.0
15,-62.9
16,-64.9
17,-68.6
18,-63.1
19,-67.9090909091
20,-59.1
21,-58.0
22,-56.3
23,-64.6
24,-61.0
25,-67.0
26,-71.0
