frequency,pdr
11,-62.5
12,-62.6666666667
13,-68.4285714286
14,-67.0
15,-59.0
16,-73.0
17,-64.0
18,-74.0
19,-59.4
20,-58.9
21,-70.0
22,-65.0
23,-64.4
24,-73.0
25,-76.0
26,-77.3333333333
