frequency,pdr
11,-71.125
12,-58.0
13,-55.2
14,-63.3333333333
15,-69.5
16,-73.1
17,-58.0
18,-64.0
19,-67.3
20,-65.0
21,-61.0
22,-63.9
23,-75.0
24,-63.5
25,-67.5
26,-68.7777777778
