frequency,pdr
11,-60.5555555556
12,-67.0
13,-60.4285714286
14,-64.7
15,-58.0
16,-62.7
17,-67.0
18,-65.7
19,-62.4
20,-61.7
21,-64.0
22,-60.1
23,-76.7
24,-59.3
25,-67.0
26,-58.0
