frequency,pdr
11,-73.9
12,-73.0
13,-70.0
14,-71.2222222222
15,-88.6666666667
16,-76.0
17,-72.3
18,-70.0
19,-69.0
20,-70.0
21,-70.9
22,-70.1111111111
23,-69.9
24,-67.0
25,-68.5
26,-67.0
