frequency,pdr
11,-46.3
12,-47.8181818182
13,-46.0
14,-47.0
15,-46.4
16,-49.0
17,-49.0
18,-50.0
19,-55.8
20,-58.0
21,-53.0
22,-54.2222222222
23,-64.0
24,-71.2
25,-52.2
26,-49.2
