frequency,pdr
11,-90.8
12,-89.3333333333
13,-86.3
14,-86.1
15,-89.3
16,-89.1
17,-87.5
18,-85.0
19,-84.8
20,-87.6
21,-90.5
22,-88.8888888889
23,-85.6
24,-84.1
25,-83.0
26,-84.4
