frequency,pdr
11,-52.6
12,-55.0
13,-52.0
14,-52.0
15,-52.0
16,-55.0
17,-55.0
18,-60.9
19,-55.0
20,-55.0
21,-56.5
22,-60.8888888889
23,-61.0
24,-58.7272727273
25,-55.0
26,-51.0
