frequency,pdr
12,-91.0
13,-91.0
14,-90.2222222222
15,-90.1428571429
16,-91.0
17,-90.6666666667
18,-86.1
19,-87.25
20,-85.1
21,-86.0
23,-90.4
24,-89.6
25,-91.0
