frequency,pdr
11,-90.6
12,-90.9
13,-91.0
14,-91.0
15,-90.2
16,-90.1
17,-89.7777777778
18,-88.9
19,-89.3
20,-90.0
21,-90.0
22,-89.0
23,-89.8888888889
24,-90.1
25,-91.0
26,-90.0
