frequency,pdr
11,-87.4
12,-87.7
13,-89.2
14,-88.4
15,-85.0
16,-82.7
17,-82.0
18,-81.0
19,-79.8
20,-79.4
21,-80.1111111111
22,-81.7777777778
23,-82.625
24,-85.4444444444
25,-90.4
26,-91.0
