frequency,pdr
11,-85.8
12,-82.0
13,-82.0
14,-83.5
15,-85.9
16,-88.2
17,-88.8571428571
18,-88.0
19,-87.8
20,-86.8
21,-86.6
22,-85.375
23,-85.8888888889
24,-87.1
25,-89.1
26,-90.1
