frequency,pdr
11,-90.1428571429
12,-90.6666666667
13,-91.0
14,-90.9
15,-91.0
16,-91.0
19,-91.0
20,-91.0
21,-91.0
23,-91.0
24,-91.0
25,-91.0
