frequency,pdr
11,-79.0
12,-79.0
13,-80.0
14,-80.0
15,-79.0
16,-77.0
17,-77.0
18,-77.0
19,-79.0
20,-81.0
21,-84.0
22,-83.2222222222
23,-81.8888888889
24,-80.9
25,-81.0
26,-79.8
