frequency,pdr
11,-87.3333333333
12,-85.1
13,-86.3
14,-86.0
15,-86.9
16,-90.6
17,-90.2
18,-88.9
19,-86.1
20,-85.1
21,-85.3
22,-85.875
23,-84.6666666667
24,-84.0
25,-85.0
26,-84.9
