frequency,pdr
11,-89.2222222222
12,-89.25
13,-89.8888888889
14,-90.7142857143
15,-91.0
16,-91.0
17,-91.0
18,-91.0
20,-91.0
21,-90.8
22,-90.0
23,-91.0
24,-91.0
25,-89.7
26,-86.6
