frequency,pdr
11,-89.0
12,-89.6666666667
13,-90.3333333333
21,-91.0
23,-91.0
