frequency,pdr
11,-81.8888888889
12,-82.0
13,-86.7777777778
14,-88.125
15,-90.1
16,-91.0
17,-91.0
18,-90.1
19,-88.9
20,-87.5
21,-90.8
23,-89.2857142857
24,-87.6
25,-85.5
26,-88.2
