frequency,pdr
11,-87.7777777778
12,-88.1111111111
13,-89.4444444444
14,-83.7142857143
15,-84.7
16,-89.7
17,-87.1
18,-83.6
19,-82.0
20,-82.1
21,-81.9
22,-82.4444444444
23,-84.0
24,-83.8
25,-86.8
26,-90.1
