frequency,pdr
11,-52.8
12,-48.1
13,-56.1111111111
14,-51.9
15,-54.2
16,-59.1
17,-56.8
18,-58.6
19,-59.0
20,-55.0
21,-56.3
22,-61.9
23,-47.3
24,-53.8888888889
25,-57.7
26,-46.0
