frequency,pdr
11,-64.4444444444
12,-58.3
13,-58.8888888889
14,-66.0
15,-58.9
16,-59.0
17,-59.2
18,-62.9
19,-74.4
20,-65.3
21,-63.1
22,-53.6
23,-53.1
24,-57.9
25,-58.0
26,-64.0
