frequency,pdr
11,-67.9090909091
12,-68.3
13,-60.4444444444
14,-64.7
15,-63.3
16,-59.2
17,-63.8
18,-69.9
19,-61.0
20,-70.9
21,-61.0
22,-65.2
23,-58.8
24,-56.9
25,-63.8
26,-65.0
