frequency,pdr
11,-49.4
12,-53.8
13,-60.3333333333
14,-66.9
15,-46.9
16,-49.0
17,-59.8
18,-53.2
19,-51.6
20,-55.0
21,-65.5
22,-64.2727272727
23,-62.0
24,-65.0
25,-59.0
26,-58.6
