frequency,pdr
11,-68.2222222222
12,-65.1
13,-60.6666666667
14,-55.0
15,-64.9
16,-64.0
17,-74.9
18,-70.0
19,-71.8
20,-75.9
21,-68.0
22,-62.9
23,-64.0
24,-68.3333333333
25,-59.0
26,-67.0
