frequency,pdr
11,-49.8
12,-56.9090909091
13,-60.1111111111
14,-49.0
15,-54.0
16,-50.6
17,-50.3
18,-56.7
19,-55.0
20,-65.4
21,-59.5
22,-58.4
23,-56.7
24,-54.0
25,-54.9
26,-49.8
