frequency,pdr
11,-51.9
12,-46.0
13,-47.9
14,-57.9
15,-64.0
16,-53.9
17,-55.4
18,-55.9
19,-49.0
20,-67.0
21,-56.0909090909
22,-49.0
23,-49.0
24,-60.2222222222
25,-54.8
26,-49.0
