frequency,pdr
11,-61.0
12,-55.0
13,-55.2222222222
14,-59.6
15,-65.5454545455
16,-67.0
17,-61.4
18,-71.0
19,-64.0
20,-53.9
21,-52.0
22,-55.0
23,-63.9
24,-60.8
25,-60.8
26,-53.0
