frequency,pdr
11,-66.6
12,-57.7
13,-65.2222222222
14,-58.0
15,-66.3
16,-58.7
17,-59.3
18,-53.6
19,-58.0
20,-50.8
21,-46.0
22,-46.0
23,-55.2
24,-53.3636363636
25,-47.8
26,-48.5
