frequency,pdr
11,-65.8888888889
12,-66.6
13,-67.8888888889
14,-69.6
15,-62.5
16,-61.8
17,-61.0
18,-66.2
19,-66.4545454545
20,-69.8
21,-74.4
22,-68.3
23,-68.5
24,-64.5555555556
25,-64.3
26,-68.8
