frequency,pdr
11,-62.9
12,-52.0
13,-70.5555555556
14,-58.5
15,-66.5
16,-54.0
17,-54.0
18,-61.7
19,-65.6
20,-55.0
21,-56.4
22,-56.6
23,-72.7
24,-72.7777777778
25,-68.8
26,-61.0
