frequency,pdr
11,-61.0
12,-64.0
13,-66.3333333333
14,-69.6
15,-63.0
16,-61.7
17,-63.0
18,-71.4
19,-62.2
20,-67.0
21,-67.0
22,-69.1
23,-72.7272727273
24,-72.9
25,-65.2
26,-70.5
