frequency,pdr
11,-58.8
12,-58.8
13,-71.7777777778
14,-61.0
15,-75.2
16,-56.7
17,-62.9
18,-55.0
19,-66.6
20,-61.5
21,-64.5
22,-63.5
23,-77.1
24,-66.4444444444
25,-70.5
26,-63.5
