frequency,pdr
11,-67.0
12,-57.9
13,-61.7777777778
14,-61.4
15,-67.0
16,-62.0
17,-55.0
18,-63.2
19,-61.0
20,-67.0
21,-61.0
22,-72.4444444444
23,-66.9
24,-71.8
25,-62.0
26,-73.6
