frequency,pdr
11,-65.5
12,-69.6
13,-63.8888888889
14,-61.9
15,-61.4
16,-63.9
17,-61.8
18,-66.1
19,-69.3636363636
20,-67.4
21,-64.0
22,-70.1
23,-65.3
24,-64.8888888889
25,-63.2
26,-66.7
