frequency,pdr
11,-54.5
12,-54.9
13,-58.7777777778
14,-59.5
15,-61.7
16,-71.1
17,-57.0
18,-58.8
19,-51.7
20,-53.5
21,-53.7
22,-62.0
23,-67.0
24,-55.6666666667
25,-52.0
26,-52.0
