frequency,pdr
11,-55.1
12,-55.0
13,-60.5555555556
14,-53.0
15,-54.3
16,-53.8
17,-58.0
18,-55.6
19,-53.7
20,-52.0
21,-55.0
22,-56.8
23,-62.5
24,-57.9090909091
25,-57.3
26,-56.3
