frequency,pdr
11,-55.8
12,-52.4
13,-49.0
14,-66.1
15,-53.2
16,-62.5
17,-63.7
18,-55.0
19,-55.3636363636
20,-52.7
21,-57.9
22,-55.0
23,-54.5
24,-62.3333333333
25,-55.3
26,-68.3
