frequency,pdr
11,-89.2222222222
12,-89.0
13,-90.2222222222
15,-91.0
16,-88.4
17,-90.0
18,-91.0
19,-91.0
23,-91.0
24,-91.0
25,-91.0
26,-91.0
