frequency,pdr
11,-89.1111111111
12,-89.1111111111
13,-88.0
14,-88.0
15,-89.9
16,-90.1
17,-91.0
18,-91.0
19,-91.0
20,-90.3
21,-90.2
23,-90.7
24,-89.6
25,-87.8
26,-88.5
