frequency,pdr
11,-90.0
12,-90.6666666667
13,-90.9
14,-91.0
15,-90.0
16,-90.1
17,-90.1
18,-91.0
19,-91.0
20,-91.0
21,-90.8888888889
