frequency,pdr
11,-72.1
12,-70.375
13,-67.2
14,-70.5
15,-73.0
16,-73.0
17,-76.0
18,-79.0
19,-79.0
20,-85.1
21,-91.0
22,-84.375
23,-76.2222222222
24,-70.4444444444
25,-78.9
26,-70.0
