frequency,pdr
11,-88.5
12,-87.6666666667
13,-88.3333333333
14,-88.3
15,-89.6
16,-89.8
17,-89.5
18,-89.0
19,-90.5
20,-91.0
21,-91.0
23,-91.0
24,-91.0
25,-91.0
26,-91.0
