frequency,pdr
11,-81.6
12,-81.6666666667
13,-82.8
14,-85.1
15,-84.8
16,-83.8888888889
17,-83.0
18,-85.0
19,-89.9
20,-89.0
21,-91.0
23,-91.0
24,-91.0
25,-91.0
26,-91.0
