frequency,pdr
11,-67.0
12,-70.0
13,-69.6
14,-69.4
15,-70.0
16,-70.0
17,-70.7
18,-73.0
19,-75.5
20,-78.3
21,-82.0
22,-84.4444444444
23,-76.4444444444
24,-73.0
25,-70.9
26,-71.5
