frequency,pdr
11,-71.0
12,-70.9
13,-70.0
14,-70.0
15,-72.2
16,-73.0
17,-74.0
18,-74.5
19,-76.0
20,-78.4
21,-80.8888888889
22,-80.1111111111
23,-76.0
24,-75.4
25,-73.1
26,-75.0
