frequency,pdr
11,-79.0
12,-80.0
13,-82.0
14,-81.9
15,-79.4
16,-79.0
17,-79.0
18,-80.9
19,-82.0
20,-86.0
21,-89.1111111111
22,-86.8888888889
23,-84.125
24,-82.0
25,-82.0
26,-84.1
