frequency,pdr
11,-90.3333333333
13,-88.0
14,-82.0
15,-79.0
16,-79.0
17,-78.7
18,-79.0
19,-79.5
20,-82.0
21,-84.7
22,-84.7777777778
23,-85.125
24,-88.2
26,-90.7272727273
