frequency,pdr
11,-90.25
12,-90.8888888889
13,-90.8888888889
14,-90.0
15,-90.2
16,-91.0
17,-91.0
18,-91.0
19,-91.0
21,-91.0
24,-91.0
25,-91.0
26,-91.0
