frequency,pdr
11,-76.0
12,-75.8
13,-75.6
14,-76.7
15,-77.8
16,-76.0
17,-76.0
18,-79.0
19,-79.0
20,-79.0
21,-79.1
22,-81.1111111111
23,-81.4285714286
24,-79.1
25,-79.0
26,-79.1
