frequency,pdr
11,-79.0
12,-77.8
13,-75.8
14,-73.2
15,-73.0
16,-74.625
17,-77.1111111111
18,-79.0
19,-82.0
20,-82.7
21,-84.75
23,-86.2
24,-90.8888888889
25,-87.7
26,-86.7
