frequency,pdr
11,-70.0
12,-67.0
13,-67.3
14,-69.9
15,-72.8181818182
16,-73.6
17,-78.9
18,-85.5555555556
19,-90.7
20,-85.3
21,-79.0
22,-75.1
23,-73.1
24,-76.0
25,-75.5
26,-76.0
