frequency,pdr
11,-73.3333333333
12,-63.6
13,-65.1
14,-55.3
15,-68.7
16,-55.9
17,-58.0
18,-63.4
19,-67.4
20,-63.1
21,-55.0
22,-58.5
23,-57.0
24,-58.4444444444
25,-58.1
26,-49.2
