frequency,pdr
11,-61.8
12,-67.1
13,-70.7777777778
14,-67.0
15,-61.0
16,-77.1111111111
17,-70.0
18,-66.1
19,-79.0
20,-67.0
21,-66.9
22,-69.5
23,-67.0
24,-64.8
25,-67.4
26,-72.4
