frequency,pdr
11,-55.0
12,-55.0
13,-64.7777777778
14,-60.8
15,-67.0
16,-61.0
17,-67.0
18,-55.1
19,-56.2
20,-58.5
21,-64.6
22,-66.6
23,-66.8
24,-59.4444444444
25,-68.3
26,-62.8
