frequency,pdr
11,-62.8
12,-55.2
13,-59.8888888889
14,-62.3
15,-61.0
16,-69.6666666667
17,-59.9
18,-66.8
19,-60.1
20,-61.0
21,-55.4
22,-64.0
23,-58.0
24,-66.6
25,-59.8
26,-70.3
