frequency,pdr
11,-54.4
12,-61.0
13,-60.5555555556
14,-61.0
15,-61.8
16,-67.0
17,-60.8
18,-58.4
19,-58.0
20,-75.2
21,-70.0
22,-64.0
23,-58.2
24,-66.7777777778
25,-73.3
26,-64.0
