frequency,pdr
11,-74.1111111111
12,-64.5
13,-61.0
14,-64.0
15,-70.0
16,-68.4444444444
17,-63.0
18,-62.9
19,-62.0
20,-61.0
21,-58.0
22,-61.0
23,-60.3
24,-61.2
25,-67.0
26,-69.7
