frequency,pdr
11,-55.0
12,-55.0
13,-63.5555555556
14,-60.4
15,-74.2
16,-63.2
17,-61.9
18,-62.6
19,-67.2
20,-55.0
21,-55.0
22,-55.0
23,-59.7
24,-55.2222222222
25,-61.7
26,-55.0
