frequency,pdr
11,-55.0
12,-52.0
13,-49.9
14,-54.4
15,-52.9
16,-56.7777777778
17,-52.8
18,-55.0
19,-53.7
20,-57.2
21,-58.0
22,-58.2
23,-65.1
24,-65.6666666667
25,-65.9
26,-64.0
