frequency,pdr
11,-67.7777777778
12,-58.0
13,-60.3
14,-61.7
15,-55.9
16,-57.8
17,-52.0
18,-63.7
19,-58.0
20,-66.9
21,-65.1
22,-67.0
23,-68.9
24,-60.3333333333
25,-61.0
26,-70.0
