frequency,pdr
11,-56.0
12,-66.7
13,-61.0
14,-74.1111111111
15,-70.8
16,-80.0
17,-65.0
18,-74.1
19,-67.0
20,-62.9
21,-61.0
22,-68.5454545455
23,-61.0
24,-60.9
25,-69.2
26,-58.0
