frequency,pdr
11,-62.4
12,-62.2
13,-57.4444444444
14,-52.0
15,-55.0
16,-58.0
17,-62.0
18,-61.0
19,-60.5
20,-62.3
21,-66.0
22,-64.0
23,-62.9
24,-62.7777777778
25,-67.0
26,-63.9
