frequency,pdr
11,-63.3
12,-61.0
13,-61.5555555556
14,-69.2
15,-63.3
16,-58.0
17,-55.0
18,-64.0
19,-58.0
20,-67.6
21,-75.6
22,-64.0
23,-67.5
24,-74.2222222222
25,-62.5
26,-58.8
