frequency,pdr
11,-67.0
12,-55.0
13,-70.7777777778
14,-65.5
15,-69.4
16,-60.4
17,-64.5
18,-74.9
19,-64.0
20,-74.4
21,-59.8
22,-55.2
23,-58.1
24,-62.6666666667
25,-63.1
26,-59.5
