frequency,pdr
11,-56.6
12,-59.4
13,-70.4444444444
14,-59.5
15,-59.8
16,-61.2222222222
17,-56.0
18,-61.0
19,-60.0
20,-66.0
21,-58.0
22,-64.0
23,-57.8
24,-68.0
25,-61.0
26,-61.5
