frequency,pdr
11,-69.1
12,-65.1
13,-76.0
14,-62.8
15,-71.1
16,-75.5555555556
17,-67.0
18,-71.7
19,-86.2
20,-67.1
21,-60.8
22,-64.0
23,-71.8
24,-73.1111111111
25,-77.4
26,-74.5
