frequency,pdr
11,-51.3
12,-54.8
13,-56.3333333333
14,-50.0
15,-49.4
16,-52.0
17,-58.0
18,-52.0
19,-48.0
20,-46.0
21,-46.0
22,-48.0
23,-48.6
24,-53.6666666667
25,-54.6
26,-67.0
