frequency,pdr
11,-52.0
12,-52.8
13,-55.0
14,-55.0
15,-65.6
16,-69.6666666667
17,-55.0
18,-54.5
19,-55.0
20,-58.0
21,-62.5
22,-55.0
23,-75.5714285714
24,-67.0
25,-68.4
26,-57.7
