frequency,pdr
11,-61.6666666667
12,-61.0
13,-61.8888888889
14,-62.6
15,-71.3
16,-61.0
17,-61.8
18,-58.3
19,-70.1
20,-66.8
21,-67.3
22,-75.7
23,-64.0
24,-67.0
25,-66.7
26,-66.4
