frequency,pdr
11,-66.5
12,-55.5
13,-63.5555555556
14,-61.0
15,-70.0
16,-63.7
17,-62.7
18,-61.1
19,-66.7
20,-71.3
21,-65.0
22,-67.0
23,-77.8
24,-67.6666666667
25,-69.6
26,-70.0
