frequency,pdr
11,-53.8
12,-65.0
13,-56.8888888889
14,-52.5
15,-52.0
16,-52.0
17,-53.8
18,-66.5
19,-60.0
20,-57.2
21,-58.0
22,-59.4
23,-66.8
24,-61.6666666667
25,-60.1
26,-70.0
