frequency,pdr
11,-56.9
12,-61.0
13,-52.4444444444
14,-49.9
15,-62.8
16,-60.9
17,-54.4
18,-52.0
19,-55.0
20,-66.8
21,-55.5
22,-55.0
23,-56.5
24,-62.6666666667
25,-61.7
26,-61.8
