frequency,pdr
11,-56.0
12,-52.0
13,-60.5555555556
14,-58.0
15,-68.6
16,-64.0
17,-67.0
18,-63.0
19,-53.7
20,-57.7
21,-73.1
22,-64.0
23,-61.0
24,-59.2222222222
25,-60.3
26,-70.0
