frequency,pdr
11,-66.9
12,-61.2
13,-71.3333333333
14,-57.8
15,-62.6
16,-53.0
17,-61.8
18,-56.8
19,-53.0
20,-61.0
21,-64.0
22,-62.9
23,-58.3
24,-69.7777777778
25,-70.4
26,-62.6
