frequency,pdr
11,-57.3
12,-58.7
13,-54.9
14,-55.0
15,-60.3
16,-67.3333333333
17,-58.6
18,-53.4
19,-56.6
20,-67.3
21,-63.8
22,-60.2
23,-77.5555555556
24,-64.3
25,-64.1
26,-60.3
