frequency,pdr
11,-58.6
12,-59.5
13,-63.1111111111
14,-64.8
15,-55.8
16,-58.0
17,-78.0
18,-61.0
19,-63.4
20,-72.9
21,-64.0
22,-61.0
23,-66.8
24,-64.2222222222
25,-68.5
26,-66.8
