frequency,pdr
11,-59.6
12,-60.6
13,-63.5555555556
14,-58.0
15,-60.0
16,-63.6
17,-71.5
18,-60.6
19,-62.4
20,-55.0
21,-52.0
22,-55.0
23,-58.7
24,-62.3333333333
25,-81.0
26,-63.4
