frequency,pdr
11,-71.2222222222
12,-62.8
13,-66.0
14,-68.4
15,-64.1
16,-73.0
17,-71.7
18,-62.0
19,-66.7
20,-65.4
21,-64.0
22,-64.0
23,-55.3
24,-56.6666666667
25,-71.2
26,-63.3
