frequency,pdr
11,-59.9
12,-65.9
13,-73.3333333333
14,-71.4
15,-61.0
16,-57.0
17,-71.3
18,-58.0
19,-61.6
20,-67.0
21,-63.9
22,-64.1
23,-73.2
24,-63.3333333333
25,-60.9
26,-64.0
