frequency,pdr
11,-61.0
12,-60.7
13,-57.8888888889
14,-68.9
15,-70.4
16,-62.1
17,-55.0
18,-58.0
19,-68.3
20,-57.2
21,-55.0
22,-55.0
23,-53.0
24,-53.8888888889
25,-60.7
26,-60.8
