frequency,pdr
11,-61.4444444444
12,-52.5
13,-51.6
14,-58.1
15,-53.8
16,-67.8888888889
17,-55.0
18,-49.9
19,-55.0
20,-62.9
21,-56.5
22,-62.4
23,-58.0
24,-65.3333333333
25,-62.1818181818
26,-56.1
