frequency,pdr
11,-51.9
12,-62.7777777778
13,-55.0
14,-55.1111111111
15,-62.0
16,-58.0
17,-52.0
18,-51.8
19,-62.7
20,-63.7
21,-46.0
22,-46.0
23,-46.0
24,-43.1
25,-49.8
26,-48.2
