frequency,pdr
11,-61.5
12,-55.0
13,-55.7
14,-60.2222222222
15,-67.5
16,-62.1
17,-54.8
18,-65.5454545455
19,-55.9
20,-68.7
21,-61.0
22,-57.4
23,-58.3
24,-67.0
25,-67.6
26,-67.0
