frequency,pdr
11,-59.2
12,-54.6
13,-55.0
14,-49.6666666667
15,-58.6
16,-63.2
17,-58.2
18,-69.1818181818
19,-62.4
20,-73.125
21,-55.2
22,-55.0
23,-55.0
24,-55.2
25,-58.0
26,-71.5
