frequency,pdr
11,-61.0
12,-55.3333333333
13,-59.6
14,-58.6666666667
15,-57.9
16,-56.0909090909
17,-55.0
18,-58.4
19,-55.4
20,-53.7
21,-55.0
22,-50.5
23,-47.8
24,-55.0
25,-60.8
26,-64.0
