frequency,pdr
11,-55.4
12,-69.1111111111
13,-54.6
14,-59.6666666667
15,-58.0
16,-57.6
17,-64.0
18,-58.0
19,-55.0
20,-63.9
21,-63.5
22,-55.0
23,-72.7
24,-58.1
25,-54.6
26,-68.9
