frequency,pdr
11,-54.7
12,-49.2222222222
13,-59.2
14,-57.3333333333
15,-54.0
16,-49.0
17,-58.2
18,-49.0
19,-51.4
20,-49.0
21,-46.0
22,-48.8
23,-49.7
24,-49.0
25,-46.0
26,-45.2
