frequency,pdr
11,-59.3
12,-62.1111111111
13,-63.8
14,-62.2222222222
15,-63.1
16,-55.0
17,-55.0
18,-52.6
19,-55.0
20,-61.7
21,-63.3
22,-59.5
23,-60.2
24,-54.5
25,-59.9
26,-51.3
