frequency,pdr
11,-57.9
12,-64.2222222222
13,-55.3
14,-54.3333333333
15,-55.0
16,-55.0
17,-56.8
18,-55.0
19,-63.8
20,-63.8
21,-68.1
22,-70.2
23,-64.0
24,-61.1
25,-58.0
26,-59.1
