frequency,pdr
11,-56.0909090909
12,-68.4444444444
13,-55.2
14,-55.0
15,-54.8
16,-53.0
17,-55.0
18,-55.0
19,-62.2
20,-58.0
21,-55.0
22,-69.8
23,-64.6
24,-55.0
25,-54.9
26,-53.0
