frequency,pdr
11,-51.6
12,-55.8888888889
13,-53.9
14,-60.6666666667
15,-60.6
16,-67.5
17,-58.4
18,-56.1
19,-58.3
20,-50.8
21,-51.9
22,-60.2
23,-60.5
24,-58.0
25,-66.1
26,-55.0
