frequency,pdr
11,-64.0
12,-55.0
13,-60.4
14,-64.1111111111
15,-64.0
16,-61.1
17,-61.6
18,-71.9
19,-58.0
20,-63.3
21,-63.9
22,-59.1
23,-61.0
24,-76.7272727273
25,-71.3
26,-67.0
