frequency,pdr
11,-56.7
12,-57.8888888889
13,-58.0
14,-64.6666666667
15,-55.1
16,-49.7
17,-54.6
18,-57.2
19,-49.2
20,-52.0
21,-64.0
22,-58.0
23,-55.0
24,-70.4444444444
25,-61.6
26,-55.0
