frequency,pdr
11,-55.0
12,-61.1111111111
13,-64.5
14,-60.7777777778
15,-53.0
16,-52.0
17,-58.5
18,-53.3
19,-55.0
20,-55.0
21,-58.0
22,-55.6
23,-55.0
24,-55.0
25,-65.3
26,-79.9
