frequency,pdr
11,-57.3
12,-55.8888888889
13,-58.0
14,-58.1111111111
15,-61.1
16,-65.2
17,-55.0
18,-55.0
19,-54.6
20,-55.9
21,-58.0
22,-55.0
23,-55.0
24,-55.0
25,-54.6
26,-58.6
