frequency,pdr
11,-57.3
12,-58.7272727273
13,-55.0
14,-51.1111111111
15,-54.2
16,-55.2
17,-63.4
18,-61.0
19,-59.9
20,-52.0
21,-52.8
22,-52.0
23,-58.3
24,-58.0
25,-55.0
26,-51.0
