frequency,pdr
11,-47.1
12,-53.4444444444
13,-68.5
14,-54.8888888889
15,-53.4
16,-52.1
17,-50.8
18,-58.0
19,-55.0
20,-54.7
21,-50.7
22,-52.0
23,-55.4
24,-55.0
25,-50.0
26,-50.0
