frequency,pdr
11,-51.0
12,-51.8888888889
13,-54.5
14,-54.8888888889
15,-54.2
16,-52.0
17,-51.2
18,-62.7
19,-52.0
20,-53.6
21,-55.0
22,-62.4
23,-62.7
24,-59.3
25,-70.7
26,-62.5
