frequency,pdr
11,-69.0
12,-58.0
13,-58.3333333333
14,-81.8888888889
15,-67.5
16,-58.0
17,-63.2
18,-56.0
19,-65.8
20,-59.4
21,-68.0
22,-63.2
23,-61.4
24,-58.2
25,-61.3
26,-67.0
