frequency,pdr
11,-57.6
12,-61.4
13,-61.3333333333
14,-64.5
15,-71.4
16,-65.7
17,-66.2
18,-55.0
19,-72.0
20,-61.0
21,-67.0
22,-57.1
23,-56.0909090909
24,-59.3
25,-61.0
26,-72.9
