frequency,pdr
11,-57.9
12,-67.0
13,-60.5555555556
14,-81.4444444444
15,-61.5
16,-55.0
17,-53.0
18,-52.0
19,-54.6
20,-71.0
21,-59.7
22,-61.0
23,-66.5
24,-65.5
25,-63.9
26,-61.0
