frequency,pdr
11,-43.0
12,-47.6
13,-53.3333333333
14,-43.0
15,-41.3
16,-44.8181818182
17,-44.8
18,-50.0
19,-49.0
20,-51.3
21,-46.0
22,-47.3
23,-49.6
24,-51.4
25,-49.0
26,-45.0
