frequency,pdr
11,-52.1
12,-46.4
13,-66.4285714286
14,-46.0
15,-43.7
16,-50.6363636364
17,-58.6
18,-50.8
19,-54.2
20,-49.1
21,-49.0
22,-64.0
23,-46.0
24,-43.0
25,-43.1
26,-56.1
