frequency,pdr
11,-70.0
12,-62.4
13,-65.1111111111
14,-64.0
15,-71.3
16,-65.3
17,-66.9
18,-61.1
19,-65.4
20,-64.7
21,-72.8
22,-78.3333333333
23,-61.2
24,-64.4
25,-66.4
26,-69.7
