frequency,pdr
11,-64.6
12,-67.0
13,-68.2222222222
14,-71.0
15,-62.0
16,-67.0
17,-73.3
18,-70.8
19,-67.0
20,-64.0
21,-61.0
22,-63.3636363636
23,-66.0
24,-68.1
25,-67.0
26,-76.1
