frequency,pdr
11,-60.7
12,-60.3
13,-55.1
14,-57.6
15,-57.8
16,-61.6363636364
17,-52.0
18,-57.8
19,-61.2
20,-67.7272727273
21,-57.5
22,-61.0
23,-65.1
24,-68.0
25,-61.0
26,-67.0
