frequency,pdr
11,-55.5
12,-66.7
13,-66.2222222222
14,-76.7777777778
15,-61.0
16,-65.8
17,-62.0
18,-67.0
19,-55.2
20,-67.0
21,-60.8
22,-59.2
23,-57.1
24,-59.2
25,-58.1
26,-62.4
