frequency,pdr
11,-89.2857142857
12,-90.8888888889
13,-87.875
14,-85.9
15,-86.5
16,-88.9
17,-91.0
18,-91.0
19,-91.0
20,-86.1
21,-83.4444444444
22,-82.25
23,-83.0
24,-84.7
25,-83.7
26,-83.3
