frequency,pdr
12,-91.0
13,-91.0
14,-91.0
15,-91.0
16,-91.0
17,-90.5555555556
18,-88.7777777778
19,-89.7
21,-91.0
22,-91.0
23,-91.0
24,-91.0
25,-91.0
26,-91.0
