frequency,pdr
11,-82.0
12,-81.0
13,-79.0
14,-79.0
15,-81.1
16,-82.1
17,-86.0
18,-87.0
19,-86.2
20,-85.1
21,-83.5714285714
22,-83.8333333333
23,-86.1111111111
24,-87.5555555556
25,-89.8
26,-90.0
