frequency,pdr
11,-84.0
12,-84.4444444444
13,-86.6666666667
14,-86.0
15,-86.0
16,-89.5
17,-88.75
18,-89.8571428571
19,-91.0
20,-90.1111111111
21,-88.0
22,-87.0
23,-90.0
24,-91.0
25,-91.0
26,-91.0
