frequency,pdr
11,-87.9
12,-88.75
13,-89.625
14,-88.7
15,-85.2
16,-84.9
17,-87.1666666667
18,-90.0
19,-91.0
20,-89.2222222222
21,-91.0
22,-90.6666666667
23,-90.0
24,-87.25
25,-85.0
26,-85.7
