frequency,pdr
11,-85.0
12,-87.375
13,-91.0
14,-85.0
15,-85.0
16,-84.9
17,-84.0
18,-85.0
19,-84.2
20,-83.8
21,-86.0
22,-83.5714285714
23,-81.2857142857
24,-78.9
25,-79.0
26,-83.0
