frequency,pdr
11,-79.4
12,-79.4444444444
13,-79.4
14,-79.0
15,-79.0
16,-79.1
17,-81.2
18,-83.8
19,-88.5
20,-88.4
21,-87.0
22,-85.4
23,-85.2222222222
24,-85.8
25,-86.6
26,-88.2
