frequency,pdr
11,-88.6666666667
12,-89.125
13,-90.4
16,-91.0
17,-90.9
18,-89.7
19,-88.0
20,-86.9
21,-87.4
23,-89.8888888889
24,-91.0
25,-91.0
26,-89.9
