frequency,pdr
11,-73.8
12,-79.6
13,-65.5
14,-65.7272727273
15,-61.0
16,-60.9
17,-60.6
18,-61.0
19,-64.1818181818
20,-63.1
21,-63.2
22,-63.1
23,-64.0
24,-64.1
25,-64.0
26,-64.0
