frequency,pdr
11,-80.0
12,-79.1111111111
13,-80.1666666667
14,-80.8
15,-82.3
16,-87.4
17,-91.0
19,-91.0
20,-90.5
21,-91.0
23,-91.0
24,-90.9
25,-88.0
26,-85.1
