frequency,pdr
11,-83.0
12,-82.0
13,-82.3333333333
14,-84.0
15,-85.5
16,-83.7
17,-81.9
18,-79.8
19,-80.2
20,-82.1
21,-86.0
22,-87.4444444444
23,-89.0
24,-90.0
25,-89.7
26,-87.1
