frequency,pdr
11,-85.1111111111
12,-82.375
13,-82.2
14,-82.25
15,-83.8
16,-85.6666666667
17,-88.5714285714
18,-85.0
19,-82.4
20,-82.0
21,-81.8571428571
22,-84.2222222222
23,-87.5714285714
24,-86.0
25,-91.0
26,-89.4
