frequency,pdr
11,-79.0
12,-78.6666666667
13,-80.0
14,-80.2
15,-80.0
16,-78.2
17,-77.0
18,-77.8571428571
19,-79.0
20,-79.0
21,-79.0
22,-79.2
23,-81.7777777778
24,-86.4444444444
25,-91.0
26,-91.0
