frequency,pdr
11,-89.3333333333
12,-90.0
13,-89.2
14,-85.7
15,-82.8181818182
16,-79.0
17,-79.0
18,-79.0
19,-79.0
20,-79.6
21,-81.7
22,-81.0
23,-83.0
24,-88.4
25,-91.0
