frequency,pdr
11,-82.1
12,-84.2
13,-79.0
14,-78.7
15,-79.0
16,-78.7272727273
17,-77.9
18,-79.0
19,-79.0
20,-80.3
21,-81.8
22,-83.5
23,-83.4444444444
24,-82.0
25,-84.5
26,-88.8
