frequency,pdr
11,-87.4444444444
12,-85.875
13,-88.8888888889
14,-91.0
15,-90.7
16,-86.875
17,-84.0
18,-84.0
19,-86.1
20,-89.9
21,-91.0
22,-85.9
23,-82.0
24,-81.6666666667
25,-82.0
26,-84.0
