frequency,pdr
11,-83.1
12,-82.8888888889
13,-82.5
14,-82.0
15,-84.0
16,-85.8
17,-86.75
18,-84.0
19,-84.8
20,-85.0
21,-82.1428571429
22,-84.0
23,-86.0
24,-88.5555555556
25,-89.6
26,-90.0
