frequency,pdr
11,-88.3333333333
12,-86.6666666667
13,-87.3
14,-91.0
15,-85.1
16,-81.4
17,-81.7
18,-81.875
19,-80.4
20,-80.2
21,-79.4285714286
22,-81.5
23,-86.5
25,-85.8
26,-82.0
