frequency,pdr
11,-55.0
12,-71.9
13,-63.1818181818
14,-63.4
15,-54.6
16,-51.0
17,-54.8
18,-64.0
19,-58.3
20,-55.0
21,-55.0
22,-56.0909090909
23,-54.9
24,-61.3
25,-55.0
26,-60.9
