frequency,pdr
11,-69.2222222222
12,-60.8
13,-59.2222222222
14,-65.3
15,-65.2
16,-68.1
17,-80.9
18,-70.0
19,-73.2
20,-64.6
21,-63.0
22,-57.4
23,-64.0
24,-64.0
25,-62.0
26,-67.0
