frequency,pdr
11,-65.8888888889
12,-72.4444444444
13,-59.1111111111
14,-67.0
15,-66.8
16,-68.0
17,-66.9
18,-67.0
19,-63.1
20,-70.2
21,-59.1
22,-67.4
23,-63.9
24,-64.0
25,-62.5
26,-67.0
