frequency,pdr
11,-66.9
12,-63.8
13,-65.2222222222
14,-68.4
15,-64.0
16,-64.0
17,-67.0
18,-61.9
19,-58.0
20,-61.1
21,-61.6363636364
22,-64.0
23,-63.3
24,-61.0
25,-59.9
26,-59.8
