frequency,pdr
11,-60.1
12,-67.0
13,-75.5555555556
14,-67.7
15,-60.9
16,-70.5
17,-73.0
18,-61.0
19,-64.8
20,-65.0
21,-70.7
22,-67.0
23,-77.7777777778
24,-59.8
25,-67.9
26,-61.0
