frequency,pdr
11,-61.0
12,-58.0
13,-61.1111111111
14,-75.8888888889
15,-67.0
16,-68.5
17,-67.9
18,-55.0
19,-61.4
20,-61.0
21,-60.3
22,-58.0
23,-63.8
24,-58.0
25,-61.0
26,-67.0
