frequency,pdr
11,-72.8888888889
12,-64.3333333333
13,-69.5555555556
14,-69.4
15,-63.4
16,-55.0
17,-56.0
18,-55.0
19,-55.2
20,-62.6
21,-64.0
22,-67.0
23,-68.7
24,-64.0
25,-74.7
26,-65.9
