frequency,pdr
11,-54.6
12,-54.9
13,-57.6666666667
14,-70.4444444444
15,-59.4
16,-61.0
17,-63.1
18,-61.0
19,-64.8
20,-68.9
21,-65.2
22,-61.0
23,-66.4
24,-67.0
25,-66.0
26,-58.0
