frequency,pdr
11,-71.7777777778
12,-57.9
13,-59.6666666667
14,-66.3
15,-74.7
16,-62.2
17,-61.0
18,-63.9
19,-84.0
20,-64.1
21,-72.3
22,-60.4
23,-65.3
24,-61.0
25,-69.5
26,-61.0
