frequency,pdr
11,-61.1111111111
12,-66.1111111111
13,-59.2222222222
14,-70.0
15,-65.5
16,-64.0
17,-83.1
18,-68.3
19,-64.3
20,-82.0
21,-71.0
22,-67.0
23,-73.1
24,-64.2
25,-67.1
26,-72.5
