frequency,pdr
11,-63.1111111111
12,-67.4444444444
13,-65.0
14,-66.8
15,-67.6
16,-62.7
17,-74.3
18,-64.0
19,-70.9
20,-69.4
21,-70.1
22,-61.0
23,-66.9
24,-68.6
25,-65.8
26,-76.3
