frequency,pdr
11,-52.2
12,-52.7777777778
13,-60.1111111111
14,-52.0
15,-49.3
16,-45.6
17,-47.7
18,-49.8
19,-57.7
20,-58.0
21,-50.6
22,-55.3
23,-46.0
24,-46.0
25,-45.8
26,-43.0
