frequency,pdr
11,-67.5
12,-62.8888888889
13,-66.3333333333
14,-63.8
15,-58.2
16,-53.0
17,-61.2
18,-61.6
19,-62.1
20,-61.0
21,-78.4
22,-65.5
23,-69.0
24,-66.8
25,-59.8
26,-61.0
