frequency,pdr
11,-51.8
12,-54.8888888889
13,-65.4545454545
14,-53.4
15,-54.7
16,-54.1
17,-51.9
18,-54.5
19,-56.5
20,-51.2
21,-54.8
22,-58.9
23,-58.0
24,-50.6
25,-52.0
26,-46.6
