frequency,pdr
11,-70.1111111111
12,-60.8888888889
13,-67.0
14,-65.5
15,-63.5
16,-78.7
17,-70.7
18,-65.6
19,-70.7
20,-73.7
21,-65.2
22,-62.8
23,-67.1
24,-67.0
25,-73.3
26,-67.4
