frequency,pdr
11,-46.0
12,-48.1111111111
13,-52.4
14,-67.1111111111
15,-58.0
16,-54.8
17,-53.9
18,-52.0
19,-60.9
20,-71.8
21,-63.5
22,-61.0
23,-55.0
24,-46.1
25,-49.0
26,-54.8
