frequency,pdr
11,-54.7777777778
12,-59.1111111111
13,-55.0
14,-55.0
15,-59.6
16,-55.0
17,-49.4
18,-52.0
19,-60.4
20,-58.6
21,-59.1
22,-67.2
23,-55.0
24,-52.2
25,-59.1
26,-59.9
