frequency,pdr
11,-55.1
12,-60.5
13,-57.3333333333
14,-55.0
15,-60.9
16,-55.0
17,-59.9
18,-54.5
19,-56.0909090909
20,-55.0
21,-61.1
22,-52.6
23,-55.0
24,-60.4
25,-55.0
26,-74.1
