frequency,pdr
11,-66.9
12,-81.2222222222
13,-62.3333333333
14,-61.0
15,-65.5
16,-66.9
17,-83.1
18,-64.0
19,-61.0
20,-67.0
21,-59.3
22,-55.0
23,-56.5
24,-65.2
25,-69.1
26,-72.2
