frequency,pdr
11,-60.9
12,-62.8888888889
13,-65.7777777778
14,-61.0
15,-73.3
16,-65.7
17,-76.4
18,-72.9
19,-60.6
20,-67.0
21,-61.3
22,-61.9
23,-67.0
24,-70.0
25,-63.6
26,-61.9
