frequency,pdr
11,-77.3333333333
12,-76.0
13,-75.0
14,-72.75
15,-78.8
16,-71.7777777778
17,-69.875
18,-63.7
19,-69.6666666667
20,-70.0
21,-67.0
22,-65.4
23,-64.8
24,-71.6
25,-70.8
26,-64.0
