frequency,pdr
11,-63.1666666667
12,-62.0
13,-61.0
14,-61.1428571429
15,-59.0
16,-57.5
17,-56.9
18,-55.0
19,-55.0
20,-58.0
21,-55.0
22,-55.0
23,-55.0
24,-58.0
25,-55.0
26,-55.1
