frequency,pdr
11,-67.0
12,-69.75
13,-72.8888888889
14,-73.0
15,-71.1
16,-72.5
17,-70.0
18,-69.0
19,-67.8888888889
20,-67.0
21,-66.7142857143
22,-65.4
23,-67.0
24,-66.8
25,-67.0
26,-69.2
