frequency,pdr
11,-61.2
12,-67.0
13,-63.8888888889
14,-66.5
15,-72.4
16,-70.0
17,-73.8888888889
18,-72.5
19,-66.8888888889
20,-67.4
21,-67.0
22,-61.0
23,-55.0
24,-55.0
25,-58.9
26,-61.0
