frequency,pdr
11,-70.0
12,-72.8571428571
13,-74.0
14,-69.8571428571
15,-67.0
16,-67.0
17,-68.0
18,-67.4444444444
19,-68.1111111111
20,-72.0
21,-73.2
22,-74.0
23,-74.3
24,-70.0
25,-69.0
26,-68.7
