frequency,pdr
11,-50.2857142857
12,-52.0
13,-56.4444444444
14,-58.0
15,-57.8
16,-52.4
17,-50.7
18,-49.9
19,-49.0
20,-50.3
21,-49.0
22,-46.2
23,-45.3
24,-43.4
25,-45.9
26,-46.0
