frequency,pdr
11,-49.6666666667
12,-48.8333333333
13,-49.0
14,-51.3
15,-52.0
16,-49.7
17,-49.0
18,-53.5
19,-52.4
20,-55.0
21,-55.0
22,-53.4
23,-55.0
24,-55.5
25,-55.0
26,-52.2
