frequency,pdr
11,-64.0
12,-64.0
13,-63.9
14,-63.5
15,-64.0
16,-65.3
17,-64.2857142857
18,-66.8
19,-69.6666666667
20,-70.6
21,-76.6
22,-81.4
23,-77.3
24,-73.0
25,-70.3
26,-72.9
