frequency,pdr
11,-78.0
12,-76.5714285714
13,-70.375
14,-70.0
15,-65.7
16,-64.0
17,-64.5555555556
18,-67.0
19,-70.0
20,-73.9
21,-79.8888888889
22,-77.6
23,-76.0
24,-75.8
25,-73.0
26,-70.0
