frequency,pdr
11,-79.0
12,-73.3333333333
13,-72.5
14,-72.875
15,-70.0
16,-70.0
17,-71.375
18,-73.0
19,-78.6666666667
20,-84.6
21,-85.1
22,-75.3
23,-73.1
24,-79.0
25,-79.0
26,-73.1
