frequency,pdr
11,-71.7777777778
12,-70.1666666667
13,-70.0
14,-68.6
15,-67.0
16,-69.8
17,-71.6666666667
18,-78.7777777778
19,-82.8
20,-76.0
21,-77.0
22,-79.0
23,-73.0
24,-70.0
25,-70.0
26,-72.0
