frequency,pdr
11,-57.9
12,-58.0
13,-60.8888888889
14,-63.7142857143
15,-63.0
16,-63.9
17,-67.0
18,-64.6
19,-66.3333333333
20,-73.0
21,-73.0
22,-74.7
23,-69.0
24,-67.0
25,-66.0
26,-67.0
