frequency,pdr
11,-60.9
12,-60.0
13,-58.0
14,-58.7777777778
15,-64.0
16,-63.0
17,-61.0
18,-64.0
19,-64.0
20,-65.1666666667
21,-68.3333333333
22,-71.7777777778
23,-67.1
24,-70.0
25,-68.0
26,-67.2
