frequency,pdr
11,-50.8571428571
12,-49.8333333333
13,-46.0
14,-46.0
15,-44.4
16,-44.0
17,-43.0
18,-43.0
19,-43.0
20,-43.0
21,-43.0
22,-43.5
23,-46.0
24,-46.0
25,-46.0
26,-46.0
