frequency,pdr
11,-60.3
12,-63.5
13,-55.0
14,-55.0
15,-53.8
16,-55.0
17,-55.2222222222
18,-55.3333333333
19,-62.0
20,-64.1
21,-61.0
22,-64.0
23,-67.0
24,-64.0
25,-64.0
26,-59.0
