frequency,pdr
11,-73.5454545455
12,-74.0
13,-67.7777777778
14,-64.5
15,-65.2
16,-73.0
17,-61.0
18,-59.0
19,-70.9
20,-69.4
21,-63.7
22,-65.0
23,-67.3
24,-70.0
25,-61.0
26,-73.6
