frequency,pdr
11,-61.0
12,-65.3
13,-62.2222222222
14,-61.5
15,-58.0
16,-59.0
17,-61.0
18,-61.0
19,-70.5
20,-69.1
21,-66.9
22,-66.9
23,-62.8
24,-67.0
25,-66.4
26,-73.5555555556
