frequency,pdr
11,-66.6666666667
12,-59.9
13,-60.8888888889
14,-63.9
15,-69.5
16,-77.4
17,-61.0
18,-63.2
19,-61.0
20,-78.7
21,-59.0
22,-59.7
23,-67.8
24,-68.0
25,-67.6
26,-70.6
