frequency,pdr
11,-60.0
12,-59.8
13,-64.1111111111
14,-71.6
15,-55.0
16,-69.6666666667
17,-67.5
18,-67.1
19,-57.7
20,-55.0
21,-58.0
22,-61.0
23,-61.0
24,-57.2
25,-62.6
26,-64.6
