frequency,pdr
11,-50.3
12,-54.9
13,-54.1111111111
14,-46.0
15,-52.4
16,-54.8888888889
17,-46.0
18,-45.0
19,-46.0
20,-45.0
21,-47.3
22,-43.0
23,-48.9
24,-48.8
25,-55.6
26,-55.5
