frequency,pdr
11,-55.0
12,-66.0
13,-57.4444444444
14,-52.0
15,-55.4
16,-65.8888888889
17,-55.0
18,-55.0
19,-55.0
20,-64.0
21,-61.1
22,-63.9
23,-55.0
24,-53.7
25,-55.0
26,-55.0
