frequency,pdr
11,-67.1
12,-75.5
13,-63.6666666667
14,-64.3
15,-64.0
16,-68.2222222222
17,-77.8
18,-69.2
19,-66.9
20,-73.3
21,-67.0
22,-71.6
23,-79.0
24,-72.6
25,-68.0
26,-69.9
