frequency,pdr
11,-65.6666666667
12,-58.3
13,-70.1111111111
14,-64.1
15,-64.3
16,-65.2
17,-62.6
18,-58.0
19,-64.0
20,-66.7
21,-68.2
22,-69.2
23,-71.8888888889
24,-77.8
25,-67.0
26,-67.0
