frequency,pdr
11,-69.5555555556
12,-61.0
13,-71.6666666667
14,-60.0
15,-62.9
16,-67.9
17,-60.2
18,-70.0
19,-69.9
20,-68.3
21,-63.9
22,-62.0
23,-72.5
24,-68.8
25,-64.0
26,-74.5555555556
