frequency,pdr
11,-51.7
12,-59.2
13,-49.7
14,-46.0
15,-47.0
16,-49.1111111111
17,-46.0
18,-46.8
19,-45.7272727273
20,-48.9
21,-50.2
22,-56.7
23,-55.0
24,-47.2
25,-43.1
26,-44.6
