frequency,pdr
11,-62.8
12,-59.4
13,-58.3333333333
14,-77.7777777778
15,-67.2
16,-65.0
17,-65.6
18,-64.0
19,-71.6
20,-64.0
21,-73.0
22,-64.0
23,-68.3
24,-72.6
25,-65.0
26,-67.0
