frequency,pdr
11,-69.1111111111
12,-67.0
13,-67.5
14,-66.0
15,-73.5
16,-70.1111111111
17,-68.5
18,-67.0
19,-67.0
20,-75.2
21,-67.0
22,-71.1
23,-74.8888888889
24,-68.8
25,-77.3
26,-66.9
