frequency,pdr
11,-62.7
12,-65.0
13,-58.0
14,-59.9
15,-72.7
16,-69.3333333333
17,-67.0
18,-58.0
19,-65.7
20,-64.1
21,-61.5
22,-61.0
23,-64.5
24,-66.9
25,-65.7
26,-68.3333333333
