frequency,pdr
11,-56.0
12,-71.4
13,-65.7777777778
14,-55.0
15,-58.0
16,-68.3333333333
17,-55.0
18,-56.7
19,-67.5
20,-58.6
21,-67.2
22,-65.6
23,-64.1
24,-64.5
25,-73.6666666667
26,-68.7
