frequency,pdr
11,-60.4
12,-64.0
13,-81.0
14,-66.1111111111
15,-69.4
16,-76.7777777778
17,-76.6
18,-66.0
19,-68.0
20,-67.8
21,-64.8
22,-68.8
23,-69.7
24,-64.7
25,-65.6
26,-62.2
