frequency,pdr
11,-58.4
12,-70.5
13,-65.5555555556
14,-58.1
15,-62.2
16,-64.1
17,-67.4
18,-63.1
19,-62.5
20,-58.0
21,-55.0
22,-60.8
23,-60.8
24,-66.7
25,-58.1
26,-68.5555555556
