frequency,pdr
11,-61.8888888889
12,-66.7
13,-49.6666666667
14,-61.5
15,-58.0
16,-56.6
17,-56.1
18,-60.4
19,-65.5
20,-61.0
21,-62.4
22,-64.1
23,-66.2
24,-54.9
25,-55.5
26,-58.0
