frequency,pdr
11,-64.5555555556
12,-60.5
13,-63.1111111111
14,-64.0
15,-61.4
16,-62.0
17,-67.1
18,-61.0
19,-70.6
20,-63.4
21,-57.0
22,-59.0
23,-65.4
24,-67.0
25,-64.1
26,-66.6
