frequency,pdr
11,-58.0
12,-64.9
13,-63.7777777778
14,-64.8
15,-56.1
16,-67.1111111111
17,-61.0
18,-73.4
19,-58.0
20,-64.0
21,-61.0
22,-71.7
23,-64.9
24,-64.3
25,-63.8
26,-55.3
