frequency,pdr
11,-70.2222222222
12,-61.0
13,-64.5
14,-64.4
15,-67.0
16,-68.3636363636
17,-75.5
18,-70.0
19,-62.6
20,-68.5
21,-78.6
22,-61.5
23,-62.6
24,-67.6
25,-80.6
26,-65.2
