frequency,pdr
11,-58.0
12,-59.8
13,-64.1111111111
14,-58.6
15,-60.6
16,-59.0
17,-68.1
18,-57.8
19,-67.0
20,-63.5
21,-69.1818181818
22,-61.0
23,-61.0
24,-61.0
25,-58.0
26,-65.6
