frequency,pdr
11,-67.8888888889
12,-58.4
13,-64.6666666667
14,-66.9
15,-69.5
16,-63.4
17,-61.0
18,-70.8
19,-62.9
20,-64.1
21,-72.0
22,-67.1
23,-72.4
24,-64.2
25,-67.0
26,-68.0
