frequency,pdr
11,-63.1
12,-66.6363636364
13,-61.875
14,-67.3
15,-67.0
16,-65.1111111111
17,-66.4
18,-66.7
19,-55.0
20,-61.3
21,-64.0
22,-62.5
23,-66.7
24,-57.7
25,-61.7
26,-58.0
