frequency,pdr
11,-75.8
12,-77.4
13,-80.1111111111
14,-82.0
15,-83.8
16,-84.0
17,-84.1
18,-81.0
19,-81.0
20,-82.2
21,-84.0
22,-81.4444444444
23,-82.0
24,-79.3
25,-79.0
26,-79.0
