frequency,pdr
11,-89.8
12,-90.0
13,-87.7272727273
14,-87.8
15,-88.1
16,-85.0
17,-84.3333333333
18,-84.625
19,-86.9
20,-88.9
21,-89.9
22,-90.125
23,-90.8
24,-91.0
25,-91.0
