frequency,pdr
11,-88.8
12,-89.2222222222
13,-90.1666666667
14,-90.0
15,-90.9
16,-91.0
17,-91.0
18,-91.0
21,-91.0
24,-91.0
25,-91.0
26,-91.0
