frequency,pdr
11,-80.7
12,-80.6
13,-81.0
14,-79.0
15,-79.0
16,-80.5555555556
17,-83.75
18,-84.3333333333
19,-82.0
20,-80.1
21,-79.0
22,-79.0
23,-79.0
24,-82.1
25,-86.5
26,-88.5
