frequency,pdr
11,-90.0
12,-91.0
13,-91.0
14,-91.0
15,-91.0
16,-90.7777777778
17,-89.7142857143
18,-89.0
19,-87.1
20,-89.1
21,-91.0
22,-91.0
23,-91.0
24,-91.0
26,-91.0
