frequency,pdr
11,-85.0
12,-82.4285714286
13,-83.5714285714
14,-85.2
15,-85.7
16,-84.8
17,-85.125
18,-82.8
19,-80.9
20,-81.6
21,-82.0
22,-84.25
23,-87.4444444444
24,-89.5
25,-84.9
26,-81.0
