frequency,pdr
11,-90.2
12,-89.1111111111
13,-87.875
14,-89.7
15,-89.2
16,-90.2857142857
17,-91.0
18,-91.0
19,-91.0
21,-91.0
22,-91.0
23,-90.875
24,-91.0
25,-91.0
26,-91.0
