frequency,pdr
11,-90.4444444444
12,-90.6
13,-91.0
14,-91.0
15,-91.0
16,-91.0
17,-91.0
18,-89.6
19,-89.0
20,-90.9
21,-91.0
22,-87.6666666667
23,-85.4444444444
24,-86.0909090909
25,-88.0
26,-90.0
