frequency,pdr
11,-91.0
12,-88.6666666667
13,-85.8571428571
14,-85.2
15,-85.1
16,-86.0
17,-90.2857142857
18,-90.2857142857
19,-88.8888888889
20,-86.3
21,-86.8
22,-87.4
23,-87.3333333333
24,-89.7
25,-89.0
26,-88.6
