frequency,pdr
11,-82.8
12,-84.0
13,-87.7142857143
14,-82.3333333333
15,-80.1
16,-79.6
17,-78.9
18,-79.1
19,-80.8
20,-79.0
21,-79.0
22,-79.0
23,-78.875
24,-78.9
25,-78.4
26,-79.0
