frequency,pdr
11,-76.8
12,-79.0
13,-80.7
14,-84.8
15,-88.2
16,-91.0
17,-82.5
18,-79.6
19,-82.9
20,-91.0
21,-90.0
22,-86.2857142857
23,-85.3333333333
24,-85.0
25,-82.7
26,-82.0
