frequency,pdr
11,-48.4
12,-45.9
13,-52.0
14,-49.0
15,-55.0
16,-55.0
17,-46.7
18,-55.7
19,-58.0
20,-56.4
21,-49.0
22,-52.0
23,-69.6666666667
24,-56.7777777778
25,-54.9
26,-49.0
