frequency,pdr
11,-56.1
12,-58.1111111111
13,-64.3
14,-67.9
15,-67.4
16,-64.0
17,-60.7
18,-61.0
19,-65.3
20,-65.5
21,-64.2
22,-70.0
23,-67.4
24,-67.2
25,-68.6666666667
26,-71.3
