frequency,pdr
11,-62.1111111111
12,-68.1111111111
13,-64.0
14,-60.2
15,-59.2
16,-56.0
17,-61.0
18,-60.7
19,-62.4
20,-67.0
21,-61.6
22,-63.7
23,-67.0
24,-80.2222222222
25,-63.4
26,-61.1
