frequency,pdr
11,-51.5
12,-55.0
13,-55.0
14,-54.0
15,-55.0
16,-52.1
17,-52.8
18,-47.9
19,-51.6
20,-58.3
21,-55.3
22,-66.8
23,-55.0
24,-74.2222222222
25,-60.3333333333
26,-55.0
