frequency,pdr
11,-66.4444444444
12,-58.0
13,-59.1
14,-55.0
15,-55.0
16,-64.7
17,-59.4
18,-70.6
19,-64.5
20,-66.5
21,-57.2
22,-62.3
23,-51.8
24,-55.0
25,-59.7777777778
26,-61.0
