frequency,pdr
11,-40.0
12,-48.2
13,-43.0
14,-46.0
15,-46.0
16,-44.9
17,-45.9
18,-42.5
19,-42.5
20,-42.2
21,-49.7
22,-47.7
23,-46.0
24,-51.8888888889
25,-59.1111111111
26,-50.2
