frequency,pdr
11,-58.3
12,-59.5555555556
13,-55.3
14,-55.0
15,-56.0909090909
16,-46.4
17,-54.2
18,-60.1
19,-51.1
20,-46.1
21,-51.7
22,-51.6
23,-49.8
24,-61.5555555556
25,-60.8888888889
26,-54.6
