frequency,pdr
11,-51.2
12,-54.7777777778
13,-46.0
14,-56.8888888889
15,-46.1
16,-43.1
17,-49.0
18,-50.9
19,-50.7
20,-55.0
21,-45.4
22,-46.0
23,-49.2
24,-49.0
25,-49.7
26,-49.4
