frequency,pdr
11,-63.2
12,-64.2727272727
13,-68.2
14,-62.2
15,-58.0
16,-56.7
17,-61.0
18,-67.0
19,-66.5
20,-55.3
21,-58.0
22,-58.0
23,-65.8
24,-68.4444444444
25,-62.4444444444
26,-58.0
