frequency,pdr
11,-56.7777777778
12,-58.2222222222
13,-57.6
14,-65.8
15,-56.9
16,-52.6
17,-62.6
18,-53.3
19,-46.0
20,-53.5
21,-49.1
22,-48.6
23,-48.4
24,-46.8
25,-44.5
26,-46.0
