frequency,pdr
11,-74.2
12,-66.1
13,-63.4
14,-55.0
15,-60.0
16,-66.3
17,-70.0
18,-60.6
19,-60.2
20,-83.3
21,-68.1
22,-79.2222222222
23,-75.4
24,-76.1111111111
25,-58.0
26,-69.3
