frequency,pdr
11,-53.7
12,-48.6666666667
13,-52.0
14,-54.0
15,-57.3
16,-49.1
17,-56.5
18,-56.7
19,-51.7
20,-53.3
21,-59.0
22,-61.3
23,-50.8
24,-49.3
25,-52.1111111111
26,-53.8
