frequency,pdr
11,-46.0
12,-51.5
13,-50.4
14,-56.0
15,-45.2
16,-46.0
17,-52.6
18,-52.8
19,-45.8
20,-49.0
21,-58.0
22,-62.6
23,-72.4444444444
24,-67.2727272727
25,-53.4444444444
26,-56.7
