frequency,pdr
11,-54.2
12,-51.9
13,-53.4
14,-46.0
15,-46.0
16,-54.8
17,-50.0
18,-57.3
19,-52.0
20,-52.0
21,-55.0
22,-59.4
23,-66.2222222222
24,-58.2222222222
25,-48.6
26,-60.1
