frequency,pdr
11,-65.1111111111
12,-61.0
13,-62.4
14,-68.5
15,-72.1
16,-59.2
17,-72.9
18,-65.7
19,-58.0
20,-62.5
21,-55.0
22,-54.0
23,-56.5
24,-64.3333333333
25,-63.5555555556
26,-75.4
