frequency,pdr
11,-55.1
12,-62.2222222222
13,-51.6
14,-55.0
15,-55.0
16,-60.6
17,-56.1
18,-52.0
19,-54.6
20,-61.5
21,-62.3
22,-52.0
23,-53.0
24,-64.8888888889
25,-50.6
26,-58.0
