frequency,pdr
11,-55.0
12,-61.7777777778
13,-56.3
14,-55.0
15,-52.1
16,-48.3
17,-55.4
18,-55.0
19,-60.5
20,-51.0
21,-52.0
22,-51.4
23,-51.7
24,-55.3
25,-55.3333333333
26,-55.0
