frequency,pdr
11,-46.0
12,-50.6666666667
13,-51.4
14,-50.8
15,-49.0
16,-61.0
17,-49.8
18,-48.1
19,-52.0
20,-49.0
21,-47.5
22,-50.8
23,-48.7
24,-51.4444444444
25,-59.1
26,-49.0
