frequency,pdr
11,-56.0
12,-57.2222222222
13,-67.0
14,-55.2
15,-55.0
16,-64.2
17,-65.6
18,-68.8
19,-59.4
20,-59.2
21,-56.2
22,-61.0
23,-67.5555555556
24,-59.4444444444
25,-61.8888888889
26,-66.4
