frequency,pdr
11,-68.1111111111
12,-54.8
13,-58.7
14,-55.0
15,-63.6
16,-61.0
17,-51.4
18,-55.0
19,-51.2
20,-62.8
21,-64.9
22,-60.4
23,-65.8571428571
24,-56.1
25,-59.8888888889
26,-59.4
