frequency,pdr
11,-69.1111111111
12,-61.0
13,-59.5555555556
14,-55.0
15,-67.0
16,-57.9
17,-59.2
18,-59.4
19,-61.0
20,-67.8
21,-61.0
22,-61.0
23,-61.0
24,-58.3
25,-55.0
26,-55.0
