frequency,pdr
11,-66.4
12,-66.1111111111
13,-66.3333333333
14,-67.9
15,-67.0
16,-70.0
17,-78.1
18,-70.5
19,-61.1
20,-67.0
21,-64.0
22,-67.0
23,-78.8
24,-75.0
25,-71.4
26,-67.0
