frequency,pdr
11,-51.9
12,-52.5555555556
13,-49.5555555556
14,-49.0
15,-53.1
16,-55.0
17,-59.6
18,-59.5
19,-55.0
20,-52.0
21,-59.2
22,-55.0
23,-54.7
24,-52.0
25,-61.0
26,-52.2
