frequency,pdr
11,-62.1
12,-68.2222222222
13,-58.0
14,-67.5
15,-65.8181818182
16,-62.1
17,-58.9
18,-64.9
19,-61.0
20,-63.5
21,-71.6
22,-74.5
23,-65.3
24,-61.5
25,-62.7777777778
26,-67.3
