frequency,pdr
11,-65.4
12,-62.5555555556
13,-74.7142857143
14,-61.0
15,-69.5
16,-79.4
17,-67.0
18,-64.2
19,-71.7
20,-70.3
21,-67.4
22,-70.0
23,-75.5
24,-66.1
25,-68.5
26,-64.4
