frequency,pdr
11,-70.5
12,-67.0
13,-68.5555555556
14,-67.0
15,-58.0
16,-60.8
17,-62.3
18,-64.0
19,-60.3
20,-60.8
21,-64.9
22,-55.0
23,-66.7
24,-66.8
25,-65.2727272727
26,-67.0
