frequency,pdr
11,-77.1
12,-69.0
13,-71.6666666667
14,-68.1
15,-69.0
16,-66.7
17,-64.9
18,-71.9090909091
19,-63.0
20,-62.5
21,-68.2
22,-71.1
23,-70.0
24,-63.8
25,-70.0
26,-65.0
