frequency,pdr
11,-40.0
12,-40.1
13,-41.0
14,-43.0
15,-50.8888888889
16,-43.8
17,-42.4545454545
18,-40.2
19,-40.4
20,-39.0
21,-37.0
22,-40.0
23,-45.6
24,-47.8
25,-49.5
26,-44.3
