frequency,pdr
11,-59.8
12,-66.5555555556
13,-75.2222222222
14,-67.0
15,-65.2222222222
16,-58.0
17,-70.6
18,-72.8
19,-68.2
20,-64.0
21,-55.7
22,-70.6
23,-62.5
24,-75.5
25,-58.2222222222
26,-67.2
