frequency,pdr
11,-67.3
12,-67.0
13,-58.0
14,-63.6
15,-64.5555555556
16,-52.1
17,-52.0
18,-52.3
19,-61.9
20,-67.0
21,-61.9
22,-63.4
23,-62.5
24,-58.0
25,-68.8888888889
26,-72.0
