frequency,pdr
11,-65.5555555556
12,-64.0
13,-60.4
14,-67.0
15,-61.2222222222
16,-68.6
17,-55.0
18,-63.6
19,-67.0
20,-79.5
21,-67.0
22,-71.6
23,-73.8
24,-64.0
25,-66.7
26,-64.0
