frequency,pdr
11,-49.9
12,-54.1111111111
13,-55.0
14,-49.0
15,-49.8888888889
16,-54.6
17,-48.1
18,-56.8
19,-61.6
20,-47.0
21,-44.7
22,-45.1
23,-46.0
24,-43.0
25,-48.9
26,-52.9
