frequency,pdr
11,-56.8
12,-55.0
13,-55.0
14,-56.0909090909
15,-51.3333333333
16,-54.3
17,-52.7
18,-58.2
19,-55.0
20,-55.0
21,-52.0
22,-55.0
23,-59.1
24,-61.0
25,-57.8
26,-52.9
