frequency,pdr
11,-55.0
12,-60.8
13,-63.8888888889
14,-58.5
15,-58.7272727273
16,-59.6
17,-52.0
18,-56.7
19,-62.3
20,-58.0
21,-61.0
22,-65.9
23,-65.2
24,-69.0
25,-60.9
26,-67.0
