frequency,pdr
11,-62.0
12,-62.2222222222
13,-63.6666666667
14,-79.6666666667
15,-57.9
16,-60.2
17,-66.8
18,-65.3
19,-67.2
20,-70.4
21,-62.9
22,-69.0909090909
23,-59.8
24,-61.4
25,-65.2
26,-67.8
