frequency,pdr
11,-76.5555555556
12,-65.4444444444
13,-64.0
14,-66.9
15,-57.9
16,-58.0
17,-58.0
18,-63.7
19,-69.9
20,-73.3
21,-75.2
22,-68.6
23,-60.4
24,-61.2
25,-67.0
26,-74.3
