frequency,pdr
11,-60.2
12,-63.6666666667
13,-64.2
14,-67.1
15,-74.8888888889
16,-58.1
17,-62.4
18,-69.1
19,-65.8
20,-61.0
21,-70.0
22,-78.9
23,-69.9
24,-76.0
25,-68.8
26,-61.8
