frequency,pdr
11,-70.3
12,-70.4444444444
13,-65.3333333333
14,-71.6
15,-66.7777777778
16,-65.9
17,-61.0
18,-69.6
19,-63.7272727273
20,-62.2
21,-60.9
22,-73.8
23,-68.1
24,-67.0
25,-66.6
26,-67.6
