frequency,pdr
11,-61.5
12,-59.5555555556
13,-66.1111111111
14,-64.8
15,-61.8888888889
16,-61.0
17,-59.0
18,-58.0
19,-63.0
20,-63.6
21,-62.0
22,-64.0
23,-64.7
24,-61.0
25,-61.4
26,-67.0
