frequency,pdr
11,-67.1
12,-67.8888888889
13,-64.0
14,-66.0
15,-76.0
16,-79.0
17,-67.0
18,-68.2
19,-70.0
20,-68.9
21,-61.1
22,-64.0
23,-65.0
24,-62.3
25,-70.2727272727
26,-68.8
