frequency,pdr
11,-55.9
12,-58.0
13,-70.6
14,-68.5
15,-61.4444444444
16,-61.0
17,-64.7
18,-69.7
19,-81.1
20,-70.0
21,-64.5
22,-76.6
23,-69.9
24,-67.7272727273
25,-80.8
26,-64.4
