frequency,pdr
11,-57.5
12,-60.4444444444
13,-54.4
14,-46.0
15,-53.4444444444
16,-47.2
17,-43.0
18,-46.0
19,-46.0
20,-51.1
21,-53.4
22,-46.2
23,-42.7
24,-44.9
25,-43.8
26,-46.0
