frequency,pdr
11,-55.0
12,-59.4444444444
13,-62.5555555556
14,-67.0
15,-81.6666666667
16,-64.9
17,-65.3
18,-61.0
19,-61.0
20,-62.5
21,-69.1
22,-64.3
23,-55.0
24,-55.0
25,-64.0
26,-61.0
