frequency,pdr
11,-63.5
12,-66.3
13,-76.8888888889
14,-61.6
15,-67.0
16,-62.7
17,-73.7
18,-63.4
19,-64.7
20,-75.3
21,-63.3
22,-69.5
23,-72.1
24,-65.1
25,-70.2222222222
26,-71.4
