frequency,pdr
11,-76.9
12,-66.1111111111
13,-80.0
14,-78.1
15,-63.7777777778
16,-65.8
17,-68.8
18,-62.0
19,-65.0
20,-67.0
21,-58.2
22,-65.4
23,-68.7
24,-58.0
25,-63.7
26,-66.5
