frequency,pdr
11,-62.7
12,-63.7777777778
13,-64.6
14,-74.8888888889
15,-70.0
16,-70.1
17,-74.5
18,-63.7
19,-69.6
20,-67.1
21,-67.4
22,-68.8
23,-64.1
24,-69.5
25,-66.6363636364
26,-65.9
