frequency,pdr
11,-63.4
12,-55.0
13,-59.4545454545
14,-52.0
15,-60.9090909091
16,-61.7
17,-55.6
18,-58.8
19,-68.7
20,-64.4
21,-67.0
22,-65.9
23,-68.4
24,-59.9
25,-68.1111111111
26,-65.4
