frequency,pdr
11,-64.1
12,-72.7777777778
13,-67.0
14,-64.0
15,-60.8
16,-77.3
17,-72.9
18,-67.0
19,-68.7
20,-60.5
21,-73.5
22,-64.3
23,-67.1
24,-67.0
25,-72.7777777778
26,-65.6
