frequency,pdr
11,-69.9
12,-61.7777777778
13,-61.0
14,-67.8
15,-72.2222222222
16,-69.7
17,-66.6
18,-70.3
19,-77.0
20,-67.8
21,-71.0
22,-69.3
23,-67.1
24,-64.8
25,-73.8888888889
26,-61.0
