frequency,pdr
11,-59.7777777778
12,-55.0
13,-52.0
14,-66.7777777778
15,-55.0
16,-68.8
17,-54.1
18,-52.0
19,-65.4
20,-55.0
21,-54.7
22,-53.8
23,-69.5
24,-66.3
25,-64.9090909091
26,-62.1
