frequency,pdr
11,-72.3333333333
12,-64.6666666667
13,-75.6666666667
14,-72.4
15,-62.2222222222
16,-62.2
17,-60.9
18,-67.9
19,-67.0
20,-61.0
21,-67.1
22,-63.5
23,-61.5
24,-65.9
25,-69.5
26,-65.2
