frequency,pdr
11,-63.9
12,-64.1111111111
13,-67.0
14,-71.8888888889
15,-69.6666666667
16,-63.7
17,-68.8
18,-69.9
19,-64.1
20,-71.2
21,-66.6
22,-67.2
23,-67.0
24,-65.6
25,-74.7
26,-67.0
