frequency,pdr
11,-60.2222222222
12,-59.2
13,-66.6666666667
14,-61.8888888889
15,-55.7777777778
16,-69.7
17,-64.0
18,-73.4
19,-64.0
20,-69.6
21,-60.4
22,-61.0
23,-61.6
24,-55.0
25,-56.2
26,-64.5
