frequency,pdr
11,-58.5
12,-60.8888888889
13,-74.2222222222
14,-70.5
15,-67.0
16,-63.7
17,-60.3
18,-70.3
19,-63.2
20,-76.0
21,-61.0
22,-67.0
23,-65.6
24,-63.2
25,-69.8888888889
26,-64.9
