frequency,pdr
11,-60.3
12,-62.4444444444
13,-64.0
14,-64.0
15,-60.1111111111
16,-62.5
17,-60.1
18,-73.2
19,-61.8
20,-64.8
21,-65.9
22,-65.3
23,-60.8
24,-71.7
25,-61.2222222222
26,-61.0
