frequency,pdr
11,-54.7777777778
12,-55.7777777778
13,-74.4444444444
14,-62.9
15,-60.8
16,-61.0
17,-64.6
18,-58.3
19,-65.9
20,-60.4
21,-66.3
22,-67.0
23,-66.5
24,-67.0
25,-58.0
26,-55.0
