frequency,pdr
11,-59.4
12,-57.5555555556
13,-56.3333333333
14,-66.8
15,-67.0
16,-54.9
17,-59.8
18,-60.1
19,-69.9
20,-61.0
21,-59.6
22,-58.0
23,-62.2
24,-66.3
25,-61.0
26,-58.4
