frequency,pdr
11,-61.4
12,-67.0
13,-67.0
14,-70.0
15,-59.6666666667
16,-65.8
17,-72.6
18,-65.7
19,-61.2
20,-64.1
21,-63.8
22,-58.2
23,-63.1
24,-72.8
25,-63.8888888889
26,-67.0
