frequency,pdr
11,-64.0
12,-61.5555555556
13,-71.4444444444
14,-71.1818181818
15,-66.8888888889
16,-67.0
17,-61.0
18,-77.7
19,-64.0
20,-67.0
21,-64.5
22,-62.6
23,-73.1
24,-70.1
25,-67.0
26,-88.3
