frequency,pdr
11,-67.2
12,-67.8888888889
13,-66.5
14,-67.0
15,-77.3333333333
16,-68.6
17,-65.8
18,-74.5
19,-76.9
20,-64.0
21,-64.0
22,-70.7
23,-70.5
24,-67.0
25,-64.1
26,-64.0
