frequency,pdr
11,-74.5
12,-71.2222222222
13,-58.0
14,-55.0
15,-55.0
16,-61.5
17,-58.0
18,-68.7
19,-56.9
20,-55.5
21,-55.9
22,-58.0
23,-58.7
24,-63.9
25,-71.5555555556
26,-60.0
