frequency,pdr
11,-77.5555555556
12,-66.7777777778
13,-61.0
14,-64.0
15,-64.1111111111
16,-70.2
17,-68.2
18,-74.1
19,-83.2
20,-66.5
21,-69.0
22,-67.0
23,-67.0
24,-64.0
25,-71.3
26,-71.5
