frequency,pdr
11,-63.3
12,-66.9
13,-60.2727272727
14,-70.4
15,-67.1111111111
16,-68.8
17,-70.8
18,-76.0
19,-62.7
20,-66.3
21,-86.2
22,-61.7
23,-69.6
24,-73.1
25,-73.2222222222
26,-61.0
