frequency,pdr
11,-60.2
12,-63.4444444444
13,-64.0
14,-57.8
15,-66.0909090909
16,-66.3
17,-71.7
18,-64.0
19,-73.3
20,-68.8
21,-71.9
22,-62.3
23,-59.6
24,-61.0
25,-64.0
26,-76.0
