frequency,pdr
11,-59.7
12,-55.8888888889
13,-58.0
14,-67.0
15,-67.2222222222
16,-69.1
17,-77.5
18,-62.1
19,-66.0
20,-63.7
21,-61.8
22,-77.5
23,-63.4
24,-62.8
25,-62.9
26,-59.0
