frequency,pdr
11,-71.3333333333
12,-58.8
13,-64.0
14,-70.0
15,-63.0
16,-67.0
17,-67.1
18,-75.0
19,-63.0
20,-63.3
21,-68.8
22,-58.3
23,-67.0
24,-77.7142857143
25,-63.2
26,-65.7
