frequency,pdr
11,-66.7777777778
12,-64.5
13,-67.7777777778
14,-64.0
15,-67.0
16,-60.1
17,-59.5
18,-69.5
19,-60.8
20,-61.0
21,-66.0
22,-60.0
23,-67.0
24,-64.7
25,-56.1111111111
26,-61.0
