frequency,pdr
11,-72.8888888889
12,-61.4444444444
13,-57.6666666667
14,-68.4
15,-61.0
16,-70.8
17,-61.0
18,-64.1
19,-55.0
20,-58.0
21,-68.3
22,-71.3
23,-58.0
24,-61.0
25,-70.7
26,-64.0
