frequency,pdr
11,-60.6
12,-66.7777777778
13,-60.2
14,-59.8
15,-67.0
16,-64.1
17,-61.4
18,-63.4
19,-67.0
20,-67.0
21,-67.1
22,-59.0
23,-68.3
24,-75.9
25,-68.7777777778
26,-63.4
