frequency,pdr
11,-52.2
12,-58.0
13,-58.0
14,-68.7
15,-55.2222222222
16,-56.1
17,-64.0
18,-66.2
19,-68.3
20,-61.3
21,-61.1
22,-55.1
23,-56.6
24,-58.4
25,-62.4444444444
26,-55.2
