frequency,pdr
11,-64.0
12,-63.4444444444
13,-64.0
14,-72.8888888889
15,-63.8
16,-58.7
17,-70.0
18,-63.2
19,-62.5
20,-60.6
21,-67.1
22,-72.0
23,-65.5
24,-59.0
25,-64.0
26,-64.0
