frequency,pdr
11,-61.2
12,-60.7
13,-67.7777777778
14,-61.3
15,-66.5555555556
16,-67.4
17,-62.8
18,-65.9
19,-54.4
20,-58.0
21,-60.2
22,-58.1
23,-65.4
24,-67.9
25,-62.9
26,-68.7
