frequency,pdr
11,-59.3
12,-63.7777777778
13,-58.7777777778
14,-66.2
15,-67.0
16,-63.7
17,-70.3
18,-72.0
19,-61.0
20,-63.4
21,-65.7
22,-69.7
23,-62.5
24,-62.3
25,-75.5
26,-64.1
