frequency,pdr
11,-61.4
12,-67.0
13,-61.5
14,-68.6
15,-62.5555555556
16,-62.0
17,-58.1
18,-64.0
19,-77.0909090909
20,-64.0
21,-64.8
22,-68.1
23,-67.1
24,-64.9
25,-63.1111111111
26,-60.0
