frequency,pdr
11,-67.3333333333
12,-74.125
13,-71.7
14,-55.0
15,-56.6666666667
16,-53.4
17,-55.0
18,-55.0
19,-72.9
20,-55.1
21,-60.2
22,-76.0
23,-55.3
24,-60.4
25,-60.6
26,-55.0
