frequency,pdr
11,-75.1111111111
12,-61.0
13,-64.0
14,-63.9
15,-62.3
16,-71.8
17,-61.0
18,-58.9
19,-58.7
20,-59.4
21,-63.9
22,-61.0
23,-60.0
24,-70.1
25,-76.4444444444
26,-82.3
