frequency,pdr
11,-70.7
12,-68.5555555556
13,-72.3
14,-65.8
15,-78.3333333333
16,-67.0
17,-62.1
18,-67.4
19,-65.4
20,-72.2
21,-61.0
22,-78.0
23,-65.1
24,-66.5
25,-70.0
26,-67.2
