frequency,pdr
11,-61.2222222222
12,-61.6666666667
13,-64.2
14,-72.9
15,-71.9
16,-63.9
17,-62.2
18,-70.0
19,-61.0
20,-64.0
21,-65.2
22,-60.2
23,-69.1
24,-67.0
25,-63.5555555556
26,-61.0
