frequency,pdr
11,-70.7
12,-64.0
13,-66.8888888889
14,-58.0
15,-71.6
16,-79.1
17,-64.0
18,-73.8
19,-55.9
20,-61.1
21,-68.7
22,-79.4444444444
23,-58.5
24,-61.0
25,-73.6666666667
26,-72.3
