frequency,pdr
11,-63.9
12,-67.2
13,-76.7777777778
14,-59.0
15,-65.7777777778
16,-61.0
17,-67.0
18,-67.0
19,-77.0
20,-70.0
21,-61.2
22,-57.5
23,-58.0
24,-63.6
25,-74.5555555556
26,-68.4
