frequency,pdr
11,-68.8888888889
12,-64.0
13,-78.1111111111
14,-67.0
15,-64.0
16,-64.0
17,-67.0
18,-68.8
19,-67.0
20,-67.0
21,-70.3
22,-69.7
23,-62.4
24,-61.0
25,-66.9
26,-63.9
