frequency,pdr
11,-57.7
12,-56.1
13,-58.1111111111
14,-50.0
15,-48.8
16,-64.0
17,-53.9
18,-54.9
19,-55.0
20,-55.0
21,-62.6
22,-65.1
23,-64.9
24,-54.3
25,-56.1818181818
26,-56.5
