frequency,pdr
11,-54.3
12,-55.0
13,-65.3333333333
14,-60.6
15,-55.0
16,-54.3
17,-65.7
18,-58.0
19,-66.7
20,-61.5
21,-67.0
22,-61.2
23,-58.1
24,-63.3
25,-63.3636363636
26,-55.0
