frequency,pdr
11,-74.3333333333
12,-58.9
13,-79.2222222222
14,-64.4
15,-63.7777777778
16,-70.3
17,-57.0
18,-58.5
19,-67.1
20,-62.8
21,-61.0
22,-58.6
23,-64.8
24,-62.7
25,-59.5
26,-61.9
