frequency,pdr
11,-63.7777777778
12,-55.3
13,-65.2222222222
14,-57.8
15,-63.6666666667
16,-65.4
17,-58.0
18,-55.9
19,-63.7
20,-58.0
21,-60.9
22,-79.0
23,-77.8
24,-64.8
25,-57.8
26,-69.6
