frequency,pdr
11,-67.1
12,-78.7142857143
13,-66.1111111111
14,-71.5
15,-71.7777777778
16,-65.6
17,-81.7
18,-70.8
19,-66.6
20,-69.0
21,-70.2727272727
22,-70.2
23,-68.4
24,-69.5
25,-77.3333333333
26,-79.0
