frequency,pdr
11,-64.6
12,-62.8
13,-61.8181818182
14,-61.3
15,-64.5555555556
16,-63.8
17,-67.0
18,-61.7
19,-70.9
20,-67.0
21,-71.6
22,-63.5
23,-61.3
24,-63.5
25,-60.5555555556
26,-63.7
