frequency,pdr
11,-65.5555555556
12,-65.5555555556
13,-75.1111111111
14,-55.0
15,-62.1111111111
16,-66.7
17,-59.3
18,-62.8
19,-62.1
20,-64.0
21,-64.5
22,-63.3
23,-64.6
24,-59.5
25,-61.0
26,-69.5
