frequency,pdr
11,-58.8
12,-62.8888888889
13,-55.0
14,-70.9
15,-58.7777777778
16,-54.0
17,-66.5
18,-59.7
19,-64.4
20,-64.0
21,-60.3
22,-64.0
23,-61.0
24,-65.6
25,-67.0
26,-76.1
