frequency,pdr
11,-55.1
12,-58.5
13,-67.0
14,-58.0
15,-74.2222222222
16,-58.1
17,-52.0
18,-55.0
19,-63.0
20,-56.5
21,-58.0
22,-63.4
23,-58.0
24,-59.2
25,-73.5555555556
26,-58.0
