frequency,pdr
11,-59.2
12,-71.6
13,-69.7777777778
14,-63.5
15,-65.5555555556
16,-63.2
17,-65.3
18,-67.9
19,-74.5
20,-67.0
21,-64.9
22,-61.7
23,-59.5
24,-68.5
25,-61.5
26,-68.3
