frequency,pdr
11,-59.8
12,-63.4444444444
13,-63.0
14,-52.0
15,-60.5555555556
16,-55.0
17,-62.1
18,-58.0
19,-58.8
20,-60.0
21,-67.0
22,-61.5
23,-63.1
24,-61.3
25,-63.0
26,-64.0
