frequency,pdr
11,-60.8
12,-60.2
13,-69.5555555556
14,-58.0
15,-61.2
16,-59.8
17,-62.8
18,-71.9
19,-56.9
20,-61.0
21,-63.5
22,-66.3
23,-55.0
24,-55.0
25,-62.3333333333
26,-67.0
