frequency,pdr
11,-69.7272727273
12,-66.7777777778
13,-64.0
14,-70.6666666667
15,-64.3333333333
16,-69.2
17,-65.5
18,-81.3
19,-67.0
20,-61.2
21,-61.0
22,-67.5
23,-64.6
24,-63.9
25,-67.2
26,-66.6
