frequency,pdr
11,-74.1111111111
12,-55.0
13,-55.0
14,-61.0
15,-65.4444444444
16,-65.3
17,-55.0
18,-53.4
19,-56.0
20,-55.3
21,-58.0
22,-75.5
23,-64.0
24,-64.6
25,-67.0
26,-61.0
