frequency,pdr
11,-58.5
12,-66.2222222222
13,-72.8
14,-66.3
15,-62.0
16,-61.0
17,-62.3
18,-71.2
19,-67.9
20,-56.2
21,-68.8
22,-63.5
23,-66.5
24,-64.0
25,-65.4444444444
26,-59.0
