frequency,pdr
11,-79.4444444444
12,-67.0
13,-73.3333333333
14,-68.0
15,-64.0
16,-74.5
17,-61.0
18,-65.0
19,-66.2
20,-69.1
21,-64.0
22,-69.0
23,-71.2
24,-64.1
25,-61.6666666667
26,-67.0
