frequency,pdr
11,-64.6
12,-68.4444444444
13,-72.5555555556
14,-67.4
15,-71.7777777778
16,-75.7
17,-65.9
18,-67.0
19,-62.0
20,-65.8
21,-69.9
22,-68.2
23,-74.0
24,-75.5
25,-67.0
26,-67.0
