frequency,pdr
11,-75.4444444444
12,-68.8888888889
13,-60.7
14,-73.2222222222
15,-63.5555555556
16,-63.8
17,-66.0
18,-69.1
19,-71.4
20,-65.6
21,-63.4
22,-67.0
23,-61.0
24,-69.2
25,-71.9
26,-65.5
