frequency,pdr
11,-65.5555555556
12,-60.3636363636
13,-58.9
14,-62.1
15,-62.0
16,-61.0
17,-60.6
18,-55.3
19,-55.8
20,-55.0
21,-58.0
22,-52.7
23,-57.4
24,-55.0
25,-60.7
26,-61.0
