frequency,pdr
11,-65.7
12,-66.8
13,-77.7777777778
14,-66.0
15,-65.3333333333
16,-61.8
17,-67.0
18,-65.7
19,-66.4545454545
20,-68.0
21,-62.2
22,-70.0
23,-70.3
24,-73.4
25,-67.5555555556
26,-61.6
