frequency,pdr
11,-68.8
12,-71.6
13,-70.0
14,-60.8
15,-67.0
16,-60.2
17,-61.9
18,-66.5454545455
19,-64.0
20,-62.5
21,-64.0
22,-66.9
23,-73.2
24,-64.6
25,-67.2222222222
26,-65.8
