frequency,pdr
11,-59.0
12,-60.1111111111
13,-55.0
14,-66.2
15,-69.8
16,-73.6
17,-64.0
18,-61.8
19,-62.7
20,-61.0
21,-67.3
22,-75.8
23,-64.0
24,-63.4
25,-70.4545454545
26,-66.8
