frequency,pdr
11,-65.0
12,-61.0
13,-59.7777777778
14,-58.0
15,-66.5
16,-58.0
17,-70.9
18,-63.0
19,-64.0
20,-73.0
21,-58.2
22,-58.0
23,-58.6
24,-60.8
25,-72.6666666667
26,-64.3
