frequency,pdr
11,-61.5
12,-60.8888888889
13,-63.8888888889
14,-61.1
15,-59.2
16,-59.5
17,-67.5
18,-69.1
19,-60.0
20,-67.2
21,-58.9
22,-67.0
23,-65.1
24,-67.0
25,-60.3
26,-58.0
