frequency,pdr
11,-64.3
12,-75.4
13,-68.1
14,-64.8
15,-69.6666666667
16,-66.7
17,-67.4
18,-63.9
19,-79.7
20,-66.8
21,-72.5
22,-71.7
23,-73.1111111111
24,-66.6
25,-69.0
26,-73.0
