frequency,pdr
11,-67.5555555556
12,-65.3333333333
13,-60.7
14,-58.7
15,-64.5555555556
16,-64.3
17,-67.7
18,-71.4
19,-66.7
20,-65.3
21,-67.5
22,-64.5
23,-66.0
24,-63.6
25,-58.9
26,-63.0
