frequency,pdr
11,-62.8
12,-58.4444444444
13,-58.2222222222
14,-61.9090909091
15,-74.3333333333
16,-63.3
17,-61.0
18,-61.0
19,-74.5
20,-67.0
21,-62.3
22,-63.1
23,-72.4
24,-72.6
25,-65.5555555556
26,-64.0
