frequency,pdr
11,-76.0
12,-74.5
13,-75.1111111111
14,-73.5555555556
15,-76.0
16,-79.5
17,-76.0
18,-70.2
19,-68.7
20,-68.1
21,-69.8
22,-70.0
23,-70.0
24,-73.8
25,-79.0
26,-75.5
