frequency,pdr
11,-67.0
12,-78.0
13,-72.7142857143
14,-67.0
15,-66.5
16,-67.0
17,-76.6666666667
18,-70.0
19,-77.375
20,-74.9
21,-67.8
22,-67.0
23,-78.6
24,-73.0
25,-74.6
26,-70.4
