frequency,pdr
11,-70.2222222222
12,-74.8571428571
13,-75.75
14,-73.0
15,-70.0
16,-70.0
17,-78.875
18,-70.0
19,-67.0
20,-74.6
21,-74.2
22,-71.5
23,-81.9
24,-67.0
25,-69.5
26,-67.0
