frequency,pdr
11,-78.0
12,-61.0
13,-60.7777777778
14,-61.0
15,-64.0
16,-63.3333333333
17,-64.0
18,-61.0
19,-58.0
20,-59.4
21,-61.0
22,-61.0
23,-63.0
24,-63.2
25,-68.0
26,-66.7
