frequency,pdr
11,-70.0
12,-69.7142857143
13,-70.0
14,-70.0
15,-68.1
16,-69.0
17,-67.7142857143
18,-67.8
19,-68.0
20,-71.9
21,-74.0
22,-73.0
23,-73.0
24,-77.2
25,-79.2
26,-76.0
