frequency,pdr
11,-70.8888888889
12,-68.0
13,-81.1428571429
14,-67.125
15,-65.0
16,-64.0
17,-64.0
18,-62.6
19,-64.0
20,-61.9
21,-61.0
22,-65.9
23,-67.0
24,-67.0
25,-63.6
26,-63.2
