frequency,pdr
11,-67.1
12,-70.0
13,-76.0
14,-70.0
15,-69.2
16,-72.0
17,-79.1428571429
18,-80.0
19,-79.5555555556
20,-76.0
21,-77.0
22,-76.0
23,-77.7
24,-73.0
25,-70.4
26,-70.0
