frequency,pdr
11,-67.0
12,-71.7142857143
13,-79.0
14,-71.1111111111
15,-70.0
16,-70.0
17,-68.1428571429
18,-70.0
19,-75.75
20,-83.2
21,-76.0
22,-74.0
23,-80.4
24,-81.9
25,-83.5
26,-76.0
