frequency,pdr
11,-72.8
12,-69.0
13,-67.4285714286
14,-62.1
15,-64.0
16,-70.0
17,-74.5555555556
18,-65.2
19,-67.0
20,-70.0
21,-70.0
22,-75.8
23,-77.6
24,-73.0
25,-72.7
26,-80.2
