frequency,pdr
11,-69.2
12,-71.5714285714
13,-76.4444444444
14,-78.0
15,-73.7
16,-79.0
17,-81.4444444444
18,-82.0
19,-88.3333333333
20,-86.0
21,-78.6
22,-79.2
23,-73.7
24,-73.0
25,-73.2
26,-72.9
