frequency,pdr
11,-55.0
12,-56.5
13,-61.7142857143
14,-62.75
15,-70.1
16,-81.0
17,-71.2222222222
18,-64.0
19,-61.9
20,-65.6
21,-67.0
22,-64.0
23,-63.8
24,-64.0
25,-61.5
26,-61.0
