frequency,pdr
11,-67.0
12,-67.7142857143
13,-68.2857142857
14,-63.8888888889
15,-61.0
16,-67.0
17,-66.875
18,-64.0
19,-63.8888888889
20,-64.0
21,-63.7
22,-61.0
23,-61.4
24,-61.0
25,-61.0
26,-63.0
