frequency,pdr
11,-70.0
12,-70.8333333333
13,-70.0
14,-72.5555555556
15,-67.0
16,-64.0
17,-65.8888888889
18,-66.0
19,-71.3333333333
20,-75.8
21,-67.0
22,-74.2
23,-74.5
24,-70.0
25,-70.0
26,-68.1
