frequency,pdr
11,-78.1111111111
12,-70.0
13,-70.0
14,-74.4285714286
15,-81.0
16,-75.0
17,-70.0
18,-70.0
19,-67.7
20,-67.4
21,-72.4
22,-70.0
23,-67.3
24,-67.0
25,-67.0
26,-67.0
