frequency,pdr
11,-68.0
12,-72.2857142857
13,-85.5
14,-79.0
15,-74.1
16,-73.0
17,-73.0
18,-76.0
19,-85.2222222222
20,-79.0
21,-72.2
22,-71.2
23,-70.0
24,-67.0
25,-67.0
26,-67.0
