frequency,pdr
11,-70.0
12,-77.4285714286
14,-71.5
15,-67.0
16,-69.6666666667
17,-73.0
18,-75.4
19,-83.6666666667
20,-81.0
21,-76.0
22,-85.5
23,-70.0
24,-67.0
25,-68.0
26,-86.9
