frequency,pdr
11,-55.0
12,-54.8888888889
13,-54.6
14,-54.9
15,-55.0
16,-55.0
17,-55.0
18,-55.0
19,-54.8888888889
20,-55.0
21,-55.0
22,-55.0
23,-55.0
24,-55.0
25,-55.6
26,-55.0
