frequency,pdr
11,-63.8181818182
12,-64.875
13,-72.1111111111
14,-76.0
15,-78.8333333333
16,-75.0
17,-79.0
18,-82.0
19,-75.5555555556
20,-75.0
21,-70.6
22,-70.0
23,-66.0
24,-61.0
25,-64.0
26,-61.0
