frequency,pdr
11,-56.0
12,-60.7777777778
13,-57.7777777778
14,-55.0
15,-53.0
16,-51.0
17,-49.0
18,-47.5
19,-46.0
20,-46.0
21,-46.0
22,-46.0
23,-46.0
24,-47.0
25,-49.0
26,-52.0
