frequency,pdr
11,-70.0
12,-79.0
13,-88.5
14,-76.0
15,-73.0
16,-68.5
17,-75.8571428571
18,-70.5
19,-66.8888888889
20,-67.9
21,-70.0
22,-75.7
23,-79.1
24,-73.0
25,-73.0
26,-79.0
