frequency,pdr
11,-70.0
12,-68.1428571429
13,-65.0
14,-63.6666666667
15,-64.0
16,-67.0
17,-62.625
18,-60.7
19,-61.0
20,-61.0
21,-62.2
22,-67.0
23,-64.0
24,-61.0
25,-65.1
26,-65.8
