frequency,pdr
11,-57.9
12,-55.1
13,-58.0
14,-55.0
15,-58.0
16,-58.4285714286
17,-64.375
18,-67.0
19,-60.8888888889
20,-55.0
21,-54.8
22,-54.0
23,-55.0
24,-53.7
25,-50.4
26,-48.0
