frequency,pdr
11,-50.2
12,-48.8
13,-59.4444444444
14,-54.2
15,-54.6666666667
16,-48.6
17,-74.0
18,-46.0
19,-54.5
20,-53.2
21,-53.0
22,-49.0
23,-53.5
24,-58.8
25,-55.7
26,-65.7
