frequency,pdr
11,-49.5
12,-60.4
13,-52.0
14,-51.2
15,-52.8888888889
16,-55.0
17,-52.5
18,-56.6
19,-54.4
20,-55.0
21,-54.0
22,-61.3
23,-55.0
24,-56.8
25,-64.7272727273
26,-55.0
