frequency,pdr
11,-77.0
12,-62.4
13,-65.3333333333
14,-55.5
15,-55.0
16,-74.8888888889
17,-70.8
18,-57.7
19,-55.0
20,-51.9
21,-51.6
22,-58.1
23,-55.9
24,-69.3
25,-58.0
26,-58.7
