frequency,pdr
11,-51.3
12,-55.0
13,-55.1111111111
14,-55.0
15,-53.6666666667
16,-47.0
17,-53.8
18,-55.0
19,-49.9
20,-52.0
21,-51.5
22,-55.0
23,-49.0
24,-49.0
25,-49.0
26,-55.0
