frequency,pdr
11,-46.0
12,-48.2
13,-47.6666666667
14,-49.1
15,-48.7777777778
16,-59.7
17,-51.2
18,-49.4
19,-51.1
20,-50.4
21,-52.0
22,-56.3
23,-57.1
24,-50.9
25,-50.8
26,-52.9
