frequency,pdr
11,-49.0
12,-49.5
13,-56.5555555556
14,-52.0
15,-61.4444444444
16,-57.9
17,-59.5
18,-70.4
19,-59.9
20,-59.4
21,-62.0
22,-67.0
23,-57.5
24,-59.0
25,-62.8
26,-49.0
