frequency,pdr
11,-58.2
12,-55.0
13,-62.1111111111
14,-58.2
15,-65.2222222222
16,-57.5
17,-77.2
18,-58.1
19,-58.0
20,-49.9
21,-50.9
22,-49.4
23,-52.3
24,-53.0
25,-58.7
26,-50.9
