frequency,pdr
11,-64.6
12,-65.3
13,-68.4
14,-64.5
15,-66.6666666667
16,-62.0
17,-62.1
18,-63.4
19,-58.6
20,-50.2
21,-54.5
22,-65.4
23,-73.1111111111
24,-71.8
25,-67.2
26,-58.2
