frequency,pdr
11,-59.8
12,-70.8888888889
13,-57.9
14,-64.6
15,-60.1111111111
16,-55.0
17,-67.6
18,-60.0
19,-66.3
20,-55.0
21,-70.1
22,-55.0
23,-55.0
24,-66.3
25,-58.0
26,-71.9
