frequency,pdr
11,-52.0
12,-55.1
13,-53.2222222222
14,-53.2
15,-61.0
16,-49.5
17,-46.0
18,-49.0
19,-48.0909090909
20,-46.0
21,-55.7
22,-61.0
23,-61.0
24,-58.0
25,-52.1
26,-66.0
