frequency,pdr
11,-64.1
12,-52.9
13,-55.0
14,-59.6
15,-60.3333333333
16,-57.6
17,-59.3
18,-60.0909090909
19,-61.0
20,-58.0
21,-69.7
22,-59.2
23,-58.1
24,-66.5
25,-61.6
26,-67.0
