frequency,pdr
11,-63.9
12,-64.2
13,-62.4444444444
14,-57.4
15,-61.8888888889
16,-58.0
17,-55.0
18,-58.0
19,-56.1
20,-51.9
21,-58.1
22,-58.0
23,-56.8
24,-61.0
25,-68.8
26,-49.7
