frequency,pdr
11,-56.9
12,-69.0
13,-63.1111111111
14,-52.0
15,-50.1111111111
16,-51.8
17,-52.0
18,-56.6
19,-55.0
20,-66.7
21,-55.0
22,-70.2
23,-60.8
24,-55.0
25,-53.3
26,-55.0
