frequency,pdr
11,-53.2
12,-57.9
13,-60.8888888889
14,-51.5
15,-51.1111111111
16,-59.3
17,-53.9
18,-54.8
19,-66.8
20,-49.0
21,-52.4
22,-49.0
23,-49.9
24,-49.0
25,-53.0
26,-67.8
