frequency,pdr
11,-55.0
12,-57.4
13,-62.2222222222
14,-55.0
15,-71.1111111111
16,-66.8
17,-59.2
18,-59.9
19,-52.0
20,-57.6
21,-57.0
22,-54.4
23,-51.1
24,-52.0
25,-49.6
26,-49.0
