frequency,pdr
11,-84.1
12,-86.1
13,-87.5
14,-88.0
15,-88.2
16,-89.0
17,-90.0
18,-90.8571428571
19,-91.0
20,-90.1428571429
21,-91.0
23,-91.0
24,-91.0
25,-91.0
26,-91.0
