frequency,pdr
11,-84.3
12,-86.6
13,-87.7
14,-85.9
15,-83.2
16,-82.2222222222
17,-82.3333333333
18,-82.6666666667
19,-85.5
20,-86.8
21,-88.6
23,-91.0
24,-91.0
25,-91.0
26,-91.0
