frequency,pdr
11,-56.3
12,-59.5555555556
13,-68.3333333333
14,-61.8
15,-64.3
16,-59.4
17,-67.1
18,-67.8
19,-75.4
20,-73.0
21,-63.1
22,-61.0
23,-68.9
24,-65.6
25,-61.0
26,-64.0
