frequency,pdr
11,-54.1
12,-55.1111111111
13,-46.0
14,-48.4
15,-46.0
16,-46.0
17,-41.0
18,-46.0
19,-48.4
20,-60.8
21,-61.0
22,-55.0
23,-52.0
24,-49.0
25,-52.0
26,-56.1818181818
