frequency,pdr
11,-70.7
12,-67.0
13,-69.5555555556
14,-61.1
15,-65.8
16,-64.0
17,-65.0
18,-73.6
19,-63.8
20,-67.9
21,-79.2727272727
22,-66.5
23,-61.4
24,-60.4
25,-61.3
26,-64.7
