frequency,pdr
11,-61.2
12,-54.0
13,-68.1111111111
14,-66.9
15,-55.7
16,-65.8
17,-58.0
18,-63.3
19,-60.7
20,-67.6
21,-61.2727272727
22,-66.5
23,-59.4
24,-60.2
25,-61.3
26,-73.8
