frequency,pdr
11,-57.3
12,-55.8888888889
13,-65.3333333333
14,-64.0
15,-58.2
16,-57.4
17,-63.4
18,-61.0
19,-59.0
20,-67.5
21,-60.3636363636
22,-55.0
23,-60.5
24,-58.6
25,-66.6
26,-67.8
