frequency,pdr
11,-55.0
12,-55.3333333333
13,-70.8181818182
14,-61.0
15,-64.0
16,-71.0
17,-70.6
18,-68.8
19,-66.6
20,-63.9
21,-61.6
22,-64.0
23,-58.9
24,-58.6
25,-70.0
26,-67.9
