frequency,pdr
11,-62.0
12,-58.2222222222
13,-60.8888888889
14,-59.3
15,-58.2
16,-62.0
17,-67.0
18,-58.0
19,-67.4
20,-61.2
21,-73.8
22,-59.0
23,-65.2
24,-69.8
25,-61.1
26,-66.3333333333
