frequency,pdr
11,-58.9
12,-63.75
13,-57.7777777778
14,-54.5
15,-62.7
16,-60.9
17,-68.6
18,-65.6
19,-55.0
20,-63.9
21,-77.1
22,-63.8
23,-64.0
24,-69.5
25,-70.0
26,-73.1111111111
