frequency,pdr
11,-55.0
12,-68.5555555556
13,-68.2222222222
14,-71.1
15,-65.3
16,-62.1
17,-58.0
18,-76.7
19,-58.6
20,-63.0
21,-61.0
22,-55.0
23,-55.0
24,-59.3
25,-70.3
26,-61.0
