frequency,pdr
11,-62.3
12,-64.1111111111
13,-67.0
14,-62.0
15,-66.8
16,-61.0
17,-70.3
18,-67.0
19,-61.0
20,-69.1818181818
21,-73.0
22,-64.6
23,-66.7
24,-63.1
25,-68.4
26,-64.9
