frequency,pdr
11,-59.3
12,-58.6666666667
13,-77.1111111111
14,-57.4
15,-55.0
16,-64.1
17,-61.6
18,-59.1
19,-60.2
20,-65.6
21,-67.3
22,-56.8
23,-56.8
24,-62.2
25,-68.7
26,-58.0
