frequency,pdr
11,-52.0
12,-56.6
13,-60.2222222222
14,-72.7777777778
15,-61.0
16,-58.0
17,-58.0
18,-55.9
19,-60.8
20,-67.0
21,-66.3
22,-64.1
23,-58.0
24,-67.0
25,-64.0
26,-69.2
