frequency,pdr
11,-67.0
12,-58.0
13,-60.8888888889
14,-63.8181818182
15,-66.7
16,-58.0
17,-61.8
18,-69.0
19,-67.8
20,-60.4
21,-59.8
22,-59.4
23,-70.0
24,-70.9
25,-64.0
26,-65.2
