frequency,pdr
11,-61.1
12,-55.0
13,-54.5555555556
14,-70.4444444444
15,-54.3
16,-65.8
17,-64.0
18,-68.2
19,-58.0
20,-70.4
21,-66.8
22,-60.7
23,-66.1
24,-63.5
25,-66.5
26,-64.3
