frequency,pdr
11,-59.8
12,-60.3333333333
13,-55.4444444444
14,-55.0
15,-52.0
16,-58.6
17,-54.6
18,-69.0
19,-53.8
20,-53.0
21,-55.0
22,-55.0
23,-66.7
24,-59.4
25,-62.3
26,-55.5
