frequency,pdr
11,-58.0
12,-56.7777777778
13,-55.3636363636
14,-57.9
15,-57.5
16,-55.5
17,-61.0
18,-64.4
19,-55.9
20,-54.3
21,-57.1
22,-61.0
23,-79.5555555556
24,-67.0
25,-58.9
26,-64.1
