frequency,pdr
11,-65.9
12,-65.1111111111
13,-70.8888888889
14,-61.1
15,-58.0
16,-73.7
17,-72.0
18,-65.0
19,-73.6
20,-62.1
21,-65.5
22,-66.5
23,-63.0
24,-69.0
25,-60.2
26,-59.7
