frequency,pdr
11,-55.6
12,-56.3333333333
13,-61.5555555556
14,-60.9
15,-71.5
16,-56.0
17,-58.0
18,-60.1
19,-60.7
20,-57.6
21,-62.7
22,-58.0
23,-63.9
24,-67.0
25,-68.2
26,-62.4
