frequency,pdr
11,-60.0
12,-62.3333333333
13,-67.2222222222
14,-64.5
15,-65.2
16,-61.5
17,-66.7
18,-61.7
19,-61.0
20,-63.8
21,-61.2
22,-68.3
23,-73.8
24,-55.0
25,-57.1
26,-58.1
