frequency,pdr
11,-58.1
12,-61.75
13,-66.5555555556
14,-63.1818181818
15,-60.6
16,-59.7
17,-52.0
18,-55.0
19,-63.1
20,-58.6
21,-53.6
22,-56.1
23,-61.6
24,-63.7
25,-51.7
26,-55.0
