frequency,pdr
11,-69.2
12,-49.3333333333
13,-59.3333333333
14,-55.0
15,-52.0
16,-49.0
17,-53.7
18,-55.3
19,-51.8
20,-53.0
21,-66.3
22,-66.7
23,-59.1
24,-56.0
25,-62.9
26,-58.8
