frequency,pdr
11,-53.3636363636
12,-65.2222222222
13,-62.3333333333
14,-63.0
15,-71.1
16,-59.2
17,-58.0
18,-52.2
19,-58.0
20,-64.0
21,-66.3
22,-67.2
23,-56.2
24,-61.9
25,-58.5
26,-67.0
