frequency,pdr
11,-55.4
12,-58.8888888889
13,-67.7777777778
14,-67.0
15,-58.0
16,-58.0
17,-64.3
18,-58.3
19,-58.6
20,-61.0
21,-67.0
22,-71.2
23,-66.9
24,-70.7
25,-68.1
26,-67.0
