frequency,pdr
11,-75.9
12,-79.0
13,-79.0
14,-78.8
15,-77.9
16,-79.0
17,-82.0
18,-89.2
19,-88.0
20,-80.4
21,-76.4444444444
22,-75.4444444444
23,-74.0
24,-73.0
25,-72.9
26,-73.0
