frequency,pdr
11,-90.3333333333
12,-90.75
13,-90.0833333333
14,-89.9
15,-89.4
16,-89.6
17,-89.2
18,-90.0
19,-91.0
20,-90.4
21,-91.0
23,-91.0
24,-91.0
25,-91.0
26,-91.0
