frequency,pdr
13,-91.0
14,-91.0
15,-90.5
16,-90.8
17,-90.2222222222
18,-88.9
19,-87.8
20,-87.1
21,-87.9
22,-87.4
23,-88.5714285714
24,-87.8
25,-86.9
26,-86.5
