frequency,pdr
11,-79.4
12,-81.3333333333
13,-78.6
14,-81.3
15,-82.7
16,-85.0
17,-83.8888888889
18,-81.8
19,-81.1
20,-81.5
21,-81.9
22,-81.1111111111
23,-81.6666666667
24,-80.9
25,-82.0
26,-84.9
