frequency,pdr
11,-82.0
12,-82.8
13,-84.3333333333
14,-83.8
15,-82.4
16,-82.1
17,-83.1
18,-82.2
19,-82.0
20,-81.3
21,-81.7777777778
22,-84.2222222222
23,-82.3
24,-80.8
25,-81.0
26,-82.0
