frequency,pdr
12,-91.0
13,-90.1111111111
14,-90.0
15,-90.4
16,-87.0
17,-83.0
18,-83.0
19,-85.0
20,-86.0
21,-90.0
23,-90.2222222222
24,-89.1666666667
25,-91.0
26,-89.8
