frequency,pdr
11,-60.1
12,-63.6363636364
13,-58.6
14,-64.0
15,-61.0
16,-64.1
17,-65.6
18,-67.0
19,-72.6
20,-66.0
21,-83.3333333333
22,-72.2
23,-65.2
24,-67.0
25,-69.6
26,-68.2
