frequency,pdr
11,-66.3333333333
12,-52.1111111111
13,-59.3333333333
14,-55.0
15,-60.8
16,-70.0
17,-64.4
18,-67.1
19,-70.0
20,-67.0
21,-55.0
22,-61.0
23,-62.5
24,-69.3333333333
25,-56.2
26,-54.1
