frequency,pdr
11,-62.0
12,-73.9
13,-71.3333333333
14,-68.4
15,-59.1
16,-63.3
17,-61.0
18,-62.6
19,-61.0
20,-66.2
21,-61.1
22,-60.9
23,-61.8
24,-60.4444444444
25,-61.0
26,-58.2
