frequency,pdr
11,-57.8
12,-63.3333333333
13,-71.6666666667
14,-55.0
15,-54.0
16,-58.0
17,-58.0
18,-71.5
19,-64.7
20,-59.0
21,-56.5
22,-52.0
23,-57.1
24,-66.6666666667
25,-59.9
26,-62.0
