frequency,pdr
11,-54.4
12,-55.0
13,-58.3333333333
14,-71.4
15,-65.6
16,-55.0
17,-59.0
18,-65.5
19,-62.1
20,-62.2
21,-64.9
22,-55.0
23,-54.2
24,-67.8888888889
25,-62.8
26,-68.3
