frequency,pdr
11,-55.0
12,-61.1111111111
13,-58.2222222222
14,-61.0
15,-60.2
16,-61.0
17,-64.4
18,-73.2
19,-63.9
20,-65.9
21,-63.2
22,-69.4
23,-64.0
24,-64.8
25,-67.0
26,-59.1
