frequency,pdr
11,-55.0
12,-57.1
13,-64.7777777778
14,-63.0
15,-64.0
16,-75.0
17,-70.1
18,-61.0
19,-74.2
20,-64.0
21,-64.7
22,-59.5
23,-66.7
24,-78.6666666667
25,-62.1
26,-69.9
