frequency,pdr
11,-68.3333333333
12,-64.3333333333
13,-64.0
14,-67.1
15,-77.2
16,-65.2
17,-64.0
18,-63.8
19,-73.1
20,-67.0
21,-68.8
22,-59.6
23,-70.6
24,-55.2
25,-52.0
26,-54.6
