frequency,pdr
11,-61.0
12,-70.3333333333
13,-61.0
14,-60.6
15,-54.7
16,-60.1
17,-61.8
18,-65.5
19,-55.2
20,-64.0
21,-61.0
22,-75.4
23,-64.0
24,-77.5555555556
25,-62.4
26,-55.0
