frequency,pdr
11,-58.0
12,-66.4545454545
13,-65.1111111111
14,-73.8
15,-62.3
16,-63.3
17,-69.2
18,-79.0
19,-65.2
20,-60.9
21,-61.4
22,-62.1
23,-61.0
24,-61.7777777778
25,-72.8
26,-66.1
