frequency,pdr
11,-55.0
12,-67.6666666667
13,-57.4444444444
14,-65.0909090909
15,-54.2
16,-55.0
17,-58.0
18,-58.4
19,-58.2
20,-55.7
21,-61.1
22,-56.8
23,-59.6
24,-55.0
25,-69.3
26,-64.0
