frequency,pdr
11,-62.1
12,-61.0
13,-63.2222222222
14,-56.0
15,-61.1
16,-66.4
17,-62.2
18,-70.4
19,-67.0
20,-67.0
21,-61.0
22,-61.0
23,-65.4
24,-76.8888888889
25,-75.7
26,-62.0
