frequency,pdr
11,-57.3
12,-65.0
13,-67.2222222222
14,-64.7
15,-58.0
16,-65.9
17,-61.9
18,-67.0
19,-69.1
20,-55.9
21,-58.0
22,-55.0
23,-59.7
24,-58.5555555556
25,-63.8
26,-56.0
