frequency,pdr
11,-55.0
12,-61.0
13,-64.3333333333
14,-60.6
15,-60.6
16,-66.5
17,-61.0
18,-64.5
19,-58.0
20,-63.4
21,-58.0
22,-53.4
23,-53.0
24,-68.7777777778
25,-55.4
26,-72.1111111111
