frequency,pdr
11,-65.2
12,-60.9
13,-62.3
14,-64.4
15,-55.2
16,-55.5
17,-64.1
18,-55.0
19,-63.5
20,-61.0
21,-69.4
22,-68.0
23,-55.0
24,-57.4444444444
25,-64.5
26,-77.5555555556
