frequency,pdr
11,-55.0
12,-58.0
13,-63.4444444444
14,-55.0
15,-61.0
16,-67.0
17,-62.9
18,-68.4
19,-62.1
20,-61.0
21,-69.9
22,-56.0
23,-68.3
24,-76.8888888889
25,-58.0
26,-67.0
