frequency,pdr
11,-62.2
12,-67.8888888889
13,-55.5555555556
14,-62.3
15,-69.8
16,-62.1
17,-58.1
18,-62.2
19,-62.9
20,-61.6
21,-70.7
22,-61.3
23,-67.0
24,-56.3333333333
25,-72.5
26,-58.5
