frequency,pdr
11,-67.0
12,-64.0
13,-66.2222222222
14,-68.4
15,-64.0
16,-64.0
17,-66.7
18,-61.0
19,-58.0
20,-60.9
21,-58.1
22,-64.0
23,-63.0
24,-60.5555555556
25,-59.0
26,-59.0
