frequency,pdr
11,-58.0
12,-61.8888888889
13,-66.4444444444
14,-64.2
15,-62.3
16,-58.0
17,-65.4
18,-58.0
19,-55.0
20,-66.5
21,-68.7
22,-61.1
23,-55.0
24,-58.0
25,-62.6
26,-64.0
