frequency,pdr
11,-66.5
12,-67.3333333333
13,-61.0
14,-65.7
15,-66.0
16,-60.6
17,-65.4
18,-65.5
19,-64.0
20,-59.3
21,-58.5
22,-68.4
23,-64.0
24,-67.6666666667
25,-55.2
26,-57.9
