frequency,pdr
11,-73.1111111111
12,-62.6666666667
13,-66.0
14,-55.0
15,-58.0
16,-59.0
17,-69.7
18,-72.4
19,-71.3
20,-61.5
21,-62.0
22,-61.0
23,-55.0
24,-62.1111111111
25,-68.4
26,-66.0
