frequency,pdr
11,-55.5
12,-61.4444444444
13,-58.2222222222
14,-65.9
15,-58.1
16,-68.9
17,-63.9
18,-64.0
19,-70.4
20,-70.2
21,-59.2
22,-65.5
23,-55.0
24,-74.125
25,-66.4
26,-67.2
