frequency,pdr
11,-61.1111111111
12,-58.4444444444
13,-55.0
14,-55.0
15,-64.0
16,-55.0
17,-55.0
18,-54.5
19,-60.0
20,-55.0
21,-59.5
22,-55.0
23,-58.0
24,-63.2222222222
25,-59.1
26,-55.0
