frequency,pdr
11,-63.1
12,-68.5
13,-61.3333333333
14,-60.2727272727
15,-66.2
16,-55.0
17,-56.3
18,-57.7
19,-55.0
20,-64.1
21,-62.5
22,-60.6
23,-55.0
24,-62.2222222222
25,-63.8
26,-64.0
