frequency,pdr
11,-58.4
12,-56.1111111111
13,-56.7
14,-59.1
15,-66.8
16,-67.0
17,-55.0
18,-58.0
19,-55.9
20,-61.0
21,-52.0
22,-68.9
23,-71.6
24,-60.4444444444
25,-61.5
26,-55.0
