frequency,pdr
11,-64.0
12,-64.2222222222
13,-60.4444444444
14,-55.0
15,-63.9
16,-60.2
17,-65.4
18,-67.0
19,-64.0
20,-60.2
21,-67.4
22,-80.7777777778
23,-60.6
24,-64.0
25,-67.0
26,-71.4
