frequency,pdr
11,-61.0
12,-66.8
13,-60.8888888889
14,-67.0
15,-62.2
16,-64.0
17,-64.0
18,-59.0
19,-60.4
20,-66.1
21,-68.0
22,-66.1
23,-67.0
24,-65.1111111111
25,-67.0
26,-70.0
