frequency,pdr
11,-63.7
12,-64.1111111111
13,-62.4444444444
14,-69.1
15,-66.4
16,-60.3
17,-66.8
18,-66.8
19,-68.4
20,-61.6
21,-55.0
22,-62.8
23,-64.0
24,-58.8
25,-54.5
26,-59.4
