frequency,pdr
11,-64.6666666667
12,-63.6
13,-58.7777777778
14,-56.0
15,-59.7
16,-59.2
17,-55.0
18,-63.7
19,-55.0
20,-55.0
21,-66.3
22,-55.0
23,-58.0
24,-60.3333333333
25,-49.5
26,-52.0
