frequency,pdr
11,-59.1
12,-60.6666666667
13,-66.8888888889
14,-60.4
15,-57.9
16,-62.3
17,-66.8
18,-62.0
19,-59.7
20,-58.0
21,-61.7
22,-63.8
23,-68.8
24,-60.5555555556
25,-62.4
26,-73.2
