frequency,pdr
11,-50.2
12,-49.2727272727
13,-49.1
14,-53.2
15,-52.4
16,-56.1
17,-52.5
18,-54.9
19,-53.5
20,-55.0
21,-56.0
22,-56.3
23,-63.6
24,-64.1111111111
25,-64.6
26,-62.8
