frequency,pdr
11,-68.0
12,-62.4444444444
13,-70.7777777778
14,-61.0
15,-61.0
16,-64.0
17,-61.0
18,-58.9
19,-62.7
20,-68.2
21,-72.6
22,-56.2
23,-61.0
24,-67.8888888889
25,-69.0
26,-81.0
