frequency,pdr
11,-64.0
12,-63.7777777778
13,-65.4444444444
14,-67.0
15,-68.2
16,-63.4
17,-67.0
18,-66.6
19,-61.4
20,-61.0
21,-64.8
22,-77.5
23,-69.9
24,-64.0
25,-71.9
26,-59.5
