frequency,pdr
11,-58.3
12,-65.2222222222
13,-58.7777777778
14,-67.0
15,-65.7
16,-65.4
17,-65.2
18,-62.1
19,-58.1
20,-58.0
21,-62.2
22,-55.0
23,-61.4
24,-65.1111111111
25,-61.0
26,-57.8
