frequency,pdr
11,-64.7
12,-57.1
13,-56.5555555556
14,-58.0
15,-68.4
16,-64.3
17,-60.8
18,-60.4
19,-58.0
20,-58.0
21,-58.0
22,-63.9
23,-67.0
24,-72.1111111111
25,-61.0
26,-66.9
