frequency,pdr
11,-60.3
12,-55.0
13,-56.6666666667
14,-61.0
15,-60.8
16,-54.0
17,-68.2
18,-55.0
19,-55.0
20,-60.7
21,-58.0
22,-60.6
23,-58.0
24,-59.2222222222
25,-55.0
26,-67.5
