frequency,pdr
11,-62.8
12,-55.0
13,-61.7777777778
14,-69.5
15,-59.4
16,-62.9
17,-67.0
18,-62.3
19,-62.6
20,-70.0
21,-62.5
22,-75.5555555556
23,-64.2
24,-64.0
25,-64.0
26,-68.3
