frequency,pdr
11,-58.1
12,-61.2222222222
13,-71.8888888889
14,-63.5
15,-67.8
16,-70.3
17,-60.1
18,-75.8
19,-64.0
20,-75.8
21,-60.1
22,-65.2
23,-68.7
24,-70.0
25,-67.3
26,-69.9
