frequency,pdr
11,-58.0
12,-60.9
13,-66.3333333333
14,-60.8
15,-63.5
16,-77.3
17,-66.4
18,-61.0
19,-79.7
20,-68.8
21,-60.4
22,-58.1
23,-68.1
24,-63.7777777778
25,-61.1
26,-62.9
