frequency,pdr
11,-69.9
12,-67.5555555556
13,-75.0
14,-64.0
15,-55.0
16,-63.1
17,-76.2
18,-65.0
19,-66.9
20,-59.6
21,-67.0
22,-63.5
23,-62.8
24,-64.8
25,-64.0
26,-73.7777777778
