frequency,pdr
11,-62.7777777778
12,-56.2
13,-62.3333333333
14,-55.0
15,-64.0
16,-54.4
17,-53.0
18,-57.5
19,-65.4
20,-55.0
21,-68.7
22,-54.3
23,-59.1
24,-55.0
25,-60.3
26,-72.6
