frequency,pdr
11,-53.8
12,-65.1111111111
13,-62.6666666667
14,-67.8
15,-52.0
16,-61.7
17,-61.9
18,-62.6
19,-52.8
20,-58.0
21,-70.7
22,-78.2
23,-61.0
24,-61.4444444444
25,-57.3
26,-52.2
