frequency,pdr
11,-65.3
12,-62.0
13,-66.4444444444
14,-62.1
15,-65.3
16,-61.6
17,-60.6
18,-61.0
19,-64.0
20,-59.1
21,-63.2
22,-61.0
23,-61.0
24,-63.5454545455
25,-65.0
26,-61.0
