frequency,pdr
11,-61.1
12,-63.1111111111
13,-60.6666666667
14,-67.1
15,-56.4
16,-59.0
17,-58.3
18,-63.6
19,-61.0
20,-58.0
21,-65.7
22,-58.0
23,-69.0
24,-64.6
25,-70.0
26,-60.6
