frequency,pdr
11,-55.2
12,-65.4545454545
13,-55.5555555556
14,-51.9
15,-50.8
16,-55.0
17,-51.9
18,-55.0
19,-58.0
20,-57.9
21,-49.3
22,-50.7
23,-61.0
24,-56.2
25,-53.1
26,-59.6
