frequency,pdr
11,-58.1
12,-58.7777777778
13,-66.8888888889
14,-59.7
15,-59.3
16,-52.3
17,-59.3
18,-61.0
19,-67.0
20,-65.9
21,-58.0
22,-58.6
23,-57.2
24,-55.1
25,-59.5
26,-54.0
