frequency,pdr
11,-50.9
12,-68.3333333333
13,-71.5555555556
14,-66.4545454545
15,-66.8
16,-73.4
17,-61.0
18,-55.0
19,-65.4
20,-71.2
21,-57.0
22,-64.6
23,-60.4
24,-54.6666666667
25,-67.0
26,-57.6
