frequency,pdr
11,-62.4
12,-62.8888888889
13,-65.4444444444
14,-59.6
15,-53.0
16,-56.1
17,-61.9
18,-55.0
19,-61.0
20,-61.0
21,-58.4
22,-62.0
23,-65.6
24,-56.8
25,-60.0
26,-67.0
