frequency,pdr
11,-65.7777777778
12,-61.5555555556
13,-64.3333333333
14,-59.0
15,-68.4
16,-59.0
17,-58.0
18,-59.2
19,-64.0
20,-64.8
21,-62.1
22,-67.8
23,-59.3
24,-61.8888888889
25,-67.0
26,-61.0
