frequency,pdr
11,-58.0
12,-65.7777777778
13,-71.5555555556
14,-60.0
15,-55.1
16,-70.0
17,-70.4
18,-66.8
19,-60.7
20,-76.0
21,-67.6
22,-71.6
23,-61.0
24,-61.3333333333
25,-58.0
26,-55.9
