frequency,pdr
11,-64.8
12,-58.5
13,-72.8333333333
14,-70.0
15,-66.9
16,-64.2
17,-64.1
18,-52.0
19,-55.7
20,-56.0909090909
21,-66.1
22,-64.9
23,-55.2
24,-63.7
25,-60.9
26,-66.5
