frequency,pdr
15,-91.0
16,-91.0
17,-90.3333333333
18,-90.3333333333
19,-91.0
20,-91.0
21,-91.0
23,-91.0
24,-91.0
25,-91.0
26,-91.0
