frequency,pdr
11,-52.0
12,-55.2222222222
13,-56.3333333333
14,-66.9
15,-62.0
16,-52.0
17,-52.0
18,-67.0
19,-67.0
20,-75.6
21,-68.5
22,-64.3
23,-76.7
24,-64.0
25,-61.0
26,-52.3
