frequency,pdr
11,-61.1111111111
12,-65.5555555556
13,-67.7777777778
14,-65.2222222222
15,-58.0
16,-71.7
17,-61.0
18,-58.0
19,-60.0
20,-59.0
21,-62.7
22,-65.1
23,-62.9
24,-67.0
25,-77.8
26,-58.0
