frequency,pdr
11,-60.4444444444
12,-66.375
13,-55.6666666667
14,-54.9
15,-52.0
16,-66.3
17,-55.0
18,-60.7
19,-55.6
20,-62.5
21,-71.7
22,-56.4
23,-61.0
24,-71.5
25,-61.0
26,-62.9
