frequency,pdr
11,-74.6666666667
12,-63.5555555556
13,-63.7777777778
14,-75.4444444444
15,-64.0
16,-58.0
17,-70.0
18,-68.3
19,-65.2
20,-77.2
21,-64.0
22,-59.3
23,-63.5
24,-74.1
25,-68.6
26,-66.6
