frequency,pdr
11,-59.5
12,-60.4444444444
13,-57.8888888889
14,-64.0
15,-75.3
16,-69.1
17,-67.0
18,-64.5
19,-63.7
20,-64.2
21,-61.0
22,-62.3
23,-61.0
24,-67.0
25,-70.0
26,-62.7
