frequency,pdr
11,-64.6
12,-66.5
13,-56.1111111111
14,-61.2
15,-67.0
16,-73.8888888889
17,-66.3
18,-70.0
19,-73.7
20,-64.0
21,-61.0
22,-70.1
23,-68.7
24,-63.0
25,-65.2
26,-71.5
