frequency,pdr
11,-65.2
12,-62.6666666667
13,-68.4444444444
14,-60.9
15,-65.2
16,-54.9
17,-63.0
18,-58.0
19,-65.6
20,-65.8
21,-67.0
22,-72.2
23,-62.0
24,-67.0
25,-60.2
26,-67.0
