frequency,pdr
11,-63.9
12,-61.7777777778
13,-77.8888888889
14,-70.0
15,-63.3
16,-64.0
17,-62.0
18,-58.4
19,-62.4
20,-71.8
21,-67.0
22,-69.8
23,-68.8
24,-72.9
25,-70.0
26,-65.4
