frequency,pdr
11,-64.4444444444
12,-65.0
13,-57.8
14,-69.4
15,-67.0
16,-68.9
17,-65.9
18,-67.6
19,-59.6
20,-61.0
21,-64.0
22,-60.9
23,-58.7
24,-58.2
25,-60.6
26,-63.7272727273
