frequency,pdr
11,-67.1
12,-70.3333333333
13,-56.1111111111
14,-69.0
15,-59.5
16,-59.7
17,-66.7
18,-68.0
19,-59.1
20,-64.1
21,-61.0
22,-55.0
23,-67.0
24,-55.7
25,-58.9
26,-67.6
