frequency,pdr
11,-77.3333333333
12,-62.3333333333
13,-60.5555555556
14,-64.1
15,-67.0
16,-69.9
17,-64.4
18,-59.7
19,-58.2
20,-56.8
21,-57.6
22,-72.4
23,-64.0
24,-65.8
25,-67.0
26,-61.0
