frequency,pdr
11,-67.0
12,-69.3333333333
13,-66.5555555556
14,-66.4444444444
15,-70.2
16,-61.0
17,-61.0
18,-65.5
19,-60.6
20,-56.9
21,-63.7
22,-65.4
23,-67.0
24,-64.0
25,-70.4
26,-67.0
