frequency,pdr
11,-55.0
12,-50.1111111111
13,-54.7777777778
14,-56.2
15,-55.0
16,-52.2
17,-55.0
18,-60.9
19,-55.0
20,-67.0
21,-61.0
22,-69.4
23,-64.0
24,-60.0
25,-66.2
26,-67.0
