frequency,pdr
11,-65.8888888889
12,-60.2222222222
13,-59.5555555556
14,-63.8
15,-61.0
16,-64.0
17,-58.0
18,-55.0
19,-61.8
20,-61.9
21,-56.9
22,-60.9090909091
23,-63.2
24,-55.0
25,-57.3
26,-66.9
