frequency,pdr
11,-70.6666666667
12,-68.75
13,-58.8888888889
14,-58.2
15,-64.9
16,-61.1
17,-58.5
18,-69.5
19,-69.9
20,-61.0
21,-64.0
22,-76.4
23,-62.8
24,-67.4
25,-62.1
26,-64.0
