frequency,pdr
11,-61.2
12,-59.75
13,-63.3333333333
14,-77.1111111111
15,-68.0
16,-69.4
17,-69.6
18,-58.0
19,-63.3
20,-62.3
21,-61.8
22,-60.1
23,-65.3
24,-59.9
25,-63.0
26,-67.2
