frequency,pdr
11,-67.4444444444
12,-55.0
13,-60.6666666667
14,-60.8
15,-58.5
16,-59.7
17,-65.6
18,-61.0
19,-53.9
20,-55.0
21,-59.3
22,-60.3
23,-63.9
24,-61.7
25,-67.4
26,-62.7
