frequency,pdr
11,-69.5555555556
12,-63.6
13,-56.1111111111
14,-57.8
15,-60.7
16,-68.4
17,-72.0
18,-62.5
19,-65.5
20,-70.3
21,-79.0
22,-67.0
23,-64.0
24,-62.6
25,-76.0
26,-61.3
