frequency,pdr
11,-60.7777777778
12,-58.125
13,-66.7777777778
14,-58.0
15,-53.1
16,-70.8
17,-63.7
18,-65.9
19,-59.2
20,-67.0
21,-64.5
22,-61.1
23,-65.9
24,-55.0
25,-63.0
26,-67.0
