frequency,pdr
11,-63.7
12,-70.7777777778
13,-71.25
14,-72.6666666667
15,-56.3
16,-58.0
17,-62.9
18,-78.2
19,-73.5
20,-62.4
21,-67.0
22,-75.6
23,-62.1
24,-69.0
25,-69.0
26,-61.5
