frequency,pdr
11,-67.0
12,-65.8888888889
13,-58.6
14,-66.8
15,-70.4
16,-62.4
17,-61.0
18,-63.8
19,-67.0
20,-58.3
21,-65.0
22,-80.5555555556
23,-76.2
24,-59.4
25,-67.0
26,-73.7
