frequency,pdr
11,-66.4
12,-66.8888888889
13,-64.8888888889
14,-64.2
15,-59.1
16,-67.4
17,-67.5
18,-64.0
19,-71.2
20,-61.9
21,-61.9
22,-73.0
23,-61.1
24,-58.0
25,-59.7
26,-79.9
