frequency,pdr
11,-57.9
12,-58.0
13,-60.8888888889
14,-61.0
15,-67.0
16,-65.8
17,-58.0
18,-66.9
19,-67.6
20,-61.0
21,-62.2
22,-57.5
23,-74.5555555556
24,-63.7272727273
25,-58.0
26,-64.0
