frequency,pdr
11,-55.0
12,-54.8888888889
13,-60.8181818182
14,-56.3
15,-51.7
16,-47.2
17,-57.4
18,-55.0
19,-52.0
20,-52.3
21,-52.0
22,-54.7
23,-63.1
24,-59.7
25,-52.5
26,-49.0
