frequency,pdr
11,-59.1
12,-66.3333333333
13,-57.7777777778
14,-57.8
15,-55.0
16,-56.3
17,-54.7
18,-58.0
19,-64.8
20,-75.3
21,-66.9
22,-63.2
23,-61.1
24,-61.8
25,-59.4
26,-65.8
