frequency,pdr
11,-58.2
12,-67.7777777778
13,-61.5555555556
14,-61.6
15,-63.6
16,-61.3
17,-58.1
18,-67.3
19,-63.0
20,-66.5
21,-67.0
22,-67.3
23,-67.0
24,-69.1
25,-65.5
26,-69.5
