frequency,pdr
11,-84.2222222222
12,-73.5555555556
13,-59.1
14,-69.2
15,-61.0
16,-70.2
17,-58.0
18,-67.1
19,-62.2
20,-61.0
21,-64.0
22,-58.0
23,-66.2
24,-61.7
25,-67.0
26,-64.9
