frequency,pdr
11,-73.5555555556
12,-61.1111111111
13,-65.2222222222
14,-63.8
15,-66.5
16,-65.0
17,-75.4
18,-62.5
19,-59.6
20,-55.0
21,-59.1
22,-64.1
23,-58.5
24,-67.0
25,-71.7
26,-63.1
