frequency,pdr
11,-55.9
12,-69.5555555556
13,-55.3
14,-61.0
15,-74.7
16,-72.5
17,-61.3
18,-57.2
19,-57.0
20,-60.8
21,-62.6
22,-73.7777777778
23,-64.0
24,-63.8
25,-64.0
26,-71.8
