frequency,pdr
11,-82.0
12,-81.3
13,-79.5
14,-79.0
15,-79.0
16,-79.0
17,-79.9
18,-81.2222222222
19,-82.0
20,-82.0
21,-82.0
22,-83.1111111111
23,-84.0
24,-84.5
25,-84.1
26,-83.9
