frequency,pdr
11,-80.9
12,-79.5555555556
13,-79.0
14,-77.0
15,-76.0
16,-75.7777777778
17,-74.75
18,-74.0
19,-75.1
20,-76.0
21,-76.0
22,-76.8
23,-78.2
24,-79.0
25,-80.0
26,-81.0
