frequency,pdr
11,-76.9
12,-78.9
13,-79.5
14,-83.3
15,-89.7
16,-91.0
17,-87.4444444444
18,-88.0
19,-91.0
21,-90.1
22,-85.4285714286
23,-84.9
24,-83.6
25,-82.2
26,-82.2
