frequency,pdr
11,-82.5
12,-84.1111111111
13,-86.2857142857
14,-85.9
15,-83.9
16,-82.0
17,-82.0
18,-82.2
19,-82.0
20,-81.9
21,-81.7
22,-81.4
23,-82.6
24,-83.4
25,-82.9
26,-82.0
