frequency,pdr
11,-73.0
12,-75.3
13,-76.0
14,-77.0
15,-77.7
16,-78.7777777778
17,-79.0
18,-80.5555555556
19,-83.9
20,-85.4
21,-81.7
22,-79.0
23,-77.9
24,-76.0
25,-76.0
26,-78.3
