frequency,pdr
11,-90.6666666667
12,-91.0
13,-89.8888888889
14,-89.0
15,-88.9
16,-89.0
17,-90.0
18,-90.0
19,-90.7
20,-90.4
21,-91.0
23,-91.0
24,-91.0
25,-91.0
26,-90.9
