frequency,pdr
11,-90.8
12,-91.0
13,-90.0
14,-89.0
15,-88.0
16,-87.6666666667
17,-88.4444444444
18,-89.5
19,-90.3
20,-90.4
21,-91.0
23,-91.0
24,-91.0
25,-91.0
26,-91.0
