frequency,pdr
11,-88.8
12,-88.8888888889
13,-90.0
14,-90.9
15,-90.7
16,-89.3
17,-89.0
18,-88.2222222222
19,-87.0
20,-86.7
21,-87.0
23,-87.1111111111
24,-86.2
25,-86.0
26,-86.0
