frequency,pdr
11,-72.9
12,-72.3333333333
13,-71.8888888889
14,-70.0
15,-70.0
16,-70.0
17,-70.9
18,-71.0
19,-71.0
20,-71.0
21,-71.0
22,-71.0
23,-71.7
24,-72.8
25,-73.5
26,-76.9
