frequency,pdr
11,-82.1
12,-83.2222222222
13,-88.2222222222
14,-90.7
15,-83.9
16,-79.5
17,-81.1
18,-82.0
19,-79.2
20,-81.8
21,-82.0
22,-81.0
23,-81.6
24,-82.0
25,-82.0
26,-82.0
