frequency,pdr
11,-78.6
12,-81.6
13,-73.0
14,-73.0
15,-72.4
16,-73.0
17,-73.1
18,-75.6666666667
19,-75.9
20,-82.2
21,-78.8571428571
22,-74.1111111111
23,-76.0
24,-72.9
25,-72.5
26,-74.0
