frequency,pdr
11,-88.4
12,-88.5555555556
13,-88.7777777778
14,-89.0
15,-91.0
21,-91.0
23,-91.0
25,-91.0
26,-91.0
