frequency,pdr
11,-64.0
12,-67.0
13,-68.8
14,-73.0
15,-72.0
16,-76.0
17,-74.7777777778
18,-70.1
19,-77.5
20,-70.8
21,-70.0
22,-73.0
23,-73.0
24,-72.8571428571
25,-70.4
26,-73.0
