frequency,pdr
11,-85.5555555556
12,-86.1
13,-89.4444444444
14,-90.7777777778
15,-91.0
16,-91.0
17,-91.0
18,-88.0
19,-85.8
20,-85.2
21,-85.2
22,-87.0
23,-91.0
24,-91.0
25,-90.0
26,-88.1
