frequency,pdr
11,-68.9
12,-68.9
13,-68.0
14,-74.0
15,-74.3
16,-73.9
17,-68.9
18,-67.9
19,-68.0
20,-70.0
21,-74.25
22,-76.6666666667
23,-83.5555555556
24,-74.4
25,-73.7
26,-71.1
