frequency,pdr
11,-90.3333333333
12,-90.0
13,-89.9
14,-91.0
15,-90.6
16,-91.0
17,-90.8571428571
18,-90.0
19,-91.0
20,-90.5
21,-91.0
23,-91.0
24,-91.0
25,-91.0
26,-91.0
