frequency,pdr
11,-87.8888888889
12,-86.8888888889
13,-91.0
14,-91.0
15,-86.1
16,-86.0
17,-91.0
18,-90.3
19,-91.0
20,-88.0
21,-87.5
23,-88.5
24,-87.0
25,-88.6
26,-90.0
