frequency,pdr
11,-87.0
12,-86.6666666667
13,-87.2222222222
14,-89.2
15,-91.0
16,-91.0
17,-91.0
18,-91.0
19,-90.9
20,-91.0
21,-91.0
23,-90.9
24,-91.0
25,-91.0
26,-91.0
