frequency,pdr
11,-88.8888888889
12,-88.0
13,-90.1111111111
14,-90.0
15,-89.3
16,-91.0
17,-91.0
18,-91.0
19,-91.0
20,-91.0
21,-90.5
22,-88.9
23,-90.0
24,-91.0
25,-91.0
26,-91.0
