frequency,pdr
11,-85.9
12,-85.3
13,-85.0
14,-86.0
15,-86.0
16,-86.4545454545
17,-86.2
18,-86.0
19,-85.0
20,-85.5
21,-86.875
22,-87.5
23,-86.8571428571
24,-86.0
25,-87.6
26,-89.0
