frequency,pdr
11,-67.0
12,-67.0
13,-67.1
14,-68.3
15,-69.9
16,-69.9
17,-68.3
18,-68.3
19,-69.5
20,-69.8
21,-69.2
22,-68.5555555556
23,-68.8888888889
24,-70.0
25,-72.9
26,-75.3
