frequency,pdr
11,-70.0
12,-70.0
13,-68.0
14,-69.1
15,-71.3
16,-78.3333333333
17,-82.1
18,-78.7
19,-78.8
20,-79.0
21,-79.0
22,-78.4285714286
23,-79.125
24,-76.0
25,-76.7
26,-78.1
