frequency,pdr
11,-85.0
12,-86.5555555556
13,-86.8571428571
14,-88.1
15,-90.0
16,-91.0
17,-90.2222222222
18,-89.0
19,-90.0
20,-90.3
21,-90.4
22,-88.5
23,-88.5714285714
24,-90.0
25,-91.0
26,-91.0
