frequency,pdr
11,-90.3333333333
12,-91.0
13,-90.2222222222
14,-88.9
15,-89.8
16,-91.0
17,-91.0
18,-91.0
19,-91.0
20,-91.0
21,-91.0
22,-88.9
23,-90.2857142857
24,-91.0
