frequency,pdr
11,-78.8
12,-79.0
13,-79.8
14,-81.5
15,-81.9
16,-80.6
17,-81.1111111111
18,-82.8
19,-83.5
20,-83.1
21,-82.0
22,-81.3
23,-81.2857142857
24,-81.8
25,-83.6
26,-88.6
