frequency,pdr
11,-84.1428571429
12,-86.2
13,-89.0
14,-90.0
15,-87.9
16,-86.0
17,-86.0
18,-87.4
19,-89.6
20,-91.0
21,-90.7
22,-87.8888888889
23,-88.0
24,-90.0
25,-89.9
26,-87.6
