frequency,pdr
11,-81.2857142857
12,-86.7
13,-83.1428571429
14,-81.7
15,-83.1
16,-85.6
17,-81.3
18,-79.0
19,-79.0
20,-79.0
21,-80.0
22,-82.9
23,-87.0
25,-91.0
26,-91.0
