frequency,pdr
11,-88.4285714286
12,-88.375
13,-84.8
14,-84.1
15,-85.0
16,-87.125
17,-90.1111111111
18,-91.0
19,-90.0
20,-87.7
21,-88.2222222222
22,-89.0
23,-91.0
26,-91.0
