frequency,pdr
11,-88.2857142857
12,-88.1
13,-86.625
14,-85.8888888889
15,-88.8
16,-90.4
17,-89.0
18,-86.1
19,-87.1
20,-88.8
21,-90.9
22,-91.0
23,-91.0
