frequency,pdr
11,-77.5
12,-79.8888888889
13,-84.625
14,-87.0
15,-88.0
16,-88.9
17,-90.4
18,-90.3
19,-85.5
20,-82.5
21,-83.0
22,-84.7142857143
23,-85.0
24,-84.0
25,-85.0
26,-87.2
