frequency,pdr
11,-88.5555555556
12,-91.0
13,-91.0
14,-90.4
15,-88.1
16,-87.7777777778
17,-88.6666666667
18,-88.8888888889
19,-89.5714285714
20,-88.8
21,-88.6
22,-88.8571428571
23,-90.0
24,-90.0
25,-89.5
26,-89.2
