frequency,pdr
11,-75.9
12,-75.1
13,-75.9
14,-84.5
15,-82.2
16,-76.2222222222
17,-75.875
18,-78.4444444444
19,-88.1428571429
20,-76.0
21,-72.2
22,-70.0
23,-67.4
24,-67.0
25,-67.0
26,-67.0
