frequency,pdr
11,-85.1
12,-87.7
13,-87.0
14,-86.7
15,-88.2
16,-89.375
17,-89.2222222222
18,-89.0
19,-88.0
20,-87.8
21,-89.0
23,-90.8888888889
24,-91.0
25,-91.0
26,-91.0
