frequency,pdr
11,-84.0
12,-87.1
13,-89.0
14,-91.0
15,-91.0
16,-89.0
17,-86.0
18,-84.6666666667
19,-84.2
20,-84.0
21,-85.0
22,-85.0
23,-86.7777777778
24,-91.0
25,-91.0
26,-88.0
