frequency,pdr
11,-91.0
12,-91.0
13,-91.0
15,-91.0
16,-91.0
17,-91.0
18,-91.0
19,-91.0
20,-90.5
21,-89.6666666667
22,-88.8571428571
23,-88.8888888889
24,-90.0
25,-91.0
26,-91.0
