frequency,pdr
11,-87.8
12,-90.1
13,-91.0
15,-91.0
16,-91.0
17,-90.0
18,-87.8888888889
19,-86.2
20,-85.3
21,-85.0
22,-85.0
23,-85.1428571429
24,-86.1
25,-86.9
26,-90.0
