frequency,pdr
11,-90.3333333333
14,-91.0
15,-91.0
17,-90.875
18,-86.5
19,-83.1
20,-82.2
21,-82.0
22,-81.6666666667
23,-81.8888888889
24,-82.0
25,-84.1
26,-87.1
