frequency,pdr
11,-44.2
12,-44.3
13,-45.0
14,-47.9090909091
15,-46.0
16,-46.0
17,-46.0
18,-46.0
19,-46.0
20,-47.4
21,-49.0
22,-49.0
23,-50.1
24,-52.0
25,-52.0
26,-54.2727272727
