frequency,pdr
11,-82.0
12,-83.0
13,-83.6666666667
14,-85.1
15,-87.4
16,-85.0
17,-85.0
18,-87.0
19,-87.8333333333
20,-89.9
21,-86.3
22,-84.6666666667
23,-85.5
24,-86.7
25,-90.0
26,-89.2
