frequency,pdr
11,-76.0
12,-74.4444444444
13,-78.8888888889
14,-79.0
15,-77.1
16,-76.0
17,-73.0
18,-73.0
19,-76.0
20,-78.0
21,-78.0
22,-75.9
23,-76.0
24,-77.2
25,-76.0
26,-76.0
