frequency,pdr
11,-82.7777777778
12,-82.25
13,-82.7777777778
14,-84.2222222222
15,-87.3
16,-88.0
17,-90.0
18,-91.0
19,-91.0
21,-91.0
23,-91.0
25,-91.0
