frequency,pdr
11,-85.4444444444
12,-87.9
13,-84.875
14,-87.4
15,-90.9
16,-91.0
17,-91.0
18,-90.1111111111
19,-84.8571428571
20,-82.8181818182
21,-82.0
22,-81.5
23,-82.1
24,-84.6363636364
25,-86.0
26,-90.8
