frequency,pdr
11,-85.0
12,-85.1111111111
13,-90.4444444444
14,-91.0
16,-91.0
17,-87.0
18,-84.9
19,-85.0
20,-85.8
21,-91.0
23,-91.0
24,-91.0
25,-91.0
26,-91.0
