frequency,pdr
11,-90.25
12,-84.0
13,-81.8888888889
14,-83.3333333333
15,-83.0
16,-82.1
17,-81.6
18,-79.3
19,-81.6
20,-79.0
21,-78.2
22,-79.4
23,-82.2
24,-84.9
25,-85.2
26,-87.7
