frequency,pdr
11,-84.2
12,-70.1111111111
13,-70.0
14,-70.0
15,-67.0
16,-64.0
17,-67.0
18,-70.0
19,-74.0909090909
20,-73.0
21,-70.0
22,-67.0
23,-66.0
24,-67.0
25,-67.0
26,-67.0
