frequency,pdr
11,-64.0
12,-65.8888888889
13,-69.5555555556
14,-74.2222222222
15,-81.8
16,-73.0
17,-70.0
18,-70.0
19,-73.0
20,-83.0
21,-74.5
22,-70.0
23,-70.0
24,-73.0
25,-73.7
26,-77.6
