frequency,pdr
11,-84.1111111111
12,-82.0
13,-83.1111111111
14,-83.8
15,-86.1
16,-82.0
17,-80.8
18,-82.2
19,-83.0
20,-81.0
21,-82.0
22,-85.625
23,-88.125
24,-91.0
25,-88.1
26,-87.1
