frequency,pdr
11,-79.1111111111
12,-79.0
13,-78.8888888889
14,-79.0
15,-79.9
16,-81.0
17,-83.9
18,-89.0
19,-83.0
20,-81.1
21,-81.8
22,-82.8
23,-82.0
24,-80.9
25,-81.0
26,-80.0
