frequency,pdr
11,-79.8888888889
12,-76.0
13,-77.2222222222
14,-77.4
15,-77.0
16,-79.0
17,-82.0
18,-89.5
19,-91.0
20,-88.2
21,-80.2
22,-79.0
23,-79.0
24,-76.9
25,-76.0
26,-74.9
