frequency,pdr
11,-90.0
12,-89.8888888889
13,-89.5555555556
14,-89.0
15,-88.9
16,-91.0
17,-91.0
18,-91.0
19,-91.0
20,-88.7
21,-90.9
22,-90.875
23,-91.0
24,-91.0
25,-91.0
26,-91.0
