frequency,pdr
11,-73.1111111111
12,-73.0
13,-70.0
14,-70.25
15,-72.8
16,-79.0
17,-79.0
18,-73.0
19,-74.6
20,-68.8
21,-68.0
22,-70.2222222222
23,-73.5
24,-72.9
25,-70.0
26,-69.3
