frequency,pdr
11,-67.2
12,-69.7142857143
13,-67.0
14,-67.0
15,-67.0
16,-67.0
17,-68.2
18,-72.0
19,-73.0
20,-70.0
21,-71.9
22,-74.8888888889
23,-70.2222222222
24,-69.0
25,-68.0
26,-67.5
