frequency,pdr
11,-74.375
12,-79.8333333333
13,-70.5555555556
14,-70.0
15,-73.0
16,-68.3
17,-66.0
18,-69.0
19,-68.3
20,-65.1
21,-64.4
22,-69.7
23,-69.6
24,-70.0
25,-73.0
26,-79.2
