frequency,pdr
11,-89.8888888889
12,-90.7777777778
13,-88.8
14,-88.5
15,-89.1
16,-91.0
17,-91.0
18,-90.8
19,-89.6
20,-89.0
21,-91.0
23,-91.0
24,-91.0
25,-91.0
