frequency,pdr
11,-63.9
12,-62.1428571429
13,-66.3333333333
14,-66.9
15,-70.0
16,-67.0
17,-68.9
18,-76.0
19,-67.0
20,-64.0
21,-61.0
22,-61.9
23,-67.0
24,-70.0
25,-70.0
26,-67.0
