frequency,pdr
11,-79.0
12,-77.8
13,-75.9
14,-73.9
15,-75.9090909091
16,-77.7777777778
17,-79.0
18,-79.0
19,-79.0
20,-79.0
21,-79.8888888889
22,-82.375
23,-82.2857142857
24,-82.3
25,-80.1
26,-82.0
