frequency,pdr
11,-59.8
12,-55.2
13,-54.0
14,-50.9
15,-49.0
16,-52.0
17,-54.0
18,-55.7
19,-59.0
20,-62.5
21,-66.9
22,-67.8888888889
23,-60.1111111111
24,-55.0
25,-55.3
26,-64.0
