frequency,pdr
11,-72.125
12,-71.1428571429
13,-67.0
14,-70.1
15,-73.0
16,-73.0
17,-75.3
18,-78.4
19,-78.3
20,-85.3
21,-91.0
22,-84.5
23,-75.3333333333
24,-71.9090909091
25,-77.2
26,-68.8
