frequency,pdr
12,-91.0
13,-91.0
14,-91.0
16,-91.0
17,-89.8571428571
18,-88.8888888889
19,-91.0
20,-91.0
21,-91.0
23,-91.0
24,-91.0
25,-91.0
