frequency,pdr
11,-83.9
12,-83.0
13,-82.0
14,-82.0
15,-84.4
16,-86.1
17,-90.0
18,-91.0
19,-91.0
20,-86.0
21,-84.8
22,-83.8888888889
23,-84.0909090909
24,-89.1
25,-88.7
26,-89.8
