frequency,pdr
11,98.4126984127
12,98.4126984127
13,98.4126984127
14,97.619047619
15,98.4126984127
16,98.4126984127
17,92.2222222222
18,98.4126984127
19,98.4126984127
20,98.4126984127
21,98.4126984127
22,97.9365079365
23,97.4603174603
24,98.4126984127
25,98.4126984127
26,98.4126984127
