frequency,pdr
11,98.4126984127
12,98.4126984127
13,98.4126984127
14,98.4126984127
15,83.6507936508
16,96.8253968254
17,98.4126984127
18,98.4126984127
19,98.4126984127
20,98.4126984127
21,98.0952380952
22,98.0952380952
23,96.6666666667
24,98.4126984127
25,98.4126984127
26,98.4126984127
