frequency,pdr
11,92.380952381
12,98.4126984127
13,98.4126984127
14,98.4126984127
15,98.4126984127
16,98.4126984127
17,98.4126984127
18,97.9365079365
19,98.4126984127
20,98.4126984127
21,98.4126984127
22,98.0952380952
23,96.6666666667
24,97.9365079365
25,98.4126984127
26,98.4126984127
