frequency,pdr
11,98.4126984127
12,98.4126984127
13,98.4126984127
14,98.4126984127
15,97.7777777778
16,98.4126984127
17,96.6666666667
18,98.4126984127
19,98.4126984127
20,98.4126984127
21,97.9365079365
22,98.4126984127
23,98.253968254
24,98.4126984127
25,98.4126984127
26,98.4126984127
