frequency,pdr
11,100.0
12,98.4126984127
13,98.4126984127
14,96.3492063492
15,98.4126984127
16,98.4126984127
17,97.9365079365
18,98.4126984127
19,98.4126984127
20,98.4126984127
21,98.4126984127
22,98.253968254
23,98.253968254
24,98.4126984127
25,96.9841269841
26,98.4126984127
