frequency,pdr
11,-73.5
12,-69.1111111111
13,-65.6666666667
14,-72.2
15,-78.2
16,-64.0
17,-68.4
18,-60.8
19,-71.7
20,-60.6
21,-58.4
22,-62.1
23,-67.0
24,-72.8
25,-64.5
26,-67.2
