frequency,pdr
11,-55.4
12,-61.125
13,-61.1111111111
14,-55.4
15,-57.7
16,-54.0
17,-53.2
18,-54.2727272727
19,-52.3
20,-44.0
21,-44.4
22,-46.9
23,-49.0
24,-47.3
25,-48.9
26,-46.0
