frequency,pdr
11,-58.0
12,-60.5555555556
13,-59.5555555556
14,-51.3
15,-58.2
16,-55.0
17,-58.1
18,-61.0
19,-61.9
20,-61.0
21,-65.4
22,-55.0
23,-68.9
24,-59.4
25,-55.0
26,-65.6
