frequency,pdr
11,-70.8888888889
12,-62.9
13,-64.7
14,-61.0
15,-58.0
16,-61.4
17,-63.5
18,-64.0
19,-66.9
20,-66.8
21,-77.0
22,-69.9
23,-63.8
24,-73.9
25,-67.9
26,-69.1818181818
