frequency,pdr
11,-58.4
12,-66.4444444444
13,-61.8888888889
14,-57.7
15,-51.8
16,-52.0
17,-52.0
18,-54.3
19,-63.2
20,-75.2
21,-71.8
22,-52.2
23,-64.2
24,-60.8
25,-52.4
26,-66.8
