frequency,pdr
11,-72.1111111111
12,-77.0
13,-67.8333333333
14,-67.2
15,-72.0
16,-63.2
17,-67.9
18,-61.0
19,-66.9
20,-74.1
21,-67.0
22,-66.1
23,-71.8
24,-71.5
25,-68.3
26,-74.2
