frequency,pdr
11,-62.6666666667
12,-64.1111111111
13,-65.2222222222
14,-71.9
15,-64.0
16,-65.0
17,-69.5
18,-60.9
19,-62.0
20,-59.7
21,-62.6
22,-61.7
23,-66.5
24,-62.2
25,-66.6
26,-65.9
