frequency,pdr
11,-67.2222222222
12,-69.2222222222
13,-72.1111111111
14,-70.4
15,-65.0
16,-60.8
17,-60.9
18,-75.8
19,-67.0
20,-64.1
21,-58.0
22,-58.0
23,-60.7
24,-67.0
25,-67.9
26,-64.0
