frequency,pdr
11,-55.0
12,-57.3333333333
13,-58.5555555556
14,-53.5
15,-53.0
16,-58.0
17,-55.0
18,-61.0
19,-54.6
20,-52.9
21,-62.8
22,-53.6
23,-53.1
24,-54.9
25,-62.4
26,-65.4
