frequency,pdr
11,-71.7
12,-79.875
13,-72.6666666667
14,-58.7
15,-77.9
16,-70.1
17,-74.3
18,-61.0
19,-69.4545454545
20,-77.8
21,-74.1
22,-73.4
23,-61.2
24,-69.5
25,-69.1
26,-79.6
