frequency,pdr
11,-60.7777777778
12,-63.375
13,-62.7777777778
14,-70.1
15,-68.9
16,-67.0
17,-64.0
18,-62.4
19,-66.9
20,-62.8
21,-67.4
22,-64.3
23,-74.9
24,-64.0
25,-72.2
26,-67.0
