frequency,pdr
11,-51.8
12,-57.1111111111
13,-52.0
14,-54.3
15,-55.0
16,-52.0
17,-51.9
18,-53.3636363636
19,-55.0
20,-66.7
21,-64.8
22,-61.1
23,-70.2
24,-58.0
25,-54.9
26,-65.6
