frequency,pdr
11,-48.9
12,-56.1111111111
13,-52.0
14,-49.0
15,-60.6
16,-54.6
17,-46.4
18,-50.3
19,-58.1
20,-50.9
21,-52.0
22,-52.0
23,-63.2727272727
24,-52.0
25,-59.6
26,-60.9
