frequency,pdr
11,-69.1111111111
12,-62.0
13,-64.0
14,-58.2
15,-63.6
16,-58.0
17,-60.5
18,-58.0
19,-61.1
20,-62.5
21,-61.0
22,-66.5454545455
23,-67.3
24,-68.7
25,-66.6
26,-58.3
