frequency,pdr
11,-55.8
12,-52.2222222222
13,-51.8888888889
14,-68.2
15,-58.0
16,-60.7
17,-58.9
18,-54.0
19,-55.0
20,-54.5
21,-53.0
22,-52.6
23,-54.0
24,-49.0
25,-52.0
26,-66.0
