frequency,pdr
11,-64.0
12,-62.8888888889
13,-58.6666666667
14,-59.8
15,-69.6
16,-55.1
17,-61.5
18,-67.0
19,-74.5
20,-60.1
21,-66.2
22,-55.0
23,-54.1
24,-55.0
25,-61.9
26,-64.0
