frequency,pdr
11,-59.8
12,-64.8888888889
13,-64.0
14,-56.3
15,-52.8888888889
16,-54.4
17,-60.5
18,-55.0
19,-80.9
20,-61.8
21,-62.0
22,-60.0
23,-62.9
24,-58.1
25,-55.8
26,-66.0
