frequency,pdr
11,-55.0
12,-56.3333333333
13,-63.8888888889
14,-61.0
15,-67.0
16,-60.8
17,-67.0
18,-55.2
19,-56.9
20,-58.4
21,-64.5
22,-66.7
23,-66.7777777778
24,-58.7
25,-68.4
26,-63.2
