frequency,pdr
11,-55.0
12,-61.0
13,-63.9
14,-77.375
15,-68.2222222222
16,-58.5
17,-67.0
18,-70.0
19,-62.9090909091
20,-69.5
21,-72.8
22,-64.1
23,-63.9
24,-61.7
25,-61.7
26,-68.1
