frequency,pdr
11,-55.0
12,-58.0
13,-65.5555555556
14,-58.0
15,-64.7
16,-55.0
17,-62.2
18,-60.2
19,-67.1
20,-63.8
21,-77.5
22,-59.5
23,-79.0909090909
24,-62.0
25,-56.6
26,-58.5
