frequency,pdr
11,-64.1
12,-60.9
13,-69.1111111111
14,-57.1
15,-68.1111111111
16,-59.0
17,-64.0
18,-58.2
19,-73.7
20,-60.9
21,-61.0
22,-60.8
23,-55.0
24,-55.0
25,-69.0
26,-55.0
