frequency,pdr
11,-51.9
12,-52.1
13,-51.8
14,-66.875
15,-49.1111111111
16,-52.3
17,-51.2
18,-49.0
19,-45.6363636364
20,-46.0
21,-46.2
22,-45.8
23,-46.0
24,-46.0
25,-45.1
26,-46.0
