frequency,pdr
11,-61.0
12,-59.2
13,-65.3
14,-58.0
15,-64.1111111111
16,-66.4444444444
17,-58.0
18,-68.6363636364
19,-58.0
20,-61.0
21,-58.0
22,-63.5
23,-76.2
24,-55.1
25,-57.0
26,-58.0
