frequency,pdr
11,-55.0
12,-65.9090909091
13,-60.7
14,-59.4
15,-56.7777777778
16,-57.6
17,-58.4
18,-62.9
19,-65.4
20,-70.0
21,-58.0
22,-58.0
23,-63.4
24,-61.0
25,-65.7
26,-64.0
