frequency,pdr
11,-59.4
12,-72.9
13,-59.5555555556
14,-59.9
15,-55.2
16,-62.6666666667
17,-64.0
18,-59.2
19,-73.1
20,-67.3
21,-65.9
22,-66.6
23,-55.0
24,-64.9
25,-64.2
26,-70.7
