frequency,pdr
11,-67.0
12,-60.6
13,-58.1111111111
14,-58.9
15,-66.4444444444
16,-65.3
17,-66.8
18,-73.2
19,-65.9
20,-63.6
21,-67.5
22,-65.9
23,-59.0
24,-67.8
25,-61.0
26,-59.1
