frequency,pdr
11,-58.0
12,-58.7
13,-64.5555555556
14,-65.3
15,-58.6666666667
16,-60.1
17,-76.0
18,-61.0
19,-59.1
20,-55.0
21,-61.9
22,-63.2
23,-66.9
24,-61.0
25,-65.5
26,-58.0
