frequency,pdr
11,-67.0
12,-60.6
13,-64.1
14,-60.5
15,-65.4444444444
16,-56.6666666667
17,-55.0
18,-58.6
19,-58.0
20,-69.6
21,-79.4
22,-71.2
23,-64.0
24,-72.8
25,-65.1
26,-70.0
