frequency,pdr
11,-67.5
12,-63.6666666667
13,-69.0
14,-68.9
15,-66.7777777778
16,-59.3
17,-60.1
18,-58.0
19,-67.8
20,-66.9
21,-63.4
22,-72.7
23,-61.5
24,-63.3
25,-70.3
26,-58.0
