frequency,pdr
11,-52.0
12,-56.5555555556
13,-46.0
14,-47.8
15,-45.7
16,-43.0
17,-45.8
18,-51.9
19,-59.3
20,-52.0
21,-57.4
22,-53.5
23,-51.3
24,-61.5714285714
25,-47.0
26,-53.4
