frequency,pdr
11,-47.9
12,-67.3333333333
13,-54.2
14,-51.9
15,-65.1111111111
16,-46.0
17,-51.9
18,-52.0
19,-55.5
20,-60.2
21,-49.0
22,-52.1
23,-52.6
24,-58.8
25,-56.6
26,-48.9
