frequency,pdr
11,-65.8
12,-71.2
13,-72.6666666667
14,-61.6
15,-58.7777777778
16,-69.0
17,-61.3
18,-55.7
19,-63.6
20,-60.3
21,-67.0
22,-68.3
23,-58.9
24,-63.3
25,-66.2
26,-60.4
