frequency,pdr
11,-52.1
12,-55.1111111111
13,-52.3333333333
14,-53.4
15,-55.6666666667
16,-46.0
17,-53.0
18,-52.0
19,-50.0
20,-49.0
21,-55.0
22,-47.0
23,-50.8
24,-51.5
25,-55.0
26,-52.6
