frequency,pdr
11,-47.0
12,-49.0
13,-46.0
14,-67.1818181818
15,-59.4444444444
16,-55.0
17,-62.7
18,-55.0
19,-55.0
20,-53.0
21,-53.2
22,-55.6
23,-65.7
24,-74.6
25,-55.0
26,-62.5
