frequency,pdr
11,-52.8
12,-51.9
13,-56.4444444444
14,-49.0
15,-56.4444444444
16,-58.0
17,-71.2
18,-55.0
19,-48.1
20,-54.5
21,-62.6
22,-65.4
23,-55.0
24,-52.0
25,-56.9
26,-64.0
