frequency,pdr
11,-59.3333333333
12,-51.4444444444
13,-52.0
14,-50.2
15,-59.6
16,-54.4
17,-59.0
18,-58.0
19,-62.4
20,-53.0
21,-54.8
22,-60.2
23,-49.0
24,-51.0
25,-54.4
26,-65.6
