frequency,pdr
11,-49.0
12,-54.8888888889
13,-49.0
14,-46.0
15,-51.4444444444
16,-56.3
17,-49.0
18,-50.6
19,-59.6
20,-58.8
21,-55.0
22,-55.0
23,-49.0
24,-61.7
25,-62.0
26,-56.4
