frequency,pdr
11,-72.5
12,-59.5555555556
13,-63.5
14,-55.0
15,-59.7777777778
16,-71.1111111111
17,-61.0
18,-57.8
19,-61.0
20,-62.9
21,-78.5
22,-71.8
23,-64.0
24,-75.2
25,-65.3
26,-61.0
