frequency,pdr
11,-69.0
12,-64.0
13,-68.3
14,-61.0
15,-73.2222222222
16,-65.7777777778
17,-61.2
18,-70.0
19,-55.0
20,-63.5
21,-66.2
22,-58.0
23,-58.0
24,-56.5
25,-63.7
26,-65.6
