frequency,pdr
11,-58.0
12,-55.5
13,-61.0
14,-65.4
15,-66.4545454545
16,-56.6666666667
17,-65.7
18,-68.0
19,-62.7
20,-76.1
21,-65.3
22,-61.1
23,-69.9
24,-55.0
25,-62.7
26,-74.0
