frequency,pdr
11,-55.7
12,-59.1111111111
13,-46.0
14,-49.0
15,-54.8888888889
16,-56.5
17,-52.1
18,-55.2
19,-51.7
20,-49.0
21,-63.7
22,-51.2
23,-49.0
24,-49.0
25,-51.9
26,-49.0
