frequency,pdr
11,-50.8
12,-51.7777777778
13,-68.8
14,-49.0
15,-48.5
16,-57.6
17,-51.0
18,-55.0
19,-46.9
20,-51.5
21,-49.9
22,-49.3
23,-66.5555555556
24,-46.1
25,-49.8
26,-49.0
