frequency,pdr
11,-73.0
12,-61.6666666667
13,-54.6666666667
14,-54.8
15,-51.5
16,-49.0
17,-51.2
18,-56.8
19,-52.0
20,-52.1
21,-54.5
22,-55.0
23,-55.7
24,-64.0
25,-67.0
26,-61.1
