frequency,pdr
11,-54.3
12,-64.0
13,-67.7777777778
14,-66.2
15,-58.6666666667
16,-55.0
17,-57.8
18,-61.0
19,-62.4
20,-71.1
21,-58.0
22,-63.9
23,-64.0
24,-63.9
25,-66.9
26,-64.5
