frequency,pdr
11,-54.4
12,-56.3
13,-55.2
14,-61.5
15,-60.7777777778
16,-57.6666666667
17,-57.3
18,-67.0
19,-55.0
20,-55.0
21,-60.6
22,-55.0
23,-57.5
24,-65.5
25,-68.3
26,-65.7
