frequency,pdr
11,-59.0
12,-64.0
13,-70.0
14,-65.8
15,-73.6666666667
16,-66.2222222222
17,-76.4
18,-63.7
19,-61.0
20,-65.1
21,-67.0
22,-60.9
23,-58.0
24,-61.0
25,-61.7
26,-65.5
