frequency,pdr
11,-54.6
12,-55.1818181818
13,-52.1
14,-64.0
15,-54.5555555556
16,-47.6
17,-49.0
18,-55.0
19,-55.4
20,-63.3
21,-52.0
22,-48.8
23,-56.0
24,-58.0
25,-56.1
26,-57.3
