frequency,pdr
11,-64.6
12,-66.3333333333
13,-59.2222222222
14,-66.0
15,-68.6666666667
16,-70.5
17,-66.3
18,-61.8
19,-61.2
20,-70.7
21,-67.0
22,-62.2
23,-62.5
24,-66.9
25,-61.0
26,-64.0
