frequency,pdr
11,-51.9
12,-50.8
13,-54.4
14,-59.5
15,-56.6363636364
16,-68.5555555556
17,-49.2
18,-55.0
19,-55.0
20,-62.9
21,-61.3
22,-56.0
23,-52.2
24,-52.0
25,-46.0
26,-54.6
