frequency,pdr
11,-66.1111111111
12,-63.9
13,-55.3333333333
14,-57.9
15,-55.5
16,-64.0
17,-65.9
18,-69.6
19,-67.2
20,-67.8
21,-64.0
22,-66.6
23,-70.1111111111
24,-64.4
25,-67.0
26,-64.1
