frequency,pdr
11,-62.9
12,-66.5555555556
13,-60.1111111111
14,-66.5
15,-65.9
16,-60.9
17,-64.0
18,-60.0
19,-67.0
20,-66.7
21,-66.3
22,-64.0
23,-66.4
24,-66.2
25,-67.0
26,-67.0
