frequency,pdr
11,-55.0
12,-56.3333333333
13,-65.7777777778
14,-58.6
15,-67.8888888889
16,-55.0
17,-65.8
18,-59.0
19,-63.7
20,-58.3
21,-54.0
22,-55.0
23,-52.0
24,-49.9
25,-48.8
26,-51.8
