frequency,pdr
11,-68.9
12,-63.9
13,-70.1111111111
14,-63.2
15,-64.2222222222
16,-66.9
17,-74.3
18,-68.9
19,-69.8
20,-68.1
21,-65.2
22,-59.6
23,-73.0
24,-61.0
25,-60.4
26,-58.0
