frequency,pdr
11,-71.4444444444
12,-66.8888888889
13,-72.1111111111
14,-68.7
15,-66.6
16,-62.9
17,-71.4
18,-61.4
19,-64.0
20,-58.0
21,-59.8
22,-58.5
23,-69.5
24,-70.0
25,-70.0
26,-66.6
