frequency,pdr
11,-56.0
12,-78.2222222222
13,-65.4444444444
14,-66.9
15,-61.0
16,-66.7
17,-64.0
18,-59.4
19,-64.4
20,-64.0
21,-58.6
22,-61.0
23,-59.7
24,-73.4444444444
25,-55.0
26,-59.5
