frequency,pdr
11,-58.9
12,-69.1
13,-65.6
14,-64.0
15,-74.7777777778
16,-75.2222222222
17,-64.2
18,-60.0
19,-58.9
20,-61.0
21,-65.2
22,-72.9
23,-66.6
24,-69.0
25,-60.3
26,-69.1818181818
