frequency,pdr
11,-53.9
12,-57.9
13,-53.8
14,-55.0
15,-49.5555555556
16,-49.0
17,-49.0
18,-66.4
19,-54.9
20,-66.0
21,-62.1
22,-59.7
23,-74.5555555556
24,-61.0
25,-56.7
26,-62.8
