frequency,pdr
11,-77.6666666667
12,-69.5555555556
13,-63.6
14,-67.9
15,-79.8
16,-64.1
17,-68.2
18,-62.9
19,-70.0
20,-60.0
21,-61.0
22,-64.9
23,-63.1
24,-61.0
25,-64.0
26,-65.5
