frequency,pdr
11,-65.4
12,-60.4
13,-64.1111111111
14,-61.1
15,-65.8888888889
16,-61.0
17,-64.2
18,-66.7
19,-62.7
20,-61.0
21,-67.0
22,-68.2
23,-78.125
24,-71.7
25,-68.3
26,-64.3
