frequency,pdr
11,-59.0
12,-72.1
13,-66.2222222222
14,-67.0
15,-77.6666666667
16,-76.0
17,-73.9
18,-64.0
19,-66.9
20,-64.5
21,-73.6
22,-68.3
23,-64.0
24,-64.0
25,-65.3
26,-70.6
