frequency,pdr
11,-77.0
12,-74.0
13,-73.0
14,-76.9
15,-79.0
16,-82.6
17,-84.8888888889
18,-88.1
19,-91.0
20,-91.0
21,-91.0
22,-90.7142857143
23,-91.0
24,-91.0
25,-85.1
26,-84.9
