frequency,pdr
11,-91.0
12,-91.0
13,-86.1111111111
14,-86.7
15,-89.2
16,-90.0
17,-89.6666666667
18,-87.5555555556
19,-90.1
24,-91.0
26,-91.0
