frequency,pdr
11,-77.1
12,-81.25
13,-83.5555555556
14,-90.1
15,-87.4
16,-85.625
17,-84.8888888889
18,-86.7
19,-86.625
20,-82.9
21,-82.8
22,-85.8
23,-91.0
24,-91.0
25,-91.0
26,-91.0
