frequency,pdr
11,-67.0
12,-66.9
13,-64.6
14,-67.0
15,-68.0
16,-69.7
17,-70.2
18,-73.0
19,-74.0
20,-72.3
21,-71.8888888889
22,-72.8888888889
23,-73.0
24,-75.0
25,-79.0
26,-80.2
