frequency,pdr
11,-76.2
12,-78.8
13,-79.6
14,-84.1
15,-86.2
16,-85.625
17,-84.4444444444
18,-84.8888888889
19,-85.5
20,-85.9
21,-90.2
22,-91.0
23,-90.8
24,-88.4
25,-86.8
26,-87.2
