frequency,pdr
11,-73.0
12,-73.0
13,-76.0
14,-76.3
15,-79.0
16,-81.0
17,-85.0
18,-85.0
19,-88.5
20,-89.0
21,-86.0
22,-80.8888888889
23,-79.3333333333
24,-82.0
25,-82.0
26,-82.6
