frequency,pdr
11,-78.0
12,-75.8888888889
13,-75.4
14,-80.0
15,-79.0
16,-79.0
17,-82.0
18,-79.5555555556
19,-78.9
20,-80.7
21,-82.0
22,-79.9
23,-79.0
24,-82.0
25,-84.3333333333
26,-80.1
