frequency,pdr
11,-84.8888888889
12,-86.8888888889
13,-85.0
14,-82.0
15,-82.0
16,-82.4
17,-84.5454545455
18,-91.0
19,-89.1
20,-86.5
21,-88.0
22,-90.1666666667
23,-91.0
24,-90.5555555556
25,-91.0
26,-90.0
