frequency,pdr
11,-77.1
12,-78.3
13,-75.9
14,-76.0
15,-79.0
16,-80.2222222222
17,-83.0
18,-87.7777777778
19,-91.0
20,-91.0
21,-90.4
22,-89.4444444444
23,-90.9
24,-91.0
25,-91.0
26,-91.0
