frequency,pdr
11,-76.1
12,-78.8888888889
13,-79.0
14,-79.6
15,-79.0
16,-84.8888888889
17,-90.5
18,-87.6666666667
19,-85.8
20,-85.0
21,-85.3333333333
22,-85.9
23,-85.7777777778
24,-91.0
25,-87.6
26,-83.0
