frequency,pdr
11,-74.2
12,-75.7
13,-78.8
14,-79.4
15,-81.1
16,-82.4444444444
17,-89.6666666667
18,-87.9
19,-82.2222222222
20,-82.8
21,-81.8
22,-81.375
23,-84.3333333333
24,-82.0
25,-80.6
26,-81.9
