frequency,pdr
11,-79.0
12,-81.2222222222
13,-84.625
14,-85.6
15,-89.4
16,-90.0
17,-91.0
18,-91.0
19,-89.4
21,-91.0
22,-90.3333333333
25,-91.0
26,-91.0
