frequency,pdr
11,-80.3
12,-83.0
13,-84.8
14,-83.5
15,-86.4
16,-90.25
17,-86.3333333333
18,-85.8888888889
19,-85.5
20,-86.3
21,-86.0
23,-85.5
24,-86.5
25,-85.7
26,-85.2
