frequency,pdr
11,-55.0
12,-58.0
13,-58.0
14,-58.0
15,-61.0
16,-61.9
17,-57.9
18,-60.6363636364
19,-62.0
20,-70.0909090909
21,-61.2
22,-60.1
23,-65.7
24,-67.0
25,-64.0
26,-70.0
