frequency,pdr
11,-58.0
12,-61.0
13,-58.0
14,-59.3
15,-58.9
16,-58.0
17,-60.6666666667
18,-61.7777777778
19,-58.0
20,-55.0
21,-58.0
22,-59.0
23,-62.0
24,-60.0
25,-60.0
26,-61.0
