frequency,pdr
11,-66.6666666667
12,-67.25
13,-70.0
14,-70.125
15,-73.0
16,-85.5
17,-70.0
18,-67.3333333333
19,-67.0
20,-63.0
21,-62.0
22,-63.3
23,-68.1
24,-74.5
25,-74.7
26,-67.0
