frequency,pdr
11,-58.3
12,-56.25
13,-54.9
14,-55.0
15,-54.7
16,-55.0
17,-54.8888888889
18,-64.6666666667
19,-71.7
20,-61.6
21,-64.0
22,-61.0
23,-61.2
24,-67.2
25,-60.2
26,-62.3
