frequency,pdr
11,-65.0
12,-67.0
13,-67.0
14,-67.0
15,-67.0
16,-67.2
17,-69.3333333333
18,-66.8181818182
19,-64.3
20,-63.1
21,-64.0
22,-65.1
23,-67.0
24,-75.7
25,-70.2
26,-70.7
