frequency,pdr
11,-75.6666666667
12,-68.75
13,-68.0
14,-67.375
15,-65.1
16,-64.2
17,-63.5555555556
18,-63.7
19,-64.0
20,-61.0
21,-61.0
22,-67.0
23,-67.7
24,-72.2
25,-67.0
26,-65.1
