frequency,pdr
11,-70.5555555556
12,-70.0
13,-66.0
14,-67.0
15,-67.1
16,-72.0
17,-73.3333333333
18,-72.9
19,-68.0
20,-72.5
21,-84.2
22,-73.2
23,-70.0
24,-74.5
25,-77.7
26,-70.0
