frequency,pdr
11,-69.6666666667
12,-69.0
13,-67.0
14,-70.5714285714
15,-82.875
16,-82.0
17,-87.25
18,-77.8888888889
19,-76.0
20,-75.0
21,-73.875
22,-74.1
23,-73.0
24,-71.1
25,-76.0
26,-73.0
