frequency,pdr
11,-72.2727272727
12,-73.1
13,-76.0
14,-78.0
15,-77.2
16,-76.9
17,-77.9
18,-79.0
19,-80.0
20,-80.9
21,-81.0
22,-82.5
23,-84.6666666667
24,-83.0
25,-82.0
26,-81.0
