frequency,pdr
11,-84.8
12,-87.4444444444
13,-89.875
14,-90.8888888889
15,-91.0
16,-91.0
17,-90.3
18,-90.2
19,-91.0
20,-91.0
21,-91.0
23,-89.8
24,-89.0
25,-88.5
26,-87.6
