frequency,pdr
11,-90.8333333333
13,-91.0
15,-91.0
16,-91.0
17,-91.0
18,-91.0
19,-91.0
23,-90.8333333333
24,-89.7
25,-88.2
26,-89.8
