frequency,pdr
11,-89.0
12,-87.625
13,-90.3333333333
14,-89.9
15,-89.0
16,-86.2
17,-87.0
18,-89.0
19,-88.7
20,-88.1
21,-90.8333333333
23,-91.0
24,-86.0
25,-82.3
26,-82.7
