frequency,pdr
11,-90.1111111111
12,-90.6666666667
13,-91.0
14,-91.0
15,-91.0
16,-91.0
17,-91.0
18,-89.75
19,-88.0
20,-90.0
21,-90.8571428571
22,-89.8333333333
23,-91.0
24,-91.0
25,-91.0
26,-91.0
