frequency,pdr
11,-90.0
12,-91.0
13,-88.3333333333
14,-86.4444444444
15,-84.9
16,-83.8
17,-82.9
18,-82.5555555556
19,-82.1
20,-82.5
21,-81.8
22,-82.0
23,-82.0
24,-82.2222222222
25,-83.3
26,-85.5
