frequency,pdr
11,-87.8
12,-84.8571428571
13,-86.2857142857
14,-91.0
15,-91.0
16,-89.0
17,-85.0
18,-82.0
19,-80.6
20,-81.0
21,-81.8
22,-80.2857142857
23,-83.3333333333
24,-83.2
25,-83.0
26,-82.0
