frequency,pdr
12,-90.25
13,-89.6666666667
14,-87.2
15,-86.9
16,-86.9
17,-87.1111111111
18,-89.1
19,-91.0
20,-90.0
21,-90.4
23,-91.0
24,-90.4
25,-89.0
26,-86.4
