frequency,pdr
11,-89.0
12,-88.3333333333
13,-90.0
14,-89.7
15,-89.8
16,-89.1
17,-88.8888888889
18,-89.6666666667
19,-91.0
20,-91.0
21,-91.0
23,-91.0
24,-90.4
25,-88.9
26,-89.1
