frequency,pdr
11,-87.5454545455
12,-88.2
13,-90.7
14,-91.0
15,-91.0
16,-89.1
17,-88.0
18,-87.7
19,-89.2
20,-91.0
21,-91.0
22,-88.6666666667
23,-87.125
24,-85.1
25,-85.0
26,-82.0
