frequency,pdr
14,-91.0
15,-91.0
16,-91.0
17,-91.0
19,-91.0
20,-90.1
21,-90.0
22,-88.1111111111
23,-87.0
24,-86.5555555556
25,-86.7
26,-88.0
