frequency,pdr
11,-89.6666666667
12,-90.8571428571
13,-91.0
17,-91.0
18,-91.0
19,-91.0
23,-91.0
24,-91.0
25,-91.0
