frequency,pdr
11,-70.0
12,-70.0
13,-70.0
14,-70.0
15,-71.9090909091
16,-69.0
17,-70.0
18,-70.0
19,-69.0
20,-70.0
21,-70.0
22,-73.4444444444
23,-77.25
24,-80.0
25,-79.0
26,-79.0
