frequency,pdr
11,-61.0
12,-64.6
13,-64.0
14,-66.4545454545
15,-61.9
16,-61.7
17,-66.2727272727
18,-66.0
19,-69.2
20,-76.0
21,-80.7
22,-78.6
23,-74.0
24,-72.0
25,-70.0
26,-69.0
