frequency,pdr
11,-55.8
12,-65.2222222222
13,-55.3333333333
14,-55.0
15,-52.0
16,-54.9
17,-52.3
18,-62.9
19,-49.0
20,-49.0
21,-59.2
22,-51.2
23,-55.0
24,-52.0
25,-54.8
26,-58.0
