frequency,pdr
11,-43.9
12,-45.9
13,-53.6666666667
14,-53.2
15,-48.6
16,-51.1
17,-47.4
18,-44.1
19,-44.0
20,-43.0
21,-46.0
22,-46.0
23,-43.5
24,-44.0
25,-48.7272727273
26,-46.0
