frequency,pdr
11,-67.0
12,-54.7
13,-58.1111111111
14,-58.5
15,-59.5
16,-56.1
17,-50.4
18,-55.0
19,-54.3
20,-54.4545454545
21,-49.1
22,-66.8
23,-59.4
24,-51.5
25,-57.1
26,-61.3
