frequency,pdr
11,-46.0
12,-54.4444444444
13,-52.6666666667
14,-49.0
15,-58.5
16,-48.7
17,-46.4
18,-43.4
19,-48.9
20,-51.7
21,-49.0
22,-46.3
23,-50.9
24,-52.0
25,-52.0
26,-45.3
