frequency,pdr
11,-61.0
12,-54.9
13,-58.6666666667
14,-53.9
15,-57.0
16,-52.0
17,-56.2727272727
18,-55.1
19,-63.2
20,-59.3
21,-61.3
22,-52.8
23,-57.8
24,-58.3
25,-62.6
26,-61.0
