frequency,pdr
11,-55.0
12,-62.6666666667
13,-60.8888888889
14,-50.7
15,-53.3
16,-55.0
17,-50.6
18,-46.6
19,-48.3
20,-52.3
21,-55.0
22,-48.7
23,-49.1
24,-48.9
25,-47.7
26,-52.6
