frequency,pdr
11,-60.3
12,-59.8888888889
13,-52.0
14,-60.0
15,-53.9
16,-53.1
17,-52.9
18,-54.1
19,-55.0
20,-66.3
21,-55.3
22,-57.8
23,-64.0
24,-60.2727272727
25,-54.0
26,-55.0
