frequency,pdr
11,-52.9
12,-64.3333333333
13,-57.9
14,-62.9
15,-55.0
16,-54.9
17,-63.5
18,-57.4
19,-65.0
20,-55.0
21,-60.1
22,-58.7
23,-54.8
24,-58.4545454545
25,-68.1
26,-62.5
