frequency,pdr
11,-69.2222222222
12,-60.5555555556
13,-78.4
14,-76.8
15,-61.7
16,-64.1
17,-67.6
18,-61.5
19,-64.2
20,-65.6
21,-58.2
22,-64.6
23,-68.5
24,-57.9
25,-63.7
26,-65.9
