frequency,pdr
11,-48.9
12,-50.3636363636
13,-53.7777777778
14,-63.9
15,-58.5
16,-52.0
17,-49.8
18,-58.0
19,-49.0
20,-56.7
21,-54.5
22,-61.2
23,-65.3
24,-55.0
25,-53.1
26,-52.0
