frequency,pdr
11,-63.5555555556
12,-54.7
13,-59.7777777778
14,-64.2
15,-52.0
16,-54.1
17,-56.6
18,-55.0
19,-53.9
20,-55.0
21,-53.4
22,-54.0
23,-55.0
24,-50.9
25,-54.9
26,-55.0
