frequency,pdr
11,-58.0
12,-62.3333333333
13,-64.4444444444
14,-61.0
15,-52.1
16,-51.9
17,-55.0
18,-55.0
19,-54.7
20,-58.8
21,-52.0
22,-55.5454545455
23,-58.5
24,-60.8
25,-55.2
26,-65.1
