frequency,pdr
11,-48.3
12,-53.4444444444
13,-53.6666666667
14,-52.0
15,-55.4
16,-49.1
17,-49.0
18,-51.7
19,-46.0
20,-44.8
21,-43.7
22,-43.0
23,-40.1
24,-41.4
25,-43.0
26,-43.0
