frequency,pdr
11,-89.8888888889
12,-90.0
13,-90.8888888889
14,-91.0
15,-90.9
16,-90.8
17,-90.8
18,-90.9
19,-91.0
20,-91.0
21,-91.0
23,-91.0
24,-91.0
25,-91.0
26,-91.0
