frequency,pdr
11,-57.8
12,-52.3
13,-67.4444444444
14,-51.1
15,-59.5
16,-58.9
17,-58.0
18,-63.7272727273
19,-61.0
20,-68.4
21,-63.5
22,-70.0
23,-65.0
24,-54.8
25,-60.6
26,-59.7
