frequency,pdr
11,-61.4444444444
12,-61.7777777778
13,-58.0
14,-67.5
15,-55.0
16,-61.0
17,-52.4
18,-55.0
19,-49.0
20,-49.0
21,-56.5
22,-60.0
23,-66.7
24,-56.2
25,-58.0
26,-55.0
