frequency,pdr
11,-65.4444444444
12,-56.7777777778
13,-53.7
14,-55.2
15,-66.0
16,-55.2
17,-55.0
18,-67.4
19,-55.6
20,-67.0
21,-60.5
22,-53.8
23,-63.1
24,-55.0
25,-60.8
26,-55.0
