frequency,pdr
11,-89.8888888889
12,-87.375
13,-83.875
14,-86.2
15,-90.0
16,-90.1428571429
17,-91.0
18,-89.1428571429
19,-89.2222222222
20,-91.0
21,-91.0
22,-90.4
23,-91.0
24,-91.0
25,-91.0
26,-90.9
