frequency,pdr
11,-88.0
12,-87.375
13,-87.875
14,-89.8
15,-90.0
16,-87.7777777778
17,-89.0
18,-90.1428571429
19,-91.0
23,-91.0
