frequency,pdr
11,-82.7
12,-82.125
13,-86.8
14,-89.7
15,-91.0
16,-90.8
17,-90.7777777778
18,-90.7777777778
19,-91.0
20,-91.0
21,-91.0
23,-91.0
24,-91.0
25,-91.0
26,-91.0
