frequency,pdr
11,-86.1
12,-87.8888888889
13,-91.0
14,-90.0
15,-86.4
16,-84.8
17,-84.3
18,-85.5555555556
19,-84.0
20,-82.0
21,-83.0
22,-84.9
23,-89.6
24,-91.0
25,-91.0
26,-86.1
