frequency,pdr
11,-75.9
12,-74.8
13,-76.0
14,-77.9
15,-77.1
16,-77.5
17,-78.8
18,-79.0
19,-78.9
20,-80.0909090909
21,-81.6
22,-83.4444444444
23,-85.0
24,-86.0
25,-83.0
26,-81.3
