frequency,pdr
11,-88.2222222222
12,-90.7142857143
13,-89.2222222222
14,-88.0
15,-87.5
16,-91.0
17,-91.0
18,-91.0
19,-88.5
20,-87.0
21,-87.0
22,-87.5714285714
23,-91.0
24,-91.0
25,-91.0
26,-91.0
