frequency,pdr
11,-89.4444444444
12,-89.6
13,-89.8888888889
14,-91.0
15,-91.0
17,-91.0
18,-91.0
19,-91.0
20,-90.7
21,-91.0
22,-89.0
23,-89.5
24,-89.4
25,-91.0
26,-91.0
