frequency,pdr
11,-89.375
12,-91.0
13,-91.0
14,-91.0
15,-91.0
16,-90.6
17,-89.7777777778
18,-89.0
19,-87.0
20,-85.1
21,-85.2
23,-90.8888888889
24,-91.0
25,-91.0
26,-90.7
