frequency,pdr
11,-85.4
12,-86.8571428571
13,-90.8571428571
16,-91.0
17,-91.0
20,-91.0
21,-91.0
23,-91.0
24,-91.0
25,-91.0
26,-91.0
