frequency,pdr
11,-74.25
12,-76.0
13,-81.7777777778
14,-87.2857142857
15,-78.2
16,-80.4
17,-82.6
18,-77.6
19,-79.0
20,-80.2
21,-79.0
22,-79.0
23,-80.1111111111
24,-79.0
25,-79.0
26,-79.8
