frequency,pdr
11,-87.0
12,-90.6666666667
13,-91.0
14,-89.5
15,-85.5
16,-85.0
17,-81.4285714286
18,-80.375
19,-79.3
20,-80.3
21,-82.0
22,-81.3
23,-82.2
24,-83.8
25,-84.9
26,-87.4
