frequency,pdr
11,-84.7
12,-88.1428571429
13,-89.875
14,-90.2
15,-89.0
16,-89.1111111111
17,-91.0
18,-91.0
24,-91.0
25,-91.0
26,-91.0
