frequency,pdr
11,-90.1428571429
12,-89.8
13,-89.7
14,-91.0
15,-91.0
16,-91.0
17,-88.25
18,-88.0
19,-87.5714285714
20,-87.4
21,-88.7
23,-90.7
24,-88.4
25,-88.7
26,-91.0
