frequency,pdr
11,-76.2
12,-76.0
13,-73.7
14,-73.0
15,-73.1
16,-76.5555555556
17,-81.25
18,-91.0
19,-88.1428571429
20,-82.8
21,-80.6
22,-79.6
23,-80.4444444444
24,-83.0
25,-85.8
26,-87.0
