frequency,pdr
11,-84.2
12,-82.2
13,-82.6
14,-84.8
15,-88.4
16,-89.9
17,-88.5714285714
18,-87.0
19,-86.6666666667
20,-88.3
21,-89.125
22,-90.75
23,-91.0
26,-91.0
