frequency,pdr
11,-85.0
12,-89.4
13,-91.0
14,-91.0
17,-91.0
18,-91.0
19,-90.8333333333
20,-90.1
21,-90.3
22,-88.3333333333
23,-88.8
24,-88.2
25,-89.9
26,-89.1
