frequency,pdr
15,-91.0
16,-90.0
17,-88.2857142857
18,-88.4285714286
19,-89.2857142857
20,-91.0
21,-91.0
22,-89.0
23,-89.2222222222
24,-89.5
25,-90.1
26,-91.0
