frequency,pdr
11,-90.5
12,-91.0
13,-89.7142857143
14,-86.4
15,-86.4
16,-89.0
17,-88.5714285714
18,-91.0
19,-91.0
20,-91.0
21,-91.0
23,-89.375
24,-90.2857142857
25,-90.2
26,-91.0
