frequency,pdr
11,-79.0
12,-79.0
13,-81.1
14,-84.1
15,-86.0
16,-82.3333333333
17,-80.3333333333
18,-80.0
19,-81.6666666667
20,-84.1
21,-85.7
22,-88.875
25,-91.0
26,-91.0
