frequency,pdr
11,-81.125
12,-83.4444444444
13,-87.5
14,-82.0
15,-79.0
16,-81.5
17,-90.8
18,-89.5
19,-87.6
20,-85.4
21,-83.9
22,-84.3333333333
23,-90.0
26,-91.0
