frequency,pdr
11,-88.8
12,-89.3333333333
13,-90.0
14,-90.0
15,-91.0
16,-90.7142857143
17,-91.0
18,-91.0
21,-91.0
23,-91.0
24,-89.8888888889
25,-89.9
26,-89.1
