frequency,pdr
11,-88.0
12,-88.1666666667
13,-89.5
14,-90.7
15,-90.9
16,-91.0
17,-89.6666666667
18,-88.9
19,-89.0
20,-89.5
21,-89.7
23,-91.0
24,-91.0
25,-91.0
26,-91.0
