frequency,pdr
11,-90.9
12,-91.0
13,-90.8571428571
14,-91.0
15,-91.0
16,-91.0
17,-91.0
18,-91.0
19,-89.3
20,-88.4
21,-88.8888888889
22,-89.375
23,-91.0
24,-91.0
25,-91.0
26,-91.0
