frequency,pdr
11,-68.1428571429
12,-63.5555555556
13,-46.0
14,-51.9
15,-50.9
16,-52.0
17,-60.5
18,-49.0
19,-54.2
20,-49.0
21,-49.0
22,-47.4
23,-61.5
24,-50.2
25,-49.8
26,-52.0
