frequency,pdr
11,-58.5
12,-66.3333333333
13,-64.8888888889
14,-69.375
15,-61.1
16,-55.0
17,-52.7
18,-51.2
19,-51.4
20,-55.0
21,-58.3
22,-54.3
23,-55.0
24,-61.0
25,-62.8
26,-55.4
