frequency,pdr
11,-58.7
12,-71.5555555556
13,-57.0
14,-72.3333333333
15,-61.0
16,-59.5
17,-55.0
18,-55.1
19,-68.9
20,-58.8
21,-65.5
22,-59.6
23,-55.0
24,-59.0
25,-58.0
26,-54.9
