frequency,pdr
11,-74.5555555556
12,-62.3636363636
13,-58.7
14,-73.3
15,-67.6
16,-62.3
17,-64.0
18,-66.3
19,-67.6
20,-72.5
21,-66.7
22,-62.7
23,-61.6
24,-60.0
25,-62.6
26,-60.8
