frequency,pdr
11,-76.7777777778
12,-63.8888888889
13,-59.6666666667
14,-66.9
15,-69.7
16,-60.3
17,-62.6
18,-55.0
19,-61.9090909091
20,-64.9
21,-65.4
22,-65.4
23,-64.6
24,-63.8
25,-67.0
26,-69.0
