frequency,pdr
11,-46.0
12,-52.6666666667
13,-57.7777777778
14,-55.5
15,-47.3
16,-52.0
17,-61.9
18,-52.2
19,-49.0
20,-46.0
21,-49.0
22,-47.0
23,-47.8
24,-58.0
25,-61.0
26,-56.3
