frequency,pdr
11,-60.3
12,-75.6666666667
13,-67.5555555556
14,-64.1
15,-55.1
16,-66.4
17,-63.4
18,-61.0
19,-59.4
20,-55.0
21,-59.7
22,-69.7
23,-55.0
24,-71.3
25,-55.0
26,-60.8
