frequency,pdr
11,-62.7
12,-72.3333333333
13,-60.3333333333
14,-58.3
15,-61.0
16,-67.4
17,-74.0
18,-67.0
19,-65.6
20,-64.1
21,-76.1
22,-67.0
23,-65.6
24,-76.0
25,-67.0
26,-67.0
