frequency,pdr
11,-62.9
12,-57.3
13,-52.5555555556
14,-55.0
15,-58.4
16,-55.0
17,-66.5
18,-64.7
19,-70.6
20,-55.0
21,-70.0
22,-71.2222222222
23,-62.0
24,-66.9
25,-74.6
26,-65.1
