frequency,pdr
11,-63.9
12,-70.3333333333
13,-62.5555555556
14,-65.6
15,-67.0
16,-77.7
17,-74.0
18,-66.0
19,-64.9
20,-65.7
21,-67.0
22,-65.5
23,-64.3
24,-68.4
25,-61.0
26,-68.1
