frequency,pdr
11,-77.4
12,-71.8888888889
13,-63.2222222222
14,-53.1
15,-63.9
16,-67.4
17,-64.0
18,-68.4
19,-61.0
20,-61.0
21,-71.7
22,-61.1
23,-52.0
24,-61.3
25,-68.1
26,-52.0
