frequency,pdr
11,-67.0
12,-58.8
13,-58.8
14,-58.2
15,-62.6
16,-71.2
17,-66.6
18,-65.7
19,-69.0
20,-64.0
21,-66.1
22,-80.3333333333
23,-69.1818181818
24,-67.0
25,-64.0
26,-63.3
