frequency,pdr
11,-60.2
12,-60.6666666667
13,-64.0
14,-61.7
15,-80.9
16,-67.3
17,-64.0
18,-66.6
19,-62.6
20,-65.7
21,-64.0
22,-64.0
23,-77.1
24,-63.8
25,-64.0
26,-72.5454545455
