frequency,pdr
11,-66.0
12,-63.1
13,-72.6666666667
14,-70.7777777778
15,-63.7
16,-74.4
17,-64.0
18,-60.7
19,-61.0
20,-61.1
21,-61.0
22,-73.5
23,-63.2
24,-68.0
25,-61.0
26,-55.0
