frequency,pdr
11,-64.6
12,-63.8888888889
13,-73.25
14,-72.7777777778
15,-66.7
16,-61.0
17,-65.9
18,-59.5
19,-76.8
20,-67.2
21,-67.0
22,-63.9
23,-64.0
24,-64.0
25,-58.2
26,-59.0
