frequency,pdr
11,-49.9
12,-69.2222222222
13,-55.3
14,-53.1
15,-55.0
16,-54.1
17,-66.8888888889
18,-54.7
19,-55.7
20,-46.8
21,-46.0
22,-51.5
23,-61.9
24,-53.1
25,-56.5
26,-51.9090909091
