frequency,pdr
11,-57.0
12,-51.7777777778
13,-46.4
14,-46.0
15,-46.0
16,-43.0
17,-47.4
18,-56.3
19,-58.0
20,-52.0
21,-56.0
22,-66.2222222222
23,-47.8
24,-48.0
25,-46.0
26,-46.0
