frequency,pdr
11,-89.8
12,-90.75
13,-91.0
14,-91.0
15,-91.0
16,-91.0
17,-91.0
18,-91.0
19,-91.0
20,-90.6
21,-89.4285714286
22,-86.8333333333
23,-88.1428571429
24,-89.6
25,-91.0
26,-91.0
