frequency,pdr
11,-85.0
12,-88.0
13,-86.6
14,-85.3
15,-85.1
16,-85.0
17,-85.0
18,-82.5
19,-81.6
20,-80.0
21,-80.4
22,-80.5555555556
23,-80.2727272727
24,-79.0
25,-79.0
26,-80.0
