frequency,pdr
11,-88.1428571429
12,-85.0
13,-83.6
14,-85.0
15,-87.9
16,-88.0
17,-86.8571428571
18,-86.875
19,-87.0
20,-86.1
21,-89.0
22,-90.0
23,-91.0
24,-91.0
