frequency,pdr
11,-90.0
13,-91.0
14,-90.8
15,-91.0
16,-91.0
17,-89.5555555556
18,-90.8888888889
19,-91.0
20,-91.0
21,-91.0
23,-91.0
24,-91.0
25,-91.0
