frequency,pdr
11,-64.6
12,-61.125
13,-64.6666666667
14,-58.0
15,-69.6
16,-62.8
17,-55.0
18,-61.0
19,-60.6
20,-67.0
21,-66.6
22,-70.9
23,-68.4
24,-84.6666666667
25,-72.4
26,-78.4
