frequency,pdr
11,-61.8
12,-63.25
13,-62.9
14,-61.4
15,-60.0
16,-55.2
17,-70.0
18,-61.0
19,-63.0
20,-70.0
21,-76.0
22,-64.9
23,-73.7777777778
24,-62.3333333333
25,-64.0
26,-74.6
