frequency,pdr
11,-58.0
12,-52.4444444444
13,-53.5
14,-55.0
15,-52.0
16,-49.8
17,-54.4
18,-62.3
19,-52.0
20,-55.5
21,-62.7
22,-55.0
23,-53.8
24,-67.2222222222
25,-56.9
26,-49.5
