frequency,pdr
11,-52.0
12,-54.9
13,-66.7777777778
14,-52.0
15,-58.9
16,-56.4
17,-68.0
18,-59.6
19,-51.0
20,-56.5
21,-61.0
22,-53.3636363636
23,-53.4
24,-67.1111111111
25,-55.0
26,-68.0
