frequency,pdr
11,-55.0
12,-66.0
13,-63.9
14,-69.7
15,-69.8
16,-66.9
17,-63.5
18,-64.3
19,-56.3
20,-57.8
21,-65.8
22,-79.6666666667
23,-64.1
24,-62.4444444444
25,-61.1
26,-57.4
