frequency,pdr
11,-50.3
12,-46.0
13,-66.2
14,-58.4
15,-48.4
16,-52.8181818182
17,-60.3
18,-55.0
19,-51.5
20,-45.9
21,-49.0
22,-57.6
23,-56.5
24,-61.7777777778
25,-55.0
26,-60.0
