frequency,pdr
11,-47.3
12,-46.2
13,-52.0
14,-57.9
15,-61.9
16,-54.3
17,-51.4
18,-48.1
19,-55.4
20,-46.5
21,-48.4545454545
22,-48.6
23,-48.2
24,-68.4444444444
25,-58.1
26,-79.7
