frequency,pdr
11,-46.0
12,-51.3333333333
13,-45.9
14,-45.0
15,-48.0
16,-46.5
17,-50.6
18,-47.2
19,-56.5
20,-52.5
21,-47.0
22,-48.3
23,-46.0
24,-50.8888888889
25,-53.2
26,-48.3
