frequency,pdr
11,-54.2
12,-53.8888888889
13,-55.0
14,-54.6
15,-59.6
16,-55.2
17,-53.0
18,-55.0
19,-53.0
20,-52.0
21,-51.1
22,-70.4
23,-53.6
24,-50.3636363636
25,-55.0
26,-58.6
