frequency,pdr
11,-53.6
12,-54.8
13,-60.5555555556
14,-51.5
15,-54.7
16,-53.9
17,-55.7
18,-49.0
19,-64.2
20,-62.4
21,-54.6
22,-51.2
23,-46.0
24,-55.3636363636
25,-53.8
26,-60.6
