frequency,pdr
11,-49.0
12,-62.875
13,-63.4444444444
14,-49.0
15,-52.5
16,-46.9
17,-47.1
18,-54.8
19,-54.8
20,-52.3
21,-55.8
22,-55.0
23,-48.5
24,-57.1111111111
25,-50.3
26,-51.1
