frequency,pdr
11,-55.0
12,-55.875
13,-70.4444444444
14,-55.0
15,-60.0
16,-58.0
17,-55.0
18,-54.3
19,-50.0
20,-55.0
21,-55.0
22,-58.7
23,-64.6
24,-71.4444444444
25,-52.0
26,-55.0
