frequency,pdr
11,-51.3
12,-48.8888888889
13,-62.5
14,-55.7
15,-55.2
16,-49.0
17,-75.3
18,-46.2
19,-55.0
20,-53.7
21,-54.0
22,-49.7
23,-54.3
24,-62.4444444444
25,-58.4
26,-67.0
