frequency,pdr
11,-64.2
12,-67.7777777778
13,-65.7777777778
14,-72.0
15,-66.0
16,-69.9
17,-64.8
18,-67.0
19,-67.4
20,-67.0
21,-70.2
22,-69.2
23,-67.8
24,-66.4444444444
25,-58.9
26,-65.4
