frequency,pdr
11,-47.3
12,-54.1111111111
13,-54.1
14,-66.7
15,-60.8
16,-47.3
17,-46.9
18,-49.1
19,-61.2
20,-49.2
21,-55.7
22,-51.5
23,-52.6
24,-62.6666666667
25,-60.0
26,-49.7
