frequency,pdr
11,-55.3
12,-51.5555555556
13,-53.6666666667
14,-65.1111111111
15,-58.3
16,-53.0
17,-59.6
18,-54.3
19,-68.6
20,-67.2
21,-58.8
22,-60.5
23,-46.1
24,-48.6
25,-49.0
26,-59.1
