frequency,pdr
11,-61.0
12,-70.3333333333
13,-60.8
14,-58.0
15,-62.4
16,-58.0
17,-67.8
18,-61.3
19,-67.3
20,-63.9
21,-60.6
22,-76.6
23,-58.0
24,-66.3333333333
25,-63.9
26,-65.0
