frequency,pdr
11,-64.4
12,-55.625
13,-65.5
14,-61.6
15,-64.0
16,-60.8
17,-55.0
18,-49.2
19,-55.0
20,-55.1
21,-54.4
22,-54.6
23,-58.2727272727
24,-59.2222222222
25,-55.0
26,-54.5
