frequency,pdr
11,-53.2
12,-55.5555555556
13,-53.5
14,-58.0
15,-52.0
16,-57.3
17,-55.0
18,-52.0
19,-59.9
20,-52.9
21,-46.0
22,-46.0
23,-48.4
24,-53.3333333333
25,-62.4
26,-58.3
