frequency,pdr
11,-55.1
12,-52.6666666667
13,-54.5555555556
14,-53.9
15,-49.7
16,-46.0
17,-51.6
18,-52.4
19,-51.5
20,-56.4
21,-52.0
22,-47.2
23,-49.0
24,-50.8
25,-50.9
26,-56.6
