frequency,pdr
11,-55.0
12,-57.3333333333
13,-52.0
14,-53.7
15,-55.0
16,-59.2
17,-56.8
18,-66.0
19,-55.0
20,-69.8
21,-58.0
22,-55.0
23,-55.0
24,-55.3333333333
25,-56.0
26,-52.1
