frequency,pdr
11,-64.8
12,-58.0
13,-58.6666666667
14,-71.7
15,-67.0
16,-69.4
17,-73.7
18,-68.5
19,-63.2
20,-63.3
21,-72.7272727273
22,-59.2
23,-67.0
24,-69.1111111111
25,-65.5
26,-73.5
