frequency,pdr
11,-51.8
12,-60.7777777778
13,-57.2
14,-51.4
15,-53.0
16,-62.3
17,-54.3
18,-55.0
19,-53.5
20,-52.6
21,-49.4
22,-52.0
23,-59.9
24,-56.8888888889
25,-57.9
26,-50.4
