frequency,pdr
11,-60.3
12,-54.7777777778
13,-62.9
14,-53.0
15,-60.3
16,-52.1
17,-52.0
18,-55.3
19,-56.5
20,-47.6
21,-46.0
22,-55.0
23,-55.4
24,-57.5555555556
25,-59.3
26,-56.9
