frequency,pdr
11,-65.4444444444
12,-65.75
13,-75.7777777778
14,-65.5555555556
15,-73.8888888889
16,-65.3
17,-62.7
18,-65.1
19,-64.0
20,-65.5
21,-61.0
22,-71.2
23,-65.6
24,-73.0
25,-64.0
26,-64.0
