frequency,pdr
11,-64.4444444444
12,-67.25
13,-61.4444444444
14,-58.9
15,-63.5
16,-58.0
17,-59.2
18,-63.7
19,-72.1
20,-69.2
21,-67.0
22,-68.2
23,-61.5
24,-55.0
25,-63.25
26,-64.0
