frequency,pdr
11,-64.0
12,-67.0
13,-66.2222222222
14,-74.1111111111
15,-68.6666666667
16,-67.0
17,-64.0
18,-61.1
19,-63.0
20,-64.2
21,-68.0
22,-66.9
23,-68.2
24,-67.0
25,-60.6666666667
26,-61.6
