frequency,pdr
11,-63.9
12,-72.0
13,-66.3
14,-68.6666666667
15,-61.0
16,-68.1
17,-65.7272727273
18,-64.6
19,-64.2
20,-58.0
21,-58.0
22,-64.0
23,-69.6
24,-66.9
25,-62.0
26,-66.3
