frequency,pdr
11,-61.3
12,-55.0
13,-60.2222222222
14,-60.8
15,-56.8888888889
16,-61.0
17,-68.9
18,-61.0
19,-58.0
20,-54.0
21,-57.9
22,-55.0
23,-61.0
24,-58.0
25,-69.4
26,-62.2
