frequency,pdr
11,-63.7
12,-70.25
13,-58.0
14,-65.8888888889
15,-59.5555555556
16,-58.0
17,-68.9
18,-58.4
19,-58.0
20,-64.0
21,-67.4
22,-58.1
23,-64.4
24,-63.5
25,-61.875
26,-69.6
