frequency,pdr
11,-61.5
12,-74.75
13,-61.2222222222
14,-60.8
15,-61.1111111111
16,-59.8
17,-73.8
18,-69.9
19,-65.9
20,-73.8
21,-64.3
22,-71.6
23,-60.8
24,-68.0
25,-56.375
26,-55.0
