frequency,pdr
11,-60.6666666667
12,-68.25
13,-69.8888888889
14,-70.9
15,-65.6666666667
16,-60.9
17,-61.6
18,-72.9
19,-65.4
20,-64.0
21,-73.0
22,-65.3
23,-65.6
24,-65.4
25,-67.625
26,-64.0
