frequency,pdr
11,-45.2
12,-43.0
13,-45.2
14,-45.1818181818
15,-48.5555555556
16,-55.0
17,-45.7
18,-53.4
19,-46.3
20,-43.1
21,-47.8
22,-48.7
23,-50.0
24,-51.0
25,-52.0
26,-50.9
