frequency,pdr
11,-55.0
12,-54.8
13,-56.8
14,-58.5
15,-63.6666666667
16,-70.4
17,-62.8
18,-63.0
19,-58.0
20,-54.4
21,-52.0
22,-59.4
23,-61.9
24,-59.9
25,-62.2222222222
26,-57.7
