frequency,pdr
11,-80.4444444444
12,-67.0
13,-68.0
14,-63.8888888889
15,-61.0
16,-66.0
17,-62.3
18,-67.0
19,-68.0
20,-66.2
21,-67.4
22,-80.0
23,-72.3
24,-61.0
25,-60.1111111111
26,-64.8
