frequency,pdr
11,-64.1111111111
12,-75.75
13,-68.1111111111
14,-67.875
15,-69.3333333333
16,-67.0
17,-68.9090909091
18,-61.1
19,-59.4
20,-70.8
21,-60.3
22,-60.1
23,-71.3
24,-67.9
25,-61.0
26,-72.9
