frequency,pdr
11,-59.7
12,-67.0
13,-58.9
14,-65.3333333333
15,-73.8888888889
16,-55.0
17,-55.1
18,-52.2
19,-46.0
20,-47.8
21,-50.4
22,-49.0
23,-47.0
24,-49.0
25,-54.1
26,-61.0
