frequency,pdr
11,-55.0
12,-52.5
13,-63.1
14,-47.7777777778
15,-52.0
16,-49.0
17,-47.9090909091
18,-52.0
19,-52.0
20,-49.0
21,-50.3
22,-49.7
23,-52.0
24,-53.4
25,-64.5
26,-56.3
