frequency,pdr
11,-70.6
12,-58.0
13,-59.3
14,-65.2222222222
15,-58.3333333333
16,-59.9
17,-71.3
18,-70.0
19,-63.6
20,-70.3
21,-68.3
22,-59.0
23,-67.0
24,-78.4
25,-63.5555555556
26,-65.4
