frequency,pdr
11,-58.2
12,-49.0
13,-52.0
14,-62.7777777778
15,-49.2222222222
16,-49.0
17,-52.0
18,-55.8
19,-54.7
20,-56.1
21,-46.0
22,-50.2
23,-50.4
24,-49.9
25,-46.0
26,-46.0
