frequency,pdr
11,-56.8
12,-69.8888888889
13,-60.7
14,-62.2
15,-68.2222222222
16,-59.7
17,-60.9
18,-67.0
19,-67.0
20,-61.0
21,-74.6
22,-59.4
23,-55.8
24,-61.6
25,-62.3333333333
26,-68.4
