frequency,pdr
11,-55.6
12,-60.1
13,-61.8888888889
14,-64.2222222222
15,-62.5555555556
16,-55.4
17,-58.7
18,-61.0
19,-62.1
20,-60.0
21,-67.7
22,-67.9
23,-64.0
24,-63.4
25,-81.0
26,-70.0
