frequency,pdr
11,-62.6
12,-64.0
13,-68.8888888889
14,-74.5555555556
15,-69.9
16,-66.1
17,-75.1
18,-60.3
19,-64.9
20,-84.0
21,-69.9
22,-67.0
23,-71.8
24,-67.0
25,-64.5
26,-64.0
