frequency,pdr
11,-58.9
12,-59.625
13,-61.1111111111
14,-63.2
15,-58.2
16,-61.8
17,-68.0
18,-66.6
19,-62.1
20,-70.0
21,-61.0
22,-68.0
23,-76.3
24,-63.5
25,-64.1111111111
26,-61.0
