frequency,pdr
11,-48.6
12,-49.0
13,-52.2
14,-50.6363636364
15,-44.8888888889
16,-51.0
17,-49.3
18,-59.9
19,-55.0
20,-69.4
21,-49.1
22,-49.0
23,-55.6
24,-55.0
25,-46.0
26,-49.0
