frequency,pdr
11,-55.0
12,-56.875
13,-55.0
14,-55.0
15,-62.3333333333
16,-68.7
17,-61.0
18,-59.1
19,-55.0
20,-55.0
21,-66.1818181818
22,-58.5
23,-63.6
24,-66.7
25,-62.4
26,-58.8
