frequency,pdr
11,-68.3333333333
12,-58.9
13,-53.6
14,-55.0
15,-61.0
16,-64.0
17,-64.9
18,-65.6
19,-68.5
20,-67.0
21,-68.4
22,-71.6
23,-63.0
24,-55.0
25,-67.5555555556
26,-63.9
