frequency,pdr
11,-61.0
12,-66.0
13,-72.1
14,-66.8888888889
15,-63.1111111111
16,-61.0
17,-61.0
18,-61.0
19,-60.5
20,-68.7
21,-67.0
22,-62.6
23,-64.9
24,-66.5
25,-71.25
26,-68.8
