frequency,pdr
11,-54.5
12,-51.2222222222
13,-54.6666666667
14,-62.5555555556
15,-67.3333333333
16,-62.9
17,-57.9
18,-63.9
19,-61.8
20,-66.0
21,-58.1
22,-58.0
23,-61.0
24,-71.5
25,-58.0
26,-67.7
