frequency,pdr
11,-65.9
12,-65.1111111111
13,-62.3333333333
14,-61.5
15,-78.1111111111
16,-67.0
17,-56.6
18,-60.0
19,-64.2
20,-62.1
21,-71.7
22,-60.8
23,-66.9
24,-66.8
25,-69.625
26,-64.7
