frequency,pdr
11,-72.2222222222
12,-64.0
13,-63.9
14,-69.4444444444
15,-64.4444444444
16,-62.2
17,-64.0
18,-60.0
19,-67.4
20,-65.1
21,-70.0
22,-57.8
23,-70.1
24,-64.0
25,-62.0
26,-62.6
