frequency,pdr
11,-65.4
12,-61.0
13,-64.0
14,-70.0
15,-66.3333333333
16,-69.2
17,-63.9
18,-64.0
19,-68.9
20,-65.5
21,-63.0
22,-68.7
23,-79.6666666667
24,-70.0
25,-70.0
26,-64.0
