frequency,pdr
11,-61.8
12,-56.6
13,-60.2222222222
14,-67.1111111111
15,-61.0
16,-66.0
17,-64.0
18,-58.7
19,-60.3
20,-67.9
21,-61.0
22,-67.9
23,-61.0
24,-60.7
25,-58.875
26,-67.0
