frequency,pdr
11,-70.0
12,-67.0
13,-72.2222222222
14,-68.3333333333
15,-75.0
16,-61.7
17,-65.3
18,-77.6
19,-65.5
20,-71.4
21,-58.0
22,-63.5
23,-62.0
24,-73.3
25,-76.625
26,-70.2
