frequency,pdr
11,-68.8
12,-68.2222222222
13,-66.2
14,-68.5555555556
15,-66.9
16,-71.3
17,-66.6
18,-62.3
19,-58.2
20,-60.4
21,-69.7
22,-71.7
23,-65.9
24,-61.6
25,-67.875
26,-60.2
