frequency,pdr
11,-62.9
12,-57.8888888889
13,-66.9
14,-55.6666666667
15,-60.9
16,-57.5
17,-72.8181818182
18,-59.1
19,-58.0
20,-66.8
21,-67.0
22,-55.1
23,-67.0
24,-58.1
25,-73.25
26,-61.9
