frequency,pdr
11,-67.0
12,-72.7777777778
13,-65.8888888889
14,-66.8888888889
15,-67.9
16,-64.1
17,-61.1
18,-68.0
19,-69.9
20,-68.7
21,-67.6
22,-70.0
23,-68.9
24,-67.0
25,-65.375
26,-67.0
