frequency,pdr
11,-66.9
12,-55.3333333333
13,-55.0
14,-55.0
15,-57.2222222222
16,-58.2
17,-60.1
18,-59.0
19,-61.5
20,-61.3
21,-68.1
22,-58.4
23,-62.6
24,-69.8
25,-64.875
26,-65.9
