frequency,pdr
11,-61.4
12,-57.9
13,-66.1111111111
14,-69.2222222222
15,-68.2222222222
16,-67.0
17,-63.4
18,-66.3
19,-66.6
20,-61.0
21,-60.9
22,-61.3
23,-56.1
24,-70.0
25,-65.0
26,-68.0
