frequency,pdr
11,-66.9
12,-65.3333333333
13,-66.9
14,-62.0
15,-67.2222222222
16,-65.0
17,-61.7
18,-67.0
19,-70.7
20,-71.3
21,-64.0
22,-59.7
23,-69.4
24,-67.0
25,-61.0
26,-61.2
