frequency,pdr
11,-56.7
12,-58.3333333333
13,-69.5555555556
14,-62.1111111111
15,-54.1818181818
16,-52.0
17,-49.0
18,-51.6
19,-70.0
20,-67.2
21,-70.3
22,-52.0
23,-53.0
24,-52.3
25,-61.875
26,-56.5
