frequency,pdr
11,-50.8
12,-64.3333333333
13,-55.3333333333
14,-50.6666666667
15,-58.0
16,-58.1
17,-57.8
18,-49.0
19,-50.0
20,-56.5
21,-58.2
22,-59.0
23,-49.0
24,-52.0
25,-52.0
26,-52.0
