frequency,pdr
11,-55.1
12,-54.8888888889
13,-59.3
14,-64.6666666667
15,-59.5
16,-55.5
17,-55.0
18,-52.0
19,-55.9
20,-59.6
21,-53.0
22,-54.2
23,-49.0
24,-49.6
25,-57.6
26,-55.0
