frequency,pdr
11,-67.0
12,-74.625
13,-64.1111111111
14,-69.6
15,-75.1111111111
16,-70.8
17,-67.0
18,-66.6
19,-63.3
20,-73.3
21,-61.0
22,-73.5
23,-71.1
24,-70.4
25,-67.75
26,-65.1
