frequency,pdr
11,-59.9
12,-67.0
13,-63.9
14,-65.3333333333
15,-65.2222222222
16,-58.0
17,-68.4
18,-64.4
19,-65.2
20,-68.7
21,-62.8
22,-72.8
23,-57.9
24,-64.0
25,-62.4
26,-60.6
