frequency,pdr
11,-66.7
12,-68.0
13,-55.7
14,-60.7777777778
15,-72.7777777778
16,-55.0
17,-64.9
18,-69.5
19,-61.0
20,-61.0
21,-67.4
22,-68.0
23,-58.3
24,-55.0
25,-55.1
26,-58.0
