frequency,pdr
11,-71.0
12,-75.0
13,-64.8888888889
14,-68.5
15,-64.0
16,-66.0
17,-71.6
18,-61.6
19,-63.4
20,-67.0
21,-63.8
22,-62.2
23,-73.4444444444
24,-66.1
25,-64.0
26,-58.0
