frequency,pdr
11,-49.0
12,-55.0
13,-57.8
14,-55.6666666667
15,-46.4444444444
16,-53.9
17,-53.7
18,-55.0
19,-52.0
20,-66.6
21,-48.3
22,-49.0
23,-62.0
24,-62.9
25,-62.7
26,-58.2
