frequency,pdr
11,-57.9
12,-65.1
13,-67.1111111111
14,-70.2
15,-66.8888888889
16,-61.0
17,-60.0
18,-63.1
19,-65.2
20,-68.3
21,-67.0
22,-61.8
23,-61.0
24,-78.0
25,-62.875
26,-67.0
