frequency,pdr
11,-70.1111111111
12,-67.0
13,-70.7777777778
14,-67.4444444444
15,-71.1111111111
16,-62.0
17,-61.0
18,-64.5
19,-58.0
20,-64.0
21,-67.7
22,-61.9
23,-69.4
24,-70.1
25,-64.0
26,-67.0
