frequency,pdr
11,-58.0
12,-71.0
13,-70.7777777778
14,-69.4
15,-63.2222222222
16,-58.6
17,-61.0
18,-69.3
19,-64.0
20,-58.7
21,-62.4
22,-55.0
23,-62.0
24,-67.3
25,-73.0
26,-61.3
