frequency,pdr
11,-58.0
12,-64.0
13,-58.9
14,-68.5555555556
15,-68.7777777778
16,-70.0
17,-64.0
18,-62.7
19,-61.9
20,-60.8
21,-73.4
22,-61.1
23,-64.0
24,-67.0
25,-62.0
26,-64.0
