frequency,pdr
11,-75.5555555556
12,-58.25
13,-65.8888888889
14,-58.6
15,-67.7
16,-66.8
17,-58.0
18,-56.1
19,-58.0
20,-67.6
21,-70.1
22,-65.0
23,-65.9
24,-67.0
25,-62.8888888889
26,-55.0
