frequency,pdr
11,-65.3
12,-63.8888888889
13,-69.7777777778
14,-58.4444444444
15,-67.6666666667
16,-63.8
17,-72.9
18,-64.0
19,-67.0
20,-72.9
21,-62.3
22,-61.0
23,-67.5
24,-67.0
25,-67.125
26,-80.6
