frequency,pdr
11,-66.9
12,-64.1111111111
13,-64.1111111111
14,-67.0
15,-70.0
16,-61.7
17,-55.0
18,-65.4
19,-63.5
20,-61.4
21,-73.0
22,-64.0
23,-61.0
24,-58.0
25,-54.8888888889
26,-59.8
