frequency,pdr
11,-64.1
12,-68.3
13,-62.8888888889
14,-64.0
15,-64.3333333333
16,-57.9
17,-58.0
18,-64.7
19,-56.0
20,-54.3
21,-55.0
22,-55.0
23,-56.0
24,-59.6
25,-63.4444444444
26,-57.0
