frequency,pdr
11,-55.0
12,-58.0
13,-58.0
14,-58.1111111111
15,-58.0
16,-58.0
17,-57.9
18,-57.2
19,-55.0
20,-64.8
21,-63.0
22,-64.0
23,-52.0
24,-55.0
25,-60.1111111111
26,-52.2
