frequency,pdr
11,-62.5
12,-61.0
13,-58.9
14,-62.1111111111
15,-64.8888888889
16,-55.0
17,-58.2
18,-62.7
19,-62.2
20,-55.0
21,-63.8
22,-56.7
23,-56.0
24,-56.5
25,-61.875
26,-61.0
