frequency,pdr
11,-73.3333333333
12,-63.0
13,-64.0
14,-60.7777777778
15,-70.2222222222
16,-62.3
17,-63.5
18,-74.5
19,-58.0
20,-62.3
21,-67.4
22,-64.3636363636
23,-72.3
24,-71.6
25,-69.4444444444
26,-64.0
