frequency,pdr
11,-55.0
12,-62.4444444444
13,-58.0
14,-67.8
15,-71.1111111111
16,-61.0
17,-66.4
18,-57.8
19,-68.5
20,-59.5
21,-62.2
22,-64.0
23,-58.1
24,-62.8
25,-62.0
26,-61.7
