frequency,pdr
11,-73.2222222222
12,-72.5
13,-73.0
14,-58.0
15,-63.8888888889
16,-59.9
17,-67.6
18,-63.9
19,-59.0
20,-59.7
21,-69.8
22,-62.6
23,-60.1
24,-63.8
25,-65.6666666667
26,-61.0
