frequency,pdr
11,-57.1
12,-66.4444444444
13,-58.0
14,-59.4444444444
15,-69.5
16,-65.4
17,-63.0
18,-64.0
19,-58.0
20,-58.0
21,-61.0
22,-61.1
23,-58.4
24,-63.5
25,-58.0
26,-63.0
