frequency,pdr
11,-60.9
12,-70.0
13,-64.8181818182
14,-68.7
15,-62.1111111111
16,-67.0
17,-65.2
18,-64.0
19,-73.0
20,-62.4
21,-58.0
22,-59.5
23,-63.3
24,-60.1
25,-68.2
26,-75.4
