frequency,pdr
11,-55.1
12,-56.8888888889
13,-68.6
14,-55.0
15,-65.1111111111
16,-55.0
17,-59.3
18,-61.4
19,-57.2
20,-59.3
21,-63.2
22,-65.3
23,-69.8
24,-58.0
25,-61.5
26,-75.1
