frequency,pdr
11,-68.0
12,-69.4444444444
13,-69.8888888889
14,-61.1
15,-73.5555555556
16,-64.5
17,-60.5
18,-63.8
19,-68.9
20,-70.0
21,-69.2
22,-62.7
23,-65.3
24,-64.7
25,-69.75
26,-68.5
