frequency,pdr
11,-45.0
12,-46.0
13,-51.0
14,-57.1111111111
15,-71.4444444444
16,-55.4
17,-53.3636363636
18,-54.7
19,-63.0
20,-57.8
21,-58.0
22,-63.5
23,-49.9
24,-46.0
25,-57.3
26,-49.0
