frequency,pdr
11,-78.8888888889
12,-62.0
13,-58.8888888889
14,-62.2222222222
15,-56.4444444444
16,-65.8
17,-59.6
18,-67.4
19,-65.1
20,-64.0
21,-61.0
22,-58.0
23,-63.3
24,-70.0
25,-63.0
26,-66.1
