frequency,pdr
11,-55.0
12,-55.0
13,-45.5
14,-46.8888888889
15,-48.6666666667
16,-54.3
17,-49.0
18,-49.0
19,-54.1
20,-58.8
21,-54.4
22,-57.6363636364
23,-55.0
24,-49.6
25,-43.0
26,-48.2
