frequency,pdr
11,-61.8
12,-66.4444444444
13,-67.2222222222
14,-71.8888888889
15,-60.9
16,-67.0
17,-77.0
18,-71.7
19,-69.0
20,-58.0
21,-62.1
22,-73.6
23,-66.7
24,-80.7777777778
25,-67.0
26,-67.0
