frequency,pdr
11,-71.6
12,-61.0
13,-66.7777777778
14,-61.0
15,-63.6666666667
16,-55.0
17,-57.1
18,-65.9
19,-71.6
20,-67.0
21,-67.7
22,-65.7
23,-60.9
24,-65.7
25,-71.25
26,-64.0
