frequency,pdr
11,-57.9
12,-57.9
13,-65.4444444444
14,-56.7777777778
15,-61.6666666667
16,-68.4
17,-67.0
18,-61.7
19,-61.0
20,-61.0
21,-68.2
22,-58.0
23,-64.2
24,-69.2
25,-78.125
26,-65.0
