frequency,pdr
11,-61.1
12,-70.0
13,-67.0
14,-67.8888888889
15,-67.9
16,-63.7
17,-58.0
18,-58.0
19,-65.7
20,-67.0
21,-61.0
22,-55.5
23,-61.0
24,-65.8
25,-71.2222222222
26,-60.4
