frequency,pdr
11,-66.2
12,-58.3
13,-64.6666666667
14,-59.0
15,-62.7777777778
16,-63.3
17,-66.1
18,-65.5
19,-62.2
20,-65.5
21,-68.8
22,-63.6
23,-61.0
24,-70.0
25,-67.5
26,-68.6
