frequency,pdr
11,-56.4
12,-64.75
13,-72.7777777778
14,-67.1
15,-67.2222222222
16,-65.4
17,-64.5
18,-59.4
19,-59.9
20,-66.9
21,-64.0
22,-78.1111111111
23,-61.1
24,-61.1
25,-64.0
26,-62.2
