frequency,pdr
11,-61.2
12,-53.2222222222
13,-54.3
14,-53.8888888889
15,-57.9
16,-54.2
17,-55.0
18,-55.0
19,-48.8
20,-55.0
21,-52.0
22,-52.0
23,-51.4
24,-60.2
25,-64.0
26,-62.5
