frequency,pdr
11,-54.2
12,-58.0
13,-63.5555555556
14,-51.2222222222
15,-54.6
16,-64.5
17,-55.0
18,-66.5
19,-55.0
20,-55.0
21,-52.0
22,-55.0
23,-52.0
24,-55.0
25,-51.0
26,-52.4
