frequency,pdr
11,-61.0
12,-57.875
13,-62.2222222222
14,-64.9
15,-63.8888888889
16,-66.7
17,-64.7
18,-66.1
19,-67.5
20,-62.6
21,-67.0
22,-67.0
23,-68.9
24,-63.5
25,-68.5555555556
26,-71.9
