frequency,pdr
11,-68.6666666667
12,-62.5
13,-59.4444444444
14,-67.6666666667
15,-64.0
16,-61.9
17,-63.0
18,-67.0
19,-70.0
20,-61.3
21,-62.6
22,-71.5
23,-64.8
24,-67.0
25,-67.125
26,-63.2
