frequency,pdr
11,-58.0
12,-71.25
13,-55.0
14,-53.9
15,-52.7777777778
16,-58.3
17,-59.4
18,-73.1
19,-56.0909090909
20,-52.0
21,-53.1
22,-58.6
23,-62.7
24,-62.1
25,-60.875
26,-80.5
