frequency,pdr
11,-67.3
12,-61.0
13,-58.0
14,-58.4444444444
15,-59.5555555556
16,-58.3
17,-64.0
18,-63.6
19,-59.9
20,-61.0
21,-67.6
22,-64.1
23,-73.4
24,-65.4
25,-59.7
26,-67.9
