frequency,pdr
11,-68.2222222222
12,-64.6666666667
13,-67.1
14,-73.9
15,-66.8888888889
16,-58.0
17,-61.4
18,-72.0
19,-65.6
20,-67.4
21,-64.0
22,-61.3
23,-73.8
24,-61.0
25,-66.75
26,-58.6
