frequency,pdr
11,-57.2
12,-60.0
13,-73.6666666667
14,-69.8888888889
15,-65.8888888889
16,-67.1
17,-68.3
18,-67.0
19,-63.8
20,-58.0
21,-60.1
22,-63.1
23,-63.3
24,-65.5
25,-62.125
26,-64.0
