frequency,pdr
11,-52.4
12,-50.6
13,-56.8888888889
14,-54.9
15,-54.6666666667
16,-52.0
17,-52.0
18,-52.0
19,-56.5
20,-53.9
21,-48.9
22,-46.0
23,-49.2
24,-52.6
25,-52.3
26,-47.8
