frequency,pdr
11,-67.7777777778
12,-46.1
13,-55.6666666667
14,-54.3
15,-44.1
16,-52.3
17,-48.7
18,-48.0
19,-51.0
20,-56.0
21,-51.5
22,-49.0
23,-59.4
24,-54.0
25,-49.0
26,-58.0
