frequency,pdr
11,-46.0
12,-52.2222222222
13,-62.4
14,-60.1111111111
15,-57.0
16,-55.3
17,-52.6
18,-51.0
19,-51.3
20,-56.6
21,-61.7
22,-52.7
23,-60.3
24,-50.9
25,-52.8
26,-52.0
