frequency,pdr
11,-47.1
12,-49.1
13,-47.0
14,-64.5555555556
15,-55.0
16,-52.0
17,-59.0
18,-55.0
19,-56.9
20,-54.3
21,-61.3
22,-75.2222222222
23,-53.7
24,-55.4
25,-65.5
26,-52.2
