frequency,pdr
11,-62.1
12,-65.8888888889
13,-67.0
14,-65.1111111111
15,-55.7
16,-60.4
17,-68.3
18,-62.3
19,-59.3
20,-70.6
21,-63.8
22,-60.1
23,-66.6
24,-68.4
25,-67.0
26,-72.7
