frequency,pdr
11,-54.0
12,-51.5555555556
13,-48.2
14,-55.0
15,-47.8888888889
16,-59.4
17,-60.9
18,-56.8
19,-52.0
20,-64.0
21,-66.1
22,-60.9
23,-59.5
24,-53.0
25,-52.0
26,-69.4
