frequency,pdr
11,-57.5
12,-58.0
13,-51.9
14,-54.5555555556
15,-60.5555555556
16,-49.5
17,-51.4
18,-55.0
19,-63.0
20,-57.6
21,-55.1
22,-55.0
23,-63.3
24,-60.0
25,-58.0
26,-65.4
