frequency,pdr
11,-57.1
12,-53.3
13,-54.2
14,-49.6666666667
15,-49.1111111111
16,-46.0
17,-54.9
18,-51.9
19,-54.7
20,-55.6
21,-50.0
22,-53.2
23,-52.0
24,-49.4
25,-46.0
26,-49.0
