frequency,pdr
11,-59.9
12,-65.4444444444
13,-58.0
14,-56.4
15,-58.3333333333
16,-62.6
17,-58.0
18,-63.9
19,-72.0
20,-72.9
21,-60.9
22,-55.0
23,-59.2
24,-65.6
25,-67.0
26,-57.7
