frequency,pdr
11,-47.0
12,-56.8
13,-51.9
14,-50.7777777778
15,-48.1111111111
16,-52.0
17,-49.5
18,-46.0
19,-52.0
20,-46.0
21,-46.0
22,-64.8
23,-53.4
24,-53.6
25,-49.0
26,-48.8
