frequency,pdr
11,-65.3
12,-65.3
13,-64.5555555556
14,-62.5555555556
15,-61.0
16,-58.0
17,-61.7
18,-64.4
19,-67.0
20,-67.0
21,-60.5
22,-58.0
23,-67.0
24,-67.0
25,-67.0
26,-66.2
