frequency,pdr
11,-49.1
12,-51.7777777778
13,-53.3333333333
14,-57.0
15,-55.0
16,-57.8
17,-46.0
18,-52.0
19,-51.8
20,-55.5
21,-52.0
22,-52.0
23,-55.0
24,-52.1
25,-46.3
26,-59.3
