frequency,pdr
11,-52.1
12,-49.6
13,-61.2222222222
14,-61.9
15,-47.9090909091
16,-55.5
17,-52.2
18,-50.6
19,-55.0
20,-55.4
21,-52.0
22,-49.3
23,-52.1
24,-60.2
25,-48.9
26,-46.9
