frequency,pdr
11,-56.6
12,-52.8888888889
13,-47.0
14,-54.1111111111
15,-49.0
16,-55.1
17,-64.3
18,-60.4
19,-54.7
20,-61.0
21,-55.0
22,-56.1
23,-52.2
24,-53.9
25,-63.8
26,-56.5
