frequency,pdr
11,-59.5
12,-58.6666666667
13,-67.4444444444
14,-52.0
15,-60.0
16,-60.6
17,-53.9
18,-58.0
19,-63.6
20,-57.8
21,-61.0
22,-60.9
23,-55.2
24,-71.3
25,-55.2
26,-53.9
