frequency,pdr
11,-58.4
12,-73.2222222222
13,-64.7
14,-55.8888888889
15,-58.3333333333
16,-70.8
17,-67.1
18,-70.2
19,-62.7
20,-69.4
21,-61.0
22,-63.6
23,-71.6
24,-66.9
25,-62.0
26,-66.5
