frequency,pdr
11,-64.9
12,-61.3
13,-65.4444444444
14,-68.2
15,-60.7777777778
16,-72.5
17,-68.0
18,-67.9
19,-59.8
20,-63.4
21,-67.0
22,-65.4
23,-64.0
24,-70.0
25,-81.2
26,-71.1
