frequency,pdr
11,-61.0
12,-56.4
13,-54.9
14,-58.4444444444
15,-55.2222222222
16,-55.5
17,-54.4
18,-61.7
19,-61.0
20,-64.1
21,-55.0
22,-57.4
23,-53.0
24,-57.5
25,-52.8
26,-61.7
