frequency,pdr
11,-55.0
12,-66.7777777778
13,-60.4444444444
14,-48.5555555556
15,-52.0
16,-55.0
17,-54.0
18,-52.0
19,-52.0
20,-53.1
21,-53.4
22,-59.2
23,-52.8
24,-51.8
25,-50.2
26,-54.6
