frequency,pdr
11,-65.4
12,-61.0
13,-59.9
14,-59.2222222222
15,-59.8888888889
16,-55.0
17,-67.0
18,-68.2
19,-66.3
20,-58.0
21,-60.8
22,-67.0
23,-64.0
24,-63.0
25,-62.3
26,-70.6
