frequency,pdr
11,-54.7
12,-64.0
13,-57.2
14,-53.3333333333
15,-53.3333333333
16,-46.0
17,-49.0
18,-57.7
19,-43.2
20,-51.3
21,-45.9
22,-48.9
23,-50.1
24,-49.1
25,-51.8
26,-51.8
