frequency,pdr
11,-57.5
12,-57.4444444444
13,-54.6666666667
14,-49.0
15,-48.2
16,-64.6
17,-49.0
18,-51.8
19,-51.2
20,-57.7
21,-44.7
22,-43.5
23,-43.0
24,-51.6
25,-59.7
26,-64.8
