frequency,pdr
11,-62.7
12,-57.9
13,-63.6666666667
14,-67.8888888889
15,-67.1111111111
16,-58.0
17,-54.1
18,-62.1
19,-62.1
20,-58.0
21,-78.0
22,-61.0
23,-63.3
24,-61.0
25,-64.8
26,-59.2
