frequency,pdr
11,-59.1
12,-55.0
13,-58.5555555556
14,-64.1111111111
15,-63.3333333333
16,-57.6
17,-59.5
18,-61.7
19,-67.0
20,-55.0
21,-57.8
22,-63.5
23,-65.4
24,-59.8
25,-67.1
26,-69.6
