frequency,pdr
11,-52.8
12,-49.1818181818
13,-52.0
14,-66.3333333333
15,-60.4444444444
16,-60.8
17,-53.6
18,-61.3
19,-63.8
20,-55.0
21,-55.7
22,-57.9
23,-52.0
24,-51.8
25,-54.9
26,-67.0
