frequency,pdr
11,-49.1
12,-60.6666666667
13,-52.0
14,-46.0
15,-46.1111111111
16,-43.0
17,-44.2
18,-52.0
19,-58.0
20,-54.7
21,-55.0
22,-48.6
23,-43.0
24,-47.0
25,-47.8
26,-49.0
