frequency,pdr
11,-51.8
12,-50.4444444444
13,-53.6666666667
14,-57.2222222222
15,-53.1111111111
16,-53.0
17,-63.3
18,-50.2
19,-46.0
20,-47.4
21,-46.0
22,-48.1
23,-55.0
24,-50.7
25,-62.9
26,-52.0
