frequency,pdr
11,-58.0
12,-55.0
13,-55.0
14,-62.7777777778
15,-60.3636363636
16,-55.0
17,-61.9
18,-67.1
19,-62.6
20,-55.0
21,-53.1
22,-52.2
23,-52.0
24,-60.6
25,-55.0
26,-52.0
