frequency,pdr
11,-55.0
12,-63.3
13,-55.0
14,-57.1111111111
15,-53.8888888889
16,-62.9
17,-77.0
18,-55.2
19,-52.0
20,-53.8
21,-63.6
22,-55.0
23,-52.0
24,-64.5
25,-61.3
26,-58.7
