frequency,pdr
11,-57.8
12,-55.3333333333
13,-62.2222222222
14,-60.1111111111
15,-60.8888888889
16,-67.0
17,-67.0
18,-59.0
19,-56.3
20,-63.9
21,-62.4
22,-69.6
23,-58.0
24,-67.0
25,-58.0
26,-64.6
