frequency,pdr
11,-54.3
12,-52.2
13,-60.2222222222
14,-52.2
15,-56.4444444444
16,-58.0
17,-64.5
18,-58.0
19,-54.7
20,-60.4
21,-54.9
22,-52.0
23,-60.3
24,-66.4
25,-57.3
26,-54.6
