frequency,pdr
11,-64.7
12,-67.1111111111
13,-62.4
14,-57.5555555556
15,-55.0
16,-55.0
17,-66.8
18,-60.5
19,-61.8
20,-65.9
21,-62.1
22,-67.2
23,-62.1
24,-59.3
25,-74.7
26,-60.7
