frequency,pdr
11,-49.0
12,-53.6666666667
13,-47.8
14,-45.9
15,-60.7777777778
16,-50.0
17,-50.4
18,-51.6
19,-46.0
20,-52.1
21,-49.0
22,-52.0
23,-58.3
24,-49.0
25,-59.2
26,-58.0
