frequency,pdr
11,-56.1
12,-54.9
13,-75.7777777778
14,-64.0
15,-64.1111111111
16,-51.3
17,-52.0
18,-54.5
19,-60.5
20,-68.0
21,-52.8
22,-64.2
23,-55.9
24,-62.2
25,-62.2
26,-61.8
