frequency,pdr
11,-67.1
12,-57.6666666667
13,-58.1111111111
14,-62.4
15,-62.0
16,-59.4
17,-64.0
18,-73.4
19,-55.0
20,-68.8
21,-56.1
22,-60.3
23,-59.6
24,-55.0
25,-62.1
26,-59.0
