frequency,pdr
11,-47.7
12,-43.9
13,-45.2
14,-54.4444444444
15,-49.0
16,-46.0
17,-47.2
18,-48.0
19,-46.5
20,-46.0
21,-46.8
22,-54.1
23,-73.3333333333
24,-52.8
25,-52.0
26,-52.0
