frequency,pdr
11,-62.7
12,-52.2
13,-68.4444444444
14,-49.1111111111
15,-53.6
16,-55.7
17,-54.8
18,-46.0
19,-58.7
20,-51.2
21,-48.5
22,-51.3
23,-44.6
24,-46.0
25,-49.0
26,-66.5
