frequency,pdr
11,-61.5
12,-67.8888888889
13,-57.1111111111
14,-54.1111111111
15,-49.0
16,-46.0
17,-47.1
18,-47.7
19,-47.5
20,-50.5
21,-50.5
22,-51.0
23,-54.3
24,-52.5
25,-60.0
26,-51.0
