frequency,pdr
11,-54.8
12,-54.6666666667
13,-52.2
14,-58.1111111111
15,-65.9
16,-68.4
17,-55.0
18,-53.7
19,-50.2
20,-57.6
21,-63.0
22,-56.6
23,-64.1
24,-54.3
25,-52.0
26,-51.7
