frequency,pdr
11,-60.6666666667
12,-49.0
13,-47.5555555556
14,-49.0
15,-52.2
16,-55.0
17,-55.0
18,-52.0
19,-52.0
20,-67.5
21,-55.0
22,-54.1
23,-57.1
24,-46.0
25,-45.4
26,-48.1
