frequency,pdr
11,-58.3
12,-57.3
13,-69.7777777778
14,-62.7777777778
15,-56.1111111111
16,-51.6
17,-53.1
18,-55.0
19,-58.1
20,-63.0
21,-59.0
22,-66.3
23,-64.1
24,-59.1
25,-55.0
26,-55.0
