frequency,pdr
11,-47.2
12,-53.5
13,-54.6
14,-52.0
15,-54.7777777778
16,-61.9
17,-49.0
18,-46.0
19,-46.4
20,-46.0
21,-51.4
22,-46.0
23,-52.0909090909
24,-58.0
25,-61.5
26,-50.3
