frequency,pdr
11,-49.0
12,-54.8
13,-55.1111111111
14,-48.7777777778
15,-55.0
16,-54.2
17,-49.0
18,-51.4
19,-47.9
20,-46.0
21,-54.2
22,-46.0
23,-51.6
24,-53.5
25,-63.4
26,-49.0
