frequency,pdr
11,-52.0
12,-63.5555555556
13,-72.3333333333
14,-55.0
15,-60.9
16,-65.1
17,-62.6
18,-57.6
19,-60.6
20,-61.1
21,-55.0
22,-69.8
23,-55.0
24,-58.7
25,-61.9
26,-65.2
