frequency,pdr
11,-88.0
12,-88.1111111111
13,-89.8333333333
14,-90.5
15,-90.7777777778
16,-91.0
17,-90.6666666667
18,-87.3
19,-85.8
20,-84.0
21,-85.7142857143
22,-88.3333333333
23,-88.3333333333
24,-88.0
25,-90.3
26,-91.0
