frequency,pdr
11,-90.1111111111
12,-90.0
13,-88.7142857143
14,-88.875
15,-90.4
16,-90.9
17,-91.0
18,-91.0
19,-91.0
21,-91.0
22,-91.0
23,-91.0
24,-90.5
25,-89.0
26,-89.5
