frequency,pdr
11,-58.9
12,-58.4444444444
13,-65.3333333333
14,-69.9
15,-67.3
16,-63.1111111111
17,-77.9
18,-64.0
19,-68.5
20,-68.0
21,-58.4
22,-58.0
23,-64.0
24,-61.0
25,-67.0
26,-67.0
