frequency,pdr
11,-66.2222222222
12,-59.7777777778
13,-55.3
14,-55.0
15,-52.1
16,-55.0
17,-55.0
18,-57.5
19,-55.0
20,-55.0
21,-55.0
22,-51.3
23,-55.2
24,-55.0
25,-67.0
26,-63.6
