frequency,pdr
11,-67.7777777778
12,-58.0
13,-63.7777777778
14,-67.0
15,-67.0
16,-65.3333333333
17,-54.9
18,-55.9
19,-55.5
20,-63.7
21,-61.0
22,-58.0
23,-65.5
24,-65.4
25,-54.9
26,-58.0
