frequency,pdr
11,-67.8
12,-64.4444444444
13,-70.0
14,-63.8
15,-60.2
16,-64.0
17,-69.8
18,-61.0
19,-66.7
20,-66.6
21,-64.0
22,-71.5
23,-65.0
24,-74.2
25,-69.1111111111
26,-70.6
