frequency,pdr
11,-65.4
12,-65.4444444444
13,-67.0
14,-81.2
15,-60.9
16,-59.0
17,-67.0
18,-62.8
19,-64.1
20,-61.5
21,-64.0
22,-75.5
23,-61.0
24,-64.0
25,-67.1111111111
26,-66.4
