frequency,pdr
11,-49.1
12,-55.5555555556
13,-57.2
14,-54.2
15,-65.4
16,-61.1
17,-60.9
18,-70.5
19,-52.0
20,-49.0
21,-52.0
22,-56.2
23,-62.8
24,-58.0
25,-62.4444444444
26,-56.7
