frequency,pdr
11,-70.6666666667
12,-63.8
13,-55.0
14,-67.0
15,-68.8
16,-58.9
17,-68.4
18,-67.0
19,-58.3
20,-56.5
21,-64.0
22,-67.0
23,-64.0
24,-67.8
25,-66.8888888889
26,-61.9
