frequency,pdr
11,-62.3333333333
12,-58.3333333333
13,-59.6
14,-55.9090909091
15,-60.4
16,-55.0
17,-52.0
18,-52.0
19,-62.7
20,-58.0
21,-52.9
22,-63.2
23,-55.0
24,-55.0
25,-63.5555555556
26,-67.1
