frequency,pdr
11,-59.0
12,-66.5555555556
13,-76.875
14,-65.8
15,-67.0
16,-67.8888888889
17,-76.2
18,-67.0
19,-66.0
20,-78.7
21,-67.9
22,-61.5
23,-61.7
24,-59.2
25,-64.0
26,-67.0
