frequency,pdr
11,-60.7
12,-62.0
13,-67.7777777778
14,-67.2
15,-68.6
16,-66.7777777778
17,-63.8
18,-67.9
19,-63.9
20,-64.0
21,-74.5
22,-67.0
23,-75.6
24,-78.5
25,-71.2222222222
26,-68.0
