frequency,pdr
11,-65.4444444444
12,-60.7777777778
13,-64.5
14,-55.6
15,-59.2
16,-55.4
17,-64.4
18,-57.1
19,-57.0
20,-56.8
21,-64.0
22,-57.0
23,-55.0
24,-60.9
25,-55.0
26,-59.0
