frequency,pdr
11,-67.5555555556
12,-65.5
13,-60.3
14,-62.0
15,-66.0
16,-69.7
17,-71.6
18,-64.9
19,-63.6
20,-64.4
21,-63.6
22,-65.7
23,-69.9
24,-77.8
25,-66.8888888889
26,-66.0
