frequency,pdr
11,-56.0
12,-57.0
13,-53.8888888889
14,-48.7
15,-52.9
16,-56.6
17,-52.5
18,-55.0
19,-62.4
20,-55.0
21,-67.7
22,-77.8888888889
23,-55.3
24,-52.0
25,-49.2
26,-50.1
