frequency,pdr
11,-55.1
12,-55.0
13,-57.3333333333
14,-54.8
15,-65.1
16,-65.3
17,-55.0
18,-55.0
19,-59.5
20,-75.5
21,-59.5
22,-54.0
23,-59.1
24,-64.0
25,-60.3333333333
26,-59.4
