frequency,pdr
11,-62.0
12,-60.7
13,-69.5555555556
14,-83.7777777778
15,-68.2
16,-67.0
17,-68.7
18,-68.3
19,-74.9
20,-67.0
21,-61.0
22,-65.6
23,-61.0
24,-68.6
25,-65.0
26,-64.0
