frequency,pdr
11,-50.3
12,-57.2
13,-55.1111111111
14,-56.9
15,-55.9
16,-55.0
17,-67.0
18,-55.0
19,-71.6
20,-58.0
21,-58.3
22,-55.0
23,-57.2
24,-68.0
25,-71.7777777778
26,-63.9
