frequency,pdr
11,-58.0
12,-59.7777777778
13,-60.7777777778
14,-59.6
15,-58.5
16,-70.0
17,-68.2
18,-70.2
19,-61.3
20,-61.4
21,-67.0
22,-76.6666666667
23,-67.0
24,-61.0
25,-57.9
26,-58.1
