frequency,pdr
11,-67.8888888889
12,-55.0
13,-59.3333333333
14,-60.4
15,-60.6
16,-58.2
17,-51.5
18,-55.0
19,-54.8
20,-53.9
21,-51.1
22,-67.0
23,-60.0
24,-52.0
25,-58.3
26,-62.3
