frequency,pdr
11,-63.9
12,-60.1111111111
13,-55.0
14,-70.8
15,-61.3
16,-72.4444444444
17,-58.0
18,-59.7
19,-54.0
20,-49.6
21,-53.7
22,-58.9
23,-52.0
24,-55.0
25,-57.7
26,-60.9
