frequency,pdr
11,-76.0
12,-68.5555555556
13,-71.5
14,-67.0
15,-70.0
16,-62.6666666667
17,-64.0
18,-63.3
19,-67.0
20,-61.2
21,-63.9
22,-64.2
23,-62.0
24,-64.9
25,-65.0
26,-55.9
