frequency,pdr
11,-63.4
12,-72.8888888889
13,-62.5
14,-62.3
15,-68.7
16,-61.2222222222
17,-55.0
18,-57.4
19,-63.8
20,-64.1
21,-67.1
22,-62.8
23,-61.9
24,-68.9
25,-69.5555555556
26,-61.0
