frequency,pdr
11,-56.0
12,-69.7777777778
13,-63.6666666667
14,-58.0
15,-63.7
16,-65.4
17,-64.5
18,-64.3
19,-60.3
20,-58.7
21,-59.5
22,-55.0
23,-57.2
24,-64.0
25,-64.0
26,-55.0
