frequency,pdr
11,-51.1
12,-50.6
13,-67.2222222222
14,-53.4
15,-57.1
16,-61.2
17,-58.4
18,-65.3
19,-64.3
20,-56.6
21,-52.9
22,-57.7
23,-61.0
24,-59.7
25,-56.2222222222
26,-67.0
