frequency,pdr
11,-55.0
12,-54.7272727273
13,-57.5
14,-61.2
15,-62.0
16,-55.0
17,-55.0
18,-58.0
19,-53.0
20,-52.0
21,-58.8
22,-55.2
23,-52.0
24,-55.1
25,-56.3333333333
26,-58.0
