frequency,pdr
11,-67.0
12,-80.8
13,-66.5
14,-70.0
15,-67.0
16,-78.5555555556
17,-65.1
18,-71.0
19,-73.6
20,-73.0
21,-67.8
22,-72.1
23,-69.4
24,-74.4
25,-71.8888888889
26,-74.7
