frequency,pdr
11,-55.8
12,-54.8888888889
13,-52.9
14,-51.4
15,-64.6
16,-60.6
17,-64.0
18,-65.7
19,-55.0
20,-58.8
21,-61.4
22,-66.1
23,-55.0
24,-55.0
25,-62.6666666667
26,-54.0
