frequency,pdr
11,-62.7
12,-65.7777777778
13,-64.5555555556
14,-59.2
15,-58.0
16,-61.0
17,-61.0
18,-64.0
19,-70.0
20,-67.0
21,-79.2222222222
22,-63.8
23,-60.7
24,-67.0
25,-70.7
26,-65.7
