frequency,pdr
11,-68.8
12,-75.3333333333
13,-66.2222222222
14,-66.7
15,-60.7
16,-67.0
17,-61.8
18,-69.2
19,-63.2
20,-70.5
21,-64.0
22,-72.6
23,-68.4
24,-67.0
25,-65.3
26,-70.7
