frequency,pdr
11,-55.0
12,-65.3333333333
13,-62.5555555556
14,-65.6
15,-55.0
16,-59.7
17,-60.9
18,-58.0
19,-56.4
20,-61.0
21,-61.0
22,-56.6
23,-61.0
24,-61.0
25,-61.0
26,-67.1
