frequency,pdr
11,-58.0
12,-64.5555555556
13,-47.6
14,-43.0
15,-46.0
16,-48.9
17,-52.0
18,-57.0
19,-45.8
20,-44.1
21,-47.9
22,-46.0
23,-52.0
24,-52.0
25,-60.8888888889
26,-55.0
