frequency,pdr
11,-55.8
12,-52.3333333333
13,-55.0
14,-55.0
15,-54.2
16,-61.0
17,-57.3
18,-49.0
19,-58.6
20,-58.0
21,-52.0
22,-52.0
23,-56.7
24,-60.8
25,-61.5555555556
26,-55.0
