frequency,pdr
11,-66.9
12,-70.3333333333
13,-69.4444444444
14,-68.9
15,-70.4
16,-72.6
17,-69.9
18,-71.0
19,-63.4
20,-61.1
21,-61.0
22,-69.1
23,-62.8
24,-67.1
25,-67.0
26,-67.0
