frequency,pdr
11,-64.9
12,-72.6666666667
13,-68.6666666667
14,-67.0
15,-70.0
16,-60.6
17,-60.4
18,-74.7
19,-62.2
20,-64.0
21,-75.2
22,-59.0
23,-70.8
24,-60.0
25,-68.4444444444
26,-63.1
