frequency,pdr
11,-58.0
12,-76.6666666667
13,-59.4444444444
14,-59.0
15,-58.8
16,-63.1
17,-71.1
18,-67.0
19,-61.0
20,-57.0
21,-67.0
22,-59.3
23,-67.8
24,-73.2
25,-64.2222222222
26,-65.1
