frequency,pdr
11,-57.8
12,-61.6
13,-55.3333333333
14,-57.8
15,-55.0
16,-60.4
17,-69.5
18,-61.0
19,-57.1
20,-67.0
21,-55.0
22,-56.4
23,-59.3
24,-64.4
25,-71.4444444444
26,-62.3
