frequency,pdr
11,-52.0
12,-55.0
13,-55.0
14,-58.0
15,-58.0
16,-61.0
17,-64.0
18,-69.1818181818
19,-78.5
20,-69.1
21,-61.0
22,-61.0
23,-55.0
24,-55.0
25,-55.0
26,-56.0909090909
