frequency,pdr
11,-86.2
12,-85.0
13,-84.8888888889
14,-85.4
15,-87.3
16,-87.7777777778
17,-90.0
18,-91.0
19,-91.0
20,-91.0
23,-91.0
24,-91.0
25,-91.0
26,-90.2
