frequency,pdr
11,-89.3333333333
12,-88.6
13,-90.0
14,-90.6
15,-90.0
16,-90.1111111111
17,-91.0
18,-91.0
19,-90.8888888889
20,-90.0
21,-90.875
22,-89.5
23,-91.0
24,-90.9
25,-87.8
26,-85.8
