frequency,pdr
11,-84.4444444444
12,-86.7777777778
13,-88.0
14,-89.0
15,-90.5
16,-91.0
17,-91.0
23,-91.0
24,-90.2
25,-89.0
26,-89.6
