frequency,pdr
11,-76.1
12,-73.4444444444
13,-74.1111111111
14,-73.8
15,-74.3
16,-76.9
17,-80.3
18,-86.75
19,-82.2
20,-79.0
21,-78.1
22,-76.5
23,-75.5
24,-73.0
25,-72.8
26,-72.9
