frequency,pdr
11,-87.1
12,-86.8888888889
13,-90.7142857143
14,-88.1
15,-84.9
16,-85.0
17,-82.8888888889
18,-80.8
19,-81.4
20,-82.0
21,-80.4
22,-79.0
23,-77.1
24,-76.0
25,-76.0
26,-78.3
