frequency,pdr
11,-79.0
12,-80.6
13,-82.3
14,-86.0
15,-89.1
16,-88.0
17,-87.7777777778
18,-86.3333333333
19,-91.0
21,-87.0
22,-83.0
23,-88.5555555556
24,-88.0
25,-85.2
26,-85.0
