frequency,pdr
11,-78.8
12,-79.2222222222
13,-83.0
14,-91.0
15,-85.1
16,-81.7
17,-80.1111111111
18,-80.0
19,-81.0
20,-82.4
21,-89.0
23,-89.8888888889
24,-89.0
25,-89.1
26,-88.8
