frequency,pdr
11,-83.3333333333
12,-88.2222222222
13,-89.7142857143
14,-90.0
15,-90.0
16,-87.0
17,-86.2
18,-87.0
19,-88.0
20,-89.0
21,-90.0
22,-86.6666666667
23,-87.1
24,-89.0
25,-89.1
26,-88.1
