frequency,pdr
11,-81.9
12,-81.3
13,-82.0
14,-85.0
15,-86.7
16,-89.7142857143
17,-89.75
18,-85.4285714286
19,-84.0
20,-83.1
21,-82.1
22,-82.375
23,-82.0
24,-82.0
25,-82.0
26,-81.2
