frequency,pdr
11,-73.0
12,-73.0
13,-73.9
14,-76.0
15,-77.2
16,-78.0
17,-79.0
18,-81.8
19,-82.0
20,-82.0
21,-81.9
22,-84.1111111111
23,-89.8571428571
24,-90.0
25,-86.0
26,-86.3
