frequency,pdr
11,-89.8888888889
12,-89.2222222222
13,-89.0
14,-89.2222222222
15,-89.0
16,-88.0
17,-88.9
18,-89.7
19,-90.8
20,-90.8
21,-91.0
23,-91.0
25,-91.0
26,-91.0
