frequency,pdr
11,-88.8
12,-85.6666666667
13,-88.7777777778
14,-90.0
15,-91.0
18,-91.0
19,-91.0
20,-91.0
21,-91.0
22,-91.0
23,-91.0
25,-91.0
