frequency,pdr
11,-61.3333333333
12,-59.3
13,-60.2
14,-66.7
15,-55.0
16,-58.0
17,-58.0
18,-68.5
19,-58.1
20,-61.0
21,-65.7
22,-55.0
23,-55.0
24,-58.0
25,-58.1111111111
26,-59.5
