frequency,pdr
11,-65.3
12,-70.1
13,-64.7777777778
14,-60.8
15,-58.4
16,-62.8
17,-63.6
18,-63.0
19,-73.6
20,-62.0
21,-55.0
22,-73.3
23,-67.3
24,-70.6
25,-63.2222222222
26,-60.1
