frequency,pdr
11,-74.1111111111
12,-70.6
13,-66.1111111111
14,-63.9
15,-60.7777777778
16,-58.0
17,-67.1
18,-69.0
19,-67.0
20,-67.0
21,-69.2
22,-63.9
23,-62.8
24,-63.4
25,-68.8888888889
26,-67.0
