frequency,pdr
11,-62.0
12,-61.1
13,-63.2222222222
14,-69.0
15,-62.2
16,-71.5
17,-67.0
18,-65.0
19,-58.5
20,-65.4
21,-69.8
22,-67.0
23,-65.7
24,-67.1
25,-69.4444444444
26,-62.8
