frequency,pdr
11,-66.9
12,-65.9
13,-71.8888888889
14,-75.6666666667
15,-67.0
16,-67.0
17,-71.9
18,-68.0
19,-78.3
20,-70.4
21,-67.0
22,-59.0
23,-66.5
24,-67.0
25,-70.0
26,-67.0
