frequency,pdr
11,-59.9
12,-63.0
13,-73.6363636364
14,-58.6
15,-65.4444444444
16,-68.2
17,-62.4
18,-62.0
19,-58.7
20,-65.1
21,-71.8
22,-60.8
23,-60.8
24,-66.3
25,-59.2
26,-58.0
