frequency,pdr
11,-63.9
12,-64.0
13,-67.0
14,-61.0
15,-63.4
16,-67.0
17,-77.7
18,-70.5
19,-64.0
20,-59.9
21,-62.0909090909
22,-67.8
23,-66.1
24,-68.7
25,-59.3333333333
26,-64.0
