frequency,pdr
11,-52.0
12,-55.0
13,-64.2222222222
14,-59.4
15,-70.6666666667
16,-70.7
17,-65.4
18,-63.5
19,-55.1
20,-57.9
21,-74.7
22,-62.2
23,-64.1
24,-64.9
25,-61.0
26,-63.0
