frequency,pdr
11,-45.0
12,-49.0
13,-53.5555555556
14,-50.9
15,-48.9
16,-45.8
17,-43.0
18,-47.9
19,-45.3
20,-45.0
21,-46.0
22,-49.0
23,-52.0
24,-55.0
25,-52.3333333333
26,-62.8
