frequency,pdr
11,-63.5
12,-62.0
13,-60.3333333333
14,-71.3
15,-67.6666666667
16,-55.0
17,-67.3
18,-55.8
19,-60.3
20,-70.9
21,-61.8
22,-61.0
23,-64.0
24,-68.1
25,-58.3333333333
26,-53.4
