frequency,pdr
11,-64.7
12,-61.1
13,-61.0
14,-67.9
15,-67.5555555556
16,-69.4
17,-67.6
18,-62.5
19,-61.0
20,-60.7
21,-61.1
22,-63.4
23,-68.5
24,-64.1
25,-61.8888888889
26,-68.0
