frequency,pdr
11,-58.5
12,-63.7
13,-62.4444444444
14,-59.8
15,-70.7777777778
16,-65.0
17,-59.5
18,-61.1
19,-58.0
20,-60.3
21,-64.1
22,-67.0
23,-73.0
24,-64.0
25,-61.0
26,-67.1
