frequency,pdr
11,-64.0
12,-72.8
13,-62.8888888889
14,-72.2
15,-63.2222222222
16,-58.3
17,-57.9
18,-55.0
19,-60.0
20,-58.9
21,-55.0
22,-65.0
23,-63.5
24,-59.5
25,-57.9
26,-63.3
