frequency,pdr
11,-67.0
12,-67.3
13,-66.7777777778
14,-81.0
15,-66.8888888889
16,-58.0
17,-55.0
18,-54.0
19,-55.3
20,-58.8
21,-59.9
22,-58.0
23,-59.4
24,-64.3
25,-59.0
26,-59.8
