frequency,pdr
11,-55.0
12,-55.4
13,-56.3
14,-58.4
15,-54.7777777778
16,-68.0
17,-52.0
18,-55.0
19,-55.0
20,-66.4
21,-61.0
22,-62.9
23,-67.4
24,-67.0
25,-59.3333333333
26,-61.9
