frequency,pdr
11,-50.8
12,-59.3
13,-67.3
14,-56.5
15,-57.8
16,-60.2
17,-54.0
18,-61.0
19,-58.2
20,-62.0
21,-66.0
22,-64.0
23,-73.2222222222
24,-55.0
25,-55.2222222222
26,-66.8
