frequency,pdr
11,-58.1
12,-66.2
13,-64.8888888889
14,-65.1
15,-58.0
16,-58.0
17,-62.1
18,-67.0
19,-69.0
20,-66.2
21,-66.4
22,-58.0
23,-65.9
24,-67.0
25,-62.8888888889
26,-69.0
