frequency,pdr
11,-70.0
12,-60.3
13,-59.7777777778
14,-66.9
15,-66.2
16,-68.6
17,-80.6
18,-71.9090909091
19,-73.3
20,-64.9
21,-63.7
22,-55.3
23,-64.6
24,-65.5
25,-62.0
26,-67.0
