frequency,pdr
11,-55.0
12,-52.2
13,-61.7777777778
14,-55.3
15,-71.2
16,-55.0
17,-62.4
18,-64.2
19,-62.6
20,-55.0
21,-59.6
22,-61.4
23,-55.0
24,-60.0
25,-64.3333333333
26,-66.0
