frequency,pdr
11,-62.0
12,-60.2
13,-59.0
14,-57.6
15,-63.2222222222
16,-61.0
17,-63.0
18,-59.7
19,-57.3
20,-58.5
21,-59.5
22,-64.0
23,-59.0
24,-64.0
25,-80.6666666667
26,-71.1
