frequency,pdr
11,-77.5555555556
12,-66.3
13,-66.3
14,-58.0
15,-65.1111111111
16,-67.0
17,-72.9
18,-71.7
19,-67.5
20,-68.7272727273
21,-74.2
22,-61.3
23,-61.2
24,-73.3
25,-64.5555555556
26,-64.8
