frequency,pdr
11,-63.4
12,-71.2
13,-64.4444444444
14,-66.9
15,-58.0
16,-57.1
17,-59.8
18,-55.4
19,-62.8
20,-62.5
21,-61.0
22,-62.1
23,-65.9
24,-83.3
25,-71.4444444444
26,-68.4
