frequency,pdr
11,-61.8
12,-66.8
13,-70.0
14,-68.8
15,-71.2222222222
16,-68.4
17,-64.0
18,-64.0
19,-77.3
20,-64.3
21,-61.0
22,-61.5
23,-70.0
24,-68.1
25,-67.2222222222
26,-65.3
