frequency,pdr
11,-66.0
12,-55.9
13,-61.1
14,-60.4
15,-60.7777777778
16,-67.0
17,-67.0
18,-58.5
19,-56.6
20,-63.7
21,-61.8
22,-70.0
23,-56.9
24,-67.0
25,-57.2222222222
26,-64.8
