frequency,pdr
11,-64.6
12,-70.8
13,-67.7777777778
14,-65.4
15,-61.6
16,-65.1
17,-67.6
18,-61.0
19,-66.4
20,-65.2
21,-58.0
22,-65.3
23,-65.5
24,-66.1
25,-76.5555555556
26,-61.0
