frequency,pdr
11,-61.0
12,-61.0
13,-67.0
14,-63.4
15,-60.2222222222
16,-64.3
17,-65.3
18,-68.1
19,-71.8
20,-64.8
21,-67.0
22,-71.3
23,-66.2
24,-64.2
25,-69.4444444444
26,-65.2
