frequency,pdr
11,-55.1
12,-56.8
13,-63.4444444444
14,-55.9
15,-64.6
16,-61.5
17,-68.7
18,-56.1
19,-56.7
20,-56.8
21,-70.7
22,-58.5
23,-58.0
24,-61.0
25,-59.4444444444
26,-65.0
