frequency,pdr
11,-66.2
12,-60.6
13,-65.5555555556
14,-63.9
15,-71.1111111111
16,-64.0
17,-71.1
18,-68.4
19,-66.1
20,-70.1
21,-67.4
22,-63.9
23,-67.0
24,-75.4
25,-67.3333333333
26,-67.0
