frequency,pdr
11,-62.2222222222
12,-73.7
13,-54.6666666667
14,-60.1
15,-61.0
16,-56.1
17,-57.7
18,-55.0
19,-55.0
20,-61.1
21,-58.2
22,-62.0
23,-60.9
24,-52.7
25,-62.0
26,-55.0
