frequency,pdr
11,-54.9
12,-63.4
13,-61.8888888889
14,-61.0
15,-66.0
16,-62.1
17,-67.0
18,-66.6
19,-65.2
20,-64.8
21,-67.4
22,-68.3
23,-68.8
24,-71.4
25,-74.4444444444
26,-74.9
