frequency,pdr
11,-55.1
12,-73.8
13,-58.1
14,-57.8
15,-71.7777777778
16,-55.0
17,-58.7
18,-55.0
19,-58.0
20,-61.6
21,-55.4
22,-67.5
23,-60.6
24,-71.2
25,-62.7777777778
26,-55.0
