frequency,pdr
11,-55.0
12,-62.4
13,-64.7
14,-60.8
15,-63.3333333333
16,-56.4
17,-62.9
18,-58.0
19,-61.1
20,-61.0
21,-59.1
22,-60.8
23,-64.6
24,-61.0
25,-61.7777777778
26,-64.6
