frequency,pdr
11,-60.8
12,-58.6
13,-72.8
14,-68.3
15,-60.4444444444
16,-58.0
17,-58.0
18,-59.2
19,-59.7
20,-58.0
21,-75.2
22,-58.0
23,-75.5
24,-63.9
25,-72.5555555556
26,-67.2
