frequency,pdr
11,-63.7777777778
12,-57.1
13,-57.1111111111
14,-59.2
15,-52.1
16,-59.7
17,-56.2
18,-61.8
19,-57.1
20,-60.1
21,-59.7
22,-61.0
23,-55.0
24,-60.3
25,-61.5555555556
26,-61.8
