frequency,pdr
11,-77.25
12,-64.0
13,-65.2222222222
14,-56.5
15,-57.0
16,-61.0
17,-72.7
18,-63.5
19,-61.3
20,-60.9
21,-61.0
22,-58.0
23,-64.9
24,-67.0
25,-77.6666666667
26,-69.0
