frequency,pdr
11,-56.5
12,-59.6
13,-67.0
14,-59.5
15,-54.8
16,-70.5
17,-64.2
18,-72.5714285714
19,-60.0
20,-64.6
21,-58.0
22,-53.4
23,-55.0
24,-60.8
25,-63.6666666667
26,-54.4
