frequency,pdr
11,-62.3
12,-61.0
13,-62.0
14,-69.5
15,-63.5555555556
16,-67.0
17,-62.0
18,-60.5
19,-60.6
20,-69.9
21,-67.0
22,-67.0
23,-63.1
24,-57.4
25,-74.7777777778
26,-61.0
