frequency,pdr
11,-48.2
12,-55.0
13,-48.7
14,-49.0
15,-49.1111111111
16,-51.3
17,-55.5
18,-66.9
19,-55.0
20,-56.4
21,-53.0
22,-58.0
23,-52.0
24,-52.0
25,-58.5555555556
26,-55.0
