frequency,pdr
11,-65.2
12,-77.1
13,-63.5555555556
14,-57.9
15,-63.1111111111
16,-64.0
17,-68.7
18,-69.9
19,-65.0
20,-63.9
21,-81.7
22,-64.1
23,-59.8
24,-64.0
25,-66.3333333333
26,-72.8
