frequency,pdr
11,-58.0
12,-70.7
13,-66.4444444444
14,-66.9
15,-67.2222222222
16,-64.0
17,-61.5
18,-60.6
19,-81.6
20,-73.2
21,-67.0
22,-67.4
23,-64.0
24,-67.0
25,-75.0
26,-70.0
