frequency,pdr
11,-74.5555555556
12,-64.1
13,-69.3
14,-70.5
15,-73.3333333333
16,-63.7
17,-71.5
18,-74.0
19,-74.3
20,-73.4
21,-69.0
22,-82.5
23,-64.0
24,-63.6
25,-67.5555555556
26,-75.4
