frequency,pdr
11,-55.0
12,-61.5
13,-61.0
14,-59.0
15,-56.6666666667
16,-56.9
17,-66.2
18,-62.9
19,-65.5
20,-63.5
21,-73.0
22,-61.6
23,-59.6
24,-67.0
25,-68.7777777778
26,-67.0
