frequency,pdr
11,-69.2222222222
12,-59.6
13,-66.3
14,-62.5
15,-62.7777777778
16,-61.0
17,-55.0
18,-54.0
19,-61.0
20,-53.0
21,-62.8
22,-70.4
23,-65.7
24,-68.0
25,-67.0
26,-62.2
