frequency,pdr
11,-59.7
12,-60.7
13,-61.8888888889
14,-53.7
15,-55.4444444444
16,-60.1
17,-61.0
18,-65.5
19,-61.9
20,-72.0
21,-68.2
22,-60.3
23,-68.9
24,-65.1
25,-76.5555555556
26,-73.3
