frequency,pdr
11,-63.7272727273
12,-71.1
13,-59.2222222222
14,-64.0
15,-67.5555555556
16,-60.8
17,-53.0
18,-66.5
19,-64.6
20,-58.0
21,-60.7
22,-70.0
23,-67.2
24,-67.0
25,-61.1111111111
26,-67.0
