frequency,pdr
11,-60.7
12,-65.3
13,-61.0
14,-64.0
15,-74.2222222222
16,-64.0
17,-67.0
18,-67.0
19,-67.0
20,-79.9
21,-70.4
22,-66.3
23,-67.0
24,-73.0
25,-76.5555555556
26,-73.5
