frequency,pdr
11,-67.5
12,-61.3
13,-71.2222222222
14,-65.8
15,-58.0
16,-61.0
17,-64.0
18,-58.9
19,-67.6
20,-67.5
21,-61.6
22,-66.0
23,-61.9
24,-74.0
25,-62.1111111111
26,-65.3
