frequency,pdr
11,-69.7777777778
12,-68.4
13,-66.6666666667
14,-67.0
15,-64.3333333333
16,-55.3
17,-61.6
18,-56.3
19,-58.0
20,-66.2
21,-65.2
22,-63.3
23,-68.0
24,-69.4
25,-71.3333333333
26,-68.9
