frequency,pdr
11,-58.0
12,-64.6
13,-73.3333333333
14,-62.8
15,-65.4444444444
16,-60.5
17,-64.6
18,-59.0
19,-58.0
20,-66.5
21,-61.5
22,-58.8
23,-67.0
24,-68.8
25,-67.0
26,-67.0
