frequency,pdr
11,-65.1
12,-65.4
13,-71.1111111111
14,-65.3
15,-61.0
16,-61.0
17,-71.2
18,-67.1
19,-80.8888888889
20,-63.5
21,-64.0
22,-70.6
23,-67.5
24,-74.7
25,-69.5555555556
26,-63.2
