frequency,pdr
11,-59.8
12,-67.1
13,-61.0
14,-60.7
15,-63.3333333333
16,-61.2
17,-62.1
18,-64.0
19,-74.7
20,-67.0
21,-63.4
22,-64.0
23,-61.7
24,-64.0
25,-66.2222222222
26,-69.2
