frequency,pdr
11,-61.0
12,-58.8
13,-62.7
14,-64.0
15,-66.5555555556
16,-64.8
17,-67.2
18,-64.3
19,-62.9
20,-61.0
21,-62.3
22,-76.6
23,-71.7
24,-81.3333333333
25,-64.0
26,-62.7
