frequency,pdr
11,-79.0
12,-80.2222222222
13,-79.0
14,-79.0
15,-79.0
16,-79.0
17,-76.125
18,-75.4
19,-76.0
20,-77.7
21,-76.1
22,-75.7
23,-75.9
24,-76.2
25,-76.0
26,-77.3636363636
