frequency,pdr
11,-81.9
12,-83.1
13,-84.9
14,-85.8
15,-89.4
16,-87.8
17,-82.9
18,-82.0
19,-82.0909090909
20,-79.7
21,-77.7
22,-76.6666666667
23,-76.0
24,-76.0
25,-80.9
26,-82.0
