frequency,pdr
11,-81.5
12,-76.8
13,-76.2
14,-77.9
15,-79.5
16,-79.7
17,-78.1
18,-76.1
19,-76.0
20,-76.0
21,-76.0
22,-75.1111111111
23,-75.8888888889
24,-75.9
25,-73.9
26,-73.0
