frequency,pdr
11,-80.2
12,-83.0
13,-82.8
14,-82.0
15,-80.5
16,-81.7
17,-85.8
18,-87.4
19,-83.4
20,-82.0
21,-82.0
22,-82.7777777778
23,-86.5555555556
24,-86.625
25,-85.2
26,-87.5
