frequency,pdr
11,-89.4
12,-89.6666666667
13,-88.125
14,-86.7
15,-85.2
16,-85.0
17,-85.0
18,-86.3
19,-88.0
20,-88.7
21,-88.75
22,-88.4444444444
23,-89.0
24,-90.125
25,-89.9
26,-91.0
