frequency,pdr
11,-90.0
12,-91.0
14,-91.0
15,-85.4
16,-82.0
17,-79.0
18,-79.0
19,-79.0
20,-79.0
21,-79.0
22,-79.8888888889
23,-81.1111111111
24,-84.5
25,-91.0
