frequency,pdr
11,-86.1
12,-84.3
13,-84.4
14,-84.2
15,-83.8
16,-84.2
17,-84.5
18,-87.1
19,-91.0
20,-91.0
21,-90.7777777778
23,-90.1111111111
24,-91.0
25,-91.0
26,-90.2
