frequency,pdr
11,-64.0
12,-63.5555555556
13,-61.0
14,-64.0
15,-64.0
16,-64.7777777778
17,-67.0
18,-64.0
19,-63.9
20,-67.0
21,-67.0
22,-71.0
23,-71.6
24,-80.2
25,-70.2
26,-70.0
