frequency,pdr
11,-58.3333333333
12,-57.5
13,-60.7777777778
14,-64.0
15,-62.9
16,-62.625
17,-62.3333333333
18,-55.0
19,-55.0
20,-56.3
21,-55.2
22,-55.4
23,-55.6
24,-55.0
25,-55.0
26,-55.0
