frequency,pdr
11,-58.7777777778
12,-57.1
13,-60.8888888889
14,-70.0
15,-61.0
16,-58.0
17,-55.0
18,-55.0
19,-55.0
20,-55.0
21,-63.0
22,-70.0
23,-64.0
24,-60.3
25,-55.0
26,-55.0
