frequency,pdr
11,-76.0
12,-72.0909090909
13,-68.0
14,-64.5
15,-66.8
16,-78.4444444444
17,-70.0
18,-64.1428571429
19,-60.8888888889
20,-60.0
21,-60.5
22,-60.3
23,-58.0
24,-58.0
25,-58.0
26,-58.2
