frequency,pdr
11,-74.7777777778
12,-70.0
13,-72.8888888889
14,-73.2
15,-73.0
16,-70.25
17,-70.4444444444
18,-75.5714285714
19,-79.3333333333
20,-73.0
21,-76.0
22,-82.4
23,-79.4
24,-78.9
25,-72.9
26,-70.0
