frequency,pdr
11,-67.0
12,-60.6666666667
13,-61.0
14,-61.0
15,-67.0
16,-68.1428571429
17,-67.0
18,-62.2857142857
19,-61.0
20,-58.0
21,-56.9
22,-59.0
23,-58.1
24,-60.0
25,-60.2
26,-58.6
