frequency,pdr
11,-76.0
12,-76.0
13,-73.125
14,-67.3
15,-67.0
16,-67.0
17,-70.0
18,-75.7142857143
19,-79.4444444444
20,-81.0
21,-73.0
22,-70.0
23,-73.0
24,-79.0
25,-85.5
26,-73.0
