frequency,pdr
11,-67.7777777778
12,-67.0
13,-73.0
14,-79.0
15,-80.0
16,-73.0
17,-72.0
18,-76.8333333333
19,-72.0
20,-69.0
21,-67.0
22,-68.2
23,-71.7
24,-76.0
25,-75.0
26,-72.6
