frequency,pdr
11,-61.5555555556
12,-64.0
13,-67.0
14,-61.0
15,-58.0
16,-58.0
17,-64.0
18,-61.2857142857
19,-61.0
20,-61.8
21,-64.5
22,-67.0
23,-67.0
24,-70.0
25,-67.0
26,-64.0
