frequency,pdr
11,-58.0
12,-61.0
13,-67.0
14,-61.1
15,-61.0
16,-61.0
17,-63.2222222222
18,-66.4285714286
19,-70.0
20,-76.0
21,-73.0
22,-67.2
23,-67.0
24,-70.3
25,-73.0
26,-73.0
