frequency,pdr
11,-55.0
12,-56.0
13,-57.875
14,-58.0
15,-60.1
16,-64.0
17,-63.7777777778
18,-61.8571428571
19,-57.4
20,-54.0
21,-52.0
22,-52.0
23,-52.0
24,-52.0
25,-52.0
26,-55.0
