frequency,pdr
11,-61.1111111111
12,-58.2
13,-55.0
14,-54.8888888889
15,-55.0
16,-55.8
17,-55.0
18,-53.5
19,-53.9
20,-55.0
21,-54.7
22,-55.0
23,-55.0
24,-56.9
25,-58.0
26,-65.3
