frequency,pdr
11,-52.8
12,-46.4
13,-46.0
14,-52.3333333333
15,-51.7
16,-55.1111111111
17,-52.3
18,-46.8
19,-45.6
20,-46.4
21,-53.8
22,-60.6
23,-47.4
24,-46.0
25,-49.0
26,-55.8
