frequency,pdr
11,-53.0
12,-54.5555555556
13,-59.0
14,-57.8888888889
15,-52.0
16,-49.2
17,-49.0
18,-52.0
19,-61.0
20,-61.1
21,-52.8
22,-49.1
23,-49.0
24,-49.0
25,-51.7
26,-52.0
