frequency,pdr
11,-61.9
12,-61.0
13,-68.5
14,-61.7
15,-64.0
16,-61.8888888889
17,-58.0
18,-57.3333333333
19,-58.0
20,-64.0
21,-61.5
22,-60.0
23,-63.9
24,-67.0
25,-64.3
26,-65.0
