frequency,pdr
11,-55.0
12,-55.0
13,-55.25
14,-62.7777777778
15,-66.9
16,-64.0
17,-64.0
18,-65.3333333333
19,-64.0
20,-61.0
21,-60.0
22,-61.0
23,-73.4
24,-61.0
25,-60.9
26,-61.0
