frequency,pdr
11,-61.0
12,-64.7777777778
13,-60.4444444444
14,-55.2
15,-61.0
16,-63.9
17,-61.0
18,-59.4285714286
19,-65.2
20,-68.7
21,-73.0
22,-67.0
23,-72.4
24,-74.5
25,-66.1
26,-64.0
