frequency,pdr
11,-52.0
12,-55.0
13,-52.0
14,-48.3333333333
15,-46.0
16,-45.5
17,-46.0
18,-49.7
19,-62.7777777778
20,-70.5
21,-58.7
22,-52.0
23,-47.2
24,-46.2
25,-46.0
26,-47.0
