frequency,pdr
11,-57.8571428571
12,-58.0
13,-59.3333333333
14,-55.0
15,-61.7
16,-63.9
17,-61.0
18,-56.8333333333
19,-56.9
20,-62.0
21,-64.1
22,-62.0
23,-60.5
24,-58.0
25,-58.0
26,-58.1
