frequency,pdr
11,-54.1
12,-55.0
13,-55.2
14,-51.8
15,-47.0
16,-49.7777777778
17,-52.8888888889
18,-63.5
19,-67.0
20,-58.1
21,-63.4
22,-67.0
23,-65.5
24,-65.3
25,-58.5
26,-55.0
