frequency,pdr
11,-54.5
12,-53.3
13,-48.8
14,-66.2222222222
15,-55.0
16,-62.6
17,-55.0
18,-55.0
19,-52.8
20,-55.0
21,-51.1
22,-50.2
23,-52.7
24,-53.7777777778
25,-50.7
26,-54.9
