frequency,pdr
11,-64.7
12,-68.6666666667
13,-58.6666666667
14,-65.3
15,-68.0
16,-72.3
17,-61.6
18,-70.7
19,-61.0
20,-61.7
21,-64.5
22,-73.5
23,-68.0
24,-70.0
25,-67.0
26,-63.5
