frequency,pdr
11,-46.9
12,-46.0
13,-57.4444444444
14,-54.8
15,-53.8
16,-71.6
17,-55.0
18,-50.0
19,-49.9
20,-49.0
21,-52.0
22,-51.9
23,-62.7
24,-56.3333333333
25,-52.0
26,-55.0
