frequency,pdr
11,-58.1
12,-66.8888888889
13,-64.5555555556
14,-68.4444444444
15,-61.3
16,-64.0
17,-55.0
18,-67.0
19,-61.0
20,-67.0
21,-67.6
22,-64.0
23,-72.1
24,-63.6
25,-63.9
26,-70.0
