frequency,pdr
11,-74.5555555556
12,-62.3333333333
13,-60.5555555556
14,-61.0
15,-59.0
16,-61.0
17,-58.2
18,-58.1
19,-68.6
20,-55.0
21,-63.4
22,-54.3
23,-52.0
24,-52.3333333333
25,-54.5
26,-63.9
