frequency,pdr
11,-50.7
12,-63.8
13,-50.4444444444
14,-55.2
15,-57.9
16,-67.0
17,-61.2
18,-58.8
19,-56.6
20,-60.1
21,-61.0
22,-50.4
23,-54.9
24,-59.6666666667
25,-54.2
26,-52.0
