frequency,pdr
11,-48.2
12,-52.4
13,-50.0
14,-50.6363636364
15,-51.3
16,-49.0
17,-55.8
18,-62.6
19,-54.3
20,-52.5
21,-47.3
22,-48.7
23,-51.4
24,-50.7777777778
25,-52.4
26,-54.0
