frequency,pdr
11,-64.0
12,-60.4444444444
13,-65.7777777778
14,-52.7
15,-62.1
16,-55.0
17,-69.4
18,-55.5
19,-52.0
20,-52.0
21,-54.6
22,-69.0
23,-57.9
24,-63.9
25,-59.7
26,-67.0
