frequency,pdr
11,-49.0
12,-54.8888888889
13,-55.0
14,-49.0
15,-60.8
16,-58.0
17,-52.4
18,-50.0
19,-55.1
20,-56.4
21,-55.0
22,-49.5
23,-61.7
24,-60.2222222222
25,-52.0
26,-57.5
