frequency,pdr
11,-60.4
12,-55.6666666667
13,-55.0
14,-56.7
15,-57.9
16,-66.3
17,-58.9
18,-55.0
19,-52.1
20,-58.0
21,-74.3
22,-59.5
23,-67.5
24,-68.8888888889
25,-55.0
26,-55.0
