frequency,pdr
11,-59.1
12,-60.5555555556
13,-64.2
14,-66.5
15,-55.0
16,-66.6
17,-64.0
18,-64.0
19,-63.3
20,-67.0
21,-61.5
22,-69.5
23,-70.0
24,-63.5555555556
25,-62.8
26,-64.3
