frequency,pdr
11,-71.2222222222
12,-55.8
13,-64.5555555556
14,-53.9
15,-51.4
16,-52.0
17,-51.2
18,-61.0
19,-62.4
20,-67.7
21,-53.0
22,-49.0
23,-59.8
24,-63.5555555556
25,-52.0
26,-52.5
