frequency,pdr
11,-44.3
12,-61.0
13,-63.4
14,-57.9
15,-44.1
16,-43.0
17,-43.0
18,-41.8
19,-42.6
20,-43.0
21,-45.1818181818
22,-50.2
23,-48.9
24,-62.8888888889
25,-49.0
26,-46.1
