frequency,pdr
11,-56.6666666667
12,-48.1111111111
13,-48.8888888889
14,-48.9
15,-46.3
16,-50.4
17,-51.1
18,-58.1
19,-54.6
20,-55.3
21,-73.0
22,-65.4
23,-53.5
24,-57.9
25,-55.0
26,-53.7
