frequency,pdr
11,-59.2222222222
12,-68.2222222222
13,-69.1111111111
14,-52.8
15,-55.0
16,-64.3
17,-52.0
18,-52.0
19,-50.4
20,-51.3
21,-52.0
22,-54.3
23,-52.0
24,-55.0
25,-55.0
26,-55.0
