frequency,pdr
11,-55.0
12,-53.1111111111
13,-52.2
14,-49.0
15,-51.5
16,-51.7
17,-54.3
18,-52.4
19,-48.2
20,-55.0
21,-60.2
22,-71.6
23,-56.3
24,-54.7777777778
25,-55.0
26,-57.7
