frequency,pdr
11,-69.0
12,-59.8181818182
13,-70.0
14,-58.1
15,-59.7
16,-61.0
17,-65.8
18,-61.2
19,-69.7
20,-69.5
21,-70.3
22,-71.1111111111
23,-64.0
24,-68.6666666667
25,-71.3
26,-73.6
