frequency,pdr
11,-61.4
12,-58.5555555556
13,-61.0
14,-65.2
15,-67.8
16,-57.8
17,-61.2
18,-67.3
19,-55.0
20,-63.3
21,-67.0
22,-67.6
23,-61.0
24,-62.1111111111
25,-60.6
26,-63.4
