frequency,pdr
11,-66.9
12,-59.0
13,-58.3333333333
14,-80.3333333333
15,-61.5
16,-55.0
17,-67.1
18,-50.7
19,-53.5
20,-52.0
21,-61.0
22,-60.8
23,-68.9
24,-60.0
25,-55.0
26,-62.4
