frequency,pdr
11,-62.6666666667
12,-58.0
13,-66.4444444444
14,-56.0
15,-60.6
16,-56.5
17,-62.5
18,-65.8
19,-61.3
20,-61.6
21,-62.4
22,-60.1
23,-60.5
24,-67.2
25,-58.0
26,-62.2
