frequency,pdr
11,-70.2
12,-64.7777777778
13,-59.7777777778
14,-61.9
15,-67.9
16,-67.7
17,-67.7
18,-70.5
19,-67.0
20,-63.9
21,-56.7
22,-55.0
23,-63.1
24,-55.0
25,-65.9
26,-64.5
