frequency,pdr
11,-71.6
12,-55.7777777778
13,-66.7777777778
14,-56.2
15,-49.0
16,-46.0
17,-50.7
18,-55.0
19,-61.1
20,-59.9
21,-75.2
22,-53.8
23,-52.2
24,-55.0
25,-50.1
26,-51.2
