frequency,pdr
11,-55.1
12,-57.1111111111
13,-52.2222222222
14,-55.0
15,-69.1818181818
16,-67.2
17,-63.8
18,-55.0
19,-60.9
20,-55.0
21,-75.8
22,-62.8
23,-65.4
24,-55.0
25,-55.0
26,-64.0
