frequency,pdr
11,-65.9
12,-74.3333333333
13,-62.1111111111
14,-55.0
15,-58.0
16,-69.8
17,-58.0
18,-55.0
19,-54.9
20,-57.6
21,-55.0
22,-53.2
23,-64.0
24,-58.0
25,-56.9
26,-55.0
