frequency,pdr
11,-52.0
12,-57.6666666667
13,-66.4444444444
14,-55.0
15,-58.0
16,-55.6
17,-53.9
18,-60.0
19,-59.6
20,-67.0
21,-52.0
22,-62.4
23,-64.5
24,-67.0
25,-66.0
26,-61.8
