frequency,pdr
11,-55.0
12,-58.0
13,-61.2222222222
14,-62.5
15,-52.3
16,-55.0
17,-55.0
18,-55.0
19,-67.7
20,-53.5
21,-57.9090909091
22,-60.7
23,-55.0
24,-62.4
25,-55.0
26,-53.4
