frequency,pdr
11,-71.3333333333
12,-66.8888888889
13,-65.875
14,-61.0
15,-65.6
16,-65.7
17,-72.2
18,-69.8
19,-66.1
20,-65.5
21,-62.1
22,-61.0
23,-70.3
24,-62.9
25,-63.6
26,-64.1
