frequency,pdr
11,-55.0
12,-55.4444444444
13,-58.6666666667
14,-58.7
15,-59.6
16,-63.6
17,-66.3
18,-66.9
19,-55.0
20,-60.1
21,-60.8
22,-80.0
23,-63.5
24,-64.3
25,-58.0
26,-64.0
