frequency,pdr
11,-61.0
12,-66.5555555556
13,-60.7272727273
14,-68.6
15,-60.5
16,-64.7
17,-64.2
18,-60.6
19,-53.7
20,-64.6
21,-65.7
22,-58.0
23,-60.3
24,-70.5
25,-55.0
26,-61.4
