frequency,pdr
11,-55.1
12,-59.6666666667
13,-60.8888888889
14,-63.4
15,-67.7
16,-61.2
17,-58.0
18,-63.0
19,-64.3
20,-55.0
21,-64.7
22,-66.4
23,-53.5
24,-55.0
25,-65.4
26,-59.9
