frequency,pdr
11,-59.0
12,-71.6666666667
13,-72.2222222222
14,-58.0
15,-57.7
16,-58.0
17,-59.4
18,-60.3
19,-55.0
20,-62.6
21,-56.0909090909
22,-64.7
23,-60.9
24,-71.2
25,-59.6
26,-55.0
