frequency,pdr
11,-58.0
12,-59.3333333333
13,-66.1111111111
14,-67.0
15,-68.3
16,-58.3
17,-55.0
18,-60.8
19,-56.3
20,-52.0
21,-54.5
22,-54.4
23,-65.3
24,-61.0
25,-55.6
26,-63.7
