frequency,pdr
11,-59.4
12,-55.1111111111
13,-56.1111111111
14,-58.0
15,-55.0
16,-58.0
17,-72.7
18,-62.4
19,-57.2
20,-55.6
21,-54.4
22,-55.0
23,-55.0
24,-64.3
25,-55.0
26,-55.0
