frequency,pdr
11,-66.1111111111
12,-56.8
13,-60.8888888889
14,-54.1
15,-53.7
16,-55.0
17,-61.0
18,-58.1
19,-68.5
20,-58.1
21,-62.9
22,-55.0
23,-49.0
24,-55.0
25,-55.0
26,-52.1
