frequency,pdr
11,-55.0
12,-60.5555555556
13,-55.1111111111
14,-65.9
15,-82.8
16,-65.3
17,-58.9
18,-61.4
19,-58.0
20,-55.4
21,-61.0
22,-62.3
23,-57.0
24,-66.5
25,-65.2
26,-66.6
