frequency,pdr
11,-58.1
12,-54.5454545455
13,-57.5555555556
14,-52.0
15,-63.8
16,-60.5
17,-65.9
18,-64.0
19,-58.0
20,-61.0
21,-55.4
22,-52.0
23,-57.7
24,-55.2
25,-58.0
26,-73.4
