frequency,pdr
11,-55.0
12,-61.4444444444
13,-63.4444444444
14,-58.0
15,-58.0
16,-58.0
17,-63.5
18,-61.0
19,-55.2
20,-55.0
21,-63.7
22,-64.0
23,-58.1
24,-55.0
25,-56.2
26,-73.7
