frequency,pdr
11,-64.0
12,-72.4444444444
13,-67.0
14,-62.1111111111
15,-58.2
16,-64.0
17,-61.4
18,-62.6
19,-62.7
20,-67.3
21,-70.3
22,-65.7
23,-68.4
24,-64.5
25,-63.6
26,-66.6
