frequency,pdr
11,-63.1111111111
12,-62.1111111111
13,-65.5
14,-61.2222222222
15,-71.4
16,-60.9
17,-55.0
18,-53.2
19,-55.0
20,-55.9
21,-67.9
22,-69.0
23,-67.0
24,-64.3
25,-59.8
26,-62.4
