frequency,pdr
11,-61.2
12,-55.4444444444
13,-56.5454545455
14,-58.1
15,-57.4
16,-55.1
17,-55.1
18,-60.7
19,-58.6
20,-55.0
21,-53.0
22,-53.4
23,-59.8
24,-55.0
25,-53.4
26,-53.0
