frequency,pdr
11,-53.3
12,-64.7777777778
13,-58.6666666667
14,-53.3
15,-55.0
16,-51.0
17,-70.2
18,-55.0
19,-55.1
20,-53.9
21,-52.1
22,-50.9
23,-52.0
24,-54.2
25,-62.6
26,-71.3
