frequency,pdr
11,-61.6
12,-54.6666666667
13,-53.4444444444
14,-55.0
15,-55.8
16,-61.0
17,-74.8
18,-66.1
19,-62.8
20,-64.2
21,-58.9
22,-54.4
23,-57.7
24,-62.3
25,-57.7
26,-55.0
