frequency,pdr
11,-64.8
12,-64.8888888889
13,-63.5555555556
14,-55.0
15,-53.3
16,-64.0
17,-56.0909090909
18,-60.3
19,-55.5
20,-61.4
21,-56.8
22,-67.8
23,-66.6
24,-61.0
25,-70.6
26,-57.6
