frequency,pdr
11,-76.5
12,-76.0
13,-76.0
14,-76.0
15,-76.0
16,-76.0
17,-76.0
18,-76.0
19,-77.0
20,-77.4
21,-79.0
22,-80.1111111111
23,-82.2857142857
24,-82.0
25,-82.0
26,-81.0
