frequency,pdr
11,-86.9
12,-89.625
13,-91.0
14,-89.875
15,-89.9
16,-87.0
17,-86.6
18,-86.6666666667
19,-87.0
20,-87.5
21,-87.8
23,-87.6666666667
24,-88.0
25,-86.8
26,-85.0
