frequency,pdr
11,-83.0
12,-84.5
13,-89.8
14,-89.0
15,-89.1
16,-89.1111111111
17,-88.8333333333
18,-90.7142857143
19,-88.1
20,-87.0
21,-88.875
22,-89.5
23,-91.0
24,-91.0
25,-91.0
