frequency,pdr
11,-77.0
12,-80.5
13,-79.7
14,-78.0
15,-76.0
16,-76.0
17,-76.0
18,-79.0
19,-81.5454545455
20,-82.0
21,-81.5
22,-80.125
23,-80.1666666667
24,-79.0
25,-76.0
26,-76.0
