frequency,pdr
11,-87.6
12,-89.375
13,-90.0
14,-89.8
15,-91.0
16,-91.0
17,-91.0
18,-89.8
19,-91.0
20,-91.0
21,-90.2222222222
23,-87.8333333333
24,-89.0
25,-91.0
26,-91.0
