frequency,pdr
11,-73.6
12,-75.3
13,-75.5
14,-74.9
15,-77.0909090909
16,-76.0
17,-76.0
18,-76.0
19,-76.0
20,-76.0
21,-76.0
22,-75.1111111111
23,-73.7142857143
24,-73.6
25,-73.1
26,-73.2
