frequency,pdr
11,100.0
12,95.2941176471
13,100.0
14,100.0
15,100.0
16,100.0
17,100.0
18,98.8235294118
19,98.8235294118
20,99.4117647059
21,100.0
22,100.0
23,100.0
24,95.2941176471
25,97.6470588235
26,100.0
