frequency,pdr
12,-91.0
13,-91.0
14,-91.0
16,-91.0
17,-90.0
18,-88.5
19,-88.3333333333
20,-87.0
21,-86.0
22,-86.25
23,-88.2857142857
24,-91.0
25,-91.0
26,-91.0
