frequency,pdr
11,-82.0
12,-79.2
13,-80.0
14,-82.0
15,-86.0
16,-88.0
17,-85.0
18,-84.5555555556
19,-85.5
20,-86.4
21,-85.5454545455
22,-85.0
23,-86.0
24,-89.0
25,-91.0
26,-91.0
