frequency,pdr
15,-91.0
16,-90.7142857143
17,-91.0
18,-91.0
19,-91.0
21,-91.0
22,-89.5
23,-86.7142857143
24,-91.0
25,-91.0
26,-91.0
