frequency,pdr
11,-89.8888888889
12,-89.8571428571
13,-91.0
14,-91.0
