frequency,pdr
12,-90.75
13,-91.0
14,-88.8
15,-86.0
16,-86.0
17,-87.2857142857
18,-89.5
19,-91.0
20,-91.0
21,-91.0
23,-90.6666666667
24,-91.0
25,-91.0
26,-91.0
