frequency,pdr
11,-73.0
12,-75.8
13,-70.5
14,-67.0
15,-67.0
16,-66.9
17,-67.0
18,-70.0
19,-80.7777777778
20,-78.2
21,-70.0
22,-68.7777777778
23,-69.8571428571
24,-72.2
25,-74.7
26,-74.1
