frequency,pdr
13,-91.0
15,-91.0
16,-90.8
17,-90.4285714286
18,-91.0
19,-91.0
20,-90.6666666667
21,-88.6
22,-85.2857142857
23,-84.0
24,-89.0
25,-90.6666666667
26,-89.9
