frequency,pdr
11,-82.3
12,-83.0
13,-83.0
14,-83.9
15,-83.1
16,-82.0
17,-81.1666666667
18,-81.5
19,-82.3333333333
20,-84.2
21,-85.0
22,-85.6666666667
23,-87.5714285714
24,-89.9
25,-90.3
26,-90.9
