frequency,pdr
11,-86.2
12,-88.8
13,-87.1
14,-86.0
15,-86.0
16,-86.7142857143
17,-88.8571428571
18,-85.5
19,-82.0
20,-81.8
21,-82.1
22,-85.375
23,-86.8571428571
24,-83.7
25,-82.0
26,-82.0
