frequency,pdr
11,-78.6
12,-81.2
13,-85.0
14,-85.0
15,-86.0
16,-91.0
17,-90.0
18,-85.0
19,-82.7777777778
20,-83.1
21,-85.9
22,-87.125
23,-87.8571428571
24,-84.9
25,-82.0
26,-80.0
