frequency,pdr
11,-78.3
12,-78.9
13,-79.0
14,-79.0
15,-79.0
16,-79.875
17,-80.4444444444
18,-79.8571428571
19,-79.0
20,-79.0
21,-79.9
22,-82.1428571429
23,-85.125
24,-85.5
25,-85.7
26,-85.8
