frequency,pdr
11,-90.25
12,-90.2222222222
13,-89.9
14,-90.0
15,-91.0
16,-91.0
17,-91.0
18,-91.0
19,-91.0
20,-89.4
21,-89.0
22,-87.8571428571
23,-85.6
24,-86.0
25,-85.5
26,-85.5
