frequency,pdr
11,-88.0
12,-87.9
13,-89.0
14,-90.5
15,-91.0
16,-91.0
17,-90.7777777778
18,-90.0
19,-91.0
20,-90.2
21,-90.9
22,-90.6666666667
23,-91.0
24,-91.0
25,-91.0
26,-91.0
