frequency,pdr
11,-82.0
12,-85.0
13,-91.0
14,-91.0
15,-87.4
16,-83.3
17,-82.4
18,-83.5
19,-83.6
20,-82.0
21,-82.0
22,-81.8888888889
23,-84.8888888889
24,-88.1
25,-87.0
26,-83.9
