frequency,pdr
11,-89.8571428571
12,-91.0
13,-88.0
14,-87.1111111111
15,-89.0
16,-91.0
17,-91.0
18,-91.0
19,-91.0
20,-91.0
21,-91.0
22,-90.0
23,-86.875
24,-85.3333333333
25,-87.5
26,-90.1
