frequency,pdr
11,-45.8
12,-49.6
13,-59.8888888889
14,-61.4444444444
15,-52.0
16,-47.0
17,-47.2
18,-53.8
19,-58.5
20,-52.0
21,-50.0
22,-49.4
23,-48.9
24,-55.4
25,-46.4
26,-50.5
