frequency,pdr
11,-60.7777777778
12,-53.2
13,-57.8
14,-52.8888888889
15,-51.0
16,-48.7
17,-49.8
18,-53.4
19,-54.5
20,-49.1
21,-48.6
22,-49.8
23,-52.9
24,-55.2
25,-54.3
26,-54.7
