frequency,pdr
11,-53.1111111111
12,-55.7777777778
13,-52.0
14,-54.9
15,-55.3
16,-55.0
17,-52.0
18,-55.3
19,-55.0
20,-69.0
21,-66.9
22,-62.9
23,-55.0
24,-60.9
25,-58.0
26,-71.5
