frequency,pdr
11,-58.0
12,-59.7
13,-71.6666666667
14,-60.7777777778
15,-63.8
16,-63.5
17,-53.8
18,-65.4
19,-64.1
20,-67.7
21,-59.5
22,-61.0
23,-55.7
24,-58.0
25,-70.7
26,-61.0
