frequency,pdr
11,-62.3
12,-54.7272727273
13,-61.9090909091
14,-54.5
15,-51.7
16,-56.9
17,-63.8
18,-54.8
19,-52.0
20,-52.0
21,-49.0
22,-53.6
23,-51.8
24,-49.0
25,-54.4
26,-60.0
