frequency,pdr
11,-51.3
12,-60.1111111111
13,-51.5
14,-51.8888888889
15,-54.1
16,-50.5
17,-58.1
18,-50.6
19,-46.2
20,-46.0
21,-46.0
22,-53.8
23,-52.0
24,-49.4
25,-59.4
26,-49.0
