frequency,pdr
11,-67.3333333333
12,-56.6666666667
13,-50.6
14,-48.6
15,-51.2
16,-57.5
17,-52.0
18,-56.9
19,-51.9
20,-58.0
21,-66.9
22,-52.0
23,-47.2
24,-52.0
25,-52.2
26,-53.5
