frequency,pdr
11,-54.2
12,-51.8
13,-56.6666666667
14,-57.7777777778
15,-51.6
16,-49.3
17,-54.9
18,-57.5
19,-55.2
20,-53.3
21,-55.1
22,-51.8
23,-58.0
24,-55.3
25,-58.0
26,-59.3
