frequency,pdr
11,-61.1
12,-59.1
13,-60.2222222222
14,-55.0
15,-58.5
16,-64.2222222222
17,-48.5
18,-46.7
19,-51.5
20,-53.2
21,-48.8
22,-51.8
23,-50.0
24,-58.1
25,-55.0
26,-55.0
