frequency,pdr
11,-55.0
12,-66.1111111111
13,-58.2222222222
14,-49.7777777778
15,-46.5
16,-45.5
17,-46.5
18,-52.2
19,-49.2
20,-49.0
21,-44.6
22,-43.0
23,-45.4
24,-47.2
25,-43.0
26,-51.9
