frequency,pdr
11,-57.7
12,-54.5
13,-55.5555555556
14,-54.4444444444
15,-66.0
16,-60.5
17,-59.3
18,-71.5
19,-61.0
20,-68.6
21,-68.2
22,-69.3636363636
23,-66.9
24,-71.2
25,-68.3
26,-64.6
