frequency,pdr
11,-59.6666666667
12,-55.0
13,-62.8888888889
14,-50.8
15,-52.0
16,-59.9
17,-58.0
18,-55.9
19,-58.7
20,-55.0
21,-58.0
22,-64.0
23,-59.8
24,-57.9
25,-50.5
26,-51.2
