frequency,pdr
11,-53.3
12,-67.1111111111
13,-57.6666666667
14,-66.6
15,-57.7
16,-62.5
17,-61.4
18,-62.8
19,-76.0
20,-66.3
21,-61.0
22,-53.6
23,-53.3
24,-58.0
25,-67.0
26,-61.9
