frequency,pdr
11,-49.0
12,-49.8
13,-65.7777777778
14,-65.3333333333
15,-53.0
16,-61.4
17,-52.1
18,-46.3
19,-51.2
20,-54.9
21,-53.5
22,-52.0
23,-48.9
24,-48.9
25,-49.2
26,-60.9
