frequency,pdr
11,-57.3
12,-60.8888888889
13,-54.9
14,-68.4444444444
15,-60.2
16,-61.8
17,-52.0
18,-51.7
19,-55.0
20,-64.0
21,-55.9
22,-56.3
23,-65.2
24,-69.1
25,-61.0
26,-62.8
