frequency,pdr
11,-55.0
12,-56.4444444444
13,-58.4
14,-67.2222222222
15,-53.1
16,-50.4
17,-49.7
18,-48.5
19,-48.5
20,-46.0
21,-51.6
22,-64.3
23,-64.3
24,-60.5
25,-52.0
26,-55.0
