frequency,pdr
11,-52.1
12,-56.2222222222
13,-66.1111111111
14,-56.5555555556
15,-58.0
16,-60.4
17,-55.0
18,-61.0
19,-59.0
20,-62.0
21,-65.2
22,-64.0
23,-73.1428571429
24,-55.0
25,-55.3
26,-66.0
