frequency,pdr
11,-52.0
12,-57.5555555556
13,-54.2
14,-55.3333333333
15,-61.3
16,-61.0
17,-58.0
18,-53.5
19,-55.0
20,-65.8
21,-55.2
22,-55.0
23,-52.0
24,-49.1
25,-52.8
26,-49.4
