frequency,pdr
11,-55.1111111111
12,-53.7777777778
13,-53.0
14,-62.4444444444
15,-59.3
16,-62.6
17,-52.0
18,-48.0
19,-55.0
20,-63.9
21,-68.1
22,-66.2
23,-53.0
24,-52.0
25,-53.9
26,-61.0
