frequency,pdr
11,-50.0
12,-54.9
13,-64.8888888889
14,-72.6666666667
15,-52.0
16,-53.9
17,-47.5
18,-53.9
19,-59.4
20,-52.3
21,-49.1
22,-51.9
23,-53.5
24,-52.0
25,-53.2
26,-60.3
