frequency,pdr
11,-54.7
12,-54.9
13,-63.2222222222
14,-49.2222222222
15,-49.0
16,-55.0
17,-54.3
18,-54.9
19,-58.7
20,-46.0
21,-48.3
22,-49.2
23,-61.2
24,-50.8
25,-51.6
26,-55.3
