frequency,pdr
11,-60.8888888889
12,-60.0
13,-67.4
14,-62.4444444444
15,-71.9
16,-64.0
17,-67.0
18,-62.0
19,-63.9
20,-71.2
21,-63.9
22,-55.0
23,-57.8
24,-55.0
25,-64.9090909091
26,-58.0
