frequency,pdr
11,-43.3
12,-53.2222222222
13,-47.0
14,-48.2222222222
15,-47.9
16,-46.7
17,-56.0
18,-52.0
19,-60.9
20,-54.2
21,-58.0
22,-56.1
23,-54.4
24,-46.0
25,-54.9
26,-56.3
