frequency,pdr
11,-62.1111111111
12,-58.4444444444
13,-58.2222222222
14,-63.2222222222
15,-65.0
16,-76.0
17,-70.0
18,-61.0
19,-60.0
20,-67.8
21,-59.3
22,-74.5555555556
23,-66.9
24,-60.7
25,-62.7
26,-58.7
