frequency,pdr
11,-54.9
12,-58.3
13,-73.3333333333
14,-67.8888888889
15,-53.1
16,-55.0
17,-58.0
18,-61.0
19,-60.8
20,-64.5
21,-60.6
22,-58.1
23,-72.3
24,-63.9
25,-58.9
26,-59.1
