frequency,pdr
11,-55.3333333333
12,-52.1111111111
13,-52.0
14,-51.2
15,-49.1
16,-52.0
17,-62.3
18,-55.0
19,-52.0
20,-52.0
21,-52.1
22,-51.7
23,-62.9
24,-52.0
25,-51.8
26,-66.4
