frequency,pdr
11,-54.0
12,-54.4
13,-55.2222222222
14,-51.3636363636
15,-49.0
16,-53.9
17,-52.0
18,-49.0
19,-64.2
20,-67.1
21,-49.0
22,-51.0
23,-55.0
24,-64.3
25,-52.0
26,-46.4
