frequency,pdr
11,-65.2222222222
12,-58.0
13,-52.2
14,-60.5555555556
15,-52.0
16,-65.0
17,-53.4
18,-52.0
19,-62.7
20,-53.7
21,-49.0
22,-52.0
23,-54.6
24,-59.5
25,-53.5
26,-52.3
