frequency,pdr
11,-55.0
12,-58.0
13,-69.1
14,-54.2222222222
15,-52.0
16,-54.8
17,-55.0
18,-54.6
19,-58.4545454545
20,-55.0
21,-55.0
22,-57.7
23,-65.6
24,-73.9
25,-68.1
26,-55.0
