frequency,pdr
11,-66.6666666667
12,-63.9
13,-70.8888888889
14,-60.9
15,-70.0
16,-69.2727272727
17,-68.4
18,-66.0
19,-58.0
20,-55.0
21,-67.7
22,-55.0
23,-55.4
24,-60.5
25,-59.9
26,-74.7
