frequency,pdr
11,-75.2222222222
12,-68.7
13,-78.2222222222
14,-67.0
15,-63.5
16,-55.0
17,-61.8
18,-74.0
19,-72.2
20,-61.0
21,-60.4
22,-63.2
23,-67.0
24,-69.0
25,-70.5
26,-66.0
