frequency,pdr
11,-68.4
12,-59.0
13,-67.1111111111
14,-61.0
15,-79.2
16,-67.6666666667
17,-66.0
18,-63.9
19,-67.0
20,-61.0
21,-55.0
22,-61.3
23,-68.7
24,-61.0
25,-68.0
26,-61.1
