frequency,pdr
11,-70.3636363636
12,-74.2
13,-69.6666666667
14,-68.5
15,-61.0
16,-70.0
17,-67.0
18,-63.1
19,-55.0
20,-63.4
21,-66.2
22,-61.0
23,-64.0
24,-64.0
25,-70.2727272727
26,-67.0
