frequency,pdr
11,-65.3
12,-59.6
13,-63.7
14,-64.2
15,-67.0
16,-73.8888888889
17,-61.0
18,-67.0
19,-69.0
20,-70.9
21,-67.0
22,-66.2
23,-67.8
24,-67.0
25,-63.3
26,-76.5555555556
