frequency,pdr
11,-61.4
12,-68.3
13,-60.2222222222
14,-75.3
15,-62.3
16,-68.1
17,-65.6
18,-65.9
19,-66.8
20,-69.9
21,-76.7
22,-77.7777777778
23,-77.2
24,-61.0
25,-68.3
26,-65.4
