frequency,pdr
11,-69.7777777778
12,-66.8
13,-69.3333333333
14,-70.2
15,-64.0
16,-74.0
17,-64.3
18,-61.0
19,-63.0
20,-63.3
21,-61.2
22,-73.1
23,-64.0
24,-68.0
25,-61.0
26,-58.0
