frequency,pdr
11,-73.6
12,-71.6
13,-66.1111111111
14,-66.7
15,-61.3
16,-58.4
17,-64.8
18,-68.4545454545
19,-61.0
20,-76.5
21,-74.4
22,-70.0
23,-66.3
24,-67.0
25,-71.9
26,-81.8
