frequency,pdr
11,-67.1111111111
12,-62.0
13,-65.6666666667
14,-63.9
15,-65.6
16,-59.8
17,-61.5
18,-60.8
19,-68.1
20,-58.0
21,-63.5
22,-64.1
23,-64.1
24,-58.9
25,-66.4
26,-69.9
