frequency,pdr
11,-69.4
12,-73.1
13,-66.5555555556
14,-66.3333333333
15,-61.4
16,-68.3
17,-67.0
18,-61.0
19,-55.9
20,-61.0
21,-58.0
22,-69.9
23,-67.3
24,-62.8
25,-55.0
26,-66.9
