frequency,pdr
11,-65.9
12,-70.4
13,-64.7777777778
14,-62.6
15,-68.3
16,-65.7
17,-61.0
18,-67.0
19,-71.0
20,-70.4
21,-70.5
22,-72.2
23,-77.5
24,-67.0
25,-77.7272727273
26,-64.5
