frequency,pdr
11,-61.1
12,-66.0
13,-70.0
14,-72.8888888889
15,-75.25
16,-65.3333333333
17,-62.3
18,-66.7
19,-61.9
20,-57.6
21,-62.5
22,-64.0
23,-71.7
24,-68.2
25,-68.7
26,-61.0
