frequency,pdr
11,-61.0
12,-61.0
13,-68.2222222222
14,-71.8888888889
15,-63.4
16,-73.0
17,-67.0
18,-75.8888888889
19,-64.0
20,-67.0
21,-70.6
22,-58.0
23,-74.3
24,-72.0
25,-67.0
26,-73.4
