frequency,pdr
11,-55.0
12,-58.0
13,-62.4444444444
14,-61.4
15,-63.8
16,-66.4444444444
17,-64.5
18,-55.0
19,-60.2
20,-58.0
21,-63.3
22,-58.0
23,-59.4
24,-58.0
25,-67.0
26,-63.6
