frequency,pdr
11,-64.3333333333
12,-67.0
13,-67.2222222222
14,-68.0
15,-64.0
16,-66.9
17,-65.4
18,-74.3
19,-68.3
20,-68.9
21,-64.6
22,-61.5
23,-70.1
24,-77.1
25,-69.6
26,-64.0
