frequency,pdr
11,-65.6666666667
12,-68.7
13,-66.7777777778
14,-64.0
15,-68.4
16,-62.5
17,-63.3
18,-64.1
19,-64.0
20,-67.3
21,-75.6
22,-65.3
23,-63.2
24,-61.0
25,-80.0
26,-59.4
