frequency,pdr
11,-75.5555555556
12,-65.6
13,-60.2222222222
14,-80.875
15,-70.0
16,-69.2
17,-77.9
18,-69.0
19,-73.4
20,-72.1
21,-74.9
22,-67.1
23,-66.6
24,-68.9
25,-71.4
26,-72.0
