frequency,pdr
11,-63.4444444444
12,-66.0
13,-65.6666666667
14,-70.8
15,-60.2
16,-64.0
17,-72.7
18,-66.2
19,-67.0
20,-68.6
21,-67.0
22,-64.6
23,-67.0
24,-63.0
25,-66.4
26,-69.6
