frequency,pdr
11,-67.1
12,-70.0
13,-70.5
14,-60.9
15,-59.3
16,-68.5555555556
17,-69.1818181818
18,-59.0
19,-67.0
20,-61.9
21,-65.4
22,-69.5
23,-71.3
24,-67.0
25,-68.0
26,-60.9
