frequency,pdr
11,-70.3333333333
12,-64.9
13,-62.3
14,-69.0
15,-63.4
16,-74.2222222222
17,-70.2
18,-68.5
19,-62.8
20,-75.1
21,-64.0
22,-66.4
23,-63.8
24,-73.3
25,-64.0
26,-67.3
