frequency,pdr
11,-61.9
12,-70.0
13,-65.4444444444
14,-61.4
15,-55.0
16,-59.8888888889
17,-72.1
18,-58.4
19,-58.0
20,-69.8
21,-61.0
22,-70.3
23,-68.0
24,-61.0
25,-60.0
26,-67.0
