frequency,pdr
11,-66.8888888889
12,-68.5
13,-62.4444444444
14,-59.4
15,-60.7
16,-70.1
17,-60.8
18,-55.4
19,-63.0
20,-67.0
21,-78.5
22,-59.0
23,-61.0
24,-59.8
25,-69.6
26,-61.8
