frequency,pdr
11,-71.8888888889
12,-65.5
13,-71.9090909091
14,-72.7
15,-61.9
16,-62.5555555556
17,-68.9
18,-73.0
19,-61.0
20,-67.0
21,-66.4
22,-60.6
23,-61.0
24,-70.0
25,-67.5
26,-63.8
