frequency,pdr
11,-67.0
12,-66.6
13,-70.3333333333
14,-59.6
15,-61.0
16,-63.8888888889
17,-64.0
18,-59.4
19,-59.0
20,-71.2
21,-59.0
22,-74.0909090909
23,-67.0
24,-78.8
25,-69.7
26,-71.9
