frequency,pdr
11,-78.1111111111
12,-66.5
13,-70.0
14,-61.7
15,-62.2
16,-68.8888888889
17,-61.7
18,-61.0
19,-73.1
20,-67.0
21,-65.3
22,-64.5
23,-68.1
24,-61.0
25,-61.4
26,-64.0
