frequency,pdr
11,-58.5
12,-67.0
13,-63.8888888889
14,-67.0
15,-67.0
16,-65.4444444444
17,-61.0
18,-74.2
19,-66.1
20,-64.0
21,-70.5
22,-67.0
23,-67.0
24,-66.6
25,-61.4
26,-62.8
