frequency,pdr
11,-63.7
12,-57.3
13,-57.8181818182
14,-64.4
15,-67.0
16,-68.0
17,-60.1818181818
18,-56.8
19,-65.3
20,-65.2
21,-58.6
22,-59.0
23,-64.9
24,-66.1
25,-56.7
26,-61.0
