frequency,pdr
11,-90.0
12,-89.0
13,-89.0
14,-88.0
15,-87.3
16,-87.4
17,-88.1
18,-88.0
19,-88.9
20,-91.0
21,-91.0
22,-88.7777777778
23,-87.6666666667
24,-86.0
25,-88.4
26,-90.4
