frequency,pdr
11,-44.0
12,-46.0909090909
13,-44.1
14,-44.9
15,-45.0
16,-45.5
17,-45.2
18,-45.0
19,-44.9
20,-44.2
21,-46.1818181818
22,-44.0
23,-44.3
24,-45.0
25,-46.0
26,-46.0
