frequency,pdr
11,-90.8888888889
12,-90.6666666667
13,-91.0
14,-89.8888888889
15,-90.4
16,-91.0
21,-91.0
23,-91.0
24,-91.0
25,-90.7
26,-91.0
