frequency,pdr
11,-77.4
12,-79.0
13,-80.2
14,-82.1
15,-89.8
16,-91.0
17,-88.6
18,-83.9
19,-82.0
20,-81.4
21,-81.9
22,-82.1111111111
23,-84.3333333333
24,-90.5
25,-91.0
26,-91.0
