frequency,pdr
11,-90.3333333333
13,-91.0
14,-89.8
15,-88.0
16,-89.0
17,-89.625
18,-89.0
19,-89.8888888889
20,-88.7
21,-90.0
23,-91.0
