frequency,pdr
11,-56.4
12,-56.6
13,-57.8
14,-58.0
15,-58.0
16,-58.0
17,-58.0
18,-58.0
19,-59.8
20,-60.5
21,-61.0
22,-62.8571428571
23,-66.4444444444
24,-75.0
25,-76.0
26,-70.0
