frequency,pdr
11,-75.0
12,-76.0
13,-78.8
14,-82.5
15,-83.3
16,-84.0
17,-89.875
18,-91.0
19,-85.0
20,-82.3
21,-82.8181818182
22,-81.1428571429
23,-82.0
24,-81.0
25,-80.8
26,-81.9
