frequency,pdr
11,-87.9
12,-91.0
13,-91.0
14,-91.0
15,-91.0
16,-91.0
17,-91.0
18,-89.7
19,-88.8
20,-89.1
21,-89.0
22,-88.4444444444
23,-89.7777777778
24,-91.0
25,-91.0
26,-91.0
