frequency,pdr
11,-64.0
12,-62.3
13,-64.0
14,-64.1
15,-66.8
16,-66.9
17,-66.0
18,-65.4
19,-67.0
20,-67.0
21,-67.1
22,-67.5714285714
23,-67.1111111111
24,-69.1
25,-74.1
26,-75.9
