frequency,pdr
11,-88.3
12,-85.5714285714
13,-85.2222222222
14,-88.9
15,-91.0
16,-91.0
17,-91.0
18,-91.0
19,-91.0
20,-90.0
21,-90.8
23,-91.0
24,-91.0
25,-91.0
