frequency,pdr
11,-68.0
12,-69.2
13,-70.0
14,-69.0
15,-70.0
16,-73.0
17,-75.2
18,-74.9
19,-72.6
20,-72.9
21,-76.9090909091
22,-78.6
23,-80.9
24,-91.0
25,-83.9
26,-80.0909090909
