frequency,pdr
11,-90.0
12,-88.0
13,-90.6666666667
14,-91.0
15,-91.0
16,-91.0
17,-91.0
18,-91.0
19,-91.0
20,-90.0
21,-89.8888888889
22,-88.5
23,-90.8571428571
24,-91.0
25,-91.0
26,-91.0
