frequency,pdr
11,-86.6
12,-87.5
13,-88.2222222222
14,-89.5
15,-91.0
16,-91.0
17,-91.0
18,-91.0
19,-91.0
20,-91.0
21,-90.9
22,-90.7142857143
23,-91.0
24,-91.0
25,-91.0
