frequency,pdr
11,-63.5555555556
12,-59.1111111111
13,-58.1
14,-55.2
15,-63.7
16,-62.3
17,-52.0
18,-52.3
19,-56.2
20,-52.0
21,-60.9
22,-51.7
23,-56.6
24,-60.4
25,-55.5
26,-60.5
