frequency,pdr
11,-63.0
12,-66.4545454545
13,-72.8888888889
14,-63.9
15,-61.7
16,-62.7
17,-73.1818181818
18,-64.0
19,-68.0
20,-79.2
21,-76.3
22,-70.8333333333
23,-73.0
24,-61.0
25,-58.0
26,-76.3
