frequency,pdr
11,-54.9
12,-66.3333333333
13,-50.5555555556
14,-55.4
15,-61.0
16,-61.0
17,-60.9
18,-60.6
19,-64.1
20,-70.3
21,-54.2
22,-55.0
23,-67.2
24,-67.2
25,-60.0
26,-61.1
