frequency,pdr
11,-66.2222222222
12,-78.8333333333
13,-63.2222222222
14,-62.0
15,-73.0
16,-71.5
17,-73.1
18,-71.7
19,-75.1
20,-64.0
21,-79.2
22,-61.7
23,-64.0
24,-67.0
25,-66.1
26,-75.6
