frequency,pdr
11,-50.2
12,-51.7777777778
13,-55.8888888889
14,-59.9
15,-52.0
16,-49.8
17,-49.0
18,-46.5
19,-52.3
20,-52.0
21,-57.1
22,-54.3
23,-64.0
24,-67.1
25,-63.8
26,-61.8
