frequency,pdr
11,-61.1
12,-67.1818181818
13,-67.1111111111
14,-67.9
15,-61.0
16,-71.2
17,-64.0
18,-65.8
19,-61.0
20,-64.0
21,-59.9
22,-70.4
23,-64.0
24,-61.0
25,-55.0
26,-60.9
