frequency,pdr
11,-66.1111111111
12,-48.5
13,-54.6
14,-53.0
15,-58.9
16,-76.8
17,-56.0
18,-53.6
19,-58.6
20,-52.0
21,-58.0
22,-52.0
23,-63.4444444444
24,-58.1
25,-62.8
26,-53.3
