frequency,pdr
11,-65.3333333333
12,-63.8
13,-55.2222222222
14,-59.8
15,-58.0
16,-61.0
17,-59.3
18,-61.1
19,-64.0
20,-57.5
21,-55.2
22,-55.0
23,-52.1
24,-54.8
25,-58.0
26,-54.3
