frequency,pdr
11,-58.0
12,-67.8888888889
13,-67.2222222222
14,-67.0
15,-58.0
16,-58.7777777778
17,-63.4
18,-53.1
19,-63.2
20,-58.1
21,-64.6
22,-61.0
23,-67.4
24,-63.2
25,-61.9
26,-60.4
