frequency,pdr
11,-58.9
12,-64.3333333333
13,-57.3333333333
14,-75.2
15,-74.3
16,-64.0
17,-57.7
18,-62.6
19,-55.9
20,-58.0
21,-75.2
22,-71.2
23,-54.8
24,-62.6
25,-55.4
26,-65.3
