frequency,pdr
11,-81.6666666667
12,-67.1111111111
13,-67.0909090909
14,-66.9
15,-67.0
16,-72.0
17,-64.1
18,-63.9
19,-67.0
20,-67.0
21,-72.8
22,-79.0
23,-67.0
24,-67.0
25,-72.0
26,-62.2
