frequency,pdr
11,-51.3
12,-54.6666666667
13,-59.5555555556
14,-52.0
15,-57.1
16,-58.0
17,-49.0
18,-48.8
19,-67.0
20,-67.0
21,-65.8
22,-72.0
23,-51.3
24,-67.0
25,-59.5
26,-69.5
