frequency,pdr
11,-55.1
12,-58.1
13,-61.7777777778
14,-52.0
15,-55.0
16,-55.0
17,-58.1
18,-55.7
19,-73.1111111111
20,-55.0
21,-60.6
22,-63.9
23,-59.0
24,-53.1
25,-52.5
26,-53.5
