frequency,pdr
11,-59.2857142857
12,-60.7272727273
13,-65.3
14,-72.6666666667
15,-65.2
16,-69.5
17,-61.0
18,-59.4
19,-58.4
20,-55.0
21,-61.0
22,-64.3
23,-68.3333333333
24,-65.5
25,-64.0
26,-63.1
