frequency,pdr
11,-60.5
12,-64.7777777778
13,-58.5
14,-78.4444444444
15,-63.9
16,-68.9
17,-58.8
18,-55.0
19,-55.0
20,-55.0
21,-55.0
22,-57.5
23,-55.2
24,-58.0
25,-62.4
26,-67.6
