frequency,pdr
11,-71.3333333333
12,-61.1
13,-64.1111111111
14,-63.5
15,-61.0
16,-64.0
17,-61.0
18,-58.0
19,-62.5
20,-58.6
21,-61.0
22,-66.4
23,-66.9
24,-74.5
25,-61.0
26,-65.8
