frequency,pdr
11,-63.125
12,-57.3333333333
13,-58.4444444444
14,-64.3
15,-61.0
16,-63.9
17,-55.0
18,-50.4
19,-62.6
20,-57.1
21,-54.6
22,-53.3
23,-53.2
24,-61.3
25,-54.3
26,-60.4
