frequency,pdr
11,-56.6666666667
12,-56.9090909091
13,-56.0
14,-67.3
15,-55.1
16,-60.8
17,-62.6
18,-58.0
19,-63.6
20,-55.0
21,-58.0
22,-60.5
23,-69.3
24,-62.3
25,-55.0
26,-59.1
