frequency,pdr
11,-71.4285714286
12,-65.5555555556
13,-70.4444444444
14,-66.9
15,-66.9
16,-72.0
17,-62.5
18,-62.2
19,-75.2
20,-68.6
21,-64.2
22,-68.8
23,-64.9
24,-64.0
25,-64.0
26,-64.3
