frequency,pdr
11,-70.25
12,-60.9
13,-64.2222222222
14,-66.9
15,-71.4
16,-74.3333333333
17,-64.6
18,-61.0
19,-74.0
20,-67.5
21,-67.2
22,-68.0
23,-70.0
24,-61.2
25,-70.0
26,-66.2
