frequency,pdr
11,-64.0
12,-63.7777777778
13,-65.5555555556
14,-70.0
15,-61.8
16,-70.6666666667
17,-62.5
18,-63.2
19,-68.9
20,-62.7
21,-64.1
22,-69.1
23,-73.4444444444
24,-62.9
25,-64.0
26,-59.7
