frequency,pdr
11,-63.0
12,-65.5714285714
13,-67.0
14,-65.0
15,-68.3
16,-67.0
17,-68.0
18,-71.0
19,-81.3333333333
20,-76.0
21,-90.0
22,-70.7
23,-69.6
24,-67.0
25,-67.0
26,-71.0
