frequency,pdr
11,-57.8571428571
12,-55.125
13,-56.6666666667
14,-61.0
15,-58.0
16,-62.2
17,-61.0
18,-68.8888888889
19,-62.0
20,-58.5
21,-63.6
22,-61.0
23,-60.6
24,-59.9
25,-59.9
26,-60.1
