frequency,pdr
11,-55.4
12,-55.0
13,-55.4444444444
14,-54.9
15,-52.4
16,-55.0
17,-55.0
18,-53.8888888889
19,-56.0
20,-58.0
21,-57.4
22,-61.0
23,-59.9
24,-58.0
25,-61.0
26,-58.0
