frequency,pdr
11,-61.0
12,-60.8333333333
13,-62.625
14,-68.3
15,-78.7
16,-67.0
17,-64.0
18,-64.0
19,-59.4444444444
20,-61.0
21,-61.0
22,-69.1
23,-77.6
24,-67.4
25,-61.7
26,-63.9
