frequency,pdr
11,-54.8333333333
12,-55.0
13,-57.25
14,-55.0
15,-55.0
16,-58.0
17,-55.2
18,-54.7
19,-54.8888888889
20,-55.0
21,-55.0
22,-55.0
23,-56.6
24,-58.0
25,-62.6
26,-76.5
