frequency,pdr
11,-65.8888888889
12,-66.6666666667
13,-66.5
14,-64.2
15,-67.0
16,-70.0
17,-70.0
18,-68.7777777778
19,-72.9
20,-79.0
21,-79.0
22,-75.5
23,-67.1
24,-67.0
25,-69.8
26,-70.0
