frequency,pdr
11,-78.6
12,-77.4285714286
13,-70.625
14,-70.0
15,-65.0
16,-63.6666666667
17,-64.0
18,-67.0
19,-69.7
20,-73.6
21,-80.0
22,-78.4
23,-76.4
24,-75.0
25,-73.0
26,-70.0
