frequency,pdr
11,-51.0
12,-52.0
13,-54.9
14,-55.0
15,-55.7
16,-58.8888888889
17,-62.0
18,-70.2222222222
19,-76.0
20,-82.9
21,-63.4
22,-59.0
23,-58.0
24,-55.0
25,-55.0
26,-55.0
