frequency,pdr
11,-63.75
12,-73.8333333333
13,-75.375
14,-67.7
15,-68.0
16,-70.8571428571
17,-67.0
18,-65.0
19,-68.5
20,-83.2
21,-68.2
22,-64.0
23,-64.1
24,-69.9
25,-76.3
26,-65.1
