frequency,pdr
11,-77.8571428571
12,-72.0
13,-66.4285714286
14,-64.5
15,-64.0
16,-67.0
17,-69.2
18,-70.0
19,-78.375
20,-73.0
21,-70.6
22,-70.0
23,-70.0
24,-69.0
25,-70.0
26,-83.3
