frequency,pdr
11,-60.3333333333
12,-58.0
13,-59.7777777778
14,-64.5
15,-64.7
16,-61.0
17,-59.6
18,-60.7777777778
19,-60.875
20,-63.0
21,-64.2
22,-66.0
23,-63.0
24,-66.0
25,-67.0
26,-68.0
