frequency,pdr
11,-64.8333333333
12,-67.0
13,-76.5714285714
14,-75.2
15,-67.0
16,-63.875
17,-65.1
18,-67.0
19,-68.75
20,-67.0
21,-67.0
22,-67.0
23,-67.0
24,-67.0
25,-73.0
26,-71.4
