frequency,pdr
11,-67.8571428571
12,-72.375
13,-60.875
14,-59.4
15,-67.2
16,-65.7777777778
17,-64.9
18,-69.8888888889
19,-66.4444444444
20,-64.0
21,-64.0
22,-66.8
23,-76.8
24,-68.5
25,-64.0
26,-67.1
