frequency,pdr
11,-64.0
12,-65.375
13,-65.875
14,-62.0
15,-60.6
16,-62.8888888889
17,-66.3333333333
18,-72.0
19,-70.0
20,-77.7
21,-70.1
22,-69.0
23,-67.0
24,-64.0
25,-65.2
26,-65.2
