frequency,pdr
11,-63.6666666667
12,-69.4285714286
13,-71.125
14,-67.0
15,-67.0
16,-67.1111111111
17,-66.0
18,-64.0
19,-64.1
20,-67.9
21,-76.0
22,-72.8
23,-73.5
24,-73.0
25,-67.1
26,-67.0
