frequency,pdr
11,-70.0
12,-77.7142857143
13,-67.0
14,-64.7
15,-67.0
16,-70.2222222222
17,-77.3333333333
18,-78.0
19,-73.2
20,-72.1
21,-77.8
22,-71.3
23,-70.0
24,-69.0
25,-70.0
26,-78.2
