frequency,pdr
11,-58.5
12,-57.8571428571
13,-55.0
14,-55.0
15,-60.2
16,-68.7777777778
17,-67.3333333333
18,-66.6666666667
19,-68.125
20,-69.9
21,-62.3
22,-58.0
23,-58.0
24,-57.7
25,-63.1
26,-66.6
