frequency,pdr
11,-87.9
12,-88.0
13,-88.4
14,-89.5
15,-90.0
16,-90.7142857143
17,-91.0
18,-90.8888888889
19,-90.8888888889
20,-91.0
21,-90.8888888889
25,-91.0
26,-91.0
