frequency,pdr
11,-88.0
12,-87.6
13,-87.3
14,-86.8
15,-87.1
16,-88.0
17,-89.2
18,-89.5555555556
19,-90.7
20,-91.0
21,-91.0
22,-89.8571428571
23,-90.5555555556
24,-91.0
25,-91.0
26,-91.0
