frequency,pdr
11,-81.5
12,-80.5
13,-80.5
14,-82.0
15,-82.0
16,-82.0
17,-82.4
18,-83.6
19,-85.0
20,-87.7
21,-90.7142857143
22,-89.7777777778
23,-88.0
24,-86.0
25,-85.9
26,-86.8
