frequency,pdr
11,-87.0
12,-89.4285714286
13,-91.0
15,-91.0
16,-91.0
17,-91.0
18,-88.0
19,-86.0
20,-85.0
21,-85.0
22,-84.6666666667
23,-86.0
24,-87.0
25,-87.8
26,-89.0
