frequency,pdr
11,-82.0
12,-82.0
13,-82.8
14,-84.5555555556
15,-86.5
16,-87.9
17,-88.0
18,-90.5555555556
19,-90.9
20,-91.0
23,-91.0
24,-91.0
25,-91.0
26,-91.0
