frequency,pdr
11,-80.1
12,-80.3
13,-79.0
14,-79.3
15,-82.0
16,-86.8
17,-90.0
18,-84.9
19,-85.0
20,-85.0
21,-82.4
22,-83.1111111111
23,-87.2222222222
24,-90.0
25,-89.0
26,-86.8
