frequency,pdr
11,-82.4444444444
12,-87.75
14,-89.1111111111
15,-83.0
16,-82.4
17,-83.0
18,-81.9
19,-81.0
20,-81.0
21,-82.0
22,-83.0
23,-86.0
24,-90.8888888889
25,-91.0
26,-89.8
