frequency,pdr
11,-88.0
12,-89.0
13,-90.6666666667
14,-91.0
15,-91.0
16,-91.0
17,-89.4285714286
18,-87.8
19,-87.0
20,-86.3
21,-89.1111111111
23,-91.0
24,-90.1111111111
25,-90.8
26,-90.4
