frequency,pdr
11,-80.2
12,-80.1
13,-81.7
14,-82.1
15,-85.0
16,-85.9
17,-86.2222222222
18,-87.3333333333
19,-86.7
20,-85.0
21,-84.8
22,-85.6
23,-87.8888888889
24,-89.4
25,-90.3
26,-89.7
