frequency,pdr
11,-76.0
12,-76.0
13,-75.7
14,-76.0
15,-78.0
16,-79.0
17,-82.0
18,-85.875
19,-91.0
20,-91.0
21,-86.4444444444
22,-82.5714285714
23,-81.7777777778
24,-80.9
25,-82.0
26,-82.0
