frequency,pdr
11,-87.2
12,-89.875
13,-88.5
14,-88.0
15,-88.4
16,-89.1111111111
17,-90.1111111111
18,-90.0
19,-91.0
20,-91.0
21,-91.0
23,-91.0
24,-91.0
26,-91.0
