frequency,pdr
11,-55.9
12,-60.7
13,-54.8888888889
14,-57.2222222222
15,-67.0
16,-67.0
17,-64.5
18,-67.0
19,-68.25
20,-61.0
21,-54.9
22,-55.0
23,-54.4
24,-51.7
25,-52.0
26,-52.0
