frequency,pdr
11,-46.8888888889
12,-49.0
13,-51.3
14,-49.4444444444
15,-49.0
16,-49.0
17,-48.8
18,-49.0
19,-49.0
20,-52.0
21,-53.5
22,-52.0
23,-49.4
24,-49.0
25,-49.0
26,-49.0
