frequency,pdr
11,-53.875
12,-53.3333333333
13,-55.0
14,-55.1111111111
15,-56.6
16,-60.9
17,-65.6666666667
18,-56.1
19,-54.6666666667
20,-54.0
21,-58.7
22,-55.0
23,-50.1
24,-49.0
25,-49.1
26,-51.7
