frequency,pdr
11,-46.0
12,-46.0
13,-48.9
14,-53.875
15,-58.0
16,-72.0
17,-57.5
18,-53.8888888889
19,-54.6666666667
20,-55.0
21,-55.0
22,-52.0
23,-52.0
24,-54.0
25,-55.0
26,-55.9
