frequency,pdr
11,-59.5
12,-64.0
13,-60.5555555556
14,-63.375
15,-52.0
16,-49.0
17,-46.5714285714
18,-49.7
19,-54.0
20,-60.1
21,-64.3
22,-64.0
23,-55.0
24,-52.0
25,-53.8
26,-55.0
