frequency,pdr
11,-52.0
12,-53.9
13,-57.5555555556
14,-61.0
15,-59.3
16,-65.7777777778
17,-64.6
18,-59.1
19,-58.375
20,-58.0
21,-59.3
22,-60.5
23,-61.0
24,-62.7
25,-55.4
26,-55.0
