frequency,pdr
11,-67.0
12,-67.1111111111
13,-72.7777777778
14,-80.3333333333
15,-87.0
16,-81.4444444444
17,-78.5
18,-82.0
19,-80.75
20,-70.0
21,-70.0
23,-73.0
24,-69.1
25,-73.0
26,-70.0
