frequency,pdr
11,-46.0
12,-46.1
13,-46.0
14,-51.1111111111
15,-58.0
16,-52.0
17,-51.5714285714
18,-52.0
19,-56.8571428571
20,-66.3
21,-62.5
22,-52.0
23,-49.8
24,-52.0
25,-52.0
26,-55.0
