frequency,pdr
11,-50.2222222222
12,-49.3
13,-52.4
14,-54.9
15,-61.0
16,-67.0
17,-57.7142857143
18,-54.8
19,-52.0
20,-47.4
21,-49.0
22,-49.0
23,-50.8
24,-51.7
25,-52.0
26,-52.1
