frequency,pdr
11,-62.1
12,-61.0
13,-64.0
14,-67.8
15,-77.8
16,-67.0
17,-64.6666666667
18,-65.6666666667
19,-61.0
20,-62.0
21,-63.3
22,-68.8
23,-76.9
24,-67.1
25,-64.0
26,-64.0
