frequency,pdr
11,-62.5555555556
12,-58.9
13,-63.4444444444
14,-66.9
15,-69.8
16,-71.5555555556
17,-77.8
18,-62.0
19,-62.2
20,-70.0
21,-71.0
22,-64.2
23,-63.0
24,-72.3
25,-67.0
26,-63.2
