frequency,pdr
11,-77.0
12,-66.8888888889
13,-63.9
14,-68.6
15,-72.8
16,-66.7777777778
17,-69.25
18,-69.0
19,-64.8
20,-69.7
21,-71.0
22,-64.0
23,-62.1
24,-64.0
25,-67.0
26,-69.3
