frequency,pdr
11,-48.9
12,-51.8
13,-59.125
14,-69.5555555556
15,-58.6
16,-65.2222222222
17,-59.3
18,-55.6
19,-51.0
20,-49.3
21,-50.8
22,-57.7
23,-55.0
24,-52.0
25,-52.0
26,-54.9
