frequency,pdr
11,-55.0
12,-65.5
13,-54.8888888889
14,-50.9
15,-53.6
16,-62.4444444444
17,-55.0
18,-51.9
19,-52.0
20,-55.0
21,-58.0
22,-61.8
23,-72.5
24,-64.1
25,-61.0
26,-58.0
