frequency,pdr
11,-52.3333333333
12,-49.3333333333
13,-51.3
14,-51.8888888889
15,-54.0
16,-54.0
17,-52.0
18,-53.0
19,-52.0
20,-52.0
21,-52.0
22,-55.0
23,-55.0
24,-58.9
25,-61.0
26,-63.6
