frequency,pdr
11,1.5873015873
12,1.5873015873
13,1.5873015873
14,0.952380952381
15,1.26984126984
16,1.42857142857
17,0.793650793651
18,1.26984126984
19,1.42857142857
20,1.42857142857
21,1.5873015873
22,1.5873015873
23,1.5873015873
24,1.5873015873
25,1.5873015873
26,1.5873015873
