frequency,pdr
11,-88.6
12,-86.5555555556
13,-91.0
14,-91.0
15,-86.0
16,-85.5
17,-91.0
18,-90.125
19,-91.0
20,-87.1
21,-87.6
22,-88.8571428571
23,-88.2857142857
24,-87.1
25,-88.1
26,-90.0
