frequency,pdr
11,-91.0
12,-91.0
13,-91.0
14,-91.0
15,-90.9
16,-85.0
17,-84.5714285714
18,-84.4444444444
19,-87.0
20,-88.0
21,-91.0
23,-91.0
25,-91.0
26,-91.0
