frequency,pdr
14,-91.0
15,-91.0
16,-91.0
17,-91.0
18,-91.0
19,-89.0
20,-87.1
21,-88.2
22,-88.6666666667
23,-91.0
24,-90.8888888889
25,-90.0
26,-90.0
