frequency,pdr
11,-86.2
12,-86.9
13,-89.1
14,-90.0
15,-90.0
16,-90.1
17,-89.7777777778
18,-89.0
19,-89.6
20,-89.0
21,-90.2222222222
23,-91.0
24,-91.0
25,-91.0
26,-91.0
