frequency,pdr
11,-90.0
12,-89.5555555556
13,-87.1666666667
14,-86.3
15,-88.6
16,-91.0
17,-91.0
18,-91.0
23,-91.0
24,-91.0
25,-91.0
26,-91.0
