frequency,pdr
11,-82.0
12,-79.0
13,-78.3333333333
14,-76.0
15,-76.0
16,-78.5
17,-79.0
18,-79.0
19,-81.5
20,-81.8
21,-81.9
22,-84.2857142857
23,-84.0
24,-79.8
25,-78.7
26,-78.7
