frequency,pdr
11,-82.0
12,-89.5714285714
13,-90.8888888889
14,-84.8
15,-82.1
16,-84.0
17,-84.6
18,-82.0
19,-79.0
20,-79.0
21,-77.3
22,-76.0
23,-76.0
24,-76.0
25,-77.1
26,-79.0
