frequency,pdr
11,-86.9
12,-87.3333333333
13,-89.2222222222
14,-90.0
15,-90.6666666667
16,-91.0
17,-91.0
18,-91.0
19,-91.0
20,-91.0
21,-91.0
23,-91.0
24,-90.6666666667
25,-89.9
26,-89.6
