frequency,pdr
11,-82.0
12,-86.0
13,-85.7
14,-86.0
15,-87.4444444444
16,-89.6
17,-91.0
18,-91.0
19,-90.5
20,-90.0
21,-90.3333333333
23,-91.0
24,-89.2222222222
25,-85.0
26,-82.2
