frequency,pdr
11,-55.0
12,-50.7
13,-54.6
14,-60.2222222222
15,-66.2222222222
16,-59.0
17,-55.5
18,-46.0
19,-48.3
20,-47.5
21,-46.6
22,-43.0
23,-43.0
24,-40.0
25,-43.0
26,-39.7
