frequency,pdr
11,-46.0
12,-49.2
13,-48.2
14,-51.5555555556
15,-53.5555555556
16,-55.4
17,-55.3
18,-46.8
19,-49.0
20,-54.9
21,-51.9
22,-48.3
23,-48.8
24,-49.0
25,-55.7
26,-53.2
