frequency,pdr
11,-65.7777777778
12,-61.5555555556
13,-68.2
14,-79.375
15,-58.0
16,-63.5
17,-58.0
18,-64.1
19,-60.0
20,-63.7
21,-61.6
22,-61.0
23,-67.0
24,-67.0
25,-64.0
26,-58.0
