frequency,pdr
11,-54.9
12,-56.9
13,-63.3
14,-45.7777777778
15,-53.2222222222
16,-52.0
17,-53.7
18,-50.3
19,-54.2
20,-49.0
21,-54.2
22,-61.3
23,-55.0
24,-53.4
25,-51.5
26,-50.1
