frequency,pdr
11,-68.7
12,-63.2222222222
13,-70.0
14,-58.7777777778
15,-69.2222222222
16,-61.0
17,-69.5
18,-64.4
19,-61.0
20,-61.0
21,-61.5
22,-79.6666666667
23,-63.0
24,-58.6
25,-62.4
26,-58.0
