frequency,pdr
11,-57.5
12,-54.0
13,-66.7
14,-53.6666666667
15,-62.2222222222
16,-62.3
17,-52.0
18,-52.0
19,-55.0
20,-49.0
21,-54.1
22,-55.0
23,-58.2
24,-65.0
25,-67.1
26,-64.0
