frequency,pdr
11,-76.2222222222
12,-71.5454545455
13,-67.1
14,-66.6666666667
15,-71.2
16,-61.0
17,-63.1
18,-58.0
19,-69.7
20,-71.5
21,-68.9
22,-70.0
23,-68.5
24,-64.9
25,-64.0
26,-63.3
