frequency,pdr
11,-60.6
12,-69.1111111111
13,-67.0
14,-61.6
15,-67.2222222222
16,-64.0
17,-66.9
18,-63.0
19,-61.0
20,-62.9
21,-66.5
22,-67.0
23,-76.0
24,-67.0
25,-64.0
26,-66.1818181818
