frequency,pdr
11,-46.0
12,-45.5
13,-43.4
14,-58.8888888889
15,-58.8888888889
16,-47.4
17,-46.0
18,-46.1
19,-55.0
20,-50.2
21,-55.1
22,-48.0
23,-46.0
24,-53.5
25,-55.0
26,-57.2
