frequency,pdr
11,-76.2222222222
12,-67.0
13,-65.3
14,-58.0
15,-60.8888888889
16,-59.7
17,-63.9
18,-79.6
19,-65.4
20,-67.0
21,-67.0
22,-69.4
23,-67.0
24,-68.8
25,-67.0
26,-66.4
