frequency,pdr
11,-58.1
12,-52.3333333333
13,-61.8
14,-52.0
15,-63.1111111111
16,-47.0
17,-63.6
18,-54.7
19,-60.2
20,-60.6
21,-59.1
22,-55.2
23,-54.5
24,-55.1
25,-55.0
26,-57.4
