frequency,pdr
11,-58.0
12,-63.0
13,-61.0
14,-56.5555555556
15,-68.3333333333
16,-59.7
17,-62.4
18,-64.1
19,-64.3
20,-70.3
21,-68.5
22,-69.5
23,-63.9
24,-61.7
25,-59.2
26,-57.0
