frequency,pdr
11,-54.4
12,-58.0
13,-60.3
14,-67.8888888889
15,-78.6666666667
16,-58.4
17,-65.5
18,-63.0
19,-61.3
20,-63.5
21,-58.0
22,-71.1
23,-67.4
24,-61.0
25,-67.1
26,-58.0
