frequency,pdr
11,-52.5
12,-62.1
13,-55.0
14,-66.8888888889
15,-59.5555555556
16,-71.5
17,-54.0
18,-54.1
19,-53.0
20,-56.5
21,-55.0
22,-57.0
23,-69.2
24,-55.0
25,-65.7
26,-64.1
