frequency,pdr
11,-79.4444444444
12,-66.0
13,-66.4
14,-62.3333333333
15,-70.2222222222
16,-55.0
17,-55.6
18,-65.9
19,-70.2
20,-55.0
21,-65.3
22,-68.5
23,-61.0
24,-55.0
25,-55.0
26,-55.0
