frequency,pdr
11,-70.2222222222
12,-58.1111111111
13,-55.0
14,-56.1
15,-56.4
16,-58.2
17,-55.0
18,-55.0
19,-62.9
20,-55.3
21,-61.2
22,-60.9
23,-52.3
24,-64.0
25,-60.9
26,-67.0
