frequency,pdr
11,-56.9
12,-55.0
13,-57.1
14,-60.2222222222
15,-72.3333333333
16,-64.8
17,-61.1
18,-67.1
19,-64.5
20,-57.2
21,-60.0
22,-61.1
23,-61.0
24,-66.5
25,-70.0
26,-59.5
