frequency,pdr
11,-47.3
12,-49.4444444444
13,-53.2
14,-63.1111111111
15,-54.0
16,-52.0
17,-54.3
18,-48.3
19,-59.4
20,-55.0
21,-56.3
22,-55.0
23,-52.0
24,-50.5
25,-49.0
26,-52.0
