frequency,pdr
11,-63.7
12,-60.8888888889
13,-64.4
14,-61.5555555556
15,-67.0
16,-67.0
17,-64.6
18,-70.0
19,-71.6
20,-67.0
21,-65.7
22,-69.6
23,-67.0
24,-67.0
25,-65.9
26,-63.0
