frequency,pdr
11,-62.9
12,-57.8888888889
13,-62.3
14,-62.6
15,-67.0
16,-73.6
17,-60.2
18,-66.4
19,-69.1
20,-71.2
21,-64.3
22,-64.8
23,-66.6
24,-65.7
25,-61.0
26,-77.6666666667
