frequency,pdr
11,-54.8
12,-63.5555555556
13,-51.6
14,-54.8888888889
15,-60.5555555556
16,-52.0
17,-49.6
18,-61.0
19,-49.0
20,-51.4
21,-54.8
22,-56.3
23,-47.7
24,-52.0
25,-54.0
26,-54.3
