frequency,pdr
11,-63.8
12,-65.3333333333
13,-64.5
14,-63.3
15,-55.8888888889
16,-63.0
17,-75.7
18,-64.1
19,-67.3
20,-58.0
21,-60.3
22,-55.0
23,-60.0
24,-75.8
25,-64.0
26,-64.0
