frequency,pdr
11,-67.0
12,-74.0
13,-66.7
14,-61.0
15,-66.4444444444
16,-73.8
17,-62.9
18,-66.2
19,-71.1
20,-76.5
21,-70.0
22,-76.8888888889
23,-71.4
24,-65.4
25,-62.7
26,-66.3
