frequency,pdr
11,-64.1
12,-64.0
13,-62.5
14,-55.3333333333
15,-68.1111111111
16,-66.1
17,-61.0
18,-64.1
19,-64.0
20,-61.0
21,-67.8
22,-57.5
23,-69.5
24,-61.4
25,-64.1
26,-59.8
