frequency,pdr
11,-54.1111111111
12,-46.1111111111
13,-49.2
14,-65.5
15,-53.9
16,-51.5
17,-55.8
18,-55.3
19,-46.0
20,-49.0
21,-49.0
22,-62.5
23,-51.2
24,-52.0
25,-48.1
26,-55.9
