frequency,pdr
11,-60.5
12,-56.0
13,-55.0
14,-54.5555555556
15,-54.5555555556
16,-63.7
17,-55.0
18,-58.3
19,-61.3
20,-67.5
21,-55.0
22,-54.8
23,-55.0
24,-59.0
25,-55.0
26,-55.0
