frequency,pdr
11,-62.7
12,-59.5454545455
13,-67.0
14,-58.1111111111
15,-64.0
16,-67.8
17,-73.6
18,-71.7
19,-58.0
20,-61.0
21,-60.3
22,-68.0
23,-67.0
24,-63.2
25,-77.4
26,-63.7
