frequency,pdr
11,-70.0
12,-73.4444444444
13,-79.6
14,-69.7777777778
15,-73.6666666667
16,-75.9
17,-61.6
18,-67.0
19,-70.0
20,-72.7
21,-65.0
22,-67.1
23,-57.2
24,-64.0
25,-77.1
26,-63.4
