frequency,pdr
11,-58.0
12,-68.1111111111
13,-59.1
14,-67.0
15,-63.4444444444
16,-61.4
17,-61.0
18,-60.5
19,-58.0
20,-69.5
21,-59.7
22,-59.4
23,-58.0
24,-58.0
25,-62.6
26,-79.2222222222
