frequency,pdr
11,-55.0
12,-49.3333333333
13,-52.0
14,-58.4
15,-54.8888888889
16,-54.7
17,-55.0
18,-50.5
19,-52.0
20,-56.2
21,-51.0
22,-53.4
23,-47.5
24,-46.0
25,-49.0
26,-49.7
