frequency,pdr
11,-58.0
12,-57.8
13,-55.0
14,-68.7777777778
15,-61.3333333333
16,-63.3
17,-52.0
18,-51.1
19,-54.0
20,-66.0
21,-55.1
22,-58.0
23,-67.0
24,-69.7
25,-62.1
26,-64.3
