frequency,pdr
11,-56.0909090909
12,-61.0
13,-61.2222222222
14,-64.6
15,-67.0
16,-80.1
17,-70.0
18,-77.1
19,-66.5
20,-68.6
21,-70.5
22,-67.0
23,-65.5
24,-69.9
25,-67.0
26,-60.0
