frequency,pdr
11,-63.4
12,-60.8181818182
13,-60.8888888889
14,-61.0
15,-58.3
16,-60.1
17,-60.1
18,-61.8
19,-67.0
20,-64.0
21,-78.0
22,-71.4
23,-72.4
24,-61.0
25,-64.0
26,-61.0
