frequency,pdr
11,-62.4444444444
12,-60.9
13,-58.8
14,-68.7777777778
15,-64.1111111111
16,-61.4
17,-70.6
18,-66.3
19,-65.1
20,-66.4
21,-68.5
22,-55.0
23,-62.7
24,-58.0
25,-59.5
26,-63.1
