frequency,pdr
11,-66.9
12,-61.2222222222
13,-69.4444444444
14,-72.2
15,-65.2222222222
16,-66.1
17,-67.0
18,-65.2
19,-61.3
20,-68.5
21,-60.1
22,-73.9
23,-68.9
24,-67.0
25,-63.5
26,-63.9
