frequency,pdr
11,-57.1
12,-60.3636363636
13,-71.5555555556
14,-60.0
15,-58.7
16,-61.0
17,-63.1
18,-58.0
19,-64.0
20,-59.9
21,-60.9
22,-63.1
23,-63.1
24,-73.6
25,-59.8
26,-64.0
