frequency,pdr
11,-63.5
12,-71.8888888889
13,-68.4444444444
14,-64.4
15,-63.0
16,-61.0
17,-67.7
18,-67.0
19,-65.2
20,-64.0
21,-64.1
22,-69.5
23,-61.0
24,-64.0
25,-62.9
26,-62.6
