frequency,pdr
11,-43.9
12,-50.5555555556
13,-47.7777777778
14,-52.0
15,-46.0
16,-46.0
17,-46.0
18,-50.0
19,-47.0
20,-43.0
21,-44.0
22,-43.0
23,-46.0
24,-48.0
25,-46.0
26,-53.2
