frequency,pdr
11,-62.6
12,-61.0
13,-66.2222222222
14,-61.0
15,-53.1111111111
16,-66.3
17,-62.6
18,-61.0
19,-67.0
20,-70.8
21,-74.7
22,-65.7
23,-67.2
24,-62.2
25,-63.9
26,-58.0
