frequency,pdr
11,-60.9
12,-69.4444444444
13,-73.8888888889
14,-59.2
15,-64.3333333333
16,-60.9
17,-58.0
18,-55.0
19,-60.0
20,-61.6
21,-64.0
22,-65.4
23,-64.0
24,-62.7
25,-73.2
26,-60.0
