frequency,pdr
11,-62.5
12,-67.0
13,-63.6666666667
14,-73.8888888889
15,-57.6
16,-67.0
17,-65.7
18,-67.0
19,-61.0
20,-58.0
21,-56.4
22,-64.3
23,-77.5
24,-65.0
25,-67.0
26,-55.2
