frequency,pdr
11,-59.6
12,-61.3333333333
13,-66.7
14,-68.7777777778
15,-68.1111111111
16,-55.0
17,-62.5
18,-62.3
19,-55.0
20,-55.0
21,-55.0
22,-69.0
23,-58.0
24,-67.0
25,-63.3
26,-63.6
