frequency,pdr
11,-66.9
12,-71.7777777778
13,-62.3
14,-69.5
15,-73.3333333333
16,-61.0
17,-63.0
18,-63.6
19,-69.1
20,-72.0
21,-64.0
22,-61.9
23,-62.0
24,-67.5
25,-55.5
26,-61.0
