frequency,pdr
11,-64.5
12,-79.4444444444
13,-67.0
14,-66.5454545455
15,-67.0
16,-67.0
17,-68.2
18,-67.0
19,-68.0
20,-74.2
21,-67.0
22,-66.6
23,-61.0
24,-66.0
25,-66.4
26,-75.3
