frequency,pdr
11,-59.6
12,-66.8888888889
13,-66.5555555556
14,-65.1
15,-71.0
16,-61.0
17,-61.0
18,-65.4
19,-62.6
20,-59.7
21,-58.0
22,-63.1
23,-67.0
24,-68.2
25,-72.3
26,-67.8
