frequency,pdr
11,-69.4
12,-66.7777777778
13,-67.7777777778
14,-66.9
15,-67.0
16,-66.9
17,-64.5
18,-66.7
19,-76.3
20,-62.1
21,-62.0
22,-68.7
23,-69.5
24,-61.0
25,-62.0
26,-66.2
