frequency,pdr
11,-66.5555555556
12,-76.3333333333
13,-76.9
14,-67.0
15,-70.0
16,-66.2
17,-64.0
18,-62.0
19,-61.0
20,-65.1
21,-64.0
22,-62.0
23,-61.0
24,-64.0
25,-77.5
26,-72.1
