frequency,pdr
11,-57.8
12,-62.2222222222
13,-59.1
14,-68.0
15,-70.5555555556
16,-64.0
17,-59.8
18,-60.8
19,-67.0
20,-65.2
21,-61.0
22,-58.3
23,-63.0
24,-66.1
25,-67.0
26,-68.2
