frequency,pdr
11,-52.0
12,-57.4444444444
13,-55.0
14,-52.0
15,-56.1111111111
16,-60.3
17,-61.8
18,-60.9
19,-74.0
20,-73.4
21,-58.0
22,-56.3
23,-74.0
24,-58.4
25,-62.0
26,-67.0
