frequency,pdr
11,-66.0
12,-57.9090909091
13,-55.0
14,-58.1
15,-68.1111111111
16,-62.6
17,-69.2
18,-67.5
19,-65.4
20,-67.2
21,-66.8
22,-67.0
23,-61.0
24,-62.3
25,-76.1
26,-66.1
