frequency,pdr
11,-67.0
12,-77.8888888889
13,-71.1111111111
14,-66.5
15,-62.6666666667
16,-60.3
17,-69.8
18,-81.9
19,-62.4
20,-61.0
21,-69.4
22,-66.3
23,-57.7
24,-68.2
25,-61.0
26,-69.5
