frequency,pdr
11,-63.0
12,-62.8888888889
13,-62.5555555556
14,-70.6666666667
15,-54.8
16,-54.1
17,-60.1
18,-64.4
19,-67.0
20,-61.0
21,-58.2
22,-55.0
23,-59.7
24,-72.5
25,-58.0
26,-56.4
