frequency,pdr
11,-62.0
12,-65.7777777778
13,-58.1
14,-68.1
15,-67.0
16,-59.0
17,-61.4
18,-60.0
19,-83.4444444444
20,-64.0
21,-62.3
22,-58.0
23,-67.0
24,-68.0
25,-62.8
26,-61.0
