frequency,pdr
11,-69.6
12,-77.2222222222
13,-67.0
14,-61.0
15,-64.5
16,-71.5
17,-67.1
18,-67.0
19,-67.0
20,-58.1
21,-67.6
22,-66.2727272727
23,-63.2
24,-60.3
25,-65.5
26,-68.5
