frequency,pdr
11,-59.8
12,-64.6666666667
13,-60.1111111111
14,-61.1
15,-67.0
16,-61.0
17,-62.8
18,-55.5
19,-56.5
20,-61.0
21,-55.6
22,-62.9
23,-67.0
24,-74.1
25,-68.0
26,-69.0
