frequency,pdr
11,-73.0
12,-66.6666666667
13,-63.8
14,-64.0
15,-65.3333333333
16,-61.0
17,-61.0
18,-58.1
19,-62.2
20,-62.0
21,-67.0
22,-68.2
23,-79.8
24,-61.8
25,-61.0
26,-58.0
