frequency,pdr
11,-62.3
12,-68.6666666667
13,-69.7777777778
14,-69.4
15,-63.0
16,-65.4
17,-58.1
18,-73.0
19,-68.3
20,-70.3
21,-61.0
22,-61.0
23,-64.0
24,-68.5
25,-62.7
26,-66.7
