frequency,pdr
11,-58.0
12,-62.7777777778
13,-60.4444444444
14,-70.2
15,-49.1
16,-55.0
17,-51.0
18,-52.0
19,-61.0
20,-55.0
21,-64.0
22,-51.0
23,-51.7
24,-57.3
25,-54.7
26,-58.2
