frequency,pdr
11,-61.0
12,-55.2
13,-65.8888888889
14,-67.0
15,-70.3333333333
16,-61.0
17,-55.5
18,-66.2
19,-61.0
20,-70.5
21,-64.2
22,-66.7
23,-62.8
24,-58.0
25,-59.0
26,-64.0
