frequency,pdr
11,-67.5
12,-48.6
13,-49.3333333333
14,-61.0
15,-54.2222222222
16,-55.0
17,-67.7
18,-55.5
19,-61.6
20,-69.2
21,-52.0
22,-49.0
23,-49.0
24,-47.3
25,-45.4
26,-47.9
