frequency,pdr
11,-67.0
12,-69.3333333333
13,-80.9
14,-61.1
15,-64.5555555556
16,-58.0
17,-60.8
18,-64.2
19,-61.0
20,-73.0
21,-64.0
22,-66.4
23,-76.8
24,-71.3
25,-62.0
26,-61.0
