frequency,pdr
11,-71.4444444444
12,-73.5555555556
13,-65.5555555556
14,-67.5
15,-67.8
16,-63.5
17,-62.5
18,-68.8
19,-61.0
20,-64.1
21,-70.0
22,-71.0
23,-71.2
24,-67.0
25,-69.0
26,-71.0
