frequency,pdr
11,-65.6
12,-64.0
13,-71.0
14,-62.0
15,-61.7777777778
16,-61.3
17,-61.7
18,-65.3
19,-67.0
20,-70.0
21,-70.0
22,-62.6
23,-65.1
24,-67.0
25,-74.6363636364
26,-64.0
