frequency,pdr
11,-61.9
12,-65.4444444444
13,-62.4444444444
14,-63.9
15,-67.0
16,-61.0
17,-66.5
18,-64.0
19,-67.0
20,-73.9
21,-73.0
22,-69.4
23,-70.0
24,-67.0
25,-65.3
26,-62.2
