frequency,pdr
11,-57.2
12,-56.3
13,-75.3333333333
14,-56.0
15,-61.2222222222
16,-55.9
17,-57.0
18,-61.7
19,-57.1
20,-55.0
21,-56.8
22,-58.0
23,-58.0
24,-72.2
25,-64.0
26,-70.1
