frequency,pdr
11,-59.4
12,-61.1111111111
13,-64.0
14,-58.3
15,-61.4444444444
16,-63.9
17,-65.8
18,-55.0
19,-52.0
20,-55.0
21,-52.0
22,-68.3
23,-59.0
24,-67.0
25,-58.0
26,-58.0
