frequency,pdr
11,-61.8
12,-67.1111111111
13,-70.3333333333
14,-59.4
15,-64.5
16,-64.0
17,-71.4
18,-67.0
19,-60.5
20,-67.0
21,-82.6
22,-67.0
23,-74.8
24,-67.0
25,-74.9
26,-70.6
