frequency,pdr
11,-61.0
12,-68.4444444444
13,-63.2
14,-57.4
15,-68.4444444444
16,-64.0
17,-61.4
18,-63.1
19,-55.0
20,-61.8
21,-55.0
22,-62.9
23,-65.1
24,-61.0
25,-61.8
26,-66.8
