frequency,pdr
11,-69.4
12,-72.0
13,-59.3333333333
14,-66.8
15,-70.7
16,-74.6
17,-61.3
18,-65.3
19,-72.5
20,-67.2
21,-71.9
22,-73.4
23,-58.3
24,-68.4444444444
25,-55.7
26,-58.5
