frequency,pdr
11,-50.3
12,-56.1111111111
13,-52.0
14,-55.3333333333
15,-52.5
16,-60.5
17,-56.7
18,-50.1
19,-48.8
20,-50.8
21,-55.0
22,-51.6
23,-60.5
24,-59.9
25,-51.0
26,-49.0
