frequency,pdr
11,-75.0
12,-71.3333333333
13,-64.0
14,-68.4444444444
15,-65.0
16,-70.5
17,-67.0
18,-72.1111111111
19,-63.0
20,-59.1
21,-66.8
22,-60.7
23,-55.0
24,-61.8
25,-63.3
26,-66.9
