frequency,pdr
11,-49.0
12,-49.3
13,-46.0
14,-52.2222222222
15,-49.0
16,-46.6
17,-54.5
18,-55.9
19,-51.8
20,-49.7
21,-55.6
22,-49.0
23,-46.0
24,-57.8888888889
25,-58.0
26,-51.5
