frequency,pdr
11,-55.0
12,-52.0
13,-48.3
14,-49.1111111111
15,-52.0
16,-58.9
17,-61.0
18,-59.2
19,-56.8
20,-64.1
21,-57.8
22,-52.0
23,-55.0
24,-53.1111111111
25,-48.0
26,-55.0
