frequency,pdr
11,-58.6
12,-60.3
13,-68.7777777778
14,-52.4444444444
15,-54.4
16,-53.6
17,-54.3
18,-46.7
19,-45.3
20,-50.8
21,-60.7
22,-55.0
23,-67.1
24,-61.5555555556
25,-56.1
26,-51.8
