frequency,pdr
11,-62.9
12,-65.4
13,-67.0
14,-68.3333333333
15,-63.6
16,-61.0
17,-65.1
18,-58.0
19,-64.5
20,-68.4
21,-70.9
22,-64.1
23,-61.0
24,-66.6666666667
25,-65.9
26,-62.7
