frequency,pdr
11,-63.7
12,-61.8
13,-60.9
14,-63.2222222222
15,-70.1111111111
16,-55.0
17,-55.0
18,-55.0
19,-55.0
20,-64.1
21,-55.0
22,-52.0
23,-51.4
24,-57.5
25,-58.0
26,-62.5
