frequency,pdr
11,-52.1
12,-52.7
13,-57.7777777778
14,-53.3
15,-59.0
16,-56.0
17,-55.0
18,-61.0
19,-53.9
20,-59.4
21,-55.1
22,-72.3
23,-56.6
24,-71.3333333333
25,-56.5
26,-51.9
