frequency,pdr
11,-56.5
12,-64.0
13,-62.6
14,-62.8888888889
15,-78.5555555556
16,-61.1
17,-55.0
18,-63.6
19,-68.9
20,-61.0
21,-67.0
22,-67.7
23,-61.0
24,-65.2
25,-63.1
26,-74.0
