frequency,pdr
11,-46.1
12,-50.0
13,-61.1111111111
14,-58.7777777778
15,-57.1
16,-53.4
17,-43.0
18,-58.3
19,-43.0
20,-42.0
21,-43.0
22,-43.9
23,-43.3
24,-41.1
25,-39.9
26,-43.4
