frequency,pdr
11,-68.3
12,-66.7
13,-67.4444444444
14,-72.375
15,-68.4
16,-64.0
17,-61.0
18,-75.6
19,-67.0
20,-69.6
21,-61.0
22,-75.0
23,-66.9
24,-64.4444444444
25,-64.2
26,-67.8
