frequency,pdr
11,-54.2
12,-56.5555555556
13,-55.0
14,-60.7777777778
15,-62.1
16,-58.2
17,-54.3
18,-53.5
19,-49.0
20,-49.4
21,-69.6
22,-54.9
23,-55.0
24,-61.0
25,-54.5
26,-62.6
