frequency,pdr
11,-49.5
12,-53.2222222222
13,-58.0
14,-59.3333333333
15,-55.0
16,-53.5
17,-53.7
18,-52.0
19,-53.1
20,-54.4
21,-52.2
22,-49.7
23,-50.4
24,-53.6666666667
25,-55.5
26,-55.0
