frequency,pdr
11,-49.7
12,-50.7
13,-58.6666666667
14,-55.3333333333
15,-49.0
16,-45.4
17,-46.0
18,-54.5
19,-53.1
20,-55.9
21,-58.0
22,-60.9
23,-60.0
24,-53.7
25,-55.4
26,-51.7
