frequency,pdr
11,-59.9
12,-66.2222222222
13,-57.9
14,-72.5555555556
15,-69.5
16,-65.2
17,-64.9
18,-58.0
19,-63.7
20,-58.0
21,-62.0
22,-63.9
23,-68.9
24,-62.8
25,-62.1
26,-72.0
