frequency,pdr
11,-46.0
12,-49.0
13,-49.0
14,-48.8888888889
15,-53.2
16,-50.7
17,-49.3
18,-52.0
19,-51.6
20,-53.7
21,-47.5
22,-49.0
23,-57.4
24,-53.6666666667
25,-49.4
26,-56.5
