frequency,pdr
11,-55.2
12,-59.4
13,-56.3
14,-55.6666666667
15,-58.0
16,-55.2
17,-61.0
18,-63.7272727273
19,-69.6
20,-61.4
21,-67.9
22,-68.5
23,-66.9
24,-66.6666666667
25,-67.0
26,-63.1
