frequency,pdr
11,-61.4
12,-65.3333333333
13,-62.4
14,-61.0
15,-67.7
16,-63.3
17,-68.7
18,-60.3
19,-64.0
20,-67.5
21,-71.4
22,-72.8
23,-68.3
24,-74.5555555556
25,-63.5
26,-64.0
