frequency,pdr
11,-55.0
12,-60.1111111111
13,-55.7777777778
14,-59.4444444444
15,-57.2
16,-55.0
17,-59.6
18,-58.4
19,-52.0
20,-55.0
21,-55.0
22,-55.0
23,-56.7
24,-55.0
25,-61.3
26,-58.0
