frequency,pdr
11,-61.7
12,-60.7
13,-62.8888888889
14,-61.5555555556
15,-64.0
16,-73.0
17,-73.0
18,-74.5
19,-67.0
20,-70.1
21,-77.4
22,-75.875
23,-64.0
24,-62.6
25,-66.5
26,-68.8
