frequency,pdr
11,-47.2
12,-58.8888888889
13,-54.8888888889
14,-58.0
15,-53.6
16,-50.6
17,-54.1
18,-51.2
19,-53.3
20,-52.3
21,-52.0
22,-55.6
23,-52.0
24,-64.5555555556
25,-62.8
26,-55.0
