frequency,pdr
11,-46.0
12,-48.6666666667
13,-52.0
14,-65.3333333333
15,-56.1
16,-55.0
17,-52.0
18,-55.0
19,-53.1
20,-50.3
21,-49.0
22,-48.1
23,-46.0
24,-45.8
25,-46.0
26,-49.0
