frequency,pdr
11,-79.8
12,-66.8181818182
13,-63.3
14,-64.5555555556
15,-58.5
16,-62.3
17,-60.8
18,-59.5
19,-67.7
20,-60.6
21,-60.2
22,-77.7
23,-67.0
24,-72.8
25,-67.0
26,-60.9
