frequency,pdr
11,-56.2
12,-50.0
13,-61.7777777778
14,-48.9
15,-62.5
16,-55.0
17,-64.0
18,-60.3
19,-52.5
20,-54.5
21,-53.1
22,-49.0
23,-52.0
24,-57.7777777778
25,-52.0
26,-55.0
