frequency,pdr
11,-62.1
12,-56.3333333333
13,-62.0
14,-67.1111111111
15,-67.0
16,-61.0
17,-73.5
18,-63.1
19,-60.4
20,-67.4
21,-59.0
22,-63.2
23,-57.5
24,-60.7
25,-55.0
26,-61.0
