frequency,pdr
11,-57.8
12,-52.7
13,-56.5
14,-65.8888888889
15,-72.6
16,-62.0
17,-62.5
18,-62.8
19,-63.2
20,-70.4
21,-58.0
22,-68.8
23,-59.6
24,-63.2222222222
25,-53.9
26,-52.9
