frequency,pdr
11,-67.2
12,-53.7
13,-61.7777777778
14,-52.4444444444
15,-54.6
16,-49.1
17,-50.5
18,-55.0
19,-50.9
20,-58.4
21,-58.0
22,-54.5
23,-57.5
24,-58.0
25,-52.1
26,-47.4
