frequency,pdr
11,-64.4
12,-72.3333333333
13,-61.0
14,-55.8888888889
15,-71.4
16,-73.0
17,-62.3
18,-58.0
19,-73.5
20,-66.9
21,-57.6
22,-67.0
23,-67.0
24,-67.2
25,-64.0
26,-64.2
