frequency,pdr
11,-55.0
12,-64.1111111111
13,-55.0
14,-56.7777777778
15,-61.9
16,-56.0
17,-61.9
18,-70.1
19,-60.7
20,-59.9
21,-64.3
22,-55.4
23,-57.6
24,-55.0
25,-69.8
26,-67.0
