frequency,pdr
11,-63.0
12,-61.4444444444
13,-67.0
14,-58.0
15,-61.0
16,-67.0
17,-68.7
18,-66.4545454545
19,-58.5
20,-60.0
21,-62.8
22,-61.9
23,-67.7
24,-61.9
25,-67.1
26,-68.5
