frequency,pdr
11,-55.0
12,-51.4
13,-49.9
14,-53.5555555556
15,-48.2
16,-52.0
17,-64.6
18,-61.2
19,-57.1
20,-59.1
21,-64.3636363636
22,-52.1
23,-54.5
24,-50.3
25,-48.0
26,-52.9
