frequency,pdr
11,-49.2
12,-55.8
13,-64.1111111111
14,-64.4444444444
15,-53.3
16,-52.0
17,-47.2
18,-57.0
19,-49.0
20,-54.2
21,-56.9
22,-58.9
23,-48.8
24,-52.2
25,-55.3
26,-45.0
