frequency,pdr
11,-66.6
12,-55.0
13,-59.5555555556
14,-55.7777777778
15,-54.0
16,-52.0
17,-57.1
18,-55.0
19,-61.0
20,-67.0
21,-58.0
22,-55.0
23,-53.1
24,-53.9
25,-67.0
26,-58.0
