frequency,pdr
11,-61.0
12,-55.0
13,-57.5555555556
14,-62.4444444444
15,-58.0
16,-53.9
17,-60.0
18,-59.3
19,-60.8
20,-56.0
21,-55.2
22,-55.0
23,-57.2
24,-64.1
25,-58.2
26,-55.0
