frequency,pdr
11,-55.0
12,-54.2222222222
13,-45.9
14,-45.2222222222
15,-46.0
16,-51.6
17,-52.0
18,-49.0
19,-52.0
20,-53.7
21,-61.0
22,-55.7
23,-49.0
24,-51.5
25,-63.3
26,-68.7
