frequency,pdr
11,-70.0
12,-63.8888888889
13,-61.4444444444
14,-57.5555555556
15,-61.0
16,-67.8
17,-62.1
18,-68.7
19,-66.2
20,-60.8
21,-73.2
22,-58.0
23,-57.7
24,-71.1
25,-67.0
26,-67.7
