frequency,pdr
11,-59.7
12,-57.9090909091
13,-63.5555555556
14,-55.0
15,-61.0
16,-58.0
17,-67.4
18,-72.7
19,-58.0
20,-59.6
21,-62.0
22,-68.3
23,-58.2
24,-70.6666666667
25,-68.1
26,-61.0
