frequency,pdr
11,-59.4
12,-63.1111111111
13,-55.1
14,-62.2222222222
15,-65.7
16,-60.6
17,-53.6
18,-55.0
19,-64.9
20,-59.0
21,-52.1
22,-47.6
23,-50.7
24,-54.8
25,-54.4
26,-56.1
