frequency,pdr
11,-53.4
12,-63.7777777778
13,-60.1111111111
14,-55.0
15,-51.9
16,-57.4
17,-55.3
18,-61.0
19,-61.0
20,-58.0
21,-62.1
22,-52.3
23,-54.4
24,-60.2
25,-52.0
26,-50.9
