frequency,pdr
11,-49.0
12,-52.5
13,-55.3333333333
14,-46.8
15,-55.0
16,-49.0
17,-49.0
18,-50.7
19,-53.6
20,-52.8
21,-55.0
22,-52.0
23,-51.9
24,-65.7777777778
25,-55.0
26,-57.7
