frequency,pdr
11,-87.2222222222
12,-91.0
13,-90.8571428571
14,-86.1
15,-82.9
16,-82.0
17,-82.0
18,-81.0
19,-81.875
20,-83.4
21,-87.7
22,-87.8333333333
23,-85.5714285714
24,-85.3
25,-85.0
26,-85.0
