frequency,pdr
11,-91.0
12,-89.8333333333
13,-90.7142857143
14,-91.0
15,-89.1
16,-87.8571428571
17,-90.375
18,-90.6666666667
19,-90.875
20,-91.0
21,-91.0
22,-91.0
23,-90.8571428571
24,-91.0
25,-91.0
26,-91.0
