frequency,pdr
11,-87.75
12,-88.75
13,-90.7142857143
14,-91.0
15,-91.0
16,-91.0
17,-90.6
18,-89.8
19,-91.0
21,-91.0
23,-91.0
24,-90.3333333333
25,-87.5
26,-91.0
