frequency,pdr
11,-86.6666666667
12,-86.2
13,-86.8
14,-86.9
15,-86.5
16,-87.0
17,-87.6
18,-89.2
19,-91.0
21,-90.9
22,-87.4285714286
23,-86.0
24,-85.0
25,-85.1
26,-88.1
