frequency,pdr
11,-89.0
13,-89.6666666667
14,-89.0
15,-89.4
16,-90.0
17,-89.6666666667
18,-90.0
19,-91.0
23,-91.0
24,-90.8
25,-90.1
26,-89.7
