frequency,pdr
11,-91.0
12,-91.0
13,-90.75
14,-91.0
15,-91.0
16,-88.2222222222
17,-86.5
18,-89.4
19,-91.0
20,-90.625
21,-91.0
22,-88.5
23,-90.3333333333
24,-90.6666666667
25,-88.6
26,-91.0
