frequency,pdr
11,1.11111111111
12,0.31746031746
13,1.42857142857
14,0.31746031746
15,1.5873015873
16,1.26984126984
17,1.26984126984
18,1.42857142857
19,1.26984126984
20,1.42857142857
21,1.11111111111
22,1.5873015873
23,1.5873015873
24,1.42857142857
25,1.5873015873
26,1.5873015873
