frequency,pdr
11,1.26984126984
12,1.26984126984
13,1.42857142857
14,0.47619047619
15,1.5873015873
16,1.42857142857
17,1.26984126984
18,1.42857142857
19,0.952380952381
20,1.5873015873
21,1.5873015873
22,1.5873015873
23,1.5873015873
24,1.5873015873
25,1.5873015873
26,1.5873015873
