frequency,pdr
11,1.11111111111
12,1.11111111111
13,1.42857142857
14,0.31746031746
15,1.5873015873
16,1.5873015873
17,1.42857142857
18,1.42857142857
19,0.952380952381
20,1.5873015873
21,1.42857142857
22,1.5873015873
23,1.5873015873
24,1.5873015873
25,1.5873015873
26,1.5873015873
