frequency,pdr
11,-55.0
12,-60.8
13,-50.7777777778
14,-52.0
15,-51.5454545455
16,-59.0
17,-60.5
18,-61.0
19,-55.1
20,-61.2
21,-68.2
22,-67.9
23,-60.4
24,-54.0
25,-74.2222222222
26,-61.6
