frequency,pdr
11,-55.0
12,-55.0
13,-63.3333333333
14,-56.1111111111
15,-55.3
16,-52.3
17,-58.0
18,-59.0
19,-68.1
20,-61.0
21,-60.0
22,-60.3
23,-60.6
24,-57.7
25,-63.6
26,-55.0
