frequency,pdr
11,-59.9
12,-60.1
13,-55.1111111111
14,-56.1
15,-55.0
16,-57.7
17,-52.0
18,-55.0
19,-57.1
20,-49.9
21,-55.0
22,-64.1
23,-55.0
24,-60.5
25,-62.5555555556
26,-61.0
