frequency,pdr
11,-62.0
12,-56.2
13,-57.2222222222
14,-58.8888888889
15,-61.1
16,-61.3
17,-55.7
18,-54.8
19,-54.4
20,-56.2
21,-63.9
22,-64.8
23,-58.0
24,-52.3
25,-57.2
26,-58.5
