frequency,pdr
11,-54.5
12,-59.8
13,-48.2
14,-56.4444444444
15,-57.1
16,-56.5
17,-54.8
18,-57.3
19,-54.3
20,-43.0
21,-46.7
22,-53.6
23,-66.3333333333
24,-61.8
25,-58.1
26,-57.6
