frequency,pdr
11,-58.4
12,-61.2
13,-64.3
14,-65.6666666667
15,-75.6
16,-64.2
17,-55.0
18,-55.0
19,-75.1
20,-76.2
21,-68.2
22,-69.9
23,-76.7777777778
24,-63.6
25,-70.9
26,-67.0
