frequency,pdr
11,-51.4
12,-49.0
13,-60.1111111111
14,-53.2222222222
15,-52.0
16,-55.8
17,-54.4
18,-58.0
19,-60.6
20,-53.7
21,-59.6
22,-64.5
23,-65.6
24,-64.4545454545
25,-61.2222222222
26,-53.1
