frequency,pdr
11,-51.5
12,-51.1
13,-55.4444444444
14,-51.3333333333
15,-49.0
16,-46.3
17,-58.2
18,-56.1
19,-50.6
20,-48.0
21,-47.6
22,-59.8
23,-53.7
24,-69.2
25,-53.4
26,-49.0
