frequency,pdr
11,-60.9
12,-56.0
13,-65.7777777778
14,-53.6666666667
15,-52.0
16,-49.0
17,-50.3
18,-49.3
19,-51.8
20,-44.0
21,-48.7
22,-52.1
23,-55.0
24,-54.2
25,-61.0
26,-56.7
