frequency,pdr
11,-51.8
12,-52.3
13,-64.3333333333
14,-64.0
15,-67.0
16,-62.7272727273
17,-49.0
18,-58.9
19,-54.7
20,-53.0
21,-58.7
22,-63.6
23,-54.3
24,-57.1
25,-55.2
26,-63.5
