frequency,pdr
11,-54.8
12,-55.0
13,-82.8888888889
14,-69.1
15,-64.7
16,-63.7
17,-61.6
18,-60.9
19,-58.0
20,-67.2
21,-67.0
22,-67.8
23,-68.4
24,-65.1
25,-68.4444444444
26,-74.8
