frequency,pdr
11,-55.0
12,-55.0
13,-57.9
14,-52.3333333333
15,-66.1818181818
16,-55.0
17,-63.6
18,-56.3636363636
19,-59.3
20,-53.0
21,-52.0
22,-55.0
23,-61.9
24,-55.0
25,-55.0
26,-49.0
