frequency,pdr
11,-53.7
12,-61.2
13,-59.6666666667
14,-52.6666666667
15,-48.8
16,-54.5
17,-59.4
18,-62.1
19,-57.1
20,-58.6
21,-58.5
22,-61.0
23,-52.1
24,-52.3
25,-48.7
26,-50.0
