frequency,pdr
11,-57.1
12,-59.6
13,-56.3333333333
14,-56.1
15,-50.8
16,-52.1
17,-53.2
18,-56.7
19,-66.8
20,-79.7
21,-64.0
22,-69.9
23,-57.9
24,-62.9
25,-62.8888888889
26,-60.1
