frequency,pdr
11,-55.0
12,-63.0
13,-54.5555555556
14,-52.3333333333
15,-49.8
16,-68.2
17,-67.0
18,-55.0
19,-58.4
20,-47.0
21,-49.3
22,-58.0
23,-52.0
24,-54.1
25,-67.6666666667
26,-55.0
