frequency,pdr
11,-51.9
12,-54.7
13,-62.8888888889
14,-55.0
15,-57.8
16,-58.0
17,-55.0
18,-58.6
19,-55.0
20,-59.1
21,-57.4
22,-58.0
23,-58.0
24,-64.6
25,-62.5555555556
26,-58.0
