frequency,pdr
11,-61.9
12,-67.9
13,-61.0
14,-58.6666666667
15,-65.7
16,-74.0
17,-61.0
18,-70.5
19,-70.0
20,-69.1
21,-66.4
22,-59.8
23,-68.0909090909
24,-70.7
25,-71.2222222222
26,-67.0
