frequency,pdr
11,-58.8
12,-63.5
13,-72.3333333333
14,-61.8888888889
15,-55.0
16,-55.4
17,-61.0
18,-61.4
19,-59.0
20,-55.0
21,-55.0
22,-55.0
23,-60.8
24,-61.9
25,-63.2
26,-67.4
