frequency,pdr
11,-47.7
12,-49.0
13,-43.8888888889
14,-40.0
15,-40.1
16,-43.0
17,-46.0
18,-49.0
19,-43.8
20,-45.6
21,-55.0
22,-54.8
23,-47.4
24,-46.0
25,-50.8888888889
26,-52.8
