frequency,pdr
11,-52.1
12,-52.0
13,-60.1111111111
14,-54.7272727273
15,-52.6
16,-57.0
17,-61.5
18,-55.1
19,-63.9
20,-61.0
21,-62.3
22,-68.7
23,-65.7
24,-67.4
25,-64.1
26,-60.4
