frequency,pdr
11,-63.7
12,-72.7
13,-66.1111111111
14,-65.2222222222
15,-67.4
16,-65.3
17,-65.0
18,-60.0
19,-58.0
20,-68.9
21,-58.5
22,-58.0
23,-69.7
24,-65.5
25,-60.0
26,-71.2
