frequency,pdr
11,-79.0
12,-79.0
13,-79.4
14,-82.0
15,-84.7
16,-87.2222222222
17,-82.0
18,-79.2857142857
19,-79.0
20,-79.0
21,-79.0
22,-79.0
23,-79.0
24,-79.0
25,-80.1
26,-81.9
