frequency,pdr
11,-89.8333333333
12,-90.2222222222
13,-90.1111111111
14,-90.1
15,-90.0
16,-90.1
17,-90.0
18,-90.0
19,-90.0
20,-89.4
21,-89.9
22,-88.6666666667
23,-91.0
24,-91.0
25,-91.0
26,-91.0
