frequency,pdr
11,-64.1
12,-64.2222222222
13,-62.2222222222
14,-55.9
15,-60.9
16,-59.8
17,-64.0
18,-56.4
19,-55.0
20,-49.0
21,-49.0
22,-49.9
23,-52.0
24,-52.0
25,-66.2
26,-65.0
