frequency,pdr
11,-59.2
12,-64.4
13,-68.7777777778
14,-68.1111111111
15,-55.8
16,-57.8
17,-62.2
18,-63.7
19,-67.4
20,-62.4
21,-76.2
22,-66.5
23,-66.6
24,-67.0
25,-65.9
26,-63.5
