frequency,pdr
11,-52.0
12,-56.4444444444
13,-46.5
14,-52.0
15,-46.0
16,-50.2
17,-46.8
18,-46.0
19,-57.0
20,-55.4
21,-54.3636363636
22,-54.8
23,-64.0
24,-55.0
25,-52.6
26,-52.0
