frequency,pdr
11,-55.8
12,-58.1111111111
13,-62.2222222222
14,-67.8
15,-55.0
16,-71.7777777778
17,-61.9
18,-55.8
19,-55.0
20,-63.1
21,-67.1
22,-55.0
23,-57.9
24,-59.9
25,-55.0
26,-59.7
