frequency,pdr
11,-61.0
12,-60.4
13,-65.7777777778
14,-58.0
15,-55.0
16,-60.4444444444
17,-64.0
18,-55.0
19,-61.0
20,-61.0
21,-70.8
22,-61.0
23,-70.3333333333
24,-55.0
25,-58.0
26,-61.4
