frequency,pdr
11,-60.7
12,-60.6666666667
13,-61.0
14,-71.3
15,-68.2
16,-67.2222222222
17,-67.4
18,-66.9
19,-67.5
20,-58.0
21,-62.0
22,-63.0
23,-67.4
24,-65.9
25,-60.3
26,-64.1
