frequency,pdr
11,-62.9
12,-58.5555555556
13,-52.6
14,-52.1
15,-54.3
16,-64.2222222222
17,-62.3
18,-58.4
19,-56.7
20,-58.4
21,-61.2
22,-59.6
23,-65.3
24,-70.8
25,-57.7
26,-58.0
