frequency,pdr
11,-50.8
12,-54.9
13,-52.6666666667
14,-46.0
15,-52.0
16,-55.0
17,-52.0
18,-49.0
19,-50.7
20,-51.6363636364
21,-48.6
22,-62.4
23,-50.2
24,-49.0
25,-56.4
26,-52.0
