frequency,pdr
11,-49.0
12,-63.3333333333
13,-48.8888888889
14,-54.0
15,-55.0
16,-52.9
17,-52.8
18,-47.5
19,-48.9
20,-47.0
21,-46.0
22,-50.5
23,-55.4
24,-56.0
25,-52.2
26,-56.3
