frequency,pdr
11,-63.4
12,-66.5555555556
13,-66.6666666667
14,-59.5
15,-56.4
16,-66.3333333333
17,-63.8
18,-55.0
19,-59.8
20,-65.6
21,-55.0
22,-58.0
23,-60.6
24,-61.0
25,-64.0
26,-58.2
