frequency,pdr
11,-68.7
12,-58.7777777778
13,-65.6666666667
14,-68.4
15,-67.1
16,-73.0
17,-64.4
18,-63.2
19,-60.7
20,-65.6
21,-63.0
22,-58.1
23,-60.5
24,-61.9
25,-64.9
26,-72.9
