frequency,pdr
11,-46.7
12,-52.7777777778
13,-51.6
14,-52.0
15,-57.8
16,-62.7
17,-46.0
18,-46.0
19,-46.0
20,-46.0
21,-45.9
22,-51.8
23,-49.0
24,-57.8
25,-54.8
26,-57.4545454545
