frequency,pdr
11,-46.2
12,-62.1111111111
13,-52.2222222222
14,-46.6
15,-58.7
16,-50.3
17,-49.0
18,-52.0
19,-51.7
20,-57.6
21,-54.0
22,-46.0
23,-64.4
24,-46.2
25,-46.0
26,-60.2
