frequency,pdr
11,-90.1111111111
12,-90.9
13,-89.3
14,-88.1
15,-88.0
16,-88.0
17,-88.8888888889
18,-88.6
19,-89.1
20,-91.0
21,-90.9
22,-88.8333333333
23,-88.0
24,-86.0
25,-89.0
26,-90.6
