frequency,pdr
11,-64.0
12,-60.0
13,-59.4
14,-64.0
15,-70.0
16,-76.3333333333
17,-74.7
18,-73.0
19,-81.0
20,-89.8
21,-67.0
22,-61.1
23,-60.5555555556
24,-61.0
25,-60.6
26,-61.0
