frequency,pdr
11,-84.6666666667
12,-85.0
13,-85.0
14,-84.1111111111
15,-82.5
16,-81.1
17,-82.0
18,-84.0
19,-87.0
20,-89.1
21,-90.8
22,-89.0
23,-90.8333333333
24,-91.0
25,-91.0
26,-91.0
