frequency,pdr
11,-88.0
12,-89.6666666667
13,-91.0
14,-91.0
15,-88.0
16,-89.0
17,-90.5714285714
18,-90.125
19,-88.625
20,-90.0
21,-89.9
22,-87.7142857143
23,-85.0
24,-82.0
25,-82.0
26,-82.7
