frequency,pdr
11,-90.1428571429
13,-91.0
14,-90.375
15,-90.7
16,-90.125
17,-90.0
18,-84.8888888889
19,-85.0
20,-86.0
21,-85.1
22,-83.8333333333
23,-91.0
25,-91.0
26,-89.0
