frequency,pdr
11,-55.0
12,-58.3
13,-70.0
14,-62.9
15,-63.4
16,-77.0
17,-62.2222222222
18,-63.2222222222
19,-64.0
20,-69.8888888889
21,-61.0
22,-62.0
23,-73.8
24,-78.6
25,-74.0
26,-76.1
