frequency,pdr
11,-79.3333333333
12,-78.6
13,-72.9
14,-71.5
15,-85.1
16,-74.8888888889
17,-73.0
18,-79.0
19,-73.9
20,-70.0
21,-70.0
22,-72.4
23,-75.2
24,-79.0
25,-80.3
26,-78.8
