frequency,pdr
11,-66.4444444444
12,-55.0
13,-52.0
14,-51.2
15,-52.0
16,-52.0
17,-58.6
18,-60.4444444444
19,-61.0
20,-55.0
21,-52.0
22,-51.0
23,-49.0
24,-49.0
25,-53.3636363636
26,-56.7
