frequency,pdr
11,-66.7777777778
12,-70.0
13,-72.7
14,-70.6
15,-76.6
16,-84.0
17,-74.2222222222
18,-76.3333333333
19,-90.6666666667
20,-90.0
21,-84.0
22,-83.8
23,-76.0
24,-89.0
25,-78.7
26,-74.0
