frequency,pdr
11,-82.1111111111
12,-73.0
13,-67.7
14,-77.4
15,-73.0
16,-70.0
17,-71.1111111111
18,-75.7777777778
19,-74.1
20,-68.5
21,-68.0
22,-72.1
23,-73.0
24,-80.2
25,-88.6666666667
26,-81.5
