frequency,pdr
11,-55.0
12,-55.0
13,-55.3
14,-56.1
15,-62.9090909091
16,-61.0
17,-58.0
18,-55.1818181818
19,-58.5
20,-53.0
21,-52.0
22,-53.1
23,-55.0
24,-55.0
25,-55.0
26,-55.0
