frequency,pdr
11,-61.0
12,-62.0
13,-67.8571428571
14,-79.0
15,-70.0
16,-67.0
17,-74.1111111111
18,-71.6666666667
19,-64.0
20,-60.3
21,-61.0
22,-63.0
23,-61.8
24,-60.0
25,-61.0
26,-62.9
