frequency,pdr
11,-58.9
12,-62.9
13,-58.0
14,-59.7
15,-62.0
16,-68.7777777778
17,-64.0
18,-60.3333333333
19,-64.0
20,-70.0
21,-61.0
22,-55.0
23,-58.0
24,-58.6
25,-61.0
26,-71.3
