frequency,pdr
11,-57.1
12,-55.0
13,-54.2
14,-52.0
15,-51.2
16,-54.7
17,-62.8888888889
18,-68.8888888889
19,-58.0
20,-51.4
21,-49.0
22,-50.2
23,-52.0
24,-54.4
25,-52.0
26,-52.0
