frequency,pdr
11,-58.0
12,-55.0
13,-55.1
14,-55.0
15,-55.0909090909
16,-55.0
17,-55.0
18,-72.6666666667
19,-55.0
20,-55.0
21,-55.0
22,-55.0
23,-53.8
24,-55.0
25,-55.0
26,-55.0
