frequency,pdr
11,-80.0
12,-80.1
13,-81.9
14,-82.0
15,-81.6
16,-79.2
17,-79.0
18,-79.0
19,-82.0
20,-88.9
21,-88.0
22,-83.2222222222
23,-80.125
24,-78.2857142857
25,-76.0
26,-77.2
