frequency,pdr
11,-89.4285714286
12,-90.2222222222
13,-91.0
16,-91.0
17,-91.0
18,-90.0
19,-91.0
20,-90.0
21,-88.8
23,-89.2857142857
24,-89.1
25,-89.5
26,-90.0
