frequency,pdr
12,-91.0
13,-91.0
14,-91.0
15,-89.5
16,-86.0
17,-84.7
18,-84.4
19,-85.0
20,-86.0
21,-86.4444444444
22,-85.7777777778
23,-85.8888888889
24,-84.8
25,-83.6
26,-83.0
