frequency,pdr
11,-84.5
12,-84.8
13,-82.9
14,-82.7
15,-84.5
16,-82.7
17,-81.6
18,-82.0
19,-84.2
20,-84.6
21,-83.7777777778
22,-83.875
23,-86.3333333333
24,-91.0
25,-91.0
26,-91.0
