frequency,pdr
11,-91.0
12,-87.8888888889
13,-85.0
14,-82.9
15,-82.4
16,-83.2222222222
17,-85.2857142857
18,-90.0
19,-91.0
23,-91.0
24,-91.0
25,-91.0
