frequency,pdr
11,-79.5
12,-78.5
13,-77.7
14,-78.3
15,-79.4
16,-83.7
17,-91.0
19,-91.0
20,-91.0
21,-91.0
23,-86.4444444444
24,-81.8571428571
25,-81.3
26,-78.5
