frequency,pdr
11,-89.7777777778
12,-88.1
13,-88.0
14,-87.5
15,-86.7
16,-86.5
17,-86.5
18,-87.4
19,-87.2
20,-86.2
21,-85.1428571429
22,-84.1428571429
23,-85.0
24,-84.8571428571
25,-84.8
26,-85.6
