frequency,pdr
11,-62.4444444444
12,-67.0
13,-60.3333333333
14,-60.4444444444
15,-58.9
16,-51.5
17,-49.0
18,-49.0
19,-49.0
20,-50.5
21,-52.0
22,-52.5
23,-56.8
24,-60.9
25,-55.9
26,-54.6
