frequency,pdr
11,-60.8888888889
12,-64.0
13,-67.0
14,-67.0
15,-67.0
16,-64.1
17,-61.5555555556
18,-61.2222222222
19,-61.3
20,-58.1
21,-58.0
22,-58.0
23,-58.0
24,-57.1
25,-61.0
26,-72.6
