frequency,pdr
11,-55.0
12,-55.0
13,-58.0
14,-64.0
15,-60.2
16,-62.3333333333
17,-64.7777777778
18,-64.0
19,-67.0
20,-66.7
21,-67.0
22,-62.8
23,-58.0
24,-60.8
25,-66.6
26,-74.2
