frequency,pdr
11,-70.6
12,-69.8571428571
13,-76.6666666667
14,-66.8888888889
15,-67.0
16,-67.0
17,-67.0
18,-64.0
19,-63.4444444444
20,-67.1
21,-73.1
22,-70.0
23,-67.0
24,-70.0
25,-67.0
26,-67.0
