frequency,pdr
11,-57.8888888889
12,-58.4285714286
13,-53.1
14,-54.6666666667
15,-55.0
16,-53.3
17,-66.1111111111
18,-64.0
19,-62.1
20,-55.0
21,-53.9
22,-55.0
23,-66.8
24,-67.0
25,-64.4
26,-55.0
