frequency,pdr
11,-75.1
12,-69.1428571429
13,-67.0
14,-67.0
15,-67.0
16,-68.6666666667
17,-70.0
18,-76.0
19,-72.3333333333
20,-69.2
21,-70.0
22,-73.0
23,-73.0
24,-73.3
25,-76.0
26,-70.5
