frequency,pdr
11,-64.0
12,-60.75
13,-63.2
14,-64.0
15,-64.2
16,-70.0
17,-77.8888888889
18,-70.0
19,-67.1111111111
20,-64.0
21,-64.8
22,-69.9
23,-68.2
24,-61.6
25,-58.8
26,-61.0
