frequency,pdr
11,-58.0
12,-64.875
13,-61.0
14,-57.5555555556
15,-55.6
16,-55.0
17,-56.6666666667
18,-57.2
19,-55.0
20,-58.0
21,-62.4
22,-65.2
23,-73.0
24,-61.6
25,-58.3
26,-61.0
