frequency,pdr
11,-64.6666666667
12,-64.0
13,-62.5555555556
14,-66.0
15,-66.1
16,-67.0
17,-67.0
18,-64.0
19,-64.0
20,-68.0
21,-67.0
22,-71.0
23,-71.9
24,-80.4
25,-71.0
26,-71.0
