frequency,pdr
11,-67.0
12,-64.0
13,-62.7777777778
14,-60.3
15,-64.0
16,-79.0
17,-66.1111111111
18,-58.0
19,-55.0
20,-52.7
21,-52.0
22,-52.0
23,-49.0
24,-49.0
25,-49.0
26,-49.0
