frequency,pdr
11,-47.2
12,-46.3
13,-46.0
14,-49.0
15,-50.1
16,-52.2
17,-53.6666666667
18,-49.4444444444
19,-49.0
20,-49.0
21,-50.4
22,-52.0
23,-53.4
24,-55.0
25,-55.0
26,-52.0
