frequency,pdr
11,-52.0
12,-53.8
13,-52.0
14,-54.9
15,-55.0
16,-61.0
17,-64.5555555556
18,-58.2222222222
19,-61.0
20,-62.8888888889
21,-64.0
22,-67.0
23,-62.2
24,-64.0
25,-67.0
26,-68.6
