frequency,pdr
11,-88.125
12,-69.4444444444
13,-70.0
14,-70.1
15,-88.0
16,-70.0
17,-70.0
18,-81.5555555556
19,-78.0
20,-76.3
21,-76.0
22,-73.0
23,-73.0
24,-73.0
25,-70.4
26,-70.0
