frequency,pdr
11,-59.0
12,-58.0
13,-56.8888888889
14,-61.2222222222
15,-59.4
16,-57.9
17,-60.9
18,-58.0
19,-60.4
20,-64.0
21,-67.0
22,-62.0
23,-61.0
24,-67.0
25,-67.0
26,-70.8
