frequency,pdr
11,-56.5555555556
12,-55.0
13,-57.3333333333
14,-60.5
15,-64.0
16,-60.7
17,-58.0
18,-58.0
19,-58.0
20,-61.0
21,-58.0
22,-58.0
23,-60.3
24,-63.9
25,-75.2
26,-74.6
