frequency,pdr
11,-79.0
12,-76.125
13,-76.0
14,-73.0
15,-71.0
16,-70.8888888889
17,-72.2222222222
18,-70.0
19,-73.0
20,-75.6
21,-77.0
22,-71.0
23,-74.7
24,-73.0
25,-68.0
26,-70.0
