frequency,pdr
11,-61.7
12,-61.0
13,-61.0
14,-66.1
15,-67.0
16,-75.4444444444
17,-69.8888888889
18,-72.7
19,-76.5
20,-67.0
21,-64.1
22,-63.8
23,-64.8
24,-62.3
25,-61.0
26,-61.1
