frequency,pdr
11,-52.4
12,-53.4
13,-55.0
14,-55.0
15,-55.0
16,-59.4444444444
17,-67.0
18,-66.7777777778
19,-58.0
20,-55.0
21,-53.9
22,-53.5
23,-55.0
24,-57.4
25,-55.0
26,-54.0
