frequency,pdr
11,-48.5
12,-53.5555555556
13,-57.4
14,-63.6666666667
15,-63.8
16,-62.6
17,-67.0
18,-58.0
19,-55.0
20,-55.0
21,-55.0
22,-55.0
23,-55.0
24,-55.0
25,-52.0
26,-49.1
