frequency,pdr
11,-69.8888888889
12,-72.8571428571
13,-82.3333333333
14,-91.0
15,-77.6
16,-73.0
17,-78.5
18,-77.3636363636
19,-73.0
20,-73.0
21,-73.0
22,-77.0
23,-76.4
24,-73.0
25,-78.0
26,-82.0
