frequency,pdr
11,-76.0
12,-74.5
13,-76.3
14,-74.5
15,-72.9
16,-71.8
17,-71.9
18,-72.5555555556
19,-75.0
20,-76.5
21,-78.7
22,-78.4444444444
23,-79.0
24,-83.8
25,-89.1
26,-84.7
