frequency,pdr
11,-91.0
12,-91.0
13,-91.0
14,-91.0
17,-91.0
18,-91.0
19,-89.9
20,-90.2222222222
21,-90.3333333333
22,-90.875
23,-91.0
24,-91.0
25,-91.0
26,-91.0
