frequency,pdr
11,-85.1
12,-85.1
13,-83.0
14,-81.5
15,-81.1
16,-82.0
17,-83.3
18,-88.7777777778
19,-91.0
20,-90.1
21,-91.0
22,-90.1111111111
23,-88.8888888889
24,-88.0
25,-89.6
26,-90.7
