frequency,pdr
11,-83.3
12,-81.875
13,-82.0
14,-84.3
15,-87.4
16,-88.7
17,-87.8888888889
18,-86.2222222222
19,-87.1
20,-87.3
21,-88.5
23,-91.0
26,-91.0
