frequency,pdr
11,-91.0
12,-91.0
13,-91.0
14,-90.7777777778
15,-89.1
16,-87.8888888889
17,-88.0
18,-89.7142857143
19,-91.0
20,-91.0
21,-91.0
22,-90.0
23,-91.0
24,-91.0
25,-91.0
26,-91.0
