frequency,pdr
11,-73.0
12,-71.7
13,-72.9
14,-73.4
15,-77.7
16,-80.4444444444
17,-70.0
18,-68.4444444444
19,-70.0
20,-71.8
21,-78.6
22,-83.8888888889
23,-81.5714285714
24,-77.5
25,-73.0
26,-71.2
