frequency,pdr
11,-58.1
12,-60.4444444444
13,-66.2222222222
14,-65.4
15,-55.0
16,-55.3
17,-55.0
18,-64.0
19,-65.3
20,-77.6
21,-60.9
22,-65.3
23,-67.0
24,-65.5
25,-72.8
26,-64.2
