frequency,pdr
11,-51.6
12,-50.4
13,-53.3333333333
14,-49.0
15,-49.0
16,-60.2
17,-63.7272727273
18,-55.0
19,-53.5
20,-54.6
21,-53.7
22,-49.9
23,-44.1
24,-55.0
25,-59.3
26,-55.0
