frequency,pdr
11,-67.0
12,-71.2
13,-65.1111111111
14,-67.1
15,-61.0
16,-61.8888888889
17,-58.0
18,-58.5
19,-75.2
20,-67.6
21,-61.1
22,-59.1
23,-66.3
24,-67.0
25,-58.0
26,-63.8
