frequency,pdr
11,-64.0
12,-60.9
13,-66.4444444444
14,-55.0
15,-61.8
16,-62.3333333333
17,-63.6
18,-66.2
19,-63.9
20,-61.3
21,-62.3
22,-64.4
23,-62.4
24,-67.0
25,-66.2
26,-61.2
