frequency,pdr
11,-62.1
12,-61.2222222222
13,-70.2222222222
14,-67.0
15,-58.6
16,-72.1111111111
17,-64.9
18,-72.3
19,-59.4
20,-58.6
21,-69.0
22,-66.1
23,-65.8
24,-72.4
25,-73.4
26,-76.1
