frequency,pdr
11,-72.8888888889
12,-61.1
13,-65.5555555556
14,-74.9
15,-65.5
16,-67.3333333333
17,-67.0
18,-64.0
19,-64.0
20,-67.2
21,-64.4
22,-67.0
23,-68.5
24,-67.5
25,-67.0
26,-64.0
