frequency,pdr
11,-63.8
12,-67.0
13,-65.875
14,-61.0
15,-58.9
16,-71.5555555556
17,-60.6
18,-62.7
19,-64.0
20,-63.8
21,-60.2
22,-72.1111111111
23,-61.5
24,-64.2
25,-80.4
26,-61.0
