frequency,pdr
11,-60.8
12,-78.625
13,-68.2222222222
14,-70.0
15,-69.7
16,-58.0
17,-60.0
18,-78.0
19,-59.5
20,-63.0
21,-57.8
22,-69.7
23,-62.5
24,-64.4
25,-56.0909090909
26,-57.5
