frequency,pdr
11,-62.0
12,-65.7777777778
13,-63.8888888889
14,-61.6
15,-71.2
16,-67.1111111111
17,-77.8
18,-70.1
19,-67.8
20,-64.9
21,-61.0
22,-60.8
23,-61.0
24,-80.0
25,-62.7
26,-61.0
