frequency,pdr
11,-50.8
12,-58.4444444444
13,-58.1111111111
14,-52.0
15,-48.6
16,-46.3
17,-46.5
18,-46.0
19,-49.4
20,-49.0
21,-49.0
22,-52.0
23,-62.3
24,-56.3
25,-69.9
26,-58.0
