frequency,pdr
11,-46.0
12,-47.8
13,-47.0
14,-68.5555555556
15,-49.9
16,-46.0
17,-54.5
18,-48.0
19,-52.0
20,-50.7
21,-49.0
22,-63.3636363636
23,-49.5
24,-63.9
25,-64.5
26,-59.0
