frequency,pdr
11,-57.9
12,-58.6666666667
13,-56.1111111111
14,-57.0
15,-67.5
16,-68.4
17,-62.1
18,-55.1
19,-65.5
20,-58.3
21,-62.7
22,-68.0
23,-59.0
24,-55.0
25,-54.9
26,-58.4
