frequency,pdr
11,-55.0
12,-55.4444444444
13,-54.3333333333
14,-52.0
15,-64.4
16,-55.0
17,-57.7
18,-48.9
19,-51.9
20,-55.0
21,-59.8
22,-53.3
23,-55.0
24,-50.5
25,-54.0
26,-58.4
