frequency,pdr
11,-49.0
12,-60.3333333333
13,-63.3333333333
14,-58.4
15,-54.0
16,-47.5
17,-45.0
18,-44.0
19,-46.0
20,-49.6
21,-63.6
22,-53.0
23,-59.4
24,-56.6
25,-59.3636363636
26,-46.0
