frequency,pdr
11,-59.7
12,-69.6666666667
13,-64.8888888889
14,-60.9
15,-77.0
16,-67.1
17,-67.0
18,-66.2
19,-65.6
20,-68.8
21,-59.0
22,-62.3
23,-66.7
24,-78.4
25,-68.1
26,-75.1
