frequency,pdr
11,-57.7
12,-51.9
13,-54.8888888889
14,-55.4
15,-50.4
16,-52.4
17,-49.0
18,-66.5
19,-55.0
20,-55.0
21,-65.0909090909
22,-47.1
23,-47.9
24,-60.0
25,-52.4
26,-57.2
