frequency,pdr
11,-71.2222222222
12,-54.5555555556
13,-59.2222222222
14,-53.1
15,-62.8
16,-57.9
17,-55.0
18,-52.0
19,-55.0
20,-54.6
21,-52.1
22,-54.9
23,-56.9
24,-51.7
25,-52.0
26,-53.2
