frequency,pdr
11,-66.9
12,-66.7777777778
13,-67.0
14,-58.3
15,-61.0
16,-67.5555555556
17,-73.4
18,-69.9
19,-60.6
20,-53.0
21,-70.0
22,-67.2
23,-68.2
24,-67.0
25,-68.0
26,-53.4
