frequency,pdr
11,-73.0
12,-57.8
13,-61.7777777778
14,-75.8888888889
15,-67.0
16,-61.3
17,-64.2
18,-69.1
19,-58.0
20,-56.3
21,-63.5
22,-58.0
23,-63.2
24,-64.8
25,-64.4
26,-64.4
