frequency,pdr
11,-70.0
12,-72.3333333333
13,-62.3333333333
14,-67.0
15,-74.3
16,-72.7777777778
17,-62.8
18,-67.0
19,-64.0
20,-60.9
21,-65.3
22,-67.5
23,-72.7
24,-68.0
25,-64.0
26,-67.4
