frequency,pdr
11,-55.0
12,-65.4444444444
13,-66.75
14,-64.0
15,-60.4
16,-76.6666666667
17,-76.9
18,-58.2
19,-60.9
20,-64.0
21,-61.0
22,-67.0
23,-60.3
24,-55.0
25,-61.0
26,-65.8
