frequency,pdr
11,-49.0
12,-57.8888888889
13,-56.9090909091
14,-56.8
15,-54.4
16,-49.0
17,-63.0
18,-50.0
19,-54.7
20,-58.5
21,-51.0
22,-46.0
23,-49.0
24,-68.1
25,-52.0
26,-62.5
