frequency,pdr
11,-63.6
12,-55.1
13,-63.4444444444
14,-64.0
15,-63.0
16,-68.5555555556
17,-64.0
18,-61.1
19,-67.9
20,-61.0
21,-57.4
22,-62.6
23,-57.4
24,-62.9
25,-64.4
26,-74.8
