frequency,pdr
11,-58.0
12,-60.3
13,-63.5555555556
14,-64.0
15,-64.0
16,-68.8888888889
17,-64.7
18,-61.9
19,-65.6
20,-69.1
21,-61.0
22,-66.7
23,-70.2
24,-59.7
25,-66.2
26,-59.4
