frequency,pdr
11,-79.3333333333
12,-58.8888888889
13,-55.2222222222
14,-65.9
15,-61.0
16,-59.3
17,-61.7
18,-59.3
19,-61.0
20,-57.8
21,-55.0
22,-56.6
23,-65.0
24,-61.3
25,-67.5
26,-66.1
