frequency,pdr
11,-61.5
12,-64.1
13,-67.2222222222
14,-58.0
15,-67.0
16,-67.0
17,-67.0
18,-72.5454545455
19,-67.0
20,-63.5
21,-62.6
22,-60.9
23,-62.6
24,-70.1
25,-58.0
26,-62.7
