frequency,pdr
11,-69.9
12,-75.4444444444
13,-70.25
14,-70.0
15,-61.0
16,-60.3333333333
17,-70.7
18,-59.3
19,-57.7
20,-69.0
21,-59.3
22,-60.7
23,-72.6
24,-61.0
25,-67.0
26,-70.1
