frequency,pdr
11,-51.8
12,-67.3333333333
13,-52.1111111111
14,-52.0
15,-52.0
16,-57.0
17,-55.0
18,-58.7
19,-61.0
20,-64.5
21,-69.7
22,-70.875
23,-63.2
24,-60.6
25,-58.9
26,-64.8
