frequency,pdr
11,-58.0
12,-65.4444444444
13,-58.3
14,-57.9
15,-55.0
16,-57.1111111111
17,-54.8
18,-67.0
19,-63.9
20,-67.7
21,-65.2
22,-65.7
23,-78.6
24,-63.6
25,-60.7
26,-55.0
