frequency,pdr
11,-81.5
12,-82.0
13,-82.5714285714
14,-84.0
15,-85.2
16,-86.9
17,-88.5
18,-90.7777777778
19,-91.0
20,-91.0
21,-91.0
23,-90.8888888889
24,-86.8
25,-84.6
26,-83.0
