frequency,pdr
11,-87.3333333333
12,-86.8888888889
13,-86.875
14,-87.1111111111
15,-86.0
16,-84.3
17,-82.0
18,-80.1
19,-79.2
20,-80.1
21,-81.6
22,-82.375
23,-85.9
24,-89.4
25,-89.8
26,-87.6
