frequency,pdr
11,-89.8888888889
12,-90.4444444444
13,-90.8888888889
14,-91.0
15,-91.0
16,-91.0
17,-91.0
18,-91.0
19,-91.0
24,-91.0
