frequency,pdr
11,-61.0
12,-63.0
13,-62.1111111111
14,-58.0
15,-58.0
16,-57.8
17,-55.0
18,-65.7
19,-58.0
20,-61.0
21,-61.0
22,-60.6
23,-76.6666666667
24,-68.2
25,-62.0
26,-68.1
