frequency,pdr
11,-63.6
12,-58.5555555556
13,-56.3333333333
14,-60.5
15,-62.1
16,-80.1
17,-60.4
18,-56.1
19,-58.0
20,-58.0
21,-54.0
22,-55.0
23,-58.0
24,-56.5
25,-62.1
26,-64.5
