frequency,pdr
11,-58.0
12,-56.6
13,-71.4444444444
14,-79.3333333333
15,-67.0
16,-64.0
17,-62.8
18,-67.4
19,-56.3
20,-55.0
21,-68.0
22,-64.0
23,-61.8
24,-60.3
25,-55.7
26,-66.3
