frequency,pdr
11,-54.1
12,-56.9
13,-57.4444444444
14,-58.3
15,-58.0
16,-55.0
17,-52.0
18,-56.6
19,-58.3
20,-60.5
21,-58.0
22,-60.0
23,-78.4444444444
24,-68.1
25,-58.4
26,-60.0
