frequency,pdr
11,-65.7
12,-64.125
13,-64.6666666667
14,-61.0
15,-69.8
16,-67.0
17,-65.0
18,-70.1
19,-74.2
20,-65.6
21,-58.4
22,-64.7
23,-58.0
24,-62.2
25,-62.5
26,-67.1111111111
