frequency,pdr
11,-68.5
12,-67.0
13,-63.6666666667
14,-70.2222222222
15,-75.7
16,-68.0
17,-67.8
18,-68.7
19,-67.3
20,-67.1
21,-67.0
22,-72.1
23,-55.0
24,-60.0
25,-64.0
26,-77.1111111111
