frequency,pdr
11,-61.0
12,-62.5555555556
13,-61.8888888889
14,-63.4
15,-64.0
16,-62.4
17,-55.0
18,-54.5
19,-60.5
20,-61.1
21,-64.0
22,-56.7
23,-60.2
24,-62.0
25,-69.2
26,-64.2
