frequency,pdr
11,-61.2
12,-59.6666666667
13,-61.8888888889
14,-57.9
15,-54.8
16,-53.1
17,-52.0
18,-54.1
19,-53.8
20,-53.6
21,-54.8
22,-59.5
23,-59.4
24,-55.1
25,-64.4
26,-57.4
