frequency,pdr
11,-61.2
12,-52.6
13,-54.7777777778
14,-54.9
15,-55.0
16,-65.0
17,-64.1
18,-61.0
19,-55.0
20,-52.0
21,-53.0
22,-56.0909090909
23,-55.0
24,-54.6
25,-50.0
26,-55.9
