frequency,pdr
11,-53.4
12,-66.3333333333
13,-59.2222222222
14,-49.0
15,-46.0
16,-52.3
17,-49.0
18,-52.0
19,-54.8
20,-54.9
21,-50.7
22,-49.0
23,-54.1
24,-49.0
25,-49.0
26,-57.1
