frequency,pdr
11,-56.1
12,-60.1
13,-73.1111111111
14,-70.6666666667
15,-67.0
16,-68.8
17,-58.0
18,-55.9
19,-67.0
20,-67.0
21,-65.0
22,-61.7
23,-61.0
24,-57.4
25,-58.7
26,-57.7
