frequency,pdr
11,-67.0
12,-69.3333333333
13,-60.2222222222
14,-58.7
15,-55.0
16,-67.0
17,-59.5
18,-66.3
19,-64.0
20,-68.1
21,-67.1
22,-62.4
23,-65.6
24,-52.9
25,-55.0
26,-66.0
