frequency,pdr
11,-65.0
12,-71.4444444444
13,-61.2222222222
14,-56.3
15,-55.3
16,-69.4
17,-58.0
18,-59.0
19,-60.3
20,-66.4
21,-61.0
22,-58.7
23,-65.3
24,-61.0
25,-64.0
26,-70.5
