frequency,pdr
11,-69.5
12,-61.2222222222
13,-61.0
14,-58.0
15,-62.5
16,-64.3
17,-70.5454545455
18,-66.9
19,-59.1
20,-55.4
21,-62.8
22,-66.2
23,-63.0
24,-68.4
25,-64.7
26,-60.8
