frequency,pdr
11,-56.7
12,-58.8888888889
13,-57.6666666667
14,-55.6
15,-56.2
16,-65.2
17,-63.4
18,-62.9
19,-61.0
20,-60.5
21,-64.0
22,-67.3
23,-66.4
24,-58.0
25,-62.6
26,-68.0
