frequency,pdr
11,-60.4
12,-65.6666666667
13,-57.8888888889
14,-65.0
15,-64.0
16,-64.2
17,-62.0
18,-60.7
19,-59.7
20,-59.6
21,-66.1
22,-74.5
23,-63.9
24,-58.0
25,-55.7
26,-55.0
