frequency,pdr
11,-65.5
12,-60.7777777778
13,-59.6666666667
14,-63.3
15,-63.5
16,-64.0
17,-64.0
18,-66.0
19,-69.3
20,-55.3
21,-56.2
22,-71.4
23,-68.4
24,-56.5
25,-58.0
26,-65.8
