frequency,pdr
11,-66.3
12,-60.1111111111
13,-58.5555555556
14,-64.1
15,-66.6
16,-68.1
17,-77.1
18,-64.1
19,-70.1
20,-63.1
21,-62.4
22,-59.5
23,-54.4
24,-65.7
25,-65.4
26,-64.7
