frequency,pdr
11,-64.0
12,-65.5555555556
13,-60.3333333333
14,-77.4
15,-67.0
16,-60.9
17,-65.8
18,-67.4
19,-66.3
20,-58.0
21,-59.9
22,-67.0
23,-67.8
24,-61.7
25,-64.5
26,-61.5
