frequency,pdr
11,-61.0
12,-68.7777777778
13,-60.4444444444
14,-67.9
15,-70.0
16,-75.5
17,-64.0
18,-64.0
19,-68.0
20,-63.1
21,-62.8
22,-57.6
23,-64.9
24,-64.0
25,-63.7
26,-63.8
