frequency,pdr
11,-58.5
12,-57.9
13,-66.7777777778
14,-56.5
15,-61.3
16,-55.1
17,-61.3
18,-57.8
19,-60.8
20,-55.0
21,-60.9
22,-71.0909090909
23,-62.5
24,-62.0
25,-66.4
26,-67.0
