frequency,pdr
11,-56.9
12,-55.0
13,-56.5555555556
14,-58.0
15,-62.3
16,-69.1
17,-58.0
18,-67.0
19,-58.4
20,-65.5
21,-64.0
22,-55.2
23,-56.7
24,-58.0
25,-60.6
26,-76.1111111111
