frequency,pdr
11,-59.0
12,-60.6666666667
13,-63.6666666667
14,-64.0
15,-58.1
16,-65.4
17,-69.8
18,-70.0
19,-64.0
20,-64.3
21,-74.2
22,-60.1
23,-63.9
24,-65.5
25,-61.6
26,-73.6666666667
