frequency,pdr
11,-59.3
12,-69.2222222222
13,-61.0
14,-60.1
15,-66.9
16,-61.1
17,-55.3
18,-68.8
19,-66.2
20,-71.0
21,-62.7
22,-73.4444444444
23,-59.4
24,-65.4
25,-58.0
26,-62.7
