frequency,pdr
11,-70.6
12,-60.7777777778
13,-60.5555555556
14,-61.0
15,-60.0
16,-76.1
17,-66.4
18,-67.0
19,-55.0
20,-64.1
21,-65.2
22,-55.0
23,-60.1
24,-69.6
25,-66.3
26,-61.0
