frequency,pdr
11,-61.5
12,-55.0
13,-62.375
14,-62.0
15,-60.1
16,-72.7
17,-67.0
18,-63.4
19,-63.7
20,-75.4444444444
21,-59.6
22,-61.0
23,-58.6
24,-61.0
25,-61.0
26,-75.8181818182
