frequency,pdr
11,-63.8
12,-68.375
13,-63.8888888889
14,-62.9
15,-61.2
16,-59.2
17,-64.0
18,-66.4545454545
19,-61.0
20,-60.6
21,-60.5
22,-59.4
23,-55.0
24,-63.7
25,-65.4
26,-60.2
