frequency,pdr
11,-64.0
12,-64.2222222222
13,-65.7777777778
14,-60.2
15,-58.6
16,-67.9
17,-54.6
18,-58.0
19,-61.0
20,-72.7
21,-76.0
22,-68.2
23,-65.7
24,-61.0
25,-63.1
26,-66.6
