frequency,pdr
11,-65.5
12,-56.7777777778
13,-59.6666666667
14,-57.2
15,-67.0
16,-67.8
17,-66.2
18,-63.3
19,-51.9
20,-58.1
21,-69.3
22,-61.9
23,-59.8
24,-62.4
25,-65.4
26,-58.8
