frequency,pdr
11,-69.3
12,-63.2222222222
13,-59.4444444444
14,-55.2
15,-60.8
16,-61.8
17,-62.7
18,-68.4
19,-61.1
20,-53.4
21,-55.2
22,-64.0
23,-59.0
24,-59.8
25,-58.1
26,-60.9
