frequency,pdr
11,-55.0
12,-72.7142857143
13,-74.7142857143
14,-55.2
15,-57.0
16,-62.8
17,-51.8
18,-49.0
19,-45.4
20,-43.0
21,-42.4
22,-45.9
23,-47.3
24,-46.8
25,-48.9
26,-55.0
