frequency,pdr
11,-79.0
12,-77.0
13,-76.2
14,-76.0
15,-76.0
16,-76.3
17,-77.0
18,-77.4
19,-76.0
20,-76.0
21,-76.8888888889
22,-79.125
23,-82.0
24,-84.1111111111
25,-85.0
26,-83.5
