frequency,pdr
11,-91.0
12,-91.0
13,-90.4
14,-85.2
15,-85.0
16,-90.0
17,-88.9
18,-85.1
19,-84.5
20,-83.7
21,-83.5555555556
22,-83.125
23,-83.1111111111
24,-83.125
25,-83.1
26,-84.0
