frequency,pdr
11,-88.7777777778
12,-89.5714285714
13,-90.0
14,-90.0
15,-90.9
16,-91.0
17,-90.5
21,-91.0
23,-90.8888888889
24,-91.0
25,-91.0
26,-90.9
