frequency,pdr
11,-77.5
12,-81.0
13,-87.7777777778
14,-87.0
15,-82.0
16,-80.0
17,-79.0
18,-78.9
19,-78.2
20,-79.0
21,-79.0
22,-83.875
23,-90.0
24,-90.1111111111
25,-89.1
26,-85.0
