frequency,pdr
11,-75.3
12,-76.0
13,-87.875
14,-79.25
15,-73.0
16,-77.4285714286
17,-82.75
18,-74.8571428571
19,-73.0
20,-71.0
21,-70.0
22,-69.0
23,-69.3
24,-67.0
25,-67.7
26,-70.0
