frequency,pdr
11,-67.0
12,-70.0
13,-70.1111111111
14,-73.0
15,-73.6
16,-71.0
17,-70.7777777778
18,-69.75
19,-70.0
20,-72.0
21,-71.8
22,-71.0
23,-73.0
24,-80.6
25,-79.0
26,-82.0
