frequency,pdr
11,-45.3
12,-44.1
13,-45.9
14,-47.2
15,-51.0
16,-54.3333333333
17,-55.4444444444
18,-55.0
19,-55.0
20,-55.0
21,-55.0
22,-55.0
23,-55.1
24,-58.0
25,-59.0
26,-57.6
