frequency,pdr
11,-80.5714285714
12,-87.6
13,-74.0
14,-72.0
15,-68.0
16,-65.8
17,-67.0
18,-69.8571428571
19,-72.75
20,-73.0
21,-70.0
22,-70.0
23,-68.0
24,-68.2
25,-67.6
26,-67.0
