frequency,pdr
11,-70.0
12,-67.0
13,-67.0
14,-64.0
15,-59.6
16,-60.4285714286
17,-58.0
18,-60.75
19,-60.8888888889
20,-60.0
21,-58.0
22,-58.7
23,-61.0
24,-61.1
25,-61.0
26,-61.0
