frequency,pdr
11,-79.8571428571
12,-76.8
13,-76.0
14,-83.25
15,-76.3333333333
16,-73.0
17,-72.8888888889
18,-75.0
19,-73.0
20,-70.0
21,-73.0
22,-70.9
23,-71.4
24,-73.0
25,-75.5
26,-73.0
