frequency,pdr
11,-55.5555555556
12,-55.0
13,-59.1
14,-58.2
15,-55.0
16,-57.875
17,-69.875
18,-64.1111111111
19,-66.8888888889
20,-67.0
21,-71.7
22,-65.3
23,-58.6
24,-58.0
25,-58.7
26,-55.5
