frequency,pdr
11,-64.0
12,-61.0
13,-64.0
14,-61.0
15,-64.0
16,-67.625
17,-61.3333333333
18,-60.875
19,-61.1111111111
20,-61.0
21,-63.3
22,-61.0
23,-58.0
24,-57.0
25,-55.2
26,-55.0
