frequency,pdr
11,-52.2
12,-55.0
13,-57.8888888889
14,-58.3
15,-68.7
16,-67.25
17,-61.0
18,-57.4444444444
19,-57.7
20,-53.0
21,-52.0
22,-49.8
23,-49.4
24,-48.6
25,-49.2
26,-52.5
