frequency,pdr
11,-56.7142857143
12,-55.2857142857
13,-55.7777777778
14,-56.6
15,-64.0
16,-57.1111111111
17,-57.7777777778
18,-59.375
19,-55.0
20,-55.0
21,-55.0
22,-55.0
23,-55.6
24,-59.8
25,-66.8
26,-68.0
