frequency,pdr
11,-61.0
12,-65.6666666667
13,-69.7777777778
14,-64.0
15,-67.0
16,-67.0
17,-61.2222222222
18,-60.8571428571
19,-58.0
20,-58.0
21,-61.0
22,-67.0
23,-65.9
24,-66.2
25,-77.1
26,-62.1
