frequency,pdr
11,-56.25
12,-55.3333333333
13,-57.2222222222
14,-59.5555555556
15,-62.6
16,-60.8571428571
17,-57.8888888889
18,-57.7777777778
19,-58.0
20,-61.0
21,-57.5
22,-57.7
23,-58.7
24,-63.0
25,-74.9
26,-74.8
