frequency,pdr
11,-65.6
12,-61.5
13,-55.0
14,-55.8
15,-58.0
16,-54.8571428571
17,-54.875
18,-55.0
19,-57.1111111111
20,-60.9
21,-61.0
22,-57.7
23,-56.5
24,-55.0
25,-52.3
26,-52.0
