frequency,pdr
11,-52.0
12,-51.7272727273
13,-51.5
14,-50.0
15,-54.7
16,-58.6666666667
17,-55.0
18,-58.5714285714
19,-73.1111111111
20,-63.3
21,-67.0
22,-64.0
23,-60.8
24,-61.0
25,-60.5
26,-53.7
