frequency,pdr
11,-78.7777777778
12,-75.0
13,-71.4444444444
14,-68.4444444444
15,-67.2
16,-67.0
17,-67.0
18,-67.0
19,-70.0
20,-70.0
21,-71.0
22,-74.6
23,-74.7
24,-77.6
25,-79.0
26,-80.8
