frequency,pdr
11,-64.0
12,-68.5
13,-64.0
14,-63.0
15,-60.6
16,-58.7142857143
17,-63.6666666667
18,-64.125
19,-67.0
20,-68.0
21,-67.0
22,-64.0
23,-64.1
24,-65.1
25,-63.3
26,-63.3
