frequency,pdr
11,-69.9
12,-72.8333333333
13,-87.375
14,-79.5714285714
15,-76.0
16,-73.1666666667
17,-74.6666666667
18,-76.375
19,-86.875
20,-79.9
21,-73.0
22,-72.8
23,-71.1
24,-67.7
25,-67.0
26,-67.0
