frequency,pdr
11,-52.0
12,-52.0
13,-55.0
14,-58.0
15,-57.4
16,-58.5714285714
17,-64.4
18,-60.4444444444
19,-59.0
20,-64.5
21,-62.3
22,-61.0
23,-61.0
24,-69.2
25,-72.8
26,-61.0
