frequency,pdr
11,-60.8888888889
12,-58.8571428571
13,-58.0
14,-58.0
15,-63.4
16,-63.0
17,-63.25
18,-62.3333333333
19,-61.6666666667
20,-66.6
21,-66.6
22,-64.0
23,-64.5
24,-65.6
25,-67.0
26,-85.8571428571
