frequency,pdr
11,-90.3333333333
19,-91.0
23,-91.0
24,-90.2857142857
25,-89.9
26,-90.0
