frequency,pdr
11,-89.0
12,-90.9
13,-90.3
14,-89.4
15,-88.1
16,-87.0
17,-87.1
18,-89.0
19,-89.3
20,-87.9
21,-85.7142857143
22,-84.8333333333
23,-86.0
24,-87.0
25,-88.6
26,-90.0
