frequency,pdr
11,-87.1111111111
12,-88.375
13,-86.3
14,-85.0
15,-86.7
16,-88.1
17,-89.125
18,-90.4
19,-91.0
20,-91.0
21,-91.0
22,-89.0
23,-89.1428571429
24,-90.8
25,-91.0
26,-90.0
