frequency,pdr
11,-83.5
12,-84.0
13,-86.4
14,-89.4
15,-90.4
16,-91.0
17,-90.3
18,-87.9
19,-86.8
20,-87.5
21,-88.1428571429
23,-90.2222222222
24,-91.0
25,-91.0
26,-90.8
