frequency,pdr
11,-88.9
12,-88.1
13,-87.2
14,-88.0
15,-88.0
16,-88.0
17,-86.7
18,-84.1
19,-82.0
20,-82.0
21,-82.0
22,-81.2857142857
23,-81.8571428571
24,-82.0
25,-82.0
26,-82.0
