frequency,pdr
11,-66.1
12,-66.8888888889
13,-55.1111111111
14,-55.0
15,-65.8
16,-66.4
17,-68.0
18,-60.6
19,-76.6
20,-66.5
21,-77.3
22,-67.6
23,-63.0
24,-63.9
25,-65.9
26,-66.0
