frequency,pdr
11,-53.9
12,-61.1111111111
13,-65.2222222222
14,-63.9
15,-57.6
16,-73.2
17,-67.0
18,-63.8
19,-56.1
20,-64.3
21,-68.0
22,-68.0
23,-61.0
24,-76.7
25,-64.2
26,-65.5
