frequency,pdr
11,-55.0
12,-53.2222222222
13,-53.8888888889
14,-53.9
15,-52.1
16,-55.0
17,-58.0
18,-55.0
19,-59.1
20,-61.0
21,-55.0
22,-60.6
23,-56.2
24,-67.4
25,-62.9
26,-75.9
