frequency,pdr
11,-57.2
12,-61.2222222222
13,-66.1111111111
14,-55.0
15,-51.9
16,-55.3
17,-50.9
18,-52.4
19,-52.0
20,-51.8
21,-55.0
22,-49.2
23,-57.3
24,-50.4
25,-49.1
26,-58.5
