frequency,pdr
11,-52.0
12,-64.7777777778
13,-59.6666666667
14,-61.3
15,-67.7
16,-75.9
17,-64.0
18,-68.8
19,-61.0
20,-65.7
21,-58.0
22,-59.0
23,-67.4
24,-58.0
25,-62.2
26,-63.9
