frequency,pdr
11,-55.0
12,-55.6
13,-54.8888888889
14,-66.9
15,-59.0
16,-60.2
17,-63.7
18,-75.8
19,-67.0
20,-61.7
21,-70.1
22,-58.0
23,-70.9
24,-61.3
25,-67.0
26,-70.6666666667
