frequency,pdr
11,-53.2
12,-53.1
13,-51.5555555556
14,-64.8
15,-65.1
16,-54.0
17,-56.5
18,-78.5555555556
19,-55.0
20,-64.0
21,-63.4
22,-67.7
23,-64.3
24,-62.5
25,-59.8
26,-58.0
