frequency,pdr
11,-62.4
12,-67.6666666667
13,-57.7777777778
14,-63.7
15,-70.9
16,-58.0
17,-65.0
18,-68.3
19,-66.7
20,-58.0
21,-73.3
22,-58.7
23,-61.0
24,-71.6
25,-67.3
26,-61.0
