frequency,pdr
11,-45.0
12,-59.4444444444
13,-57.6666666667
14,-46.0
15,-49.0
16,-49.0
17,-50.0
18,-43.0
19,-47.0
20,-49.0
21,-50.8
22,-50.1
23,-46.0
24,-46.0
25,-45.2
26,-46.0
