frequency,pdr
11,-61.0
12,-58.3
13,-60.8888888889
14,-73.0
15,-63.2
16,-58.0
17,-53.8
18,-62.2
19,-68.3
20,-66.9
21,-64.0
22,-75.5
23,-83.3333333333
24,-63.9
25,-64.0
26,-67.0
