frequency,pdr
11,-57.1
12,-67.3333333333
13,-69.8888888889
14,-55.0
15,-49.0
16,-52.0
17,-54.7
18,-56.3
19,-55.0
20,-56.0
21,-65.1
22,-49.0
23,-54.4
24,-55.0
25,-52.0
26,-58.5
