frequency,pdr
11,-68.5555555556
12,-64.0
13,-67.3333333333
14,-55.2
15,-58.8
16,-60.4
17,-69.5
18,-60.1
19,-64.0
20,-68.3
21,-64.0
22,-63.5
23,-64.0
24,-72.5
25,-67.0
26,-73.4
