frequency,pdr
11,-85.7142857143
12,-85.3
13,-85.6666666667
14,-86.1
15,-87.1
16,-87.8
17,-88.0
18,-88.8
19,-90.0
20,-90.8
21,-91.0
23,-89.7
24,-88.8
25,-88.7
26,-88.8
