frequency,pdr
11,-76.0
12,-77.2
13,-79.0
14,-81.0
15,-82.0
16,-81.8888888889
17,-76.4285714286
18,-76.0
19,-74.7
20,-73.5
21,-73.0
22,-73.3
23,-75.0
24,-76.0
25,-76.0
26,-73.0
