frequency,pdr
11,-66.2
12,-63.4444444444
13,-65.2
14,-55.0
15,-53.7777777778
16,-73.0
17,-61.8
18,-67.0
19,-63.2
20,-55.0
21,-64.3
22,-58.1
23,-74.3333333333
24,-59.0
25,-61.0
26,-53.1
