frequency,pdr
11,-61.9
12,-65.3333333333
13,-61.0
14,-63.0
15,-63.8888888889
16,-64.8
17,-69.6
18,-59.7
19,-63.3
20,-58.0
21,-62.2
22,-71.8
23,-74.375
24,-61.0
25,-64.0
26,-59.1
