frequency,pdr
11,-51.2
12,-51.0
13,-52.0
14,-55.9
15,-64.8888888889
16,-52.2
17,-54.6
18,-72.3
19,-58.9
20,-54.1
21,-46.7
22,-56.8
23,-61.2222222222
24,-55.5
25,-50.5
26,-53.2
