frequency,pdr
11,-54.1
12,-62.5555555556
13,-54.9
14,-55.0
15,-50.5555555556
16,-49.0
17,-55.0
18,-58.9
19,-62.0
20,-55.9
21,-75.5
22,-60.1
23,-61.1
24,-52.5
25,-49.9
26,-53.5
