frequency,pdr
11,-56.3
12,-57.7777777778
13,-49.0
14,-48.4
15,-52.7777777778
16,-48.6
17,-60.2
18,-55.8
19,-48.0
20,-49.0
21,-48.6
22,-55.8
23,-52.1
24,-54.1
25,-52.0
26,-60.0
