frequency,pdr
11,-60.9
12,-66.8888888889
13,-63.7272727273
14,-63.7
15,-60.6
16,-69.6
17,-63.9
18,-61.0
19,-71.8
20,-67.5
21,-64.0
22,-60.7
23,-61.0
24,-73.2
25,-68.6
26,-71.6
