frequency,pdr
11,-52.9
12,-51.5555555556
13,-46.0
14,-55.0
15,-60.2222222222
16,-52.0
17,-48.5
18,-49.0
19,-56.9
20,-58.1
21,-58.0
22,-63.1
23,-65.1
24,-54.4
25,-59.2
26,-55.1
