frequency,pdr
11,-62.6
12,-65.5555555556
13,-56.8
14,-55.0
15,-62.4444444444
16,-62.9
17,-59.0
18,-59.8
19,-58.0
20,-64.3
21,-67.0
22,-64.7
23,-62.1
24,-64.0
25,-62.4
26,-67.0
