frequency,pdr
11,-66.8
12,-66.6666666667
13,-61.1
14,-58.2
15,-61.1111111111
16,-64.5
17,-71.4
18,-58.1
19,-71.5
20,-64.3
21,-55.0
22,-54.8
23,-67.3
24,-55.8
25,-58.3
26,-55.0
