frequency,pdr
11,-49.6
12,-52.0
13,-49.8
14,-52.6
15,-60.4444444444
16,-54.4
17,-47.2
18,-55.0
19,-53.4
20,-57.7
21,-64.1
22,-78.0
23,-65.1111111111
24,-70.7
25,-59.6
26,-55.0
