frequency,pdr
11,-71.4444444444
12,-63.8888888889
13,-56.5
14,-58.3
15,-70.7
16,-56.6
17,-55.0
18,-58.0
19,-52.1
20,-60.4
21,-56.2
22,-55.0
23,-67.7
24,-69.5
25,-57.7
26,-61.0
