frequency,pdr
11,-67.8888888889
12,-69.4444444444
13,-58.2
14,-55.0
15,-67.0
16,-67.0
17,-57.3
18,-64.1
19,-69.5
20,-61.0
21,-66.3
22,-66.2
23,-65.9
24,-67.0
25,-67.0
26,-65.2
