frequency,pdr
11,-58.3
12,-57.8888888889
13,-61.8
14,-62.5
15,-59.7
16,-63.1111111111
17,-61.0
18,-68.3
19,-64.7
20,-55.0
21,-60.9
22,-61.7
23,-72.3333333333
24,-63.1
25,-74.4444444444
26,-64.0
