frequency,pdr
11,-70.4444444444
12,-62.7777777778
13,-58.2
14,-61.0
15,-61.0
16,-61.8
17,-57.6
18,-74.0
19,-64.0
20,-61.0
21,-70.0
22,-61.0
23,-64.3
24,-74.8
25,-71.6666666667
26,-61.1
