frequency,pdr
11,-64.0
12,-63.6666666667
13,-56.4
14,-55.3
15,-67.1
16,-60.8
17,-57.0
18,-62.4
19,-66.5
20,-70.0
21,-77.6
22,-70.6
23,-72.5
24,-69.5
25,-71.8888888889
26,-76.0
