frequency,pdr
11,-67.5555555556
12,-62.0
13,-70.1
14,-61.1
15,-71.0
16,-73.5555555556
17,-64.0
18,-64.9
19,-64.0
20,-72.1
21,-64.0
22,-62.4
23,-59.9
24,-59.3
25,-73.6666666667
26,-72.9
