frequency,pdr
11,-52.2
12,-51.3
13,-59.8
14,-59.5
15,-58.0
16,-60.8
17,-72.2
18,-58.4
19,-57.4
20,-66.8
21,-58.0
22,-74.0
23,-61.2
24,-63.4
25,-63.2222222222
26,-77.1111111111
