frequency,pdr
11,-61.2
12,-65.5555555556
13,-63.0
14,-58.0
15,-61.0
16,-56.2222222222
17,-64.0
18,-65.8
19,-67.0
20,-73.7
21,-62.0
22,-65.7
23,-61.0
24,-61.0
25,-61.0
26,-64.9
