frequency,pdr
11,-55.0
12,-58.2
13,-61.9
14,-78.3
15,-61.0
16,-65.8
17,-62.6
18,-61.9
19,-66.1
20,-68.6
21,-67.3
22,-64.0
23,-77.9
24,-64.0
25,-65.3333333333
26,-75.6666666667
