frequency,pdr
11,-73.8181818182
12,-65.1111111111
13,-59.2
14,-75.1
15,-63.6
16,-65.8
17,-55.8
18,-61.4
19,-60.3
20,-58.1
21,-60.3
22,-70.0
23,-52.0
24,-60.2
25,-58.0
26,-69.5
