frequency,pdr
11,-61.5555555556
12,-67.8888888889
13,-57.0
14,-65.5
15,-62.7
16,-58.5
17,-66.3
18,-61.9
19,-62.1
20,-68.6
21,-74.7
22,-62.5
23,-61.8
24,-75.7
25,-65.4444444444
26,-74.75
