frequency,pdr
11,-60.7
12,-67.2222222222
13,-55.1
14,-61.0
15,-63.8
16,-60.1
17,-55.1
18,-62.6
19,-72.4
20,-65.7
21,-55.8
22,-55.0
23,-63.0
24,-65.7
25,-66.8888888889
26,-61.8
