frequency,pdr
11,-55.0
12,-65.4444444444
13,-58.0
14,-64.4
15,-72.4
16,-55.0
17,-55.0
18,-64.1
19,-71.8
20,-66.3
21,-68.9
22,-66.2
23,-62.7
24,-60.4
25,-77.7777777778
26,-56.9
