frequency,pdr
11,-57.6
12,-63.7777777778
13,-57.8
14,-63.6
15,-68.5
16,-60.7
17,-72.4
18,-64.0
19,-75.4
20,-64.0
21,-67.0
22,-66.0
23,-65.6
24,-63.6
25,-63.8888888889
26,-67.1
