frequency,pdr
11,-59.9
12,-66.6666666667
13,-69.8
14,-64.0
15,-57.9
16,-60.8888888889
17,-64.2
18,-59.8
19,-65.0
20,-62.0
21,-61.1
22,-63.4
23,-66.8
24,-67.0
25,-61.0
26,-67.0
