frequency,pdr
11,-67.7777777778
12,-55.1
13,-65.8
14,-59.6
15,-60.7
16,-63.9
17,-51.5
18,-49.0
19,-58.6
20,-52.0
21,-60.6
22,-67.0
23,-61.5
24,-71.1
25,-63.4444444444
26,-57.0
