frequency,pdr
11,-68.5555555556
12,-69.8888888889
13,-73.1
14,-61.0
15,-70.2
16,-58.1
17,-58.2
18,-60.2
19,-63.7
20,-58.0
21,-67.0
22,-61.0
23,-66.5
24,-64.8
25,-62.3333333333
26,-69.5
