frequency,pdr
11,-60.7
12,-60.8888888889
13,-67.0
14,-68.2
15,-59.4
16,-57.4
17,-66.0
18,-66.2
19,-68.9
20,-69.6
21,-64.5
22,-68.7
23,-65.0
24,-74.8
25,-66.8888888889
26,-69.7
