frequency,pdr
11,-57.2
12,-65.4444444444
13,-55.0
14,-64.0
15,-63.7
16,-67.2
17,-68.8
18,-64.0
19,-63.0
20,-65.9
21,-65.0
22,-67.8
23,-67.0
24,-66.0
25,-64.8888888889
26,-71.1
