frequency,pdr
11,-52.0
12,-61.6666666667
13,-70.0
14,-52.0
15,-60.6
16,-60.4
17,-66.4
18,-59.2
19,-52.0
20,-46.0
21,-52.0
22,-49.0
23,-54.3
24,-53.0
25,-57.6666666667
26,-58.0
