frequency,pdr
11,-74.3333333333
12,-66.2
13,-67.0
14,-55.0
15,-60.0
16,-62.9
17,-57.4
18,-57.9
19,-61.4
20,-67.0
21,-67.0
22,-61.0
23,-60.1
24,-67.0
25,-65.8888888889
26,-79.6666666667
