frequency,pdr
11,-67.0
12,-59.4444444444
13,-67.2
14,-63.8
15,-59.6
16,-58.6
17,-65.4
18,-71.6
19,-58.0
20,-61.9
21,-55.0
22,-61.5
23,-58.8
24,-62.3
25,-60.6666666667
26,-62.4
