frequency,pdr
11,-55.0
12,-56.7777777778
13,-62.6
14,-58.0
15,-60.3
16,-58.5
17,-60.9
18,-55.6
19,-58.1
20,-58.0
21,-56.2
22,-67.0
23,-61.1
24,-67.8
25,-65.4444444444
26,-63.0
