frequency,pdr
11,-66.6666666667
12,-70.4444444444
13,-70.3
14,-68.3
15,-66.3
16,-62.2
17,-70.5
18,-61.5
19,-64.0
20,-58.0
21,-59.4
22,-58.2
23,-68.3
24,-70.0
25,-69.8888888889
26,-66.3
