frequency,pdr
11,-58.0
12,-62.7777777778
13,-59.0
14,-62.0
15,-58.0
16,-61.5
17,-65.2
18,-61.0
19,-63.6
20,-65.3
21,-68.9
22,-80.3333333333
23,-68.8
24,-67.0
25,-83.625
26,-63.0
