frequency,pdr
11,-58.2
12,-64.3333333333
13,-63.2
14,-67.2
15,-65.4
16,-64.0
17,-73.1
18,-68.4
19,-55.0
20,-62.6
21,-67.4
22,-64.0
23,-64.3
24,-69.6
25,-62.2222222222
26,-64.1
