frequency,pdr
11,-57.6
12,-70.1111111111
13,-73.6666666667
14,-64.0
15,-63.4
16,-62.9
17,-62.6
18,-64.0
19,-61.0
20,-62.9
21,-55.9
22,-63.7
23,-68.4
24,-65.1
25,-62.0
26,-62.6
