frequency,pdr
11,-64.0
12,-67.8888888889
13,-66.2
14,-71.7
15,-61.0
16,-63.0
17,-66.8
18,-56.5
19,-63.9
20,-63.2
21,-65.0
22,-64.4
23,-65.2
24,-68.1
25,-66.4444444444
26,-70.4
