frequency,pdr
11,-67.3333333333
12,-62.4444444444
13,-53.0
14,-63.9
15,-61.8
16,-55.4
17,-52.0
18,-53.4
19,-50.4
20,-54.4
21,-56.2
22,-61.0
23,-58.0
24,-58.3
25,-62.4444444444
26,-61.0
