frequency,pdr
11,-63.0
12,-62.3333333333
13,-54.8
14,-63.6
15,-68.6
16,-71.0
17,-71.6
18,-61.2
19,-64.0
20,-64.0
21,-56.4
22,-60.3
23,-58.1
24,-64.7
25,-65.2222222222
26,-69.5
