frequency,pdr
11,-65.0909090909
12,-55.2
13,-59.7
14,-63.9
15,-72.3
16,-57.8
17,-55.1
18,-74.4
19,-61.0
20,-67.7
21,-58.0
22,-61.9
23,-61.0
24,-75.6
25,-60.8888888889
26,-58.6
