frequency,pdr
11,-59.4
12,-60.9
13,-60.3
14,-65.3
15,-67.0
16,-57.0
17,-55.0
18,-62.1
19,-60.8
20,-64.0
21,-64.2
22,-73.8333333333
23,-61.1
24,-65.9
25,-63.1111111111
26,-60.2
