frequency,pdr
11,-62.3
12,-57.9
13,-70.0
14,-60.6
15,-61.3
16,-70.2
17,-58.2
18,-60.8
19,-67.4
20,-66.4
21,-56.9
22,-63.0
23,-55.3
24,-61.7272727273
25,-59.6666666667
26,-65.7
