frequency,pdr
11,-60.2
12,-67.2222222222
13,-58.2
14,-61.8
15,-55.0
16,-57.9
17,-68.8
18,-63.8
19,-53.6
20,-55.0
21,-57.9
22,-62.7
23,-60.7
24,-58.3
25,-59.6666666667
26,-54.8
