frequency,pdr
11,-73.8888888889
12,-64.3333333333
13,-64.4
14,-67.7
15,-64.4
16,-58.0
17,-61.0
18,-65.6
19,-62.2
20,-66.7
21,-60.9
22,-64.0
23,-64.0
24,-70.0
25,-73.0
26,-61.9
