frequency,pdr
11,-59.5
12,-55.7777777778
13,-69.1
14,-70.0
15,-61.1
16,-67.0
17,-55.0
18,-63.8
19,-65.1
20,-66.9
21,-68.4
22,-65.4
23,-66.4545454545
24,-62.2
25,-65.4444444444
26,-65.7
