frequency,pdr
11,-62.6
12,-63.7777777778
13,-70.3
14,-58.3
15,-58.7
16,-63.5
17,-74.5
18,-68.5
19,-64.3
20,-61.0
21,-74.2
22,-66.7
23,-62.7
24,-69.9
25,-62.1111111111
26,-68.6
