frequency,pdr
11,-64.5555555556
12,-60.8
13,-60.0
14,-65.4
15,-63.9
16,-55.3
17,-65.9
18,-63.7
19,-66.9
20,-67.0
21,-58.0
22,-65.4
23,-66.4
24,-65.7
25,-63.1111111111
26,-65.9
