frequency,pdr
11,-49.0
12,-54.2222222222
13,-57.6
14,-58.0
15,-62.9
16,-67.3
17,-52.0
18,-49.0
19,-52.4
20,-55.5
21,-58.0
22,-52.5
23,-59.0
24,-64.9090909091
25,-52.1
26,-55.0
