frequency,pdr
11,-56.6
12,-56.2
13,-64.1
14,-58.9
15,-61.3
16,-72.3
17,-70.1
18,-69.4
19,-58.0
20,-65.0
21,-58.3
22,-62.3
23,-70.2
24,-57.5
25,-59.5555555556
26,-80.1111111111
