frequency,pdr
11,-65.2
12,-65.3333333333
13,-61.7
14,-64.3
15,-60.9
16,-55.0
17,-55.0
18,-59.4
19,-67.0
20,-66.1
21,-59.7
22,-57.1
23,-55.0
24,-61.0
25,-66.7777777778
26,-66.6
