frequency,pdr
11,-55.0
12,-66.2222222222
13,-62.9
14,-60.4
15,-58.2
16,-65.8
17,-69.7
18,-55.0
19,-62.5
20,-71.8
21,-61.0
22,-57.9
23,-54.9
24,-62.6
25,-71.6666666667
26,-65.1
