frequency,pdr
11,-58.4
12,-59.1111111111
13,-66.7
14,-65.8
15,-60.6
16,-67.1111111111
17,-58.0
18,-67.7
19,-72.4
20,-56.8
21,-55.0
22,-63.9
23,-55.0
24,-55.0
25,-62.6666666667
26,-58.0
