frequency,pdr
11,-76.4444444444
12,-66.8888888889
13,-63.8
14,-61.9
15,-62.8
16,-61.2
17,-68.1
18,-58.0
19,-61.0
20,-65.6
21,-58.0
22,-60.4
23,-71.0
24,-61.4
25,-64.6666666667
26,-64.0
