frequency,pdr
11,-59.1
12,-56.5555555556
13,-55.0
14,-55.0
15,-69.3
16,-66.9
17,-68.3
18,-65.3
19,-58.0
20,-54.0
21,-55.0
22,-55.0
23,-55.0
24,-56.4
25,-60.2222222222
26,-62.5
