frequency,pdr
11,-58.1
12,-57.9
13,-67.6
14,-57.1
15,-80.4
16,-75.5555555556
17,-65.1
18,-65.7
19,-64.6
20,-67.0
21,-63.8
22,-59.2
23,-71.4
24,-60.0
25,-65.5555555556
26,-73.4
