frequency,pdr
11,-82.0
12,-82.0
13,-82.0
14,-84.1111111111
15,-82.9
16,-83.9
17,-87.8333333333
18,-91.0
19,-86.1
20,-87.0
21,-89.3
23,-91.0
24,-89.4
25,-82.6
26,-81.0
