frequency,pdr
11,-88.0
12,-87.3
13,-91.0
14,-88.9
15,-85.2
16,-85.6666666667
17,-84.0
18,-81.5555555556
19,-81.8
20,-82.2
21,-81.0
22,-79.0
23,-78.0
24,-76.1
25,-76.2
26,-78.1
