frequency,pdr
11,-79.0
12,-78.7
13,-79.0
14,-79.0
15,-79.0
16,-80.6666666667
17,-82.6666666667
18,-85.6666666667
19,-89.0
20,-88.2
21,-88.0
23,-85.875
24,-85.2
25,-87.2
26,-87.0
