frequency,pdr
11,-82.0
12,-84.5
13,-91.0
14,-90.8888888889
15,-91.0
16,-87.1111111111
17,-82.0
18,-82.0
19,-82.0
20,-82.0
21,-83.0
22,-85.8
23,-91.0
24,-90.3
25,-87.5
26,-90.3
