frequency,pdr
11,-90.75
12,-91.0
13,-90.4444444444
14,-87.9
15,-83.0
16,-82.0
17,-82.1
18,-86.6666666667
19,-90.6
20,-86.5
21,-85.0
22,-84.8
23,-85.3
24,-86.6
25,-87.7
26,-89.4
