frequency,pdr
11,-86.0
12,-87.25
13,-89.5714285714
14,-88.8
15,-88.5
16,-88.125
17,-88.5555555556
18,-86.875
19,-85.7142857143
20,-87.1
21,-90.5
26,-91.0
