frequency,pdr
11,-86.2222222222
12,-84.0
13,-83.3333333333
14,-82.8
15,-83.7
16,-88.0
17,-91.0
18,-91.0
19,-91.0
20,-91.0
21,-90.1
22,-85.8
23,-85.0
24,-86.8
25,-91.0
26,-91.0
