frequency,pdr
11,-62.0
12,-63.2222222222
13,-65.6666666667
14,-70.1
15,-73.0
16,-68.0
17,-67.0
18,-67.0
19,-68.0
20,-72.4
21,-77.1
22,-69.3
23,-67.0
24,-64.0
25,-64.0
26,-64.0
