frequency,pdr
11,-90.4444444444
12,-91.0
13,-90.6666666667
14,-91.0
15,-91.0
16,-91.0
17,-91.0
18,-91.0
19,-91.0
20,-91.0
21,-90.9
22,-90.0
23,-89.5
24,-90.0
25,-91.0
26,-91.0
