frequency,pdr
11,-71.8
12,-72.8
13,-70.1111111111
14,-73.0
15,-72.8
16,-73.5
17,-81.0
18,-79.0
19,-72.3
20,-69.3
21,-69.1818181818
22,-67.0
23,-67.3
24,-70.0
25,-73.0
26,-72.1
