frequency,pdr
11,-85.1111111111
12,-81.7142857143
13,-80.8888888889
14,-82.0
15,-81.0
16,-79.0
17,-79.5
18,-81.6
19,-83.0
20,-84.9
21,-86.0
22,-88.0
23,-90.8888888889
24,-91.0
25,-91.0
26,-91.0
