frequency,pdr
11,-66.0
12,-66.7777777778
13,-69.7777777778
14,-73.0
15,-82.7
16,-72.3
17,-70.0
18,-68.8
19,-72.5
20,-83.1
21,-73.0
22,-68.8
23,-68.7
24,-70.6
25,-73.0
26,-76.0
