frequency,pdr
11,-86.3
12,-88.4285714286
13,-90.1111111111
14,-90.1
15,-91.0
16,-91.0
17,-90.3
18,-88.0
19,-86.9
20,-88.9
21,-91.0
22,-91.0
23,-91.0
24,-91.0
25,-91.0
