frequency,pdr
11,-66.0
12,-65.3
13,-57.8888888889
14,-54.0
15,-61.2222222222
16,-65.9
17,-67.0
18,-62.3
19,-55.6
20,-64.5
21,-68.8
22,-63.7
23,-59.8
24,-67.0
25,-62.5
26,-67.0
