frequency,pdr
11,-69.4
12,-64.2
13,-66.5555555556
14,-74.1
15,-70.3333333333
16,-61.0
17,-60.1
18,-62.8
19,-64.2
20,-67.0
21,-62.0
22,-78.9
23,-68.0
24,-66.2
25,-65.3
26,-65.1
