frequency,pdr
11,-55.0
12,-62.1111111111
13,-58.4
14,-51.9
15,-56.3333333333
16,-60.0
17,-66.2
18,-58.0
19,-63.5
20,-79.0
21,-58.0
22,-62.8
23,-55.0
24,-65.5
25,-70.7
26,-78.6
