frequency,pdr
11,-60.9
12,-69.4
13,-60.1111111111
14,-81.7777777778
15,-80.5555555556
16,-62.7
17,-70.0
18,-61.0
19,-64.7
20,-77.0
21,-66.7
22,-67.0
23,-71.5
24,-64.0
25,-64.0
26,-62.6
