frequency,pdr
11,-68.8
12,-70.5555555556
13,-60.1111111111
14,-60.6
15,-55.0
16,-59.0
17,-55.0
18,-55.0
19,-59.8
20,-65.1
21,-57.8
22,-70.5
23,-64.3
24,-58.0
25,-59.3
26,-61.4
