frequency,pdr
11,-49.4
12,-49.6666666667
13,-46.0
14,-44.8
15,-58.2222222222
16,-55.0
17,-49.0
18,-61.4
19,-54.9
20,-51.1
21,-55.0
22,-48.0
23,-50.0
24,-53.2
25,-58.5
26,-46.9
