frequency,pdr
11,-64.1111111111
12,-63.5555555556
13,-66.6
14,-70.0
15,-67.0
16,-67.0
17,-65.5
18,-59.3
19,-62.9
20,-75.0
21,-69.9
22,-65.0
23,-61.9
24,-58.0
25,-58.0
26,-62.4
