frequency,pdr
11,-58.1
12,-56.0
13,-63.2222222222
14,-52.2
15,-55.0
16,-50.8
17,-60.1
18,-58.3
19,-69.1
20,-60.0
21,-54.0
22,-71.6666666667
23,-52.0
24,-50.9
25,-53.4
26,-47.0
