frequency,pdr
11,-61.9
12,-62.8888888889
13,-59.6666666667
14,-67.0
15,-68.3
16,-61.8
17,-58.0
18,-64.0
19,-64.2
20,-59.7
21,-61.1
22,-74.3
23,-68.4
24,-64.2
25,-65.7
26,-63.2
