frequency,pdr
11,-43.0
12,-47.3
13,-54.2222222222
14,-42.4
15,-42.1
16,-47.3
17,-43.4
18,-43.0
19,-45.1818181818
20,-47.7
21,-39.0
22,-43.0
23,-41.0
24,-39.8
25,-43.0
26,-41.5
