frequency,pdr
11,-68.4444444444
12,-59.6666666667
13,-77.6
14,-58.0
15,-71.2222222222
16,-69.4
17,-55.0
18,-58.0
19,-60.6
20,-60.8
21,-65.3
22,-65.3
23,-73.5555555556
24,-60.7
25,-70.8
26,-66.3
