frequency,pdr
11,-55.0
12,-67.2222222222
13,-61.1111111111
14,-57.1
15,-59.7272727273
16,-67.6
17,-62.1
18,-70.2
19,-64.7
20,-55.4
21,-55.0
22,-55.0
23,-64.5
24,-55.0
25,-55.0
26,-62.3
