frequency,pdr
11,-71.7272727273
12,-63.6666666667
13,-64.0
14,-66.1
15,-59.3333333333
16,-67.8
17,-61.0
18,-61.0
19,-67.1
20,-64.0
21,-64.8
22,-64.0
23,-69.7
24,-77.7
25,-70.0
26,-67.0
