frequency,pdr
11,-46.0
12,-46.4
13,-46.1
14,-50.8
15,-63.7777777778
16,-55.0
17,-55.2
18,-51.9
19,-55.0
20,-67.9
21,-60.9
22,-66.4444444444
23,-56.4
24,-59.7
25,-54.0
26,-49.0
