frequency,pdr
11,-52.8
12,-60.4444444444
13,-58.6666666667
14,-71.7777777778
15,-62.6
16,-69.0
17,-73.0
18,-60.4
19,-56.0
20,-58.4
21,-55.3
22,-61.0
23,-65.8
24,-59.1
25,-57.1
26,-60.0
