frequency,pdr
11,-60.6
12,-60.5555555556
13,-61.5555555556
14,-67.0
15,-64.2222222222
16,-59.9
17,-62.3
18,-62.4
19,-65.2
20,-65.1
21,-65.4
22,-62.7
23,-63.4
24,-61.0
25,-69.7
26,-70.2
