frequency,pdr
11,-64.0
12,-69.8888888889
13,-63.8
14,-58.0
15,-72.7777777778
16,-67.0
17,-59.3
18,-55.1
19,-66.8
20,-71.8
21,-68.3
22,-64.1
23,-68.8
24,-64.0
25,-70.9
26,-63.0
