frequency,pdr
11,-46.0
12,-53.5555555556
13,-48.0909090909
14,-40.0
15,-43.0
16,-43.0
17,-47.8
18,-50.3
19,-46.0
20,-49.0
21,-43.0
22,-43.0
23,-48.1
24,-49.0
25,-43.0
26,-43.7
