frequency,pdr
11,-66.8888888889
12,-59.7777777778
13,-65.1111111111
14,-66.8
15,-61.1818181818
16,-67.0
17,-66.4
18,-68.1
19,-74.4
20,-61.3
21,-66.0
22,-65.9
23,-60.4
24,-60.6
25,-65.6
26,-59.0
