frequency,pdr
11,-53.9
12,-53.7777777778
13,-51.8
14,-49.0
15,-52.1111111111
16,-46.0
17,-46.2
18,-50.8
19,-53.8
20,-48.1
21,-59.6
22,-53.3
23,-52.3
24,-47.2
25,-55.0
26,-46.5
