frequency,pdr
11,-52.7
12,-56.0909090909
13,-56.0
14,-52.7
15,-65.0
16,-58.5
17,-55.0
18,-51.1
19,-50.4
20,-49.8
21,-52.6
22,-60.0
23,-53.3636363636
24,-49.0
25,-54.3
26,-55.0
