frequency,pdr
11,-61.6
12,-65.2222222222
13,-65.6
14,-68.5
15,-64.3333333333
16,-59.9
17,-66.9
18,-73.8
19,-76.7
20,-63.5
21,-62.3
22,-61.0
23,-61.0
24,-71.2
25,-61.0
26,-67.0
