frequency,pdr
11,-56.4
12,-60.3333333333
13,-66.6666666667
14,-55.0
15,-55.0
16,-63.6
17,-66.0
18,-77.0
19,-64.0
20,-56.3
21,-54.2
22,-64.6
23,-58.5
24,-63.9
25,-73.6
26,-61.6
