frequency,pdr
11,-53.8
12,-62.6666666667
13,-53.2
14,-52.4
15,-65.5555555556
16,-52.0
17,-60.5
18,-50.6363636364
19,-48.0
20,-44.1
21,-52.0
22,-52.2
23,-46.0
24,-46.2
25,-48.5
26,-64.1
