frequency,pdr
11,-52.1
12,-57.8
13,-61.7777777778
14,-55.0
15,-56.2222222222
16,-52.0
17,-58.0
18,-57.0
19,-54.0
20,-53.0
21,-56.1
22,-70.4
23,-62.8
24,-58.0
25,-59.3
26,-61.0
