frequency,pdr
11,-56.4
12,-63.4444444444
13,-76.4444444444
14,-61.0
15,-57.8888888889
16,-64.0
17,-55.0
18,-57.2
19,-66.2
20,-61.0
21,-64.0
22,-61.0
23,-63.7
24,-67.9
25,-70.2
26,-67.4
