frequency,pdr
11,-51.4
12,-60.4444444444
13,-57.8888888889
14,-52.0
15,-49.0
16,-55.9
17,-51.4
18,-52.1
19,-49.9
20,-46.0
21,-46.0
22,-57.0
23,-53.4
24,-56.7
25,-49.8
26,-51.0
