frequency,pdr
11,-55.0
12,-56.4444444444
13,-55.0
14,-61.7
15,-65.4545454545
16,-60.3
17,-61.0
18,-49.0
19,-63.5
20,-61.0
21,-57.8
22,-53.2
23,-52.0
24,-55.2
25,-55.3
26,-56.7
