frequency,pdr
11,-66.8
12,-67.5555555556
13,-66.2727272727
14,-65.3
15,-62.1111111111
16,-55.0
17,-55.0
18,-60.3
19,-67.0
20,-67.2
21,-60.8
22,-59.0
23,-55.0
24,-61.0
25,-67.2
26,-67.0
