frequency,pdr
11,-45.3
12,-51.6666666667
13,-46.4
14,-45.9
15,-55.6666666667
16,-54.4
17,-52.5
18,-48.8
19,-49.0
20,-61.1
21,-46.0
22,-50.8
23,-55.4
24,-51.0
25,-49.0
26,-58.4
