frequency,pdr
11,-87.8888888889
12,-74.2
13,-78.5555555556
14,-80.0
15,-75.0
16,-72.8
17,-73.0
18,-73.4
19,-76.0
20,-84.2
21,-76.0
22,-70.0
23,-68.3
24,-69.4
25,-70.0
26,-70.0
