frequency,pdr
11,-87.1111111111
12,-88.375
13,-83.875
14,-85.0
15,-83.6
16,-82.0
17,-86.2
18,-91.0
19,-90.9
20,-89.4
21,-90.5
22,-87.5555555556
23,-85.0
24,-84.6
25,-83.1
26,-85.0
