frequency,pdr
11,-88.375
12,-87.2222222222
13,-88.1111111111
14,-89.4
15,-91.0
16,-91.0
17,-91.0
23,-91.0
24,-91.0
25,-91.0
26,-91.0
