frequency,pdr
11,-79.0
12,-81.3333333333
13,-86.0
14,-84.8888888889
15,-87.1
16,-86.1
17,-89.0
18,-86.2
19,-82.1
20,-80.6
21,-79.0
22,-79.1
23,-82.0
24,-90.7
25,-91.0
26,-91.0
