frequency,pdr
11,-90.875
12,-91.0
13,-91.0
14,-90.1
15,-89.2727272727
16,-88.0
17,-86.0
18,-85.3333333333
19,-86.9
20,-89.1
21,-90.0
22,-86.125
23,-84.1
24,-83.0
25,-82.0
26,-81.2
