frequency,pdr
11,-70.3
12,-74.2
13,-77.1
14,-77.0
15,-79.0
16,-79.875
17,-78.4444444444
18,-77.1428571429
19,-79.0
20,-82.5
21,-79.0
22,-75.0
23,-74.8
24,-77.0
25,-76.0
26,-76.0
