frequency,pdr
11,-82.0
12,-81.75
13,-83.2857142857
14,-88.8
15,-91.0
16,-82.0
17,-79.125
18,-81.0
19,-87.0
20,-86.9
21,-81.0
22,-79.8333333333
23,-79.1666666667
24,-79.1
25,-79.4
26,-80.1
