frequency,pdr
11,-78.8
12,-78.8888888889
13,-78.9
14,-79.0
15,-84.0
16,-86.2222222222
17,-78.0
18,-76.0
19,-77.7777777778
20,-76.3
21,-75.3
22,-74.2
23,-75.0
24,-75.0
25,-76.0
26,-79.0
