frequency,pdr
11,-70.0
12,-70.0
13,-73.1111111111
14,-78.1
15,-76.0
16,-76.0
17,-73.5
18,-73.0
19,-72.7
20,-75.8
21,-80.0
22,-88.3333333333
24,-91.0
25,-89.8
26,-81.2
