frequency,pdr
11,-61.0
12,-55.0
13,-58.7777777778
14,-60.2222222222
15,-50.0
16,-51.0
17,-50.4
18,-65.2
19,-55.7
20,-55.0
21,-49.0
22,-60.8
23,-70.7
24,-59.3
25,-71.5714285714
26,-50.8
