frequency,pdr
11,-64.5
12,-51.9
13,-66.6666666667
14,-52.6666666667
15,-50.9
16,-61.0
17,-65.8
18,-59.2
19,-53.4
20,-56.5
21,-55.0
22,-52.0
23,-60.1
24,-55.0
25,-70.5
26,-58.0
