frequency,pdr
11,-58.0
12,-75.3333333333
13,-74.4444444444
14,-73.4
15,-74.3
16,-73.0
17,-74.1
18,-63.6
19,-73.7
20,-62.0
21,-69.1
22,-62.9
23,-69.9
24,-66.5
25,-65.9
26,-68.1
