frequency,pdr
11,-52.5
12,-56.6666666667
13,-52.1
14,-65.3333333333
15,-53.4
16,-69.6
17,-49.4
18,-51.5
19,-59.9
20,-58.0
21,-53.1
22,-49.5
23,-48.6
24,-46.3
25,-46.0
26,-55.0
