frequency,pdr
11,-52.2
12,-54.8888888889
13,-67.0
14,-67.2222222222
15,-63.2
16,-58.4
17,-64.5
18,-69.4
19,-61.6
20,-70.7
21,-55.0
22,-63.2
23,-59.6
24,-54.7
25,-67.0
26,-64.1
