frequency,pdr
11,-70.2727272727
12,-64.1111111111
13,-59.3
14,-58.7
15,-54.7
16,-69.3
17,-52.0
18,-60.6
19,-52.0
20,-55.3
21,-55.2
22,-55.0
23,-55.0
24,-48.0
25,-52.2
26,-62.8
