frequency,pdr
11,-50.8
12,-51.8
13,-55.8888888889
14,-55.1111111111
15,-56.6
16,-59.7
17,-61.9
18,-54.9
19,-57.8
20,-57.0
21,-61.8
22,-60.8
23,-58.0
24,-66.7
25,-59.6
26,-62.2
