frequency,pdr
11,-64.0
12,-55.7
13,-53.8888888889
14,-52.7777777778
15,-53.9
16,-57.0
17,-64.7
18,-58.7
19,-52.5
20,-49.0
21,-58.0
22,-58.0
23,-55.0
24,-68.6
25,-54.8
26,-69.0
