frequency,pdr
11,-61.1
12,-57.2222222222
13,-54.8
14,-64.5555555556
15,-60.1
16,-59.4
17,-63.2
18,-57.1
19,-54.1
20,-55.0
21,-55.0
22,-61.0
23,-60.9
24,-58.0
25,-66.2
26,-59.7
