frequency,pdr
11,-68.6666666667
12,-73.7777777778
13,-61.6
14,-69.0
15,-65.5
16,-67.4
17,-65.7
18,-69.1
19,-65.3
20,-62.1
21,-61.9
22,-63.7
23,-60.9
24,-65.2
25,-61.0
26,-62.3
