frequency,pdr
11,-55.0
12,-59.5555555556
13,-57.8
14,-66.2727272727
15,-52.0
16,-63.2
17,-52.5
18,-63.3
19,-55.0
20,-66.3
21,-52.0
22,-52.0
23,-48.8
24,-66.9
25,-55.0
26,-55.0
