frequency,pdr
11,-67.1111111111
12,-55.0
13,-55.0
14,-57.8888888889
15,-55.0
16,-56.6
17,-55.0
18,-62.2
19,-57.5
20,-55.0
21,-55.0
22,-55.0
23,-55.7
24,-55.0
25,-58.0
26,-57.2
