frequency,pdr
11,-67.2
12,-53.6666666667
13,-50.7777777778
14,-60.2222222222
15,-51.2
16,-53.6
17,-55.3
18,-55.0
19,-57.9
20,-56.1
21,-54.4
22,-54.3
23,-55.0
24,-54.1
25,-52.8
26,-49.0
