frequency,pdr
11,-49.0
12,-51.9
13,-54.9
14,-52.5555555556
15,-55.0
16,-55.9
17,-55.4
18,-55.0
19,-49.0
20,-55.0
21,-59.6
22,-56.0909090909
23,-49.3
24,-55.0
25,-48.9
26,-52.0
