frequency,pdr
11,-52.0
12,-58.3333333333
13,-67.2222222222
14,-58.0
15,-55.9
16,-54.6
17,-59.4
18,-60.8
19,-67.1
20,-68.0
21,-63.7
22,-58.0
23,-61.0
24,-59.2
25,-58.0
26,-66.0
