frequency,pdr
11,-60.9
12,-62.3
13,-72.1111111111
14,-64.0
15,-62.1
16,-72.9
17,-72.8
18,-72.3
19,-59.6
20,-69.9
21,-70.2
22,-73.1111111111
23,-74.0
24,-68.4
25,-65.9
26,-70.0
