frequency,pdr
11,-52.0
12,-51.5555555556
13,-49.7777777778
14,-45.8
15,-51.2
16,-55.0
17,-52.0
18,-54.5
19,-53.4
20,-51.6
21,-52.8
22,-58.0
23,-56.9
24,-70.4
25,-72.6
26,-60.9
