frequency,pdr
11,-60.0
12,-59.0
13,-59.7777777778
14,-69.1111111111
15,-66.1
16,-62.4
17,-53.8
18,-52.0
19,-54.4
20,-52.3
21,-50.4
22,-54.0
23,-62.5
24,-58.0
25,-58.0
26,-55.0
