frequency,pdr
11,-56.5
12,-60.3333333333
13,-52.6
14,-58.4444444444
15,-57.3
16,-49.7
17,-59.8
18,-52.0
19,-60.2
20,-54.6
21,-54.0
22,-59.6
23,-53.6
24,-61.5
25,-49.1
26,-49.0
