frequency,pdr
11,-63.3333333333
12,-58.0
13,-55.8
14,-58.7777777778
15,-63.6
16,-65.4
17,-71.1
18,-59.9
19,-55.0
20,-54.6
21,-61.0
22,-72.2222222222
23,-66.0
24,-55.0
25,-58.9
26,-52.8
