frequency,pdr
11,-67.2222222222
12,-66.4444444444
13,-70.0
14,-68.6
15,-64.4
16,-67.5
17,-67.3
18,-66.3
19,-60.9
20,-72.2
21,-62.1
22,-74.5555555556
23,-69.7
24,-77.7
25,-65.4
26,-69.9
