frequency,pdr
11,-48.8
12,-52.1
13,-55.4444444444
14,-54.4444444444
15,-48.2
16,-49.0
17,-55.0
18,-54.3
19,-46.0
20,-49.0
21,-51.3
22,-50.7
23,-52.0
24,-53.5
25,-68.4
26,-63.1
