frequency,pdr
11,-54.6
12,-50.5
13,-57.8888888889
14,-53.4444444444
15,-52.0
16,-55.0
17,-55.0
18,-52.0
19,-55.0
20,-55.7
21,-49.6
22,-60.8
23,-58.7
24,-55.0
25,-50.7
26,-53.7
