frequency,pdr
11,-61.4444444444
12,-57.6
13,-53.1111111111
14,-51.7
15,-50.2
16,-53.0
17,-55.0
18,-54.1
19,-52.0
20,-54.4
21,-52.2
22,-51.0
23,-49.5
24,-49.4
25,-52.0
26,-49.2
