frequency,pdr
11,-51.8
12,-56.5555555556
13,-49.6
14,-53.9
15,-58.1
16,-61.3
17,-58.0
18,-55.0
19,-55.0
20,-54.1
21,-54.3
22,-56.0909090909
23,-46.9
24,-45.9
25,-46.7
26,-46.0
