frequency,pdr
11,-59.0
12,-56.0
13,-57.9090909091
14,-65.7777777778
15,-75.4
16,-61.4
17,-58.0
18,-63.8
19,-71.1
20,-65.4
21,-64.5
22,-61.0
23,-56.7
24,-64.2
25,-62.4
26,-74.2222222222
