frequency,pdr
11,-57.4
12,-57.3333333333
13,-62.0
14,-60.3
15,-56.4
16,-64.8
17,-52.0
18,-53.6
19,-56.9
20,-64.0
21,-56.5
22,-58.1
23,-57.9
24,-78.3333333333
25,-60.7
26,-58.0
