frequency,pdr
11,-67.1
12,-60.7777777778
13,-61.3333333333
14,-67.8888888889
15,-59.3
16,-67.0
17,-65.2
18,-60.1
19,-65.5
20,-70.3
21,-60.7
22,-58.3
23,-61.0
24,-77.5
25,-78.6
26,-67.0
