frequency,pdr
11,-54.9
12,-62.5555555556
13,-66.8
14,-57.3333333333
15,-69.7
16,-55.3
17,-52.8
18,-54.2
19,-65.2
20,-55.9
21,-66.9
22,-56.5
23,-55.1
24,-61.0
25,-64.0
26,-55.0
