frequency,pdr
11,-61.1
12,-57.0
13,-66.4444444444
14,-61.9090909091
15,-55.0
16,-69.8
17,-53.3
18,-58.0
19,-68.0
20,-58.2
21,-56.8
22,-61.0
23,-61.4
24,-60.0
25,-64.8
26,-62.8
