frequency,pdr
11,-71.3
12,-57.9
13,-66.2
14,-61.5555555556
15,-59.2
16,-58.0
17,-63.0
18,-64.0
19,-55.0
20,-55.0
21,-66.9
22,-76.8571428571
23,-62.6
24,-64.0
25,-62.0
26,-57.7
