frequency,pdr
11,-49.0
12,-53.1
13,-52.0
14,-51.2222222222
15,-53.8
16,-55.0
17,-70.3636363636
18,-46.2
19,-53.1
20,-51.8
21,-53.7
22,-55.0
23,-65.2
24,-61.0
25,-56.6
26,-53.4
