frequency,pdr
11,-86.0
12,-87.9
13,-87.9
14,-87.1
15,-85.6
16,-85.4
17,-86.6666666667
18,-87.7777777778
19,-88.6666666667
20,-88.7
21,-90.0
24,-91.0
25,-91.0
26,-89.8
