frequency,pdr
11,-87.0
12,-86.1
13,-87.6
14,-86.8
15,-87.1
16,-89.0
17,-91.0
18,-90.8888888889
19,-90.2
20,-90.0
21,-90.0
23,-90.3333333333
24,-89.0
25,-89.3
26,-91.0
