frequency,pdr
11,-89.8888888889
12,-90.3333333333
13,-90.1111111111
14,-90.0
15,-89.7
16,-90.0
17,-89.0
18,-88.3
19,-89.0
20,-90.0
21,-90.8
23,-91.0
24,-91.0
25,-91.0
26,-91.0
