frequency,pdr
11,-86.4
12,-90.0
13,-88.9
14,-85.4
15,-83.1
16,-85.0
17,-85.9
18,-83.9
19,-82.0
20,-82.0
21,-82.0
22,-83.1428571429
23,-85.3333333333
24,-90.0
25,-91.0
