frequency,pdr
11,-85.3333333333
12,-86.0
13,-85.0
14,-83.0
15,-82.0
16,-82.6
17,-83.125
18,-82.8888888889
19,-83.0
20,-85.0
21,-87.5
22,-87.1428571429
23,-85.125
24,-84.6
25,-85.0
26,-88.2
