frequency,pdr
11,-79.0
12,-79.0
13,-80.2222222222
14,-83.0
15,-85.7
16,-85.3
17,-85.0
18,-86.875
19,-87.0
20,-88.2
21,-89.75
23,-88.8333333333
24,-88.0
25,-89.0
26,-90.0
