frequency,pdr
11,-82.0
12,-83.0
13,-84.9
14,-87.0
15,-86.9
16,-86.0
17,-85.9
18,-85.3333333333
19,-85.0
20,-84.3
21,-85.6
23,-90.5555555556
24,-90.5
25,-91.0
26,-91.0
