frequency,pdr
11,-86.8888888889
12,-87.6
13,-87.1111111111
14,-87.1
15,-87.0
16,-87.3
17,-87.8571428571
18,-89.75
19,-91.0
20,-90.3
21,-90.8
23,-91.0
24,-91.0
