frequency,pdr
11,-54.1111111111
12,-55.0
13,-58.2727272727
14,-55.3
15,-60.5
16,-64.2
17,-69.7
19,-61.3
20,-58.9
21,-59.9
22,-59.5
23,-61.0
24,-67.0
25,-71.2
26,-72.6
