frequency,pdr
11,-64.1111111111
12,-61.0
13,-62.8888888889
14,-63.0
15,-72.4
16,-70.9
17,-67.0
18,-64.0
19,-72.1
20,-77.1
21,-67.0
22,-72.5555555556
23,-66.9
24,-72.3
25,-68.9
26,-71.1111111111
