frequency,pdr
11,-61.6
12,-60.4444444444
13,-60.8888888889
14,-58.0
15,-57.3
16,-71.7
17,-65.4
18,-68.5
19,-65.0
20,-57.2
21,-55.0
22,-60.0
23,-69.2222222222
24,-74.2857142857
25,-63.4
26,-57.9
