frequency,pdr
11,-66.3333333333
12,-66.3333333333
13,-68.375
14,-61.0
15,-75.0
16,-58.1
17,-69.1
18,-66.8
19,-64.0
20,-59.5
21,-58.0
22,-64.1
23,-61.0
24,-66.6
25,-67.0
26,-67.5
