frequency,pdr
11,-59.6
12,-60.4444444444
13,-64.3333333333
14,-62.5
15,-67.0
16,-58.6
17,-61.0
18,-65.1
19,-60.4
20,-65.7
21,-63.6
22,-67.0
23,-58.0
24,-67.7
25,-59.7
26,-62.3
