frequency,pdr
11,-69.3
12,-70.0
13,-78.125
14,-67.1
15,-64.6
16,-64.0
17,-64.7
18,-59.7
19,-76.7
20,-64.0
21,-66.4
22,-66.2727272727
23,-71.8888888889
24,-67.0
25,-67.1
26,-66.9
