frequency,pdr
11,-61.2
12,-61.1111111111
13,-57.4444444444
14,-70.4545454545
15,-58.8
16,-63.4
17,-59.3
18,-60.9
19,-64.9
20,-58.0
21,-58.0
22,-59.1
23,-67.3
24,-67.9
25,-74.5
26,-70.7
