frequency,pdr
11,-64.0
12,-74.6666666667
13,-69.3333333333
14,-64.0
15,-67.9
16,-60.8
17,-63.0
18,-81.4
19,-74.7
20,-66.9
21,-68.9
22,-63.0
23,-64.0
24,-63.6
25,-76.4
26,-68.7
