frequency,pdr
11,-62.2
12,-60.6666666667
13,-56.4444444444
14,-67.1
15,-62.0
16,-58.6
17,-63.2
18,-65.3
19,-66.8
20,-61.1
21,-67.1
22,-66.7
23,-64.4
24,-66.7
25,-68.4
26,-72.2222222222
