frequency,pdr
11,-60.8888888889
12,-71.8888888889
13,-60.8888888889
14,-64.2
15,-67.0
16,-64.3
17,-67.0
18,-61.0
19,-65.2
20,-60.8
21,-58.0
22,-62.3
23,-57.5
24,-61.0
25,-59.8
26,-56.4
