frequency,pdr
11,-64.8
12,-66.7777777778
13,-64.2222222222
14,-58.0
15,-55.0
16,-56.8
17,-67.8
18,-62.1
19,-62.9
20,-66.9
21,-63.1
22,-68.4
23,-63.7
24,-60.5
25,-74.7
26,-61.0
