frequency,pdr
11,-70.1111111111
12,-79.6
13,-67.0
14,-61.0
15,-61.0
16,-72.0
17,-58.1
18,-58.0
19,-71.1
20,-62.6
21,-58.0
22,-65.3
23,-78.2222222222
24,-70.9
25,-65.6
26,-64.5
