frequency,pdr
11,-40.0
12,-42.9
13,-45.6666666667
14,-43.0
15,-46.9090909091
16,-48.7
17,-47.9
18,-43.8
19,-50.0
20,-43.0
21,-41.8
22,-43.0
23,-46.0909090909
24,-51.9
25,-51.7
26,-43.0
