frequency,pdr
11,-67.0
12,-58.8
13,-60.7777777778
14,-57.0
15,-68.4
16,-64.0
17,-58.8
18,-56.4
19,-58.0
20,-63.0
21,-59.6
22,-69.4
23,-69.4444444444
24,-68.3
25,-64.9
26,-64.3
