frequency,pdr
11,-61.0
12,-66.0
13,-62.375
14,-71.6
15,-61.0
16,-69.0
17,-64.9
18,-70.0
19,-64.0
20,-63.6
21,-74.7777777778
22,-63.5
23,-72.1111111111
24,-67.2
25,-60.0
26,-59.7
