frequency,pdr
11,-70.7777777778
12,-67.0
13,-64.1111111111
14,-58.5
15,-64.8
16,-66.1
17,-63.4
18,-66.9
19,-67.0
20,-66.6
21,-61.0
22,-61.9
23,-66.9
24,-72.3
25,-74.4
26,-66.1
