frequency,pdr
11,-61.0
12,-67.3333333333
13,-60.5
14,-64.5454545455
15,-68.1
16,-67.0
17,-66.3
18,-78.9
19,-58.6
20,-67.0
21,-60.1
22,-63.0
23,-64.1
24,-67.4
25,-62.7
26,-67.0
