frequency,pdr
11,-67.0
12,-67.7777777778
13,-70.3333333333
14,-64.0
15,-59.0
16,-55.9
17,-58.7
18,-61.8
19,-55.0
20,-60.2
21,-66.0
22,-74.2
23,-61.4
24,-63.8
25,-68.6
26,-70.9
