frequency,pdr
11,-70.4444444444
12,-62.8888888889
13,-54.8888888889
14,-54.0
15,-61.2
16,-52.3
17,-56.4
18,-60.7
19,-66.5
20,-65.0
21,-58.0
22,-64.0
23,-68.0
24,-54.9
25,-58.1
26,-66.7
