frequency,pdr
11,-59.0
12,-62.1111111111
13,-62.8
14,-60.1
15,-72.0
16,-61.5
17,-62.6
18,-67.0
19,-67.5
20,-62.6
21,-56.1
22,-63.9
23,-66.3636363636
24,-62.7
25,-63.9
26,-55.0
