frequency,pdr
11,-57.4
12,-61.7777777778
13,-60.8888888889
14,-59.1
15,-55.0
16,-59.0
17,-55.0
18,-68.6
19,-67.2
20,-64.0
21,-60.6
22,-62.5
23,-61.1
24,-55.3
25,-55.6
26,-58.0
