frequency,pdr
11,-66.3
12,-75.2222222222
13,-73.4444444444
14,-68.7
15,-59.1
16,-70.0
17,-65.1
18,-64.0
19,-55.0
20,-61.0
21,-61.9
22,-57.7
23,-65.2
24,-66.4
25,-58.0
26,-66.8
