frequency,pdr
11,-66.9
12,-68.5555555556
13,-69.4444444444
14,-83.2
15,-70.0
16,-74.3
17,-62.2
18,-70.0
19,-69.0
20,-64.0
21,-67.0
22,-64.0
23,-66.1
24,-80.7
25,-67.0
26,-68.9
