frequency,pdr
11,-61.5555555556
12,-59.7777777778
13,-82.75
14,-61.9
15,-59.4
16,-71.5
17,-62.3
18,-58.8
19,-64.0
20,-60.9
21,-78.1
22,-62.1
23,-59.3
24,-61.0
25,-61.2
26,-65.4
