frequency,pdr
11,-61.0
12,-65.7777777778
13,-60.8888888889
14,-59.0
15,-58.7
16,-67.0
17,-74.9
18,-59.4
19,-61.0
20,-58.0
21,-55.1
22,-62.9
23,-65.1
24,-64.0
25,-65.9
26,-70.6
