frequency,pdr
11,-63.6
12,-60.7777777778
13,-61.2222222222
14,-60.9
15,-65.8
16,-64.4
17,-63.6
18,-72.6
19,-78.5
20,-57.2
21,-58.1
22,-67.3
23,-73.6666666667
24,-67.0
25,-60.7
26,-66.6
