frequency,pdr
11,-64.0
12,-65.2222222222
13,-78.875
14,-68.6
15,-58.0
16,-69.3
17,-58.9
18,-55.2
19,-58.0
20,-67.1
21,-63.6
22,-67.0
23,-68.7777777778
24,-58.0
25,-62.5
26,-67.0
