frequency,pdr
11,-75.6666666667
12,-63.3
13,-65.875
14,-61.0
15,-74.8
16,-68.4
17,-66.0
18,-68.2
19,-67.7
20,-71.2
21,-66.1
22,-66.5
23,-66.5555555556
24,-68.6
25,-72.7
26,-66.0
