frequency,pdr
11,-58.0
12,-71.8888888889
13,-61.0
14,-61.0
15,-73.6
16,-61.0
17,-64.6
18,-58.0
19,-67.2
20,-63.3
21,-55.2
22,-74.5
23,-59.1111111111
24,-56.9
25,-56.0
26,-62.7
