frequency,pdr
11,-69.8888888889
12,-72.5555555556
13,-65.0
14,-59.5
15,-62.5
16,-58.0
17,-71.7
18,-68.8
19,-67.9
20,-64.5
21,-57.1
22,-62.0
23,-69.1111111111
24,-63.6
25,-66.3
26,-61.8
