frequency,pdr
11,-52.0
12,-55.0
13,-54.8888888889
14,-54.2
15,-57.1
16,-54.5
17,-52.0
18,-52.0
19,-66.2
20,-55.0
21,-55.0
22,-60.4
23,-72.4444444444
24,-59.8
25,-71.3
26,-63.7
