frequency,pdr
11,-63.5555555556
12,-69.1
13,-69.75
14,-61.3
15,-67.0
16,-66.6
17,-67.0
18,-66.5
19,-69.3
20,-77.5
21,-79.0
22,-79.0
23,-73.7142857143
24,-67.0
25,-67.1
26,-64.0
