frequency,pdr
11,-64.5555555556
12,-67.0
13,-67.0
14,-61.0
15,-68.2
16,-65.9
17,-76.5
18,-60.6
19,-64.2
20,-66.0
21,-67.0
22,-68.8
23,-68.6666666667
24,-70.3
25,-67.0
26,-60.8
