frequency,pdr
11,-70.6
12,-60.7777777778
13,-59.3333333333
14,-60.4
15,-58.0
16,-67.7
17,-60.1
18,-57.0
19,-67.0
20,-66.3
21,-61.0
22,-64.0
23,-72.6666666667
24,-75.9
25,-61.0
26,-67.0
