frequency,pdr
11,-67.1111111111
12,-60.7
13,-55.8888888889
14,-55.5
15,-61.9
16,-67.1
17,-70.3
18,-64.0
19,-65.6
20,-64.0
21,-69.5
22,-59.6
23,-56.5
24,-66.7
25,-67.0
26,-60.9
