frequency,pdr
11,-67.5555555556
12,-65.7777777778
13,-65.8888888889
14,-55.0
15,-61.3
16,-55.0
17,-67.2
18,-59.7
19,-67.2
20,-67.2
21,-60.8
22,-59.9
23,-61.9
24,-55.5
25,-55.0
26,-65.3
