frequency,pdr
11,-54.3
12,-53.7777777778
13,-62.7777777778
14,-55.0
15,-59.5
16,-66.2
17,-58.0
18,-70.6
19,-59.5
20,-66.7
21,-58.3
22,-71.0
23,-63.9
24,-63.8
25,-73.6
26,-74.1
