frequency,pdr
11,-65.6
12,-61.0
13,-60.9
14,-86.2222222222
15,-73.0
16,-63.2
17,-67.7
18,-67.5
19,-61.4
20,-58.0
21,-55.0
22,-62.2
23,-73.8888888889
24,-65.8
25,-71.5
26,-73.5
