frequency,pdr
11,-60.8
12,-65.0
13,-62.0
14,-71.0
15,-60.6
16,-61.0
17,-63.0
18,-70.0
19,-55.0
20,-55.0
21,-57.7
22,-61.9
23,-60.9
24,-75.1818181818
25,-67.0
26,-68.4444444444
