frequency,pdr
11,-59.5
12,-58.3333333333
13,-65.8888888889
14,-62.0
15,-62.4
16,-65.8
17,-64.0
18,-71.9
19,-63.3
20,-67.0
21,-65.8
22,-66.8
23,-57.9
24,-63.7
25,-68.9
26,-61.0
