frequency,pdr
11,-66.7777777778
12,-60.0
13,-55.7777777778
14,-68.8
15,-55.6
16,-58.0
17,-65.0
18,-61.0
19,-67.0
20,-67.0
21,-75.75
22,-66.6
23,-68.8888888889
24,-66.2
25,-62.8
26,-61.2
