frequency,pdr
11,-67.0
12,-75.1111111111
13,-71.0
14,-58.0
15,-58.1
16,-52.0
17,-54.9
18,-54.4
19,-72.1
20,-58.0
21,-61.7
22,-75.3333333333
23,-58.0
24,-61.0
25,-62.2
26,-58.0
