frequency,pdr
11,-58.0
12,-54.9
13,-62.3333333333
14,-60.3
15,-67.1
16,-61.4
17,-65.0
18,-65.2
19,-58.8
20,-59.0
21,-64.2
22,-63.5
23,-64.3333333333
24,-61.9
25,-68.2
26,-67.1
