frequency,pdr
11,-80.1
12,-85.0
13,-83.0
14,-82.0
15,-85.5
16,-86.0
17,-84.2857142857
18,-83.0
19,-83.0
20,-85.1
21,-88.0
22,-88.0
23,-87.4444444444
24,-86.4
25,-85.0
26,-81.2
