frequency,pdr
11,-88.6666666667
12,-84.0
13,-89.375
15,-85.0
16,-82.75
17,-85.0
18,-83.4444444444
19,-82.2
20,-82.2
21,-82.5
23,-84.7777777778
24,-86.9
25,-91.0
26,-91.0
