frequency,pdr
11,-89.4444444444
12,-89.75
13,-89.8571428571
14,-89.2
15,-88.5
16,-89.8888888889
17,-91.0
18,-91.0
20,-91.0
21,-91.0
23,-91.0
24,-91.0
25,-91.0
26,-91.0
