frequency,pdr
11,-86.7
12,-88.2
13,-89.3
14,-90.3
15,-91.0
16,-90.8
17,-90.0
18,-88.3333333333
19,-87.7
20,-86.0
21,-84.0
22,-83.1111111111
23,-85.3333333333
24,-88.1
25,-88.8
26,-88.1
