frequency,pdr
11,-51.3
12,-53.0
13,-55.0
14,-61.0
15,-62.8
16,-61.5555555556
17,-66.5
18,-83.2222222222
19,-67.0
20,-67.0
21,-71.0
22,-71.0
23,-64.7
24,-59.9
25,-58.0
26,-58.0
