frequency,pdr
11,-82.1
12,-85.0
13,-83.0
14,-79.5
15,-79.0
16,-80.5714285714
17,-82.8571428571
18,-87.1111111111
19,-87.5
20,-87.8
21,-84.8
22,-80.0
23,-79.0
24,-79.0
25,-79.0
26,-79.9
