frequency,pdr
11,-67.1
12,-69.4
13,-72.6
14,-78.2
15,-78.4
16,-76.8571428571
17,-79.0
18,-81.8
19,-87.7777777778
20,-89.2
21,-86.7
22,-86.5
23,-88.0
24,-87.0
25,-87.0
26,-91.0
