frequency,pdr
11,-85.7
12,-85.5454545455
13,-86.4545454545
14,-88.0
15,-90.1
16,-88.7777777778
17,-85.125
18,-83.2222222222
19,-82.1
20,-82.6
21,-82.8
22,-82.8571428571
23,-82.0
24,-82.0
25,-84.0
26,-89.2
