frequency,pdr
11,-82.0
12,-82.8333333333
13,-83.0
14,-83.9
15,-83.7
16,-88.0
17,-91.0
19,-91.0
21,-90.2222222222
23,-87.2
24,-87.8
25,-90.0
26,-91.0
