frequency,pdr
11,-79.0
12,-79.0
13,-79.1
14,-80.4
15,-82.0
16,-83.6666666667
17,-87.0
18,-89.4444444444
19,-91.0
21,-91.0
22,-87.8
23,-87.0
24,-87.1
25,-90.0
26,-89.0
