frequency,pdr
11,-63.3
12,-65.8888888889
13,-66.7
14,-59.7
15,-68.4
16,-65.1111111111
17,-76.5
18,-58.8
19,-63.3
20,-64.2
21,-66.9
22,-68.2
23,-68.6
24,-70.1
25,-64.9
26,-58.3
