frequency,pdr
11,-64.4
12,-60.7
13,-71.4444444444
14,-71.7777777778
15,-70.2
16,-69.6666666667
17,-64.3
18,-73.8
19,-66.1
20,-70.0
21,-64.0
22,-61.2
23,-73.9
24,-67.0
25,-64.2
26,-58.2
