frequency,pdr
11,-55.1
12,-51.3333333333
13,-55.8888888889
14,-63.5
15,-61.1
16,-48.2
17,-55.3
18,-63.5
19,-57.3
20,-59.1
21,-61.5
22,-49.0
23,-52.6363636364
24,-58.0
25,-55.0
26,-55.0
