frequency,pdr
11,-49.0
12,-51.2222222222
13,-56.3333333333
14,-52.8
15,-51.1
16,-43.0
17,-45.2
18,-46.0
19,-46.1
20,-51.0
21,-52.1
22,-52.0
23,-47.5
24,-53.5
25,-55.0
26,-49.3
