frequency,pdr
11,-59.9
12,-62.2222222222
13,-62.6666666667
14,-55.9
15,-63.9
16,-51.3
17,-56.2
18,-59.0
19,-49.0
20,-50.4
21,-46.0
22,-43.9
23,-49.0
24,-58.4
25,-55.6
26,-59.1
