frequency,pdr
11,-57.0
12,-57.9
13,-65.1111111111
14,-58.1
15,-71.5
16,-65.1111111111
17,-60.9
18,-65.0
19,-58.0
20,-52.1
21,-55.0
22,-63.3
23,-64.0
24,-66.1
25,-60.8
26,-59.9
