frequency,pdr
11,-64.8
12,-65.6
13,-66.7777777778
14,-58.0
15,-76.0
16,-66.2222222222
17,-58.5
18,-70.0
19,-65.1
20,-55.0
21,-57.4
22,-67.6
23,-58.7
24,-64.3
25,-57.3
26,-63.1
