frequency,pdr
11,-64.4
12,-66.4444444444
13,-56.2
14,-59.9
15,-69.4
16,-66.7777777778
17,-68.2
18,-72.7
19,-69.7
20,-70.0
21,-54.4
22,-55.2
23,-55.2
24,-64.4
25,-67.6
26,-61.6
