frequency,pdr
11,-53.6
12,-58.5555555556
13,-65.1111111111
14,-52.0
15,-64.0
16,-52.1
17,-61.2
18,-65.6
19,-52.0
20,-53.2
21,-67.0
22,-60.3
23,-62.6
24,-59.0
25,-64.0
26,-74.7777777778
