frequency,pdr
11,-55.1
12,-58.7777777778
13,-55.0
14,-50.9
15,-55.0
16,-64.7777777778
17,-60.9
18,-61.2
19,-58.0
20,-60.5
21,-55.0
22,-68.5
23,-59.0
24,-60.6
25,-52.3
26,-60.8
