frequency,pdr
11,-55.0
12,-52.8888888889
13,-55.0
14,-69.7777777778
15,-70.0
16,-52.2
17,-46.0
18,-46.0
19,-52.0
20,-55.2
21,-52.9
22,-46.1
23,-64.3
24,-55.0
25,-49.0
26,-55.8
