frequency,pdr
11,-67.9
12,-62.8888888889
13,-57.9
14,-58.0
15,-58.0
16,-60.4444444444
17,-65.9
18,-55.0
19,-55.0
20,-65.1
21,-74.5
22,-61.9
23,-73.4
24,-55.0
25,-63.4
26,-61.0
