frequency,pdr
11,-66.3
12,-61.4444444444
13,-68.1111111111
14,-65.2
15,-67.0
16,-60.5555555556
17,-67.5
18,-67.9
19,-64.0
20,-64.0
21,-64.0
22,-64.7
23,-70.0
24,-67.7
25,-71.8
26,-58.9
