frequency,pdr
11,-66.2
12,-61.3333333333
13,-70.1111111111
14,-58.5
15,-69.8
16,-67.0
17,-67.3
18,-63.6
19,-55.0
20,-55.0
21,-66.1
22,-55.0
23,-55.0
24,-58.3
25,-58.0
26,-74.9
