frequency,pdr
11,-66.6
12,-67.5555555556
13,-60.6666666667
14,-59.2
15,-57.7
16,-64.6
17,-64.3
18,-59.7
19,-62.9
20,-58.0
21,-66.9
22,-59.7
23,-70.7777777778
24,-56.2
25,-56.0
26,-54.9
