frequency,pdr
11,-55.0
12,-53.2222222222
13,-51.9
14,-49.0
15,-54.4
16,-46.4
17,-51.6
18,-60.2
19,-55.3
20,-58.2
21,-53.9
22,-55.0
23,-76.3333333333
24,-70.0
25,-72.3
26,-64.0
