frequency,pdr
11,-84.5555555556
12,-73.5
13,-60.8888888889
14,-70.5
15,-62.5
16,-70.6
17,-58.0
18,-66.7
19,-63.1
20,-62.3
21,-65.8
22,-58.0
23,-66.1
24,-63.1
25,-67.0
26,-66.0
