frequency,pdr
11,-57.7
12,-61.1111111111
13,-56.6666666667
14,-55.0
15,-56.4
16,-55.8
17,-60.3
18,-55.8
19,-54.0
20,-55.0
21,-55.0
22,-50.6
23,-67.1
24,-72.0
25,-57.6
26,-55.0
