frequency,pdr
11,-58.0
12,-59.1111111111
13,-53.2
14,-55.0
15,-55.0
16,-52.9
17,-58.7
18,-54.9
19,-61.0
20,-52.0
21,-53.3636363636
22,-49.0
23,-52.0
24,-66.4545454545
25,-68.8
26,-59.2
