frequency,pdr
11,-71.1111111111
12,-73.0
13,-67.5555555556
14,-64.0
15,-65.8
16,-61.0
17,-70.0
18,-79.0
19,-66.9
20,-67.1
21,-64.5
22,-70.0
23,-64.1
24,-67.0
25,-68.7
26,-77.1
