frequency,pdr
11,-59.8
12,-66.1111111111
13,-68.6666666667
14,-67.0
15,-65.2
16,-59.3
17,-67.0
18,-60.0
19,-56.2
20,-67.8
21,-69.9
22,-64.0
23,-55.0
24,-61.0
25,-65.7
26,-67.0
