frequency,pdr
11,-59.5
12,-58.6666666667
13,-52.7777777778
14,-55.0
15,-60.4
16,-55.0
17,-59.3
18,-59.7
19,-55.1
20,-62.3
21,-58.0
22,-61.0
23,-75.2
24,-64.3
25,-58.0
26,-59.0
