frequency,pdr
11,-61.6666666667
12,-65.25
13,-70.0
14,-78.5
15,-70.2
16,-61.0
17,-67.3
18,-63.5
19,-65.7
20,-73.0
21,-83.5555555556
22,-67.0
23,-75.8
24,-62.7
25,-61.0
26,-65.3
