frequency,pdr
11,-54.0
12,-55.875
13,-55.2222222222
14,-52.6
15,-57.2
16,-57.1
17,-57.5
18,-57.6
19,-59.2
20,-63.6
21,-55.0
22,-54.8
23,-60.5
24,-62.2
25,-58.1
26,-71.6666666667
