frequency,pdr
11,-55.6
12,-50.6666666667
13,-54.0
14,-57.5
15,-63.6
16,-58.0
17,-55.9
18,-65.3
19,-68.5
20,-61.1
21,-67.5
22,-55.0
23,-75.1428571429
24,-62.4
25,-60.9
26,-63.1
