frequency,pdr
11,-69.2222222222
12,-65.5
13,-60.4444444444
14,-74.2
15,-72.5
16,-61.6
17,-58.8
18,-65.5
19,-64.0
20,-71.2
21,-63.4
22,-61.1
23,-81.5
24,-65.1
25,-59.6
26,-64.9
