frequency,pdr
11,-62.2222222222
12,-57.5555555556
13,-54.8888888889
14,-54.0
15,-55.0
16,-55.0
17,-49.0
18,-52.0
19,-65.8
20,-52.3
21,-55.0
22,-67.5
23,-55.0
24,-55.6
25,-55.0
26,-67.8
