frequency,pdr
11,-63.5
12,-66.7777777778
13,-61.5555555556
14,-60.0
15,-65.2
16,-59.9
17,-61.5
18,-60.3
19,-58.7
20,-55.0
21,-71.3
22,-67.0
23,-58.2
24,-62.1
25,-64.6
26,-64.0
