frequency,pdr
11,-65.6666666667
12,-70.6666666667
13,-59.4444444444
14,-65.7777777778
15,-61.6
16,-66.4
17,-61.0
18,-58.0
19,-59.6
20,-69.2
21,-67.0
22,-67.0
23,-66.4
24,-67.0
25,-61.0
26,-65.1
