frequency,pdr
11,-45.2
12,-46.3
13,-56.5555555556
14,-50.5555555556
15,-47.3
16,-55.9
17,-56.8
18,-55.0
19,-49.0
20,-55.0
21,-49.6
22,-49.0
23,-52.0
24,-50.2
25,-49.0
26,-43.0
