frequency,pdr
11,-41.3
12,-43.0
13,-44.2222222222
14,-43.0
15,-43.0
16,-43.0
17,-46.0
18,-47.6
19,-46.0
20,-46.9
21,-43.0
22,-49.0
23,-52.9
24,-48.2
25,-48.8
26,-51.5454545455
