frequency,pdr
11,-63.8
12,-63.7
13,-75.1111111111
14,-62.3333333333
15,-61.0
16,-59.9
17,-61.0
18,-74.6
19,-67.0
20,-59.3
21,-63.7272727273
22,-67.4
23,-57.9
24,-66.5
25,-60.3
26,-60.0
