frequency,pdr
11,-57.0
12,-61.8888888889
13,-55.1
14,-50.4444444444
15,-50.7
16,-61.9
17,-60.0
18,-61.0
19,-59.1
20,-46.9
21,-46.0
22,-48.6
23,-46.0
24,-54.1
25,-55.0
26,-55.0
