frequency,pdr
11,-67.0
12,-63.2222222222
13,-67.0
14,-67.2222222222
15,-79.8
16,-64.0
17,-67.0
18,-69.9
19,-61.0
20,-68.2
21,-66.0
22,-61.0
23,-70.6
24,-63.8
25,-68.0
26,-61.0
