frequency,pdr
11,-62.6
12,-66.0
13,-73.1111111111
14,-69.3333333333
15,-64.0
16,-64.2
17,-70.0
18,-59.6
19,-71.1
20,-66.4
21,-77.9
22,-63.0
23,-68.7
24,-67.3
25,-71.1
26,-83.0
