frequency,pdr
11,-62.9
12,-58.0
13,-57.4
14,-58.8888888889
15,-69.1
16,-68.7272727273
17,-73.7
18,-61.0
19,-70.0
20,-76.6
21,-76.8
22,-64.2
23,-63.9
24,-64.6
25,-55.8
26,-58.9
