frequency,pdr
11,-57.1
12,-64.6666666667
13,-48.9
14,-47.1111111111
15,-54.2
16,-59.4
17,-61.9
18,-61.0
19,-53.3
20,-53.0
21,-51.4
22,-51.0
23,-47.6
24,-49.0
25,-58.8
26,-58.1
