frequency,pdr
11,-68.0
12,-63.8888888889
13,-69.5555555556
14,-67.4444444444
15,-78.8
16,-63.2
17,-67.0
18,-67.0
19,-62.9
20,-68.2
21,-68.7
22,-61.0
23,-60.7
24,-65.9
25,-68.4
26,-62.0
