frequency,pdr
11,-55.0
12,-57.6666666667
13,-68.5555555556
14,-64.0
15,-55.0
16,-61.0
17,-64.0
18,-58.4
19,-61.0
20,-61.0
21,-55.8
22,-55.0
23,-66.2
24,-59.2
25,-56.7
26,-53.0
