frequency,pdr
11,-59.6
12,-58.0
13,-69.5555555556
14,-59.6666666667
15,-68.0
16,-67.2
17,-74.0
18,-64.0
19,-63.6
20,-61.0
21,-70.5454545455
22,-56.0
23,-68.1
24,-61.0
25,-60.3
26,-63.7272727273
