frequency,pdr
11,-67.0
12,-68.2222222222
13,-60.5
14,-55.7777777778
15,-69.3
16,-60.0
17,-64.4
18,-62.1
19,-65.6
20,-62.8
21,-68.6
22,-65.4
23,-62.0
24,-59.0
25,-61.6
26,-63.8
