frequency,pdr
11,-61.4
12,-66.6666666667
13,-59.7
14,-60.5555555556
15,-66.7
16,-64.0
17,-62.0
18,-65.4
19,-68.1
20,-60.3
21,-66.5
22,-60.9
23,-60.2
24,-58.0
25,-58.0
26,-61.0
