frequency,pdr
11,-69.0
12,-61.0
13,-64.8888888889
14,-60.8888888889
15,-70.7
16,-61.0
17,-59.0
18,-61.0
19,-60.0
20,-58.0
21,-64.7
22,-70.4
23,-60.4
24,-65.9
25,-61.9
26,-67.9
