frequency,pdr
11,-51.9
12,-55.0
13,-69.6666666667
14,-52.4
15,-57.7
16,-54.9
17,-51.5
18,-55.0
19,-52.0
20,-46.0
21,-49.0
22,-47.1
23,-50.6363636364
24,-51.2
25,-59.7
26,-61.6
