frequency,pdr
11,-67.8888888889
12,-60.1
13,-64.0
14,-65.2
15,-61.0
16,-69.6
17,-84.7777777778
18,-70.3
19,-61.0
20,-66.9
21,-73.0
22,-69.4
23,-70.0
24,-77.8
25,-71.3
26,-69.2
