frequency,pdr
11,-64.0
12,-67.8
13,-66.4444444444
14,-55.5555555556
15,-55.0
16,-64.0
17,-64.0
18,-55.0
19,-62.7
20,-58.0
21,-59.6
22,-64.4
23,-61.9
24,-53.9
25,-55.0
26,-69.7
