frequency,pdr
11,-60.0
12,-62.6666666667
13,-58.9
14,-57.6666666667
15,-63.2
16,-63.8
17,-60.5
18,-67.0
19,-61.0
20,-60.7
21,-55.0
22,-61.0
23,-62.5
24,-59.4
25,-63.7
26,-59.8
