frequency,pdr
11,-62.8
12,-68.2222222222
13,-60.8888888889
14,-61.0
15,-57.8
16,-61.0
17,-72.7
18,-62.9
19,-66.3
20,-59.5
21,-66.4
22,-62.6
23,-67.0
24,-67.0
25,-63.7
26,-64.2
