frequency,pdr
11,-74.5555555556
12,-61.0
13,-59.1111111111
14,-71.5555555556
15,-66.3
16,-69.2
17,-61.0
18,-63.8
19,-60.0
20,-64.0
21,-61.4
22,-59.0
23,-59.6
24,-61.9
25,-59.0
26,-70.6
