frequency,pdr
11,-55.0
12,-67.0
13,-63.1111111111
14,-71.3333333333
15,-64.0
16,-58.0
17,-58.0
18,-66.3
19,-59.1
20,-62.0
21,-65.2
22,-62.3
23,-58.2
24,-61.1
25,-63.8
26,-58.0
