frequency,pdr
11,-74.5555555556
12,-61.0
13,-60.4
14,-73.4444444444
15,-80.7
16,-60.8
17,-62.9
18,-61.3
19,-70.7
20,-67.0
21,-67.0
22,-61.0
23,-69.1
24,-79.9
25,-58.0
26,-62.3
