frequency,pdr
11,-55.0
12,-55.4444444444
13,-57.3333333333
14,-52.0
15,-56.0
16,-52.0
17,-53.5
18,-55.0
19,-61.4
20,-59.4
21,-58.5
22,-55.5
23,-58.0
24,-53.9
25,-65.8
26,-63.7
