frequency,pdr
11,-65.5555555556
12,-64.0
13,-60.8
14,-71.4444444444
15,-61.0
16,-66.2
17,-64.0
18,-68.6
19,-59.8
20,-64.4
21,-67.4
22,-61.2
23,-61.2
24,-65.0
25,-58.0
26,-67.6
