frequency,pdr
11,-59.6
12,-59.1
13,-71.8888888889
14,-59.4444444444
15,-58.0
16,-66.5
17,-60.3
18,-61.6
19,-61.9
20,-61.8
21,-73.7
22,-74.0
23,-65.0
24,-74.3
25,-67.0
26,-67.0
