frequency,pdr
11,-67.6666666667
12,-64.0
13,-69.5555555556
14,-64.0
15,-67.0
16,-69.6
17,-64.2
18,-67.0
19,-59.0
20,-68.8
21,-68.1
22,-66.6
23,-72.2
24,-76.7
25,-60.0
26,-66.9
