frequency,pdr
11,-62.5
12,-54.9
13,-76.6666666667
14,-65.2222222222
15,-61.0
16,-63.2
17,-61.0
18,-65.0
19,-73.0
20,-70.0
21,-61.0
22,-74.6
23,-58.0
24,-66.5
25,-67.0
26,-61.0
