frequency,pdr
11,-59.9
12,-68.6666666667
13,-77.5555555556
14,-61.125
15,-63.6
16,-61.0
17,-61.0
18,-64.0
19,-61.0
20,-67.0
21,-64.0
22,-56.4
23,-62.6
24,-60.5
25,-59.8
26,-66.2
