frequency,pdr
11,-57.3
12,-74.4444444444
13,-63.6666666667
14,-59.5555555556
15,-57.7
16,-64.1
17,-66.3
18,-65.0
19,-58.0
20,-58.0
21,-61.2
22,-58.4
23,-70.7
24,-63.3
25,-61.3
26,-75.9
