frequency,pdr
11,-62.6
12,-79.9
13,-76.7777777778
14,-62.6666666667
15,-61.2
16,-55.0
17,-58.0
18,-67.7
19,-63.3
20,-59.5
21,-58.0
22,-58.0
23,-66.8
24,-63.7
25,-71.9
26,-67.0
