frequency,pdr
11,-62.3333333333
12,-60.0
13,-55.0
14,-53.7777777778
15,-59.3
16,-61.0
17,-68.4
18,-59.5
19,-58.3
20,-72.1
21,-58.9
22,-58.0
23,-59.1
24,-64.0
25,-65.7
26,-67.0
