frequency,pdr
11,-63.8888888889
12,-62.0
13,-68.3333333333
14,-69.25
15,-64.0
16,-65.8
17,-61.0
18,-54.6
19,-58.0
20,-62.4
21,-52.0
22,-55.0
23,-59.6
24,-61.0
25,-60.2
26,-60.0
