frequency,pdr
11,-49.8
12,-49.0
13,-57.4444444444
14,-54.3333333333
15,-53.9
16,-55.0
17,-49.1
18,-52.0
19,-57.7
20,-58.6
21,-55.0
22,-51.7
23,-48.2
24,-52.0
25,-47.1
26,-48.3
