frequency,pdr
11,-67.2222222222
12,-62.6
13,-58.6666666667
14,-58.6
15,-61.4
16,-79.0
17,-61.0
18,-71.7272727273
19,-68.3
20,-66.9
21,-63.7
22,-66.0
23,-67.1
24,-70.1
25,-59.9
26,-61.0
