frequency,pdr
11,-57.9
12,-57.4444444444
13,-54.9
14,-53.3333333333
15,-61.1
16,-69.6
17,-65.0
18,-58.0
19,-67.4
20,-58.4
21,-58.0
22,-66.4
23,-64.0
24,-58.3
25,-56.3
26,-61.6
