frequency,pdr
11,-58.1
12,-69.4444444444
13,-68.7777777778
14,-61.0
15,-72.7
16,-59.0
17,-67.0
18,-76.2
19,-73.2
20,-62.0
21,-62.9
22,-65.9
23,-73.0
24,-73.0
25,-61.0
26,-59.5
