frequency,pdr
11,-65.5
12,-63.7777777778
13,-73.0
14,-72.3333333333
15,-72.2
16,-70.2
17,-67.0
18,-74.6
19,-67.0
20,-70.8
21,-66.9
22,-64.0
23,-74.5
24,-69.5
25,-67.0
26,-60.9
