frequency,pdr
11,-67.0
12,-61.0
13,-78.5454545455
14,-67.5555555556
15,-62.4
16,-58.2
17,-58.0
18,-60.2
19,-61.0
20,-68.0
21,-65.8
22,-67.1
23,-76.2
24,-60.1
25,-63.4
26,-67.4
