frequency,pdr
11,-70.4444444444
12,-71.9
13,-70.0
14,-68.5555555556
15,-68.0
16,-67.0
17,-68.5
18,-61.8
19,-59.8
20,-70.3
21,-68.3
22,-65.4
23,-67.1
24,-67.0
25,-64.0
26,-68.8
