frequency,pdr
11,-66.8888888889
12,-61.0
13,-61.3333333333
14,-80.5
15,-62.6
16,-59.1
17,-59.2
18,-62.9
19,-67.0
20,-72.4
21,-81.8
22,-66.9
23,-80.3333333333
24,-60.9
25,-57.3
26,-59.4
