frequency,pdr
11,-55.0
12,-69.3333333333
13,-52.0
14,-58.2222222222
15,-61.0
16,-52.0
17,-51.7
18,-44.5
19,-44.1
20,-61.2
21,-46.8
22,-52.3
23,-55.2
24,-51.5
25,-48.3
26,-51.0
