frequency,pdr
11,-59.5
12,-75.0
13,-80.3333333333
14,-66.5555555556
15,-67.1
16,-64.0
17,-70.9
18,-68.5
19,-63.8
20,-64.0
21,-61.0
22,-64.4
23,-64.0
24,-71.0
25,-70.0
26,-66.8
