frequency,pdr
11,-64.2
12,-67.0
13,-60.4444444444
14,-69.2222222222
15,-61.2
16,-57.0
17,-60.9
18,-64.2
19,-63.8
20,-64.8
21,-64.0
22,-69.7
23,-67.0
24,-79.8
25,-80.7
26,-61.0
