frequency,pdr
11,-63.7
12,-68.7777777778
13,-59.8
14,-55.0
15,-55.0
16,-55.0
17,-62.0
18,-68.7
19,-67.2
20,-70.3
21,-59.5
22,-67.4
23,-73.3
24,-70.2727272727
25,-67.0
26,-66.1818181818
