frequency,pdr
11,-45.0
12,-56.4545454545
13,-50.4444444444
14,-43.0
15,-44.2
16,-43.0
17,-43.0
18,-43.0
19,-46.0
20,-43.0
21,-44.6
22,-48.6
23,-52.0
24,-54.5
25,-63.3
26,-47.9
