frequency,pdr
11,-64.7777777778
12,-51.8
13,-49.2222222222
14,-49.4
15,-52.7
16,-62.8
17,-61.4444444444
18,-55.1
19,-61.0
20,-81.8
21,-61.3
22,-57.2
23,-60.4
24,-64.1
25,-67.0
26,-67.0
