frequency,pdr
11,-61.0
12,-65.0
13,-67.2222222222
14,-63.9
15,-63.8
16,-66.1111111111
17,-67.0
18,-64.2857142857
19,-67.0
20,-67.0
21,-69.7
22,-67.1
23,-69.3
24,-70.0
25,-85.3
26,-71.9
