frequency,pdr
11,-61.0
12,-60.7
13,-66.6666666667
14,-61.4
15,-63.7
16,-64.1428571429
17,-68.6666666667
18,-77.7142857143
19,-63.1
20,-61.0
21,-62.0
22,-64.0
23,-67.0
24,-67.2
25,-79.0
26,-69.2
