frequency,pdr
11,-55.0
12,-66.1111111111
13,-77.5714285714
14,-61.0
15,-55.1
16,-54.7777777778
17,-57.7777777778
18,-59.25
19,-54.7
20,-55.0
21,-57.0
22,-65.2
23,-67.0
24,-70.6
25,-70.2
26,-61.0
