frequency,pdr
11,-68.6666666667
12,-63.8888888889
13,-63.6666666667
14,-64.7
15,-64.0
16,-65.5
17,-74.3333333333
18,-61.75
19,-61.0
20,-61.0
21,-63.2
22,-63.3
23,-64.1
24,-64.0
25,-63.5
26,-67.0
