frequency,pdr
11,-68.3333333333
12,-58.2222222222
13,-55.0
14,-64.25
15,-60.1
16,-53.7777777778
17,-55.0
18,-55.0
19,-58.0
20,-58.3
21,-61.1
22,-58.8
23,-61.0
24,-58.0
25,-61.0
26,-68.6
