frequency,pdr
11,-61.0
12,-58.0
13,-59.1428571429
14,-64.0
15,-67.0
16,-61.4444444444
17,-59.7
18,-58.9
19,-61.0
20,-61.0
21,-61.8
22,-67.1
23,-69.0
24,-65.0
25,-70.0
26,-73.6
