frequency,pdr
11,-67.0
12,-67.0
13,-64.0
14,-64.0
15,-67.0
16,-78.3333333333
17,-76.2222222222
18,-76.75
19,-65.8
20,-66.0
21,-63.6
22,-64.0
23,-64.0
24,-64.0
25,-61.2
26,-58.0
