frequency,pdr
11,-70.0
12,-69.4444444444
13,-67.1111111111
14,-69.8888888889
15,-80.375
16,-79.4285714286
17,-73.0
18,-69.75
19,-68.0
20,-70.0
21,-75.3
22,-72.8
23,-67.0
24,-67.0
25,-64.0
26,-61.0
