frequency,pdr
11,-65.7777777778
12,-71.875
13,-61.0
14,-64.1111111111
15,-65.2
16,-59.6666666667
17,-62.4444444444
18,-61.75
19,-59.4
20,-58.0
21,-59.2
22,-61.6
23,-61.0
24,-61.0
25,-55.0
26,-55.0
