frequency,pdr
11,-52.0
12,-48.8888888889
13,-49.3333333333
14,-50.7
15,-52.5
16,-52.0
17,-52.0
18,-51.6
19,-51.9
20,-52.1
21,-56.6
22,-58.4
23,-55.0
24,-59.0
25,-61.2
26,-64.0
