frequency,pdr
11,-55.0
12,-55.0
13,-55.2222222222
14,-61.0
15,-58.0
16,-57.7142857143
17,-65.5555555556
18,-70.75
19,-69.5
20,-67.0
21,-67.0
22,-70.0
23,-69.9
24,-71.3
25,-65.1
26,-64.7
