frequency,pdr
11,-47.3333333333
12,-48.8
13,-51.5555555556
14,-52.0
15,-55.0
16,-55.0
17,-55.0
18,-54.9
19,-57.5
20,-58.2
21,-55.0
22,-52.0
23,-49.7
24,-51.8
25,-52.2
26,-55.0
