frequency,pdr
11,-61.0
12,-55.0
13,-55.1111111111
14,-69.0
15,-49.6
16,-48.0
17,-53.5555555556
18,-57.625
19,-52.0
20,-55.0
21,-55.2
22,-49.0
23,-46.0
24,-51.7
25,-55.0
26,-57.3
