frequency,pdr
11,-64.0
12,-63.0
13,-62.0
14,-61.0
15,-61.0
16,-64.0
17,-67.0
18,-73.0
19,-67.0
20,-68.4444444444
21,-73.3333333333
22,-76.0
23,-77.0
24,-78.9
25,-70.4
26,-70.0
