frequency,pdr
11,-55.0
12,-51.7777777778
13,-49.9
14,-50.0
15,-51.6
16,-54.7777777778
17,-52.6
18,-55.0
19,-55.0
20,-61.0
21,-66.7
22,-55.0
23,-50.8
24,-47.4
25,-49.0
26,-55.0
