frequency,pdr
11,-55.1111111111
12,-56.2
13,-56.5555555556
14,-58.0
15,-61.0
16,-64.0
17,-58.0
18,-58.3
19,-58.0
20,-58.0
21,-52.0
22,-50.9
23,-49.9
24,-49.0
25,-46.0
26,-46.1
