frequency,pdr
11,-70.0
12,-67.4444444444
13,-65.6
14,-64.0
15,-65.0
16,-64.0
17,-64.6666666667
18,-66.7142857143
19,-67.1
20,-74.4
21,-68.1
22,-67.0
23,-67.0
24,-67.1
25,-67.0
26,-67.0
