frequency,pdr
11,-60.375
12,-65.4444444444
13,-57.875
14,-55.375
15,-55.0
16,-61.8571428571
17,-62.8888888889
18,-56.0
19,-55.0
20,-56.0
21,-55.7
22,-58.0
23,-61.0
24,-68.9
25,-69.3
26,-61.0
