frequency,pdr
11,-64.4444444444
12,-54.8888888889
13,-51.0
14,-49.0
15,-49.0
16,-46.2
17,-46.0
18,-46.0
19,-46.0
20,-50.0
21,-52.0
22,-46.0
23,-43.0
24,-47.9090909091
25,-52.0
26,-71.2
