frequency,pdr
11,-67.0
12,-73.2222222222
13,-69.0
14,-70.0
15,-74.6
17,-78.5555555556
18,-72.8571428571
19,-78.1
20,-73.0
21,-70.5
22,-64.2
23,-66.9
24,-75.0
25,-67.0
26,-67.2
