frequency,pdr
11,-67.0
12,-63.6666666667
13,-58.875
14,-55.75
15,-58.0
16,-57.9
17,-63.8888888889
18,-64.0
19,-67.8
20,-70.8
21,-74.9
22,-68.1
23,-63.5
24,-65.8
25,-61.0
26,-61.0
