frequency,pdr
11,-67.2222222222
12,-58.1111111111
13,-52.2
14,-49.0
15,-49.0
16,-49.0
17,-52.0
18,-51.0
19,-50.5
20,-58.6
21,-64.4
22,-55.0
23,-54.6
24,-49.3
25,-50.9
26,-52.0
