frequency,pdr
11,-55.8
12,-59.6363636364
13,-53.9
14,-61.5
15,-51.6666666667
16,-55.0
17,-53.4
18,-50.0
19,-48.5
20,-46.1
21,-47.8
22,-63.2
23,-50.3
24,-47.5
25,-55.0
26,-49.8
