frequency,pdr
11,-61.8888888889
12,-55.0
13,-57.7
14,-52.2
15,-61.3333333333
16,-55.0
17,-60.7
18,-51.1
19,-66.0
20,-52.0
21,-52.4
22,-56.1
23,-53.0
24,-50.1
25,-48.8
26,-49.7
