frequency,pdr
11,-63.6
12,-62.8888888889
13,-55.9
14,-61.0
15,-57.6666666667
16,-61.0
17,-67.0
18,-61.0
19,-63.0
20,-54.9
21,-62.4
22,-61.0
23,-70.1
24,-55.0
25,-59.7
26,-64.2
