frequency,pdr
11,-63.9
12,-62.3333333333
13,-66.6666666667
14,-64.5
15,-72.7777777778
16,-63.2
17,-61.0
18,-63.0
19,-66.0
20,-60.0
21,-60.5
22,-67.2
23,-64.6
24,-67.0
25,-64.0
26,-72.5
