frequency,pdr
11,-55.6
12,-59.3
13,-61.1111111111
14,-70.4
15,-65.6666666667
16,-55.9
17,-61.5
18,-61.5
19,-53.9
20,-55.0
21,-73.6
22,-65.0
23,-56.1
24,-61.0
25,-63.3
26,-58.0
