frequency,pdr
11,-55.0
12,-56.6
13,-73.4444444444
14,-61.0
15,-55.3333333333
16,-55.1
17,-60.0
18,-69.2
19,-60.6
20,-57.8
21,-56.8
22,-72.1
23,-63.1
24,-55.0
25,-53.5
26,-64.0
