frequency,pdr
11,-58.0
12,-64.6666666667
13,-67.1111111111
14,-60.0
15,-64.6666666667
16,-62.2
17,-69.6
18,-71.4
19,-63.0
20,-65.4
21,-61.9
22,-55.0
23,-61.0
24,-71.0
25,-59.1
26,-67.1
