frequency,pdr
11,-64.8
12,-59.4444444444
13,-64.8888888889
14,-58.6
15,-59.3333333333
16,-61.1
17,-48.9
18,-54.0
19,-56.7
20,-50.0
21,-52.6
22,-49.9
23,-54.0
24,-52.0
25,-46.5
26,-51.3
