frequency,pdr
11,-53.6
12,-58.5
13,-57.1111111111
14,-51.2
15,-68.8888888889
16,-58.1
17,-59.9
18,-55.0
19,-55.6
20,-54.9
21,-50.0
22,-57.2
23,-53.6
24,-46.1
25,-46.0
26,-52.5
