frequency,pdr
11,-44.0
12,-57.2222222222
13,-52.9
14,-52.4
15,-60.4444444444
16,-51.9
17,-48.0
18,-49.1
19,-52.0
20,-48.9
21,-49.0
22,-52.4
23,-52.0
24,-48.0
25,-50.3
26,-73.3333333333
