frequency,pdr
11,-46.0
12,-48.5
13,-61.1111111111
14,-54.9
15,-49.3333333333
16,-49.0
17,-49.0
18,-49.0
19,-49.0
20,-52.0
21,-52.0
22,-50.1
23,-46.4
24,-46.0
25,-43.6
26,-43.0
