frequency,pdr
11,-60.1111111111
12,-55.5
13,-66.2222222222
14,-69.6666666667
15,-58.3
16,-65.9
17,-49.0
18,-44.7
19,-68.2857142857
20,-58.0
21,-53.8
22,-50.4
23,-64.4
24,-56.2
25,-71.3
26,-52.0
