frequency,pdr
11,-69.0
12,-59.4444444444
13,-59.7777777778
14,-50.0
15,-63.1111111111
16,-61.5
17,-61.0
18,-64.5
19,-60.0
20,-53.0
21,-57.7
22,-55.0
23,-49.0
24,-56.9
25,-53.0
26,-54.7
