frequency,pdr
11,-65.8
12,-69.3333333333
13,-67.0
14,-68.6
15,-61.1111111111
16,-63.9
17,-62.0
18,-61.0
19,-61.0
20,-67.5
21,-67.5
22,-65.4
23,-61.7
24,-68.0
25,-67.5
26,-61.1
