frequency,pdr
11,-59.8
12,-61.0
13,-68.2222222222
14,-65.9
15,-61.8888888889
16,-67.0
17,-63.8
18,-61.9
19,-66.1
20,-66.0
21,-55.0
22,-69.3
23,-65.6
24,-66.5
25,-67.0
26,-66.3
