frequency,pdr
11,-66.2222222222
12,-62.3333333333
13,-63.0
14,-65.4
15,-69.8888888889
16,-67.0
17,-78.2
18,-67.0
19,-67.0
20,-61.1
21,-62.3
22,-67.1
23,-66.7
24,-71.9
25,-69.4
26,-61.0
