frequency,pdr
11,-58.5
12,-55.2222222222
13,-67.2222222222
14,-50.1
15,-46.9
16,-52.0
17,-49.0
18,-50.7
19,-44.5
20,-58.7
21,-55.0
22,-45.5
23,-45.0
24,-47.1
25,-51.7
26,-49.0
