frequency,pdr
11,-46.0
12,-52.0
13,-53.6666666667
14,-52.7
15,-66.1111111111
16,-58.0
17,-49.0
18,-60.8
19,-51.4
20,-46.0
21,-52.3
22,-51.4
23,-46.0
24,-52.0
25,-44.5
26,-49.0
