frequency,pdr
11,-57.8
12,-68.2222222222
13,-61.0
14,-61.2
15,-60.5555555556
16,-55.0
17,-67.0
18,-65.1
19,-70.9
20,-67.0
21,-79.0
22,-81.8571428571
23,-64.0
24,-62.3
25,-76.125
26,-61.0
