frequency,pdr
11,-49.0
12,-53.7777777778
13,-47.0
14,-50.8
15,-67.1111111111
16,-48.4
17,-46.6
18,-46.7
19,-49.0
20,-43.0
21,-44.3
22,-48.4
23,-52.0
24,-53.7
25,-43.0
26,-44.9
