frequency,pdr
11,-61.2222222222
12,-62.8888888889
13,-46.1
14,-51.7
15,-53.7
16,-52.0
17,-42.0
18,-44.8
19,-54.9
20,-49.0
21,-61.7
22,-61.7
23,-50.3
24,-42.5
25,-42.8
26,-51.7
