frequency,pdr
11,-65.7777777778
12,-61.0
13,-64.0
14,-62.8
15,-59.8888888889
16,-62.5
17,-68.2
18,-67.0
19,-58.0
20,-72.8
21,-73.7
22,-67.0
23,-64.0
24,-63.5
25,-59.6
26,-61.0
