frequency,pdr
11,-60.6
12,-56.0
13,-60.7
14,-64.3
15,-61.6666666667
16,-73.1
17,-62.6
18,-64.9
19,-58.0
20,-67.0
21,-61.0
22,-61.0
23,-61.0
24,-69.2
25,-58.9
26,-80.5555555556
