frequency,pdr
11,-65.6
12,-67.0
13,-77.8
14,-64.9
15,-65.2222222222
16,-61.8
17,-67.6
18,-66.9090909091
19,-64.0
20,-68.9
21,-62.2
22,-70.7
23,-70.9
24,-73.6
25,-67.6
26,-61.6
