frequency,pdr
11,-68.6
12,-66.3333333333
13,-56.8
14,-71.4444444444
15,-59.6666666667
16,-68.1
17,-56.5
18,-55.0
19,-62.2
20,-64.6
21,-58.0
22,-61.7
23,-70.2
24,-55.0
25,-74.5
26,-68.9
