frequency,pdr
11,-65.3
12,-65.1111111111
13,-55.0
14,-56.9
15,-68.7777777778
16,-59.0
17,-71.4
18,-62.1
19,-70.9
20,-60.1
21,-65.6
22,-64.9
23,-67.5
24,-64.0
25,-69.9
26,-61.1
