frequency,pdr
11,-69.6666666667
12,-65.4444444444
13,-61.9
14,-66.3
15,-67.0
16,-78.0
17,-62.4
18,-66.5
19,-64.0
20,-69.0
21,-59.0
22,-64.1
23,-61.9
24,-66.1
25,-58.0
26,-63.2
