frequency,pdr
11,-70.2
12,-62.5555555556
13,-78.4
14,-68.3
15,-61.7777777778
16,-64.6
17,-55.0
18,-56.6
19,-61.1
20,-58.8
21,-61.6
22,-56.2
23,-59.8
24,-56.2
25,-60.5
26,-64.9
