frequency,pdr
11,-68.3
12,-58.0
13,-64.0
14,-57.8
15,-65.6666666667
16,-67.7
17,-62.7
18,-67.0
19,-58.0
20,-58.0
21,-64.8
22,-77.1428571429
23,-67.2727272727
24,-59.0
25,-70.7
26,-63.5
