frequency,pdr
11,-63.4444444444
12,-69.4444444444
13,-49.0
14,-66.1111111111
15,-57.9
16,-55.0
17,-61.0
18,-52.0
19,-51.8
20,-53.9
21,-54.2
22,-58.0
23,-59.7
24,-54.5
25,-52.0
26,-54.9
