frequency,pdr
11,-89.8
12,-89.1
13,-88.2
14,-87.0
15,-86.0
16,-87.0
17,-86.6666666667
18,-90.4444444444
19,-91.0
20,-91.0
21,-91.0
25,-91.0
26,-91.0
