frequency,pdr
11,-63.6666666667
12,-62.4444444444
13,-51.2
14,-51.4
15,-57.5
16,-66.7
17,-55.2
18,-52.0
19,-58.0
20,-48.3
21,-53.7
22,-58.6
23,-61.4
24,-51.7
25,-55.1
26,-49.0
