frequency,pdr
11,-50.0
12,-52.3333333333
13,-52.0
14,-48.8
15,-51.4
16,-62.1
17,-48.9
18,-53.9
19,-52.7
20,-49.0
21,-55.7
22,-50.6363636364
23,-49.0
24,-43.0
25,-48.8
26,-49.0
