frequency,pdr
11,-63.5555555556
12,-61.7142857143
13,-66.6
14,-69.8
15,-74.3
16,-70.0
17,-67.0
18,-69.625
19,-74.0
20,-73.0
21,-70.0
22,-74.1
23,-82.8
24,-74.6
25,-68.0
26,-67.0
