frequency,pdr
11,-64.0
12,-65.875
13,-67.0
14,-68.0
15,-72.6
16,-73.4444444444
17,-70.8888888889
18,-69.75
19,-67.7777777778
20,-67.8
21,-69.6
22,-74.3
23,-75.0
24,-79.8
25,-77.1
26,-70.4
