frequency,pdr
11,-70.0
12,-71.8571428571
13,-70.2
14,-80.3333333333
15,-67.0
16,-66.9
17,-67.0
18,-69.0
19,-67.0
20,-67.0
21,-70.0
22,-74.0
23,-76.0
24,-75.4
25,-67.0
26,-67.0
