frequency,pdr
11,-58.1111111111
12,-60.0
13,-57.8
14,-57.1
15,-58.0
16,-55.0
17,-60.6
18,-61.7142857143
19,-58.0
20,-58.0
21,-63.4
22,-61.0
23,-58.0
24,-61.0
25,-63.6
26,-63.9
