frequency,pdr
11,-67.0
12,-64.4285714286
13,-65.75
14,-70.9
15,-80.1
16,-68.6666666667
17,-64.0
18,-65.8333333333
19,-69.4
20,-75.1
21,-73.0
22,-78.3
23,-81.6
24,-73.0
25,-68.4
26,-67.0
