frequency,pdr
11,-58.2222222222
12,-61.0
13,-59.1111111111
14,-57.5
15,-63.9
16,-70.3333333333
17,-71.9
18,-70.375
19,-67.0
20,-67.0
21,-66.1
22,-64.9
23,-67.8
24,-65.1
25,-73.8
26,-66.3636363636
