frequency,pdr
11,-63.1111111111
12,-67.375
13,-59.0
14,-55.9
15,-59.1
16,-67.0
17,-66.6666666667
18,-65.5
19,-73.0
20,-76.6
21,-67.0
22,-64.0
23,-67.0
24,-70.1
25,-73.0
26,-67.0
