frequency,pdr
11,-58.2727272727
12,-55.0
13,-59.3333333333
14,-70.0
15,-67.0
16,-59.6666666667
17,-55.0
18,-54.0
19,-51.7
20,-50.5
21,-49.0
22,-49.0
23,-49.0
24,-49.0
25,-52.0
26,-51.9
