frequency,pdr
11,-67.0
12,-64.4285714286
13,-67.0
14,-69.4
15,-74.6
16,-71.3333333333
17,-70.2222222222
18,-63.8571428571
19,-67.0
20,-69.2
21,-70.0
22,-67.0
23,-67.0
24,-67.0
25,-71.9
26,-70.5
