frequency,pdr
11,-76.0
12,-84.2222222222
13,-90.7142857143
14,-83.1
15,-82.0
16,-82.0
17,-77.8
18,-75.0
19,-73.2
20,-73.0
21,-71.5
22,-73.0
23,-76.0
24,-75.7
25,-77.1
26,-83.9
