frequency,pdr
11,-83.9
12,-82.8888888889
13,-85.3333333333
14,-83.2
15,-82.0
16,-83.0
17,-88.5
18,-89.5
19,-87.7777777778
20,-88.2
21,-90.0
22,-85.5555555556
23,-82.0
24,-80.7
25,-81.5
26,-82.0
