frequency,pdr
11,-86.4444444444
12,-89.0
13,-90.7142857143
15,-91.0
16,-91.0
17,-91.0
18,-91.0
19,-91.0
21,-91.0
22,-89.8
23,-90.8
24,-91.0
25,-91.0
