frequency,pdr
11,-87.2222222222
12,-82.3333333333
13,-79.0
14,-83.6666666667
15,-90.4
16,-85.6
17,-78.9
18,-73.0
19,-73.0
20,-74.0
21,-73.0
22,-73.0
23,-74.6
24,-76.0
25,-81.0
26,-83.0
