frequency,pdr
11,-89.8888888889
12,-85.75
13,-83.8571428571
14,-82.1111111111
15,-81.6
16,-80.3
17,-81.4
18,-82.0
19,-80.4
20,-79.1
21,-79.0
22,-80.4
23,-83.1
24,-85.1
25,-83.5
26,-84.7
