frequency,pdr
13,-91.0
14,-91.0
15,-91.0
16,-88.375
17,-86.2857142857
18,-88.8333333333
19,-91.0
21,-91.0
23,-91.0
24,-91.0
25,-91.0
26,-91.0
