frequency,pdr
11,-85.0
12,-85.4444444444
13,-85.375
14,-88.0
15,-90.6
16,-89.1818181818
17,-89.8
18,-91.0
19,-91.0
20,-91.0
21,-91.0
22,-90.0
23,-91.0
24,-89.4
25,-88.9
26,-88.0
