frequency,pdr
11,-70.2222222222
12,-72.4444444444
13,-73.0
14,-76.0
15,-82.2
16,-91.0
17,-82.1
18,-77.9
19,-75.0
20,-73.7
21,-76.0
22,-78.9
23,-79.0
24,-79.0
25,-81.5
26,-79.7
