frequency,pdr
12,-90.6666666667
13,-90.2857142857
14,-89.6666666667
15,-88.3
16,-86.5
17,-86.7
18,-89.6
19,-91.0
20,-90.0
21,-89.4
22,-88.1111111111
23,-91.0
26,-91.0
