frequency,pdr
11,-91.0
13,-91.0
14,-91.0
15,-90.5
16,-91.0
17,-91.0
18,-88.9
19,-88.8
20,-90.4
21,-90.8
22,-89.3333333333
23,-90.8888888889
24,-91.0
25,-91.0
26,-91.0
