frequency,pdr
11,-66.9
12,-66.1111111111
13,-65.8888888889
14,-67.0
15,-67.0
16,-71.0
17,-73.9
18,-72.0
19,-70.0
20,-70.0
21,-73.0
22,-73.4
23,-73.0
24,-74.2
25,-73.0
26,-70.0
