frequency,pdr
11,-89.375
12,-90.2222222222
13,-90.6666666667
14,-91.0
16,-91.0
17,-87.2
18,-85.2
19,-84.75
20,-85.0
21,-86.8
22,-89.625
25,-91.0
26,-88.9
