frequency,pdr
11,-78.8
12,-75.1111111111
13,-78.0
14,-80.8888888889
15,-76.0
16,-83.0
17,-82.3
18,-81.9
19,-79.0
20,-79.0
21,-78.9
22,-77.1818181818
23,-74.9
24,-73.0
25,-73.0
26,-76.0
