frequency,pdr
11,-84.8
12,-84.7777777778
13,-85.0
14,-82.2
15,-81.9
16,-83.4285714286
17,-86.0
18,-90.0
19,-91.0
23,-89.7777777778
24,-87.5454545455
25,-86.9
26,-88.0
