frequency,pdr
11,-80.0
12,-83.0
13,-82.0
14,-82.0
15,-83.0
16,-82.8
17,-83.0
18,-84.0
19,-86.7
20,-88.9
21,-89.0
22,-87.7142857143
23,-88.0
24,-87.8888888889
25,-88.0
26,-88.5
