frequency,pdr
11,-60.7777777778
12,-64.0
13,-75.1
14,-72.1428571429
15,-68.0
16,-66.2
17,-61.0
18,-62.4444444444
19,-62.1
20,-69.1818181818
21,-70.0
22,-79.0
23,-66.1
24,-64.1
25,-70.0
26,-70.0
