frequency,pdr
11,-67.0
12,-68.8888888889
13,-67.0
14,-62.8888888889
15,-63.4
16,-58.0
17,-58.2
18,-67.0
19,-70.5
20,-65.8
21,-62.0
22,-64.0
23,-64.0
24,-63.3
25,-64.0
26,-64.0
