frequency,pdr
11,-56.1
12,-55.1111111111
13,-55.0
14,-59.7
15,-61.0
16,-60.8
17,-62.625
18,-68.125
19,-66.8571428571
20,-64.0
21,-58.2
22,-58.0
23,-62.6
24,-67.0
25,-63.9
26,-61.0
