frequency,pdr
11,-69.125
12,-61.3333333333
13,-62.5
14,-59.4
15,-58.0
16,-58.0
17,-58.3
18,-58.2222222222
19,-58.0
20,-61.0
21,-63.7
22,-67.3
23,-64.0
24,-64.0
25,-67.0
26,-67.0
