frequency,pdr
11,-64.0
12,-61.0
13,-67.0
14,-61.0
15,-59.0
16,-63.7
17,-72.375
18,-72.1428571429
19,-78.5714285714
20,-73.0
21,-73.0
22,-79.0
23,-79.0
24,-76.0
25,-70.0
26,-77.5
