frequency,pdr
11,-57.2222222222
12,-57.6666666667
13,-61.0
14,-64.0
15,-67.0
16,-75.1
17,-77.5
18,-65.2222222222
19,-61.0
20,-59.3
21,-60.1
22,-61.0
23,-65.0
24,-63.6
25,-61.0
26,-61.0
