frequency,pdr
11,-55.0
12,-51.3333333333
13,-50.0
14,-49.3333333333
15,-49.0
16,-49.0
17,-46.0
18,-46.0
19,-44.0
20,-43.4
21,-43.0
22,-43.0
23,-44.2
24,-47.9
25,-47.1
26,-49.0
