frequency,pdr
11,-83.5714285714
12,-70.7142857143
13,-70.0
14,-70.0
15,-67.0
16,-67.0
17,-67.0
18,-67.0
19,-60.8
20,-55.0
21,-55.0
22,-60.8
23,-59.0
24,-55.0
25,-55.0
26,-55.0
