frequency,pdr
11,-69.4285714286
12,-60.25
13,-58.0
14,-55.1111111111
15,-55.0
16,-55.0
17,-55.0
18,-53.5
19,-51.3333333333
20,-52.0
21,-54.7
22,-55.0
23,-58.0
24,-55.0
25,-58.0
26,-58.0
