frequency,pdr
11,-58.1
12,-72.7777777778
13,-67.3333333333
14,-61.0
15,-67.0
16,-72.4
17,-79.0
18,-74.0
19,-69.0
20,-78.7
21,-68.3
22,-63.0
23,-69.9
24,-60.0
25,-55.0
26,-59.1
