frequency,pdr
11,-71.5555555556
12,-67.3636363636
13,-67.75
14,-62.6
15,-61.6
16,-62.9
17,-67.0
18,-68.0
19,-63.9
20,-62.5
21,-80.2
22,-73.5
23,-65.6
24,-60.0
25,-67.8
26,-69.3
