frequency,pdr
11,-73.8888888889
12,-63.2222222222
13,-57.25
14,-79.1
15,-68.0
16,-67.0
17,-76.9
18,-67.0
19,-72.1
20,-70.0
21,-72.6
22,-65.3
23,-63.9
24,-67.3
25,-70.0
26,-70.0
