frequency,pdr
11,-56.6
12,-55.5555555556
13,-59.8888888889
14,-69.5
15,-60.0
16,-52.0
17,-61.4
18,-57.4
19,-67.0
20,-58.3
21,-52.0
22,-52.0
23,-58.0
24,-53.8
25,-55.9
26,-61.0
