frequency,pdr
11,-51.2
12,-56.4444444444
13,-61.1111111111
14,-53.1
15,-53.2
16,-55.0
17,-62.5
18,-62.4
19,-51.7
20,-51.5
21,-52.6
22,-49.0
23,-69.8888888889
24,-55.0
25,-56.6
26,-67.0
