frequency,pdr
11,-77.0
12,-71.7777777778
13,-59.1111111111
14,-58.0
15,-62.3
16,-70.7
17,-69.2
18,-70.4
19,-64.0
20,-61.5
21,-61.0
22,-69.7
23,-79.4444444444
24,-65.7
25,-62.1
26,-69.5
