frequency,pdr
11,-62.6666666667
12,-61.0
13,-67.5555555556
14,-71.9
15,-64.0
16,-62.6
17,-80.8
18,-67.0
19,-67.0
20,-67.1
21,-64.0
22,-61.0
23,-72.5555555556
24,-70.0
25,-77.6
26,-62.7
