frequency,pdr
11,-65.1
12,-51.4444444444
13,-45.0
14,-51.5
15,-62.0
16,-52.0
17,-58.1
18,-51.0
19,-52.0
20,-53.6
21,-54.0
22,-55.7
23,-60.4444444444
24,-61.0
25,-58.7
26,-64.0
