frequency,pdr
11,-64.0
12,-69.3333333333
13,-64.8
14,-74.8
15,-64.0
16,-66.4545454545
17,-70.0
18,-65.1
19,-68.0
20,-70.8
21,-58.0
22,-64.7
23,-58.1
24,-66.7
25,-60.6
26,-67.9
