frequency,pdr
11,-79.5555555556
12,-67.0
13,-69.5555555556
14,-67.0
15,-67.0
16,-66.0
17,-64.0
18,-69.3
19,-62.0
20,-61.6
21,-67.0
22,-69.9
23,-68.7
24,-62.9
25,-68.7
26,-64.0
