frequency,pdr
11,-66.0
12,-73.5555555556
13,-60.1111111111
14,-61.5
15,-68.3
16,-72.2
17,-79.0
18,-77.6
19,-71.7
20,-64.1
21,-66.3
22,-65.8
23,-66.0
24,-63.8
25,-70.5
26,-74.1818181818
