frequency,pdr
11,-63.3
12,-71.5555555556
13,-58.375
14,-55.0
15,-54.8
16,-61.2
17,-70.8
18,-56.5
19,-70.7272727273
20,-56.7
21,-69.5
22,-64.0
23,-64.0
24,-55.0
25,-57.2
26,-57.4
