frequency,pdr
11,-55.0
12,-58.8888888889
13,-67.2222222222
14,-65.7
15,-59.2
16,-61.0
17,-74.0
18,-68.4
19,-64.0
20,-73.0
21,-65.2
22,-64.3
23,-63.1
24,-58.0
25,-52.0
26,-58.0
