frequency,pdr
11,-52.9
12,-54.1111111111
13,-54.7
14,-51.8
15,-55.0
16,-53.8
17,-52.0
18,-63.2
19,-55.0
20,-55.0
21,-54.9
22,-56.3
23,-62.3333333333
24,-55.0
25,-55.0
26,-56.2
