frequency,pdr
11,-53.4444444444
12,-54.6666666667
13,-66.9
14,-49.7
15,-57.5
16,-55.0
17,-50.9
18,-52.0
19,-68.8
20,-58.0
21,-59.5
22,-55.0
23,-50.4
24,-62.2
25,-64.0
26,-67.3
