frequency,pdr
11,-61.0
12,-57.8181818182
13,-63.8888888889
14,-59.2
15,-61.0
16,-61.0
17,-61.4
18,-61.0
19,-60.3
20,-64.0
21,-77.9
22,-70.4
23,-66.7
24,-63.7
25,-69.4
26,-69.9
