frequency,pdr
11,-73.1
12,-76.8888888889
13,-68.8888888889
14,-70.6
15,-62.0
16,-67.0
17,-79.6
18,-70.9
19,-80.6
20,-67.8
21,-61.8
22,-70.0
23,-63.8
24,-76.0
25,-68.0
26,-69.7
