frequency,pdr
11,-72.2
12,-61.0
13,-61.7777777778
14,-64.0
15,-65.0
16,-71.7
17,-59.7
18,-78.2857142857
19,-62.5
20,-61.4
21,-67.8
22,-61.8
23,-71.4
24,-63.9
25,-78.1
26,-79.4
