frequency,pdr
11,-63.1
12,-66.7777777778
13,-59.8888888889
14,-59.3
15,-69.0
16,-68.6
17,-61.1
18,-73.0
19,-66.2727272727
20,-60.9
21,-65.3
22,-58.6
23,-61.0
24,-65.8
25,-79.0
26,-74.3
