frequency,pdr
11,-54.4
12,-58.2222222222
13,-52.3333333333
14,-58.0
15,-63.1
16,-58.0
17,-53.9
18,-50.3
19,-49.7
20,-58.1
21,-61.0
22,-61.0
23,-53.0
24,-54.9
25,-58.0
26,-60.9
