frequency,pdr
11,-56.3
12,-52.7777777778
13,-55.0
14,-56.5
15,-60.7
16,-51.2
17,-58.1
18,-76.7142857143
19,-80.2
20,-59.4
21,-56.4
22,-62.0
23,-61.8
24,-66.8
25,-55.0
26,-60.4
