frequency,pdr
11,-60.8888888889
12,-58.0
13,-72.125
14,-60.9
15,-71.8
16,-67.0
17,-67.0
18,-72.0
19,-65.0
20,-69.2727272727
21,-71.4
22,-68.0
23,-64.7
24,-66.0
25,-67.0
26,-80.8
