frequency,pdr
11,-67.8888888889
12,-70.9
13,-66.8888888889
14,-65.9
15,-66.8
16,-63.5
17,-67.0
18,-67.4
19,-70.2
20,-67.0
21,-63.3
22,-64.5
23,-63.0
24,-67.0
25,-71.9
26,-68.7
