frequency,pdr
11,-53.3
12,-47.7777777778
13,-51.8888888889
14,-49.0
15,-52.0
16,-48.0
17,-48.2
18,-46.9
19,-56.7
20,-56.9
21,-59.1
22,-52.0
23,-55.0
24,-48.0
25,-46.3
26,-49.0
