frequency,pdr
11,-46.2
12,-54.0
13,-51.5
14,-55.0
15,-59.1818181818
16,-51.9
17,-55.2
18,-54.1
19,-61.6666666667
20,-44.2
21,-46.0
22,-63.0
23,-52.6
24,-62.4
25,-61.6
26,-55.0
