frequency,pdr
11,-66.9
12,-65.8888888889
13,-70.6666666667
14,-58.0
15,-62.7
16,-65.8
17,-73.9
18,-62.2
19,-64.0
20,-66.3
21,-67.0
22,-61.0
23,-66.6
24,-67.0
25,-66.1
26,-67.0
