frequency,pdr
11,-69.2
12,-59.3333333333
13,-60.7777777778
14,-68.2
15,-68.9
16,-63.2
17,-63.9
18,-66.3
19,-62.6
20,-69.7
21,-64.8
22,-63.9
23,-64.3
24,-60.1
25,-61.3
26,-70.4
