frequency,pdr
11,-65.4444444444
12,-57.4
13,-56.7777777778
14,-47.7
15,-46.0
16,-45.9
17,-47.5
18,-52.0
19,-54.3
20,-47.2
21,-50.1
22,-52.0
23,-49.0
24,-49.0
25,-46.0
26,-45.3
