frequency,pdr
11,-79.3333333333
12,-65.6666666667
13,-62.7777777778
14,-64.0
15,-55.0
16,-54.9
17,-65.5
18,-56.8
19,-59.1
20,-60.5
21,-56.7
22,-58.5
23,-67.0
24,-61.6
25,-61.4
26,-66.5
