frequency,pdr
11,-55.0
12,-58.6666666667
13,-60.1111111111
14,-64.0
15,-55.0
16,-55.0
17,-49.0
18,-49.8
19,-51.9
20,-50.0
21,-60.6
22,-50.5
23,-51.0
24,-54.3
25,-53.7
26,-51.0
