frequency,pdr
11,-51.1
12,-51.2
13,-54.8888888889
14,-55.0
15,-59.8
16,-56.9
17,-60.5
18,-49.1
19,-46.6
20,-50.9090909091
21,-53.5
22,-47.3
23,-45.7
24,-43.0
25,-43.3
26,-52.0
