frequency,pdr
11,-66.3333333333
12,-69.4444444444
13,-55.0
14,-60.2
15,-61.8
16,-69.9
17,-55.2
18,-55.5
19,-67.4
20,-59.9
21,-63.0
22,-57.1
23,-66.7
24,-55.0
25,-65.6
26,-55.3
