frequency,pdr
11,-55.0
12,-60.7
13,-56.1111111111
14,-55.0
15,-57.4
16,-60.8888888889
17,-67.3
18,-64.0
19,-61.0
20,-63.3
21,-61.0
22,-65.3
23,-60.1
24,-62.9
25,-64.3
26,-64.0
