frequency,pdr
11,-66.0
12,-69.0
13,-72.1111111111
14,-79.3333333333
15,-71.8
16,-66.9
17,-60.8
18,-70.5
19,-64.0
20,-63.8
21,-60.7
22,-60.2
23,-62.4
24,-58.0
25,-60.0
26,-65.2
