frequency,pdr
11,-40.0
12,-43.0
13,-56.5555555556
14,-55.7
15,-49.0
16,-51.2
17,-46.0
18,-51.7
19,-58.0
20,-55.0
21,-46.0
22,-53.6
23,-49.0
24,-55.0
25,-53.0909090909
26,-51.8
