frequency,pdr
11,-55.6
12,-67.8
13,-60.6666666667
14,-73.8888888889
15,-65.5
16,-66.4
17,-57.5
18,-59.7
19,-62.8
20,-58.1
21,-67.0
22,-67.8
23,-74.7777777778
24,-65.8
25,-70.0
26,-64.3
