frequency,pdr
11,-67.7777777778
12,-52.7777777778
13,-55.5
14,-56.6
15,-61.3
16,-61.3
17,-58.2
18,-65.1
19,-59.8
20,-59.2
21,-53.5
22,-59.4
23,-57.4
24,-68.8
25,-71.2
26,-64.4
