frequency,pdr
11,-60.8
12,-61.6
13,-55.0
14,-65.9
15,-71.0
16,-73.6666666667
17,-64.0
18,-65.1818181818
19,-62.9
20,-61.0
21,-67.7
22,-76.5
23,-64.0
24,-64.0
25,-68.9
26,-66.5
