frequency,pdr
11,-59.2
12,-64.1111111111
13,-61.3333333333
14,-70.2
15,-61.0
16,-60.2
17,-60.8
18,-55.0
19,-58.0
20,-61.8
21,-61.2
22,-62.2
23,-61.0
24,-58.0
25,-55.0
26,-69.8
