frequency,pdr
11,-51.5
12,-52.6666666667
13,-62.875
14,-65.8888888889
15,-55.0
16,-56.6
17,-55.3
18,-52.0
19,-52.0
20,-57.7
21,-51.1
22,-52.0
23,-49.0
24,-51.7
25,-55.0
26,-58.0
