frequency,pdr
11,-50.5
12,-49.0
13,-57.8888888889
14,-63.7
15,-49.0
16,-49.3
17,-56.0
18,-61.9090909091
19,-52.0
20,-53.3
21,-55.0
22,-51.3
23,-51.8
24,-52.0
25,-48.4
26,-52.1
