frequency,pdr
11,-54.9
12,-55.5
13,-62.2222222222
14,-55.0
15,-58.7
16,-67.2222222222
17,-60.7
18,-62.5
19,-58.2
20,-69.5
21,-70.5
22,-58.0
23,-55.5
24,-75.6
25,-55.0
26,-59.5
