frequency,pdr
11,-51.6
12,-49.3333333333
13,-49.0
14,-57.5454545455
15,-53.5
16,-55.0
17,-66.9
18,-62.1
19,-61.0
20,-61.1
21,-55.5
22,-65.3
23,-71.2
24,-53.3
25,-67.3
26,-63.0
