frequency,pdr
11,-55.0
12,-63.1111111111
13,-63.5555555556
14,-55.0
15,-66.9
16,-55.0
17,-65.4
18,-66.3
19,-61.0
20,-66.5
21,-67.7
22,-60.9
23,-65.4
24,-58.0
25,-62.5
26,-54.6
