frequency,pdr
11,-65.3333333333
12,-54.8888888889
13,-67.0
14,-55.0
15,-51.9
16,-58.6
17,-58.6
18,-52.0
19,-52.6
20,-61.5
21,-52.4
22,-52.2
23,-62.1
24,-51.8
25,-46.7
26,-47.4
