frequency,pdr
11,-63.5555555556
12,-76.7777777778
13,-55.0
14,-49.0
15,-50.1
16,-56.2
17,-51.0
18,-48.4
19,-55.0
20,-55.0
21,-49.0
22,-49.6
23,-49.0
24,-51.3
25,-49.0
26,-54.1
