frequency,pdr
11,-82.0
12,-84.8
13,-87.0
14,-88.1
15,-89.4
16,-90.1
17,-90.9
18,-91.0
20,-91.0
21,-87.6666666667
22,-85.1111111111
23,-86.1111111111
24,-88.2
25,-91.0
26,-90.6
