frequency,pdr
11,-86.5
12,-90.2
13,-89.0
14,-85.5
15,-84.0
16,-85.0
17,-86.0
18,-84.3
19,-82.0
20,-82.0
21,-82.0
22,-83.4444444444
23,-85.4444444444
24,-90.3
25,-91.0
26,-91.0
