frequency,pdr
11,-85.7
12,-85.75
13,-88.875
14,-90.0
15,-90.0
16,-89.8
17,-88.8571428571
18,-88.7777777778
19,-90.7
20,-91.0
23,-91.0
24,-91.0
