frequency,pdr
12,-91.0
13,-87.3
14,-84.9
15,-84.0
16,-85.0
17,-86.0
18,-87.9
19,-89.0
20,-87.0
21,-85.0
22,-84.8888888889
23,-87.8888888889
24,-87.8
25,-87.7
26,-88.0
