frequency,pdr
11,-82.1111111111
12,-82.0
13,-82.0
14,-82.0
15,-82.0
16,-83.0
17,-85.0
18,-85.6666666667
19,-86.0
20,-87.3
21,-89.7142857143
23,-91.0
