frequency,pdr
11,-58.0
12,-54.8888888889
13,-70.7777777778
14,-64.0
15,-68.1
16,-54.5
17,-66.5
18,-56.7
19,-59.2
20,-65.3
21,-62.2
22,-61.3
23,-61.1
24,-67.8
25,-61.8
26,-63.3
