frequency,pdr
11,-59.9
12,-66.4444444444
13,-55.1
14,-58.0
15,-61.6
16,-73.1111111111
17,-66.5
18,-67.0
19,-61.3
20,-58.7
21,-63.7
22,-67.8
23,-66.1
24,-67.0
25,-63.7272727273
26,-64.9
