frequency,pdr
11,-73.5
12,-60.6666666667
13,-64.0
14,-69.5454545455
15,-67.7
16,-61.0
17,-66.0
18,-63.8
19,-66.0
20,-63.7
21,-66.8
22,-58.5
23,-67.0
24,-67.1
25,-66.8
26,-61.0
