frequency,pdr
11,-61.0
12,-68.3333333333
13,-70.0
14,-55.0
15,-62.4
16,-62.3333333333
17,-66.8
18,-58.0
19,-59.8
20,-57.9
21,-58.6
22,-63.3
23,-61.0
24,-60.1
25,-58.0
26,-58.1
