frequency,pdr
11,-64.0
12,-67.0
13,-61.2222222222
14,-69.1818181818
15,-58.5
16,-55.1
17,-60.9
18,-64.0
19,-61.0
20,-66.7
21,-58.0
22,-65.4
23,-61.8
24,-66.2
25,-63.5
26,-66.6
