frequency,pdr
11,-50.0
12,-54.8
13,-63.7777777778
14,-68.8888888889
15,-67.5
16,-65.3333333333
17,-61.0
18,-50.0
19,-49.0
20,-54.3
21,-55.0
22,-55.0
23,-56.7
24,-58.9
25,-58.8
26,-61.0
