frequency,pdr
11,-55.0
12,-56.3333333333
13,-63.6666666667
14,-60.7
15,-55.0
16,-56.8
17,-64.0
18,-64.0
19,-62.0
20,-64.0
21,-52.4
22,-54.8
23,-59.3
24,-55.0
25,-58.0
26,-58.6
