frequency,pdr
11,-70.2222222222
12,-67.0
13,-68.6666666667
14,-64.6
15,-65.6
16,-54.9
17,-66.4
18,-58.7
19,-66.8
20,-63.9
21,-62.3
22,-61.5
23,-63.4
24,-67.7
25,-64.5
26,-59.1
