frequency,pdr
11,-58.2
12,-59.5555555556
13,-63.8
14,-70.4
15,-62.9
16,-69.1111111111
17,-70.8
18,-79.1
19,-64.6
20,-61.6
21,-62.5
22,-71.5
23,-71.1
24,-67.0
25,-67.0
26,-77.5
