frequency,pdr
11,-58.6
12,-59.1111111111
13,-60.5555555556
14,-76.0
15,-68.0
16,-64.1
17,-58.8
18,-65.9
19,-64.0
20,-67.1
21,-65.0
22,-68.0
23,-61.2
24,-72.3
25,-62.0
26,-72.5
