frequency,pdr
11,-65.7
12,-63.5555555556
13,-64.1111111111
14,-66.9
15,-58.1
16,-60.1
17,-59.3
18,-58.0
19,-61.0
20,-64.0
21,-60.9
22,-59.9
23,-69.0
24,-62.2
25,-70.2
26,-66.2
