frequency,pdr
11,-67.3
12,-70.0
13,-62.4444444444
14,-70.5
15,-63.9
16,-59.8181818182
17,-51.2
18,-58.7
19,-58.0
20,-58.3
21,-60.9
22,-65.3
23,-62.6
24,-61.0
25,-67.0
26,-57.1
