frequency,pdr
11,-66.5
12,-59.1111111111
13,-55.3333333333
14,-65.8
15,-62.7
16,-59.6
17,-80.6
18,-60.6
19,-66.1
20,-60.9
21,-58.2
22,-55.8
23,-61.0
24,-55.0
25,-55.7
26,-64.0
