frequency,pdr
11,-64.0
12,-62.8888888889
13,-57.8888888889
14,-67.3
15,-72.3
16,-65.7
17,-61.4
18,-65.6
19,-68.2
20,-65.1
21,-61.0
22,-65.3
23,-61.0
24,-75.3
25,-67.1
26,-66.6
