frequency,pdr
11,-58.0
12,-63.6666666667
13,-61.3333333333
14,-67.6
15,-65.4
16,-70.6666666667
17,-58.3
18,-67.0
19,-64.0
20,-69.9
21,-64.0
22,-61.0
23,-74.3333333333
24,-65.7
25,-65.1
26,-67.3
