frequency,pdr
11,-58.0
12,-62.3333333333
13,-63.3333333333
14,-55.6
15,-67.6
16,-63.0
17,-64.0
18,-67.0
19,-63.4
20,-63.9
21,-61.6
22,-65.1
23,-64.9
24,-67.1
25,-67.3
26,-66.7
