frequency,pdr
11,-55.0
12,-57.1111111111
13,-57.9
14,-53.9
15,-55.0
16,-63.8888888889
17,-64.0
18,-61.1
19,-60.9
20,-55.0
21,-54.0
22,-77.5555555556
23,-63.2
24,-62.0
25,-71.9
26,-57.6
