frequency,pdr
11,-61.0
12,-60.8888888889
13,-57.1
14,-63.8
15,-66.7
16,-60.9
17,-61.4
18,-71.9
19,-67.0
20,-67.0
21,-67.5
22,-68.2
23,-64.3
24,-68.4
25,-64.1818181818
26,-69.3
