frequency,pdr
11,-61.0
12,-67.6666666667
13,-57.9
14,-67.0
15,-58.0
16,-67.7777777778
17,-56.7
18,-61.3
19,-61.0
20,-66.5
21,-67.2
22,-67.5
23,-67.0
24,-67.0
25,-75.2
26,-69.6
