frequency,pdr
11,-55.0
12,-58.6666666667
13,-59.1111111111
14,-65.8
15,-60.4
16,-75.4444444444
17,-64.6
18,-67.0
19,-58.0
20,-67.0
21,-59.0
22,-66.9
23,-64.0
24,-62.7
25,-62.6
26,-69.5
