frequency,pdr
11,-56.7
12,-54.9
13,-55.4
14,-65.2
15,-58.4
16,-62.4444444444
17,-61.0
18,-64.0
19,-63.9
20,-73.0
21,-61.0
22,-63.2727272727
23,-59.7
24,-58.0
25,-65.9
26,-63.1
