frequency,pdr
11,-69.2222222222
12,-57.4444444444
13,-58.5555555556
14,-66.5
15,-66.7
16,-64.3
17,-55.0
18,-56.5
19,-60.5
20,-56.9
21,-63.6
22,-61.0
23,-62.2
24,-61.0
25,-69.3
26,-70.0
