frequency,pdr
11,-64.5
12,-65.3333333333
13,-77.8
14,-67.1111111111
15,-59.4
16,-70.1
17,-66.8
18,-66.3
19,-65.3
20,-62.6
21,-70.5
22,-58.0
23,-61.0
24,-78.3
25,-71.5
26,-62.9
