frequency,pdr
11,-60.4
12,-69.5555555556
13,-64.4444444444
14,-69.8
15,-58.2
16,-68.2222222222
17,-68.0
18,-68.6
19,-70.0
20,-70.9
21,-69.4
22,-56.4
23,-63.8
24,-55.0
25,-62.9
26,-70.4
