frequency,pdr
11,-62.9
12,-60.3
13,-58.1111111111
14,-54.2727272727
15,-52.0
16,-55.0
17,-55.0
18,-65.9
19,-61.6
20,-59.4
21,-61.5
22,-62.0
23,-64.4
24,-53.9
25,-60.1
26,-56.2
