frequency,pdr
11,-74.6
12,-59.5555555556
13,-65.2222222222
14,-65.6
15,-61.0
16,-74.0
17,-61.0
18,-60.9
19,-62.2
20,-67.0
21,-64.0
22,-63.8
23,-68.4
24,-61.0
25,-69.3
26,-67.1
