frequency,pdr
11,-54.9
12,-54.8888888889
13,-57.5555555556
14,-64.5
15,-59.0
16,-54.0
17,-55.3
18,-70.8
19,-61.0
20,-55.0
21,-54.6
22,-55.7
23,-58.6
24,-68.3
25,-66.7
26,-73.3
