frequency,pdr
11,-66.0
12,-63.6666666667
13,-64.4
14,-63.3
15,-62.6
16,-55.0
17,-52.2
18,-53.5
19,-58.0
20,-61.2
21,-67.0
22,-75.5
23,-66.2
24,-69.8888888889
25,-64.5
26,-70.0
