frequency,pdr
11,-67.0
12,-63.2222222222
13,-61.8
14,-78.5555555556
15,-64.7
16,-65.5
17,-65.6
18,-68.6
19,-58.0
20,-73.1
21,-60.8
22,-59.0
23,-66.9
24,-64.0
25,-67.0
26,-69.7
