frequency,pdr
11,-66.3
12,-54.6666666667
13,-46.0
14,-52.0
15,-49.0
16,-58.8
17,-46.0
18,-46.0
19,-46.5
20,-49.0
21,-46.0
22,-43.7
23,-46.6
24,-47.7777777778
25,-46.1
26,-49.0
