frequency,pdr
11,-58.3
12,-68.5555555556
13,-61.0
14,-66.0
15,-73.4
16,-67.0
17,-69.4
18,-73.2727272727
19,-74.1
20,-63.7
21,-75.9
22,-64.7
23,-65.6
24,-67.0
25,-66.0
26,-67.0
