frequency,pdr
11,-53.7
12,-52.7
13,-54.7
14,-65.1
15,-52.1
16,-52.0
17,-64.2
18,-54.5
19,-48.8
20,-49.0
21,-46.8
22,-49.0
23,-51.2
24,-65.4444444444
25,-58.2
26,-62.3636363636
