frequency,pdr
11,-55.0
12,-55.8888888889
13,-60.5
14,-66.2
15,-63.6
16,-60.9
17,-59.6
18,-63.2
19,-72.3
20,-63.3
21,-61.0
22,-67.0
23,-63.9
24,-68.1111111111
25,-75.2
26,-61.7
