frequency,pdr
11,-59.9
12,-76.5
13,-62.7
14,-66.8
15,-68.5
16,-66.5
17,-60.4
18,-58.0
19,-63.9
20,-71.9090909091
21,-65.1
22,-61.8
23,-72.9
24,-66.8888888889
25,-67.0
26,-61.4
