frequency,pdr
11,-52.2
12,-58.0
13,-59.2
14,-75.5555555556
15,-58.9
16,-67.9
17,-66.4
18,-65.1
19,-71.7
20,-58.0
21,-58.0
22,-55.2
23,-60.6
24,-65.7777777778
25,-63.2
26,-67.0
