frequency,pdr
11,-58.0
12,-55.1111111111
13,-47.7
14,-49.0
15,-53.2
16,-54.4
17,-46.6
18,-54.5
19,-49.0
20,-53.9
21,-58.0
22,-59.3
23,-54.1
24,-62.8888888889
25,-58.0
26,-68.8
