frequency,pdr
11,-67.0
12,-80.8888888889
13,-76.2
14,-61.6
15,-65.4
16,-77.7
17,-67.0
18,-67.0
19,-62.7
20,-63.2
21,-64.3
22,-67.2
23,-67.0
24,-66.7777777778
25,-61.1
26,-67.3
