frequency,pdr
11,-65.9
12,-73.4444444444
13,-67.0
14,-67.0
15,-71.6
16,-58.8
17,-66.4
18,-64.0
19,-77.1
20,-69.8
21,-60.8
22,-67.0
23,-69.2
24,-66.7777777778
25,-65.0
26,-67.0
