frequency,pdr
11,-56.9
12,-55.1111111111
13,-60.9
14,-60.8
15,-72.8
16,-55.0
17,-53.4
18,-51.8
19,-51.7
20,-46.5
21,-46.0
22,-47.0
23,-49.0
24,-51.5555555556
25,-52.3
26,-55.0
