frequency,pdr
11,-67.3
12,-71.1111111111
13,-54.2
14,-54.2
15,-51.8
16,-67.0
17,-55.1
18,-54.3
19,-56.6
20,-55.0
21,-55.2
22,-56.5
23,-52.0
24,-55.1111111111
25,-55.0
26,-63.8
