frequency,pdr
11,-61.0
12,-64.4545454545
13,-66.8
14,-66.6
15,-62.2
16,-61.6
17,-66.6
18,-68.3
19,-67.0
20,-65.2
21,-64.0
22,-60.4
23,-70.7
24,-67.4444444444
25,-68.8
26,-65.3
