frequency,pdr
11,-54.9
12,-68.5555555556
13,-52.0
14,-49.0
15,-55.0
16,-59.9
17,-54.9
18,-53.0
19,-54.6
20,-59.1818181818
21,-54.4
22,-55.0
23,-56.6
24,-65.8888888889
25,-53.0
26,-51.1
