frequency,pdr
11,-68.6
12,-72.4444444444
13,-62.6
14,-66.6
15,-63.7
16,-63.9
17,-62.1
18,-67.3
19,-68.4
20,-70.0
21,-64.0
22,-57.7
23,-67.5
24,-63.5555555556
25,-61.0
26,-69.3
