frequency,pdr
11,-62.4
12,-69.6666666667
13,-61.0
14,-55.0
15,-55.0
16,-59.7
17,-55.0
18,-61.6
19,-61.0
20,-63.1
21,-57.7
22,-59.4
23,-61.0
24,-59.8888888889
25,-65.1
26,-67.7
