frequency,pdr
11,-58.0
12,-55.2
13,-64.4444444444
14,-63.7272727273
15,-62.6
16,-53.6
17,-69.4444444444
18,-55.0
19,-58.0
20,-54.4
21,-55.0
22,-52.0
23,-57.7
24,-56.0
25,-55.0
26,-51.6
