frequency,pdr
11,-65.7
12,-57.9
13,-63.7777777778
14,-60.9
15,-57.0
16,-59.3
17,-62.6363636364
18,-71.5
19,-59.3
20,-62.7
21,-51.6
22,-53.6
23,-61.2
24,-55.2
25,-66.9
26,-62.9
