frequency,pdr
11,-59.2
12,-59.4444444444
13,-53.5
14,-60.0
15,-50.7
16,-56.4
17,-53.3
18,-55.7
19,-54.2
20,-53.9
21,-56.8181818182
22,-58.0
23,-54.5
24,-52.0
25,-51.8
26,-61.2
