frequency,pdr
11,-52.0
12,-49.8888888889
13,-51.8888888889
14,-57.2
15,-56.3
16,-67.1
17,-56.0
18,-56.7
19,-50.9
20,-55.0
21,-48.1
22,-46.0
23,-46.0
24,-46.0
25,-43.0
26,-47.6
