frequency,pdr
11,-60.7
12,-68.5555555556
13,-67.4444444444
14,-51.5
15,-59.2
16,-52.0
17,-48.2
18,-58.0
19,-52.0
20,-54.0
21,-60.3
22,-46.0
23,-72.7
24,-64.0
25,-54.8
26,-58.3
