frequency,pdr
11,-63.2222222222
12,-63.6
13,-55.0
14,-59.9
15,-64.6
16,-68.0
17,-55.0
18,-55.7
19,-61.3636363636
20,-55.0
21,-59.9
22,-70.0
23,-63.3
24,-54.2
25,-55.0
26,-59.3
