frequency,pdr
11,-50.1
12,-56.5555555556
13,-49.6666666667
14,-47.1
15,-49.0
16,-49.0
17,-50.4
18,-49.0
19,-51.9
20,-50.7
21,-46.0
22,-45.3
23,-45.0
24,-50.0
25,-55.0
26,-49.7
