frequency,pdr
11,-58.3333333333
12,-61.1111111111
13,-54.7777777778
14,-51.8
15,-55.0
16,-60.3
17,-58.0
18,-54.7
19,-59.7
20,-55.0
21,-67.0
22,-69.9
23,-67.4
24,-60.4
25,-71.7
26,-64.4
