frequency,pdr
11,-56.5
12,-58.6666666667
13,-58.2222222222
14,-55.0
15,-55.6
16,-50.7
17,-63.1
18,-55.0
19,-52.0
20,-51.8
21,-61.0
22,-56.3
23,-62.2
24,-55.0
25,-47.0
26,-48.0
