frequency,pdr
11,-53.3
12,-53.4444444444
13,-61.5555555556
14,-57.0
15,-46.0
16,-49.0
17,-46.0
18,-46.0
19,-48.4
20,-56.1
21,-52.2
22,-44.9
23,-49.2
24,-54.9
25,-49.3
26,-49.0
