frequency,pdr
11,-66.3333333333
12,-62.3333333333
13,-58.1111111111
14,-67.3
15,-56.3
16,-74.9
17,-59.3
18,-64.0
19,-63.8
20,-78.5
21,-68.4
22,-58.5
23,-55.9
24,-60.1
25,-61.0
26,-55.0
