frequency,pdr
11,-54.9
12,-60.5555555556
13,-63.1111111111
14,-49.0
15,-50.3
16,-49.9
17,-49.0
18,-52.0
19,-52.0
20,-55.0
21,-51.9
22,-62.3
23,-56.7
24,-52.2
25,-49.0
26,-55.0
