frequency,pdr
11,-57.7
12,-64.5555555556
13,-65.3636363636
14,-58.0
15,-61.1
16,-65.8
17,-64.8
18,-72.7
19,-70.1
20,-56.9
21,-63.9
22,-56.1
23,-59.7
24,-60.3
25,-61.2
26,-58.0
