frequency,pdr
11,-67.6666666667
12,-60.5555555556
13,-57.6666666667
14,-60.8
15,-57.5
16,-57.4
17,-64.0
18,-50.1
19,-54.6
20,-62.1
21,-58.4
22,-59.8
23,-64.5
24,-64.0
25,-58.4
26,-73.2222222222
