frequency,pdr
11,-56.6
12,-61.8888888889
13,-57.3
14,-51.8
15,-51.9
16,-49.0
17,-43.4
18,-57.9
19,-60.8
20,-61.9
21,-51.7
22,-51.5
23,-69.5714285714
24,-54.7
25,-59.0
26,-55.7
