frequency,pdr
11,-49.0
12,-52.7777777778
13,-49.3333333333
14,-50.9
15,-52.2
16,-57.2
17,-61.7
18,-64.6
19,-53.5
20,-53.8
21,-49.0
22,-56.5
23,-50.8
24,-50.0
25,-51.6
26,-48.2
