frequency,pdr
11,-82.8
12,-81.3
13,-79.1
14,-79.0
15,-79.0
16,-79.4
17,-79.3333333333
18,-81.4444444444
19,-81.1
20,-80.3
21,-80.8
22,-81.8
23,-84.2
24,-88.1
25,-91.0
26,-91.0
