frequency,pdr
11,-58.0
12,-56.8
13,-66.4545454545
14,-61.0
15,-58.0
16,-58.0
17,-58.0
18,-57.8571428571
19,-57.4
20,-58.0
21,-64.0
22,-67.2
23,-67.0
24,-67.0
25,-67.0
26,-75.3
