frequency,pdr
11,-52.0
12,-54.8888888889
13,-57.4
14,-58.0
15,-63.9
16,-61.875
17,-58.0
18,-60.7142857143
19,-66.2222222222
20,-61.6
21,-55.7
22,-52.5
23,-53.1
24,-58.0
25,-59.7
26,-70.4
