frequency,pdr
11,-58.0
12,-62.1111111111
13,-59.6
14,-57.4
15,-55.0
16,-58.625
17,-61.0
18,-64.3333333333
19,-61.0
20,-58.0
21,-55.0
22,-53.2
23,-54.7
24,-61.0
25,-67.0
26,-64.0
