frequency,pdr
11,-59.2
12,-61.0909090909
13,-55.4
14,-57.6
15,-58.0
16,-56.75
17,-55.0
18,-55.0
19,-56.2222222222
20,-58.0
21,-57.9
22,-58.4
23,-58.0
24,-58.0
25,-59.4
26,-63.3
