frequency,pdr
12,-89.875
13,-86.7777777778
14,-84.0
15,-82.0
16,-82.0
17,-83.9
18,-87.5
19,-91.0
21,-91.0
22,-90.6666666667
23,-89.0
24,-87.9
25,-85.0
26,-85.0
