frequency,pdr
11,-90.0
12,-89.1111111111
13,-90.7777777778
17,-91.0
18,-91.0
19,-91.0
20,-91.0
21,-91.0
26,-91.0
