frequency,pdr
11,-79.1
12,-77.2222222222
13,-73.1
14,-73.0
15,-76.0
16,-80.6
17,-80.0
18,-76.0
19,-73.0
20,-73.0
21,-73.0
22,-73.0
23,-76.0
24,-79.0
25,-77.5
26,-78.3636363636
