frequency,pdr
11,-89.3333333333
12,-83.8888888889
13,-81.0
14,-85.4
15,-91.0
16,-88.0
17,-79.0
18,-74.4
19,-74.9
20,-76.0
21,-74.3
22,-74.4
23,-76.0
24,-77.0
25,-82.0
26,-85.0
