frequency,pdr
11,-85.25
12,-85.3333333333
13,-86.1111111111
14,-85.9
15,-84.9
16,-85.0
17,-83.0
18,-85.0
19,-91.0
20,-90.9
21,-90.1
23,-88.0
24,-85.0
25,-84.5
26,-85.6
