frequency,pdr
11,-89.0
12,-89.3333333333
13,-90.0
14,-89.1111111111
15,-90.0
16,-91.0
17,-91.0
18,-91.0
19,-91.0
