frequency,pdr
11,-82.1111111111
12,-86.2222222222
13,-85.8
14,-91.0
15,-85.1
16,-86.5
17,-84.0
18,-83.3
19,-83.4
20,-82.9
21,-81.9
22,-80.8888888889
23,-83.6
24,-80.6
25,-82.5
26,-83.0
