frequency,pdr
11,-84.9
12,-85.8888888889
13,-88.1428571429
14,-86.5
15,-87.0
16,-88.0
17,-88.0
18,-87.4
19,-89.0
20,-88.6
21,-86.7
22,-87.0
23,-91.0
24,-91.0
26,-91.0
