frequency,pdr
14,-91.0
15,-91.0
16,-91.0
17,-90.0
18,-88.7777777778
19,-89.1111111111
20,-89.9
21,-90.3
23,-91.0
24,-91.0
25,-91.0
26,-91.0
