frequency,pdr
11,-85.0
12,-74.1
13,-68.7
14,-67.0
15,-67.0
16,-67.0
17,-68.2
18,-70.0
19,-70.8
20,-73.0
21,-76.0
22,-80.7777777778
23,-89.7777777778
24,-87.7
25,-79.5
26,-76.0
