frequency,pdr
11,-90.0
12,-90.1111111111
13,-91.0
14,-91.0
15,-91.0
16,-91.0
17,-89.6
18,-87.5
19,-86.0
20,-85.0
21,-85.0
22,-86.0
23,-86.3333333333
24,-87.0
25,-88.2
26,-90.0
