frequency,pdr
11,-82.0
12,-80.6
13,-80.4545454545
14,-79.8
15,-81.1
16,-82.0
17,-84.7
18,-85.8
19,-87.0
20,-88.0
21,-89.1
22,-88.6666666667
23,-88.0
24,-87.4
25,-87.8
26,-89.5
