frequency,pdr
11,-85.0
12,-84.0
13,-84.0
14,-85.5454545455
15,-85.0
16,-85.1
17,-85.0
18,-85.0
19,-85.0
20,-84.9
21,-86.0
22,-86.625
23,-85.3333333333
24,-85.2
25,-86.3
26,-88.0
