frequency,pdr
11,-82.0
12,-80.8888888889
13,-82.0
14,-82.7
15,-79.0
16,-79.0
17,-82.0
18,-83.0
19,-85.8888888889
20,-82.0
21,-77.0
22,-73.0
23,-72.7
24,-72.0
25,-71.7
26,-71.6
