frequency,pdr
11,-87.8888888889
12,-88.0
13,-90.6666666667
14,-90.2222222222
15,-90.9
16,-91.0
17,-91.0
18,-91.0
19,-90.9
20,-90.0
21,-91.0
