frequency,pdr
11,-81.8
12,-80.1111111111
13,-75.5555555556
14,-75.2
15,-76.0
16,-73.0
17,-73.0
18,-74.9
19,-82.0
20,-86.0
21,-84.4
22,-84.0
23,-82.0
24,-81.3
25,-83.6
26,-86.6
