frequency,pdr
11,-90.5
12,-90.8888888889
13,-90.0
14,-91.0
19,-91.0
20,-91.0
21,-89.8
22,-87.4444444444
23,-87.1111111111
24,-87.0
25,-86.2
26,-86.1
