frequency,pdr
11,-87.8888888889
12,-89.6666666667
13,-91.0
14,-90.0
15,-91.0
16,-91.0
17,-91.0
18,-91.0
19,-91.0
20,-91.0
21,-91.0
23,-90.8888888889
24,-91.0
25,-91.0
