frequency,pdr
11,-89.2222222222
12,-90.6666666667
13,-91.0
18,-91.0
19,-91.0
20,-87.5
21,-88.3
22,-87.9
23,-86.6
24,-86.5
25,-86.3
26,-88.9
