frequency,pdr
11,-83.0
12,-85.0
13,-83.1
14,-84.5714285714
15,-86.0
16,-84.0
17,-84.1
18,-84.2
19,-84.6
20,-85.0
21,-87.0
22,-87.1111111111
23,-86.9
24,-85.0
25,-87.1
26,-91.0
