frequency,pdr
11,-67.0
12,-67.0
13,-68.1
14,-70.0
15,-76.0
16,-82.6
17,-91.0
18,-82.9090909091
19,-82.0
20,-86.4
21,-89.0
22,-86.7777777778
23,-83.9
24,-79.0
25,-74.0
26,-75.0
