frequency,pdr
11,-88.2222222222
12,-86.3333333333
13,-85.0
14,-86.75
15,-90.5
16,-91.0
18,-91.0
19,-91.0
21,-91.0
23,-91.0
24,-91.0
25,-89.3
26,-88.6
