frequency,pdr
11,-57.4444444444
12,-61.1428571429
13,-66.5555555556
14,-58.1
15,-58.0
16,-58.0
17,-60.0
18,-64.0
19,-58.0
20,-59.2
21,-61.0
22,-58.0
23,-55.0
24,-55.7
25,-58.0
26,-59.1
