frequency,pdr
11,-69.1111111111
12,-70.0
13,-70.0
14,-64.2222222222
15,-60.1
16,-58.0
17,-58.0
18,-59.1
19,-58.625
20,-58.0
21,-62.3
22,-66.3
23,-64.0
24,-62.1
25,-61.0
26,-58.0
