frequency,pdr
11,-60.1428571429
12,-58.0
13,-57.5555555556
14,-61.5555555556
15,-55.0
16,-52.0
17,-52.0
18,-52.0
19,-52.0
20,-53.0
21,-54.1
22,-53.0
23,-52.9
24,-52.0
25,-55.0
26,-59.0
