frequency,pdr
11,-72.375
12,-77.375
13,-77.5
14,-67.0
15,-64.0
16,-62.4444444444
17,-64.0
18,-65.5
19,-68.8333333333
20,-73.0
21,-70.0
22,-67.0
23,-67.0
24,-68.0
25,-74.6363636364
26,-77.6
