frequency,pdr
11,-72.0
12,-72.5714285714
13,-78.1428571429
14,-73.0
15,-79.0
16,-67.0
17,-61.75
18,-64.0
19,-65.5
20,-64.0
21,-62.6
22,-63.9
23,-67.0
24,-67.0
25,-69.0
26,-73.6
