frequency,pdr
11,-58.0
12,-61.0
13,-65.7777777778
14,-63.3333333333
15,-60.1
16,-58.3333333333
17,-55.2857142857
18,-55.6
19,-55.1666666667
20,-55.0
21,-57.6
22,-58.0
23,-61.0
24,-64.0
25,-64.0
26,-74.9
