frequency,pdr
11,-47.125
12,-49.0
13,-49.3333333333
14,-49.1111111111
15,-49.6
16,-55.0
17,-61.0
18,-67.0
19,-62.2
20,-55.0
21,-55.5
22,-63.3
23,-64.0
24,-55.2
25,-52.3
26,-54.1
