frequency,pdr
11,-68.8571428571
12,-67.0
13,-64.25
14,-61.0
15,-70.1
16,-67.0
17,-70.0
18,-67.0
19,-69.7142857143
20,-66.5
21,-61.0
22,-64.0
23,-63.9
24,-60.0
25,-61.1
26,-70.9
