frequency,pdr
11,-67.0
12,-64.5714285714
13,-63.2222222222
14,-64.0
15,-55.0
16,-52.9
17,-53.3
18,-52.3
19,-51.5
20,-55.0
21,-55.0
22,-55.0
23,-52.3
24,-51.6
25,-50.8
26,-55.0
