frequency,pdr
11,-55.0
12,-55.0
13,-55.0
14,-60.2222222222
15,-61.0
16,-64.2222222222
17,-67.0
18,-64.0
19,-67.5
20,-68.9
21,-68.5
22,-66.4
23,-63.8
24,-61.0
25,-61.0
26,-68.0
