frequency,pdr
11,-58.0
12,-58.125
13,-58.0
14,-60.6666666667
15,-61.9
16,-65.6666666667
17,-60.75
18,-61.0
19,-60.75
20,-59.0
21,-55.0
22,-52.2
23,-52.0
24,-50.8
25,-49.0
26,-49.0
