frequency,pdr
11,-57.6
12,-61.5555555556
13,-69.5555555556
14,-70.2222222222
15,-67.0
16,-59.125
17,-57.25
18,-57.8
19,-64.0
20,-70.0
21,-67.0
22,-67.0
23,-71.1
24,-64.5
25,-60.6
26,-60.2
