frequency,pdr
11,-45.8
12,-44.8888888889
13,-46.9090909091
14,-48.3333333333
15,-46.0
16,-43.3
17,-43.0
18,-43.1
19,-46.0
20,-46.0
21,-46.0
22,-46.0
23,-43.6
24,-43.0
25,-43.0
26,-44.9
