frequency,pdr
11,-58.5714285714
12,-64.0
13,-66.6666666667
14,-64.0
15,-64.0
16,-58.0
17,-61.0
18,-58.0
19,-56.8333333333
20,-58.0
21,-60.6
22,-59.4
23,-58.1
24,-56.5
25,-58.0
26,-58.0
