frequency,pdr
11,-79.1
12,-79.5555555556
13,-79.4
14,-80.0
15,-83.0
16,-84.8888888889
17,-82.0
18,-79.0
19,-79.0
20,-79.0
21,-79.0
22,-82.1
23,-88.0
24,-91.0
25,-83.8
26,-79.0
