frequency,pdr
11,-80.2
12,-82.625
13,-80.7777777778
14,-80.8
15,-82.0
16,-82.8
17,-85.3333333333
18,-85.0
19,-84.9
20,-88.1
21,-85.2
22,-83.6
23,-84.4
24,-83.9
25,-88.9
26,-90.6
