frequency,pdr
11,-90.5
14,-91.0
15,-88.0
16,-85.2857142857
17,-84.125
18,-85.0
19,-91.0
20,-90.6666666667
21,-86.6
23,-90.2
24,-91.0
25,-90.0
26,-85.9
