frequency,pdr
11,-84.6
12,-85.6666666667
13,-88.0
14,-90.0
15,-91.0
16,-89.8571428571
17,-88.0
18,-86.75
19,-90.8
20,-89.7
21,-90.3
24,-91.0
25,-91.0
26,-91.0
