frequency,pdr
11,-86.7777777778
12,-87.3333333333
13,-84.875
14,-84.5
15,-88.0
16,-91.0
17,-90.125
18,-86.2222222222
19,-89.0
20,-88.6
21,-87.9
23,-87.0
24,-85.2
25,-85.9
26,-89.0
