frequency,pdr
11,-82.1428571429
12,-81.875
13,-85.6666666667
14,-87.8888888889
15,-85.4
16,-88.0
17,-86.0
18,-84.2
19,-81.1
20,-80.0
21,-81.6
22,-83.75
23,-87.75
24,-87.6
25,-91.0
