frequency,pdr
11,-79.0
12,-79.3333333333
13,-80.1111111111
14,-76.8888888889
15,-78.6
16,-82.4
17,-89.7
18,-78.2
19,-76.0
20,-76.0
21,-78.4
22,-79.6666666667
23,-79.1
24,-79.0
25,-79.0
26,-82.2
