frequency,pdr
11,-85.0
12,-86.1111111111
13,-86.5555555556
14,-89.0
15,-91.0
16,-88.6
17,-84.3
18,-82.0
19,-80.2
20,-81.9
21,-83.6
22,-86.6
23,-91.0
24,-84.3
25,-85.8
26,-87.5
