frequency,pdr
11,-73.8888888889
12,-58.0
13,-65.4444444444
14,-55.6
15,-55.5555555556
16,-62.0
17,-60.1
18,-65.8
19,-58.1
20,-53.0
21,-49.0
22,-67.1
23,-60.5
24,-64.4
25,-64.0
26,-63.9
