frequency,pdr
11,-55.0
12,-56.2
13,-70.8888888889
14,-58.0
15,-54.7777777778
16,-62.6
17,-66.2
18,-58.0
19,-58.0
20,-58.0
21,-64.8
22,-55.0
23,-59.8
24,-68.7
25,-67.5
26,-59.8
