frequency,pdr
11,-59.8
12,-62.7
13,-67.2222222222
14,-64.7
15,-62.0
16,-59.5
17,-67.0
18,-66.7
19,-66.2
20,-69.0
21,-60.9
22,-60.5454545455
23,-58.2
24,-67.0
25,-62.3
26,-68.0909090909
