frequency,pdr
11,-60.0
12,-67.9
13,-55.2222222222
14,-60.0
15,-65.2222222222
16,-57.1
17,-64.0
18,-63.8
19,-60.1
20,-60.2
21,-65.9
22,-64.1
23,-70.7
24,-70.4
25,-62.5
26,-63.3
