frequency,pdr
11,-82.2857142857
12,-56.7777777778
13,-63.2222222222
14,-52.1
15,-60.3333333333
16,-59.7
17,-60.4
18,-58.0
19,-58.0
20,-62.5
21,-55.0
22,-55.0
23,-52.0
24,-66.4
25,-62.4
26,-52.8
