frequency,pdr
11,-63.2
12,-58.1111111111
13,-59.8888888889
14,-57.9
15,-68.3333333333
16,-59.7
17,-62.4
18,-58.6
19,-58.9
20,-66.6
21,-60.9
22,-60.0
23,-61.6
24,-55.2
25,-62.4
26,-58.0
