frequency,pdr
11,-72.2
12,-66.8888888889
13,-59.8888888889
14,-61.0
15,-70.0
16,-66.4
17,-61.0
18,-60.5
19,-62.3
20,-65.2
21,-67.2
22,-61.1
23,-61.0
24,-70.8
25,-71.0
26,-68.3
