frequency,pdr
11,-58.0
12,-53.2
13,-54.4444444444
14,-67.0
15,-58.0
16,-55.7
17,-66.6
18,-55.1
19,-60.9
20,-59.5
21,-71.0
22,-63.9
23,-55.0
24,-55.9
25,-56.8181818182
26,-54.9
