frequency,pdr
11,-59.6
12,-70.7777777778
13,-55.1111111111
14,-66.0
15,-66.5555555556
16,-67.0
17,-55.0
18,-62.3
19,-71.8
20,-61.0
21,-69.4
22,-64.0
23,-61.0
24,-59.6
25,-55.0
26,-62.7
