frequency,pdr
11,-66.2
12,-60.0
13,-68.1111111111
14,-54.8
15,-60.5555555556
16,-62.8
17,-70.9
18,-53.5
19,-47.9
20,-47.9
21,-49.0
22,-58.0
23,-63.1
24,-49.9
25,-59.1
26,-55.3
