frequency,pdr
11,-55.0
12,-56.3333333333
13,-59.3333333333
14,-59.7
15,-55.0
16,-55.0
17,-59.8
18,-55.0
19,-57.8
20,-64.0
21,-57.6
22,-62.0
23,-64.0
24,-58.4
25,-55.0
26,-55.0
