frequency,pdr
11,-55.1
12,-56.4444444444
13,-53.9
14,-49.0
15,-51.8888888889
16,-55.0
17,-52.1
18,-63.7272727273
19,-66.1
20,-59.4
21,-55.0
22,-48.0
23,-53.5
24,-71.4
25,-64.4
26,-58.0
