frequency,pdr
11,-54.9
12,-54.6666666667
13,-64.7777777778
14,-49.0
15,-55.0
16,-55.0
17,-54.8
18,-58.1
19,-55.3
20,-64.8
21,-58.0
22,-60.9
23,-61.2
24,-55.3
25,-51.0
26,-50.5
