frequency,pdr
11,-62.8
12,-72.8888888889
13,-59.6666666667
14,-58.0
15,-62.6
16,-69.2727272727
17,-71.0
18,-58.0
19,-54.8
20,-63.1
21,-52.3
22,-54.8
23,-58.7
24,-66.6
25,-58.0
26,-61.0
