frequency,pdr
11,-57.1
12,-71.1111111111
13,-51.9
14,-55.0
15,-67.6666666667
16,-62.4
17,-51.0
18,-49.0
19,-50.0
20,-70.5
21,-55.0
22,-56.5
23,-52.3
24,-52.5
25,-47.4
26,-46.0
