frequency,pdr
11,-72.4444444444
12,-58.7777777778
13,-58.5
14,-52.0
15,-60.7777777778
16,-52.0
17,-51.1
18,-55.0
19,-58.0
20,-57.2
21,-55.0
22,-61.0
23,-66.1
24,-56.2
25,-65.0
26,-79.7
