frequency,pdr
11,-53.2
12,-55.8
13,-66.8888888889
14,-56.3
15,-59.6666666667
16,-69.3
17,-64.3
18,-58.2
19,-56.7
20,-56.9
21,-61.0
22,-54.2
23,-67.0
24,-62.5
25,-68.7
26,-72.5
