frequency,pdr
11,-61.4
12,-53.7777777778
13,-54.0
14,-56.4
15,-54.6666666667
16,-65.9
17,-53.8
18,-61.9
19,-56.5
20,-56.1
21,-52.0
22,-52.7
23,-62.7
24,-75.5
25,-61.0
26,-63.4
