frequency,pdr
11,-61.0
12,-63.1111111111
13,-60.3333333333
14,-53.0
15,-59.6
16,-58.9
17,-55.0
18,-58.0
19,-55.1
20,-55.3
21,-58.0
22,-55.6
23,-66.0
24,-62.1
25,-58.5
26,-62.9
