frequency,pdr
11,-58.4
12,-56.5555555556
13,-68.3
14,-70.2
15,-62.6666666667
16,-60.1
17,-63.7
18,-55.9
19,-64.0
20,-66.7
21,-58.0
22,-66.3
23,-61.5
24,-55.7
25,-55.0
26,-68.4
