frequency,pdr
11,-58.0
12,-58.0
13,-63.8888888889
14,-62.0
15,-62.7777777778
16,-60.5
17,-55.1
18,-61.0
19,-55.0
20,-55.0
21,-59.0
22,-69.6
23,-55.0
24,-55.0
25,-55.0
26,-65.8
