frequency,pdr
11,-65.4444444444
12,-56.1111111111
13,-58.0
14,-69.5555555556
15,-67.0
16,-56.1
17,-62.2
18,-61.1
19,-52.0
20,-52.0
21,-54.4
22,-52.0
23,-49.6
24,-54.0
25,-59.0
26,-59.9
