frequency,pdr
11,-64.0
12,-64.4444444444
13,-66.7
14,-55.9
15,-72.6666666667
16,-55.0
17,-58.0
18,-69.7
19,-67.2
20,-63.2
21,-58.1
22,-60.9
23,-61.0
24,-58.0
25,-58.0
26,-55.0
