frequency,pdr
11,-59.4
12,-61.9
13,-63.8888888889
14,-60.7
15,-61.0
16,-58.0
17,-55.0
18,-54.6
19,-58.1
20,-56.5
21,-66.3
22,-74.7142857143
23,-62.8
24,-58.0
25,-66.0
26,-61.7
