frequency,pdr
11,-52.1
12,-55.4444444444
13,-58.3333333333
14,-67.5
15,-59.8888888889
16,-56.1
17,-55.0
18,-69.3
19,-53.8
20,-55.0
21,-65.4
22,-67.0
23,-61.0
24,-58.0
25,-52.2
26,-54.4
