frequency,pdr
11,-67.7777777778
12,-58.0
13,-65.6
14,-72.2222222222
15,-65.3333333333
16,-52.0
17,-51.0
18,-54.8
19,-52.0
20,-67.0
21,-59.3
22,-58.0
23,-62.1
24,-67.0
25,-67.0
26,-62.0
