frequency,pdr
11,-55.0
12,-68.1111111111
13,-68.8888888889
14,-57.1
15,-61.1111111111
16,-51.6
17,-51.9
18,-52.0
19,-55.0
20,-58.0
21,-67.4
22,-50.0
23,-56.1
24,-52.0
25,-55.0
26,-55.0
