frequency,pdr
11,-55.3
12,-57.1111111111
13,-65.8888888889
14,-64.6
15,-53.1111111111
16,-55.0
17,-52.0
18,-59.2
19,-52.8
20,-55.0
21,-50.5
22,-50.3
23,-63.3
24,-55.0
25,-55.6
26,-56.0909090909
