frequency,pdr
11,-72.1
12,-58.1111111111
13,-58.0
14,-55.0
15,-64.6666666667
16,-62.1
17,-59.5
18,-56.7
19,-55.0
20,-54.0
21,-55.0
22,-67.0
23,-65.1
24,-61.0
25,-58.0
26,-58.0
