frequency,pdr
11,-55.3
12,-66.5555555556
13,-55.4444444444
14,-53.1
15,-59.1111111111
16,-54.0
17,-52.0
18,-55.0
19,-57.8
20,-66.9
21,-67.0
22,-72.8
23,-64.9
24,-68.8
25,-60.5
26,-58.6
