frequency,pdr
11,-70.7
12,-57.2222222222
13,-56.5555555556
14,-69.7
15,-64.0
16,-64.2
17,-58.0
18,-55.0
19,-64.1
20,-67.0
21,-66.9
22,-53.9
23,-58.4
24,-61.1
25,-55.0
26,-55.0
