frequency,pdr
11,-48.6
12,-54.0
13,-56.2222222222
14,-49.0
15,-43.5555555556
16,-46.0
17,-46.0
18,-46.0
19,-44.3
20,-46.0
21,-55.2
22,-55.8
23,-52.3
24,-50.8
25,-46.1
26,-45.8
