frequency,pdr
11,-55.0
12,-64.5555555556
13,-53.9
14,-52.5
15,-55.1111111111
16,-58.0
17,-61.0
18,-58.0
19,-73.5
20,-63.4
21,-60.9
22,-69.8
23,-71.6
24,-72.7
25,-58.5
26,-69.9
