frequency,pdr
11,-53.6
12,-55.1
13,-54.0
14,-47.4
15,-58.3636363636
16,-53.6
17,-49.6
18,-51.7
19,-49.5
20,-67.9090909091
21,-63.2
22,-60.9
23,-63.7
24,-61.9
25,-56.7
26,-67.0
