frequency,pdr
11,-55.0
12,-59.8888888889
13,-58.1111111111
14,-55.0
15,-70.0
16,-64.0
17,-59.8
18,-61.0
19,-64.4
20,-69.0
21,-63.9
22,-63.5
23,-63.2
24,-58.0
25,-55.0
26,-55.0
