frequency,pdr
11,-55.0
12,-64.5555555556
13,-58.0
14,-55.0
15,-54.4444444444
16,-55.0
17,-56.5
18,-55.0
19,-61.9
20,-58.3
21,-55.0
22,-52.0
23,-61.3
24,-52.0
25,-58.8
26,-54.0
