frequency,pdr
11,-61.0
12,-60.8888888889
13,-58.0
14,-59.0
15,-68.6666666667
16,-70.0
17,-64.0
18,-58.0
19,-67.0
20,-61.0
21,-64.0
22,-70.0
23,-61.0
24,-58.0
25,-55.0
26,-61.0
