frequency,pdr
11,-58.4
12,-63.8888888889
13,-64.0
14,-64.0
15,-64.0
16,-71.3
17,-58.0
18,-55.3
19,-55.0
20,-61.5
21,-55.0
22,-60.5
23,-61.0
24,-57.3
25,-61.7272727273
26,-59.0
