frequency,pdr
11,-55.6
12,-58.6666666667
13,-66.3333333333
14,-58.0
15,-61.6
16,-63.9
17,-55.0
18,-52.5
19,-55.8
20,-67.9
21,-53.5
22,-55.0
23,-73.9
24,-55.4
25,-52.3
26,-52.0
