frequency,pdr
11,-55.0
12,-56.1
13,-73.8888888889
14,-69.7
15,-65.4444444444
16,-63.6
17,-64.6
18,-65.3
19,-67.0
20,-55.0
21,-56.6
22,-67.9
23,-64.1
24,-62.0
25,-55.0
26,-60.0
