frequency,pdr
11,-58.5
12,-56.8888888889
13,-58.9
14,-57.7
15,-67.0
16,-52.0
17,-52.0
18,-56.3
19,-53.0
20,-64.0
21,-67.0
22,-64.5
23,-65.5454545455
24,-63.7
25,-67.5
26,-63.9
