frequency,pdr
11,-61.5555555556
12,-57.0
13,-53.8
14,-62.8
15,-61.4444444444
16,-52.2
17,-54.9
18,-60.5
19,-58.0
20,-55.9
21,-52.0
22,-55.0
23,-64.7
24,-58.9
25,-63.3
26,-65.7
