frequency,pdr
11,-56.8
12,-55.2
13,-63.3333333333
14,-58.0
15,-56.8888888889
16,-55.1
17,-58.0
18,-63.7
19,-65.4
20,-61.0
21,-67.0
22,-58.4
23,-66.5
24,-62.8
25,-64.0
26,-59.0
