frequency,pdr
11,-83.625
12,-87.1111111111
13,-88.0
14,-84.75
15,-82.9
16,-84.1
17,-85.8
18,-89.0
19,-90.0
20,-88.5
21,-87.8
22,-85.6666666667
23,-86.0
24,-88.7
25,-90.0
26,-91.0
