frequency,pdr
11,-79.7
12,-81.4444444444
13,-86.0
14,-91.0
15,-91.0
16,-89.1818181818
17,-84.1
18,-82.0
19,-82.5
20,-83.9
21,-84.2
22,-84.3
23,-86.0
24,-84.9
25,-85.1
26,-88.4
