frequency,pdr
11,-90.3333333333
12,-89.6666666667
13,-89.2222222222
14,-86.0
15,-87.9
16,-90.5555555556
17,-87.1428571429
18,-88.125
19,-90.4444444444
20,-90.0
21,-91.0
