frequency,pdr
11,-85.8
12,-83.0
13,-83.1111111111
14,-85.0
15,-90.0909090909
16,-91.0
17,-90.2857142857
18,-86.0
19,-83.0
20,-82.0
21,-81.6
22,-80.2
23,-79.5
24,-79.1
25,-81.0
26,-79.1
