frequency,pdr
11,-84.4285714286
12,-91.0
13,-89.0
14,-82.7142857143
15,-82.0
16,-82.0
17,-81.8
18,-81.9
19,-81.0
20,-81.3
21,-82.0
22,-81.4
23,-81.8
24,-82.0
25,-82.1
26,-83.3
