frequency,pdr
11,-90.8571428571
12,-89.5454545455
13,-90.0
14,-91.0
15,-90.8
16,-90.0
17,-90.9
18,-91.0
19,-91.0
20,-91.0
21,-91.0
