frequency,pdr
11,-84.0
12,-86.0
13,-86.2222222222
14,-85.1428571429
15,-85.5
16,-86.5
17,-86.2
18,-86.0
19,-87.9
20,-87.0
21,-85.1
22,-86.0
23,-90.0
24,-91.0
26,-91.0
