frequency,pdr
11,-87.8333333333
12,-89.0
13,-91.0
14,-91.0
16,-91.0
17,-91.0
18,-91.0
19,-91.0
20,-89.0
21,-88.8
22,-89.6666666667
23,-91.0
