frequency,pdr
11,-68.2222222222
12,-68.6
13,-58.3
14,-69.1
15,-62.3
16,-63.1
17,-63.3
18,-61.5
19,-66.3
20,-64.6
21,-66.9
22,-61.0
23,-70.9
24,-71.0
25,-67.0
26,-78.8888888889
