frequency,pdr
11,-64.5
12,-61.7777777778
13,-60.9
14,-67.9
15,-64.7
16,-67.8888888889
17,-56.3
18,-69.6
19,-64.2
20,-65.9
21,-69.3
22,-81.6666666667
23,-67.8
24,-82.9
25,-65.5
26,-71.2
