frequency,pdr
11,-62.2
12,-57.3333333333
13,-61.5
14,-68.2
15,-54.8
16,-64.6
17,-57.7
18,-55.0
19,-66.5454545455
20,-63.0
21,-60.1
22,-61.9
23,-56.7
24,-62.5
25,-61.0
26,-58.0
