frequency,pdr
11,-75.0
12,-68.4444444444
13,-60.7
14,-67.6
15,-68.8
16,-70.4
17,-70.0
18,-73.9
19,-64.3
20,-62.8
21,-58.9
22,-61.9
23,-69.5
24,-63.4
25,-63.4
26,-79.3333333333
