frequency,pdr
11,-66.8888888889
12,-61.0
13,-57.7777777778
14,-61.0
15,-72.7
16,-63.9
17,-61.9
18,-58.1
19,-65.0
20,-70.3
21,-63.5
22,-58.7
23,-64.0
24,-64.0
25,-62.1
26,-58.0
