frequency,pdr
11,-54.3
12,-58.8888888889
13,-49.0
14,-54.6
15,-56.8
16,-57.8
17,-50.3
18,-52.8
19,-62.5
20,-55.0
21,-58.0
22,-59.1
23,-63.5
24,-54.8
25,-60.3
26,-53.4545454545
