frequency,pdr
11,-64.4444444444
12,-75.6666666667
13,-58.0
14,-62.4
15,-60.0
16,-55.0
17,-58.0
18,-60.8
19,-64.1
20,-71.3
21,-69.0
22,-71.4
23,-64.2
24,-66.2
25,-65.0
26,-65.0
