frequency,pdr
11,-61.5
12,-58.1111111111
13,-55.0
14,-55.0
15,-63.7
16,-63.7777777778
17,-73.6
18,-62.0
19,-69.0
20,-65.4
21,-58.0
22,-64.4
23,-60.9
24,-67.0
25,-73.7
26,-63.7272727273
