frequency,pdr
11,-62.8
12,-68.4444444444
13,-67.625
14,-61.0
15,-82.4
16,-63.9
17,-65.2
18,-77.5555555556
19,-65.4
20,-67.0
21,-71.7
22,-66.4
23,-70.0
24,-67.0
25,-62.7
26,-73.5
