frequency,pdr
11,-67.5
12,-60.2222222222
13,-56.5555555556
14,-68.1
15,-67.9
16,-60.9
17,-55.0
18,-57.6
19,-60.4
20,-74.2
21,-63.1
22,-69.5
23,-58.0
24,-58.0
25,-67.0
26,-70.0
