frequency,pdr
11,-56.9
12,-57.1111111111
13,-55.0
14,-62.6
15,-57.0
16,-81.6363636364
17,-64.0
18,-60.4
19,-64.4
20,-67.0
21,-69.6
22,-68.4
23,-72.0
24,-62.0
25,-61.0
26,-61.0
