frequency,pdr
11,-63.5
12,-59.3333333333
13,-61.5555555556
14,-61.0
15,-59.4
16,-55.1
17,-58.4
18,-69.9
19,-77.4
20,-67.7
21,-67.0
22,-64.4
23,-64.0
24,-65.3
25,-66.3
26,-66.8
