frequency,pdr
11,-55.0
12,-54.9
13,-49.2222222222
14,-52.0
15,-62.5
16,-62.2222222222
17,-55.0
18,-55.0
19,-55.0
20,-59.7
21,-69.9
22,-63.1
23,-55.0
24,-52.0
25,-54.1
26,-62.4
