frequency,pdr
11,-62.9
12,-56.4444444444
13,-62.2222222222
14,-49.5
15,-52.0
16,-55.0
17,-55.0
18,-57.4
19,-57.9
20,-55.0
21,-63.8
22,-65.1
23,-69.3
24,-63.6
25,-55.3
26,-55.0
