frequency,pdr
11,-52.0
12,-62.4
13,-48.7777777778
14,-44.0
15,-46.7
16,-56.5555555556
17,-54.7
18,-55.8
19,-55.3
20,-50.6
21,-48.7
22,-46.0
23,-46.4
24,-45.6
25,-53.2
26,-51.7
