frequency,pdr
11,-68.7777777778
12,-63.8888888889
13,-73.1111111111
14,-67.1
15,-68.2
16,-66.8
17,-74.5
18,-68.5
19,-60.4
20,-64.0
21,-58.6
22,-67.0
23,-64.0
24,-58.6
25,-65.5
26,-72.5555555556
