frequency,pdr
11,-60.7
12,-69.6666666667
13,-67.0
14,-65.2
15,-65.0
16,-73.3333333333
17,-72.2
18,-70.6
19,-65.3
20,-64.6
21,-61.1
22,-61.0
23,-61.0
24,-60.2
25,-56.4
26,-64.0
