frequency,pdr
11,-70.3333333333
12,-64.0
13,-64.8888888889
14,-66.6
15,-63.7
16,-61.8
17,-70.4
18,-59.7
19,-59.0
20,-60.0
21,-70.1
22,-64.2
23,-65.4
24,-70.3
25,-59.5
26,-61.4
