frequency,pdr
11,-67.6
12,-62.8888888889
13,-66.2222222222
14,-61.0
15,-65.2
16,-71.3
17,-58.0
18,-58.0
19,-71.8
20,-66.8
21,-61.0
22,-58.0
23,-64.0
24,-64.1
25,-66.5
26,-64.2
