frequency,pdr
11,-62.4
12,-67.7777777778
13,-58.4444444444
14,-61.2
15,-64.0
16,-59.4
17,-64.9
18,-57.1
19,-57.4
20,-70.7
21,-66.9
22,-61.5
23,-73.1
24,-62.0
25,-64.8
26,-58.5
