frequency,pdr
11,-52.6
12,-49.1
13,-54.8888888889
14,-49.2
15,-46.0
16,-53.4
17,-52.0
18,-49.7
19,-46.0
20,-47.5
21,-61.0
22,-46.0
23,-46.1
24,-50.3
25,-47.2
26,-48.8181818182
