frequency,pdr
11,-59.6
12,-55.3
13,-64.7777777778
14,-63.9
15,-63.0
16,-58.3
17,-58.0
18,-69.1818181818
19,-72.3
20,-61.7
21,-64.0
22,-78.0
23,-72.2
24,-78.6
25,-61.9
26,-69.1
