frequency,pdr
11,-61.0
12,-66.1111111111
13,-80.25
14,-66.5
15,-67.0
16,-60.9
17,-63.9
18,-61.2
19,-66.4545454545
20,-67.0
21,-58.2
22,-57.7
23,-64.2
24,-65.0
25,-69.1
26,-66.7
