frequency,pdr
11,-58.2
12,-59.4444444444
13,-59.8888888889
14,-59.6
15,-65.0
16,-65.5
17,-60.3
18,-56.1
19,-61.0
20,-69.3
21,-62.0
22,-58.0
23,-60.9
24,-55.0
25,-55.0
26,-55.0
