frequency,pdr
11,-57.4
12,-57.7777777778
13,-59.125
14,-59.1
15,-78.4
16,-65.2222222222
17,-61.4
18,-66.2
19,-61.0
20,-62.6
21,-69.0
22,-65.0
23,-67.9
24,-58.0
25,-61.6363636364
26,-58.8
