frequency,pdr
11,-70.5
12,-59.8888888889
13,-64.3333333333
14,-60.5
15,-58.0
16,-55.0
17,-58.0
18,-77.1
19,-61.9
20,-65.7
21,-67.4
22,-69.6
23,-62.3
24,-61.0
25,-62.2
26,-55.0
