frequency,pdr
11,-61.0
12,-57.4444444444
13,-58.2222222222
14,-61.5
15,-62.5
16,-58.4
17,-63.3
18,-64.1
19,-58.0
20,-58.0
21,-62.2
22,-61.0
23,-74.1
24,-64.5
25,-70.0
26,-64.4
