frequency,pdr
11,-70.4444444444
12,-60.6
13,-76.8
14,-66.9
15,-61.0
16,-67.6666666667
17,-64.2
18,-68.3
19,-60.5
20,-61.1
21,-59.9
22,-68.6
23,-57.9
24,-60.9
25,-61.0
26,-59.0
