frequency,pdr
11,-60.0
12,-64.7777777778
13,-64.2222222222
14,-72.9
15,-67.7
16,-64.8
17,-60.9
18,-55.0
19,-58.0
20,-55.0
21,-61.0
22,-70.5555555556
23,-58.0
24,-60.7
25,-69.7
26,-53.8
