frequency,pdr
11,-64.8888888889
12,-64.0
13,-66.7777777778
14,-68.1
15,-56.3
16,-56.8
17,-64.0
18,-61.0
19,-55.0
20,-62.1
21,-67.0
22,-64.0
23,-60.8
24,-61.9
25,-62.3
26,-70.0
