frequency,pdr
11,-68.5
12,-61.7777777778
13,-63.8888888889
14,-61.2
15,-65.4
16,-61.1
17,-66.9
18,-61.0
19,-67.6
20,-58.1
21,-67.0
22,-75.3
23,-71.1
24,-64.0
25,-79.3
26,-67.0
