frequency,pdr
11,-54.2
12,-59.1
13,-47.4545454545
14,-44.5
15,-45.9
16,-49.0
17,-55.5
18,-61.2
19,-55.0
20,-55.0
21,-55.3
22,-45.9
23,-46.0
24,-53.6
25,-56.0909090909
26,-62.0
