frequency,pdr
11,-55.9
12,-62.7777777778
13,-54.7777777778
14,-66.9
15,-65.3
16,-66.2
17,-61.0
18,-67.0
19,-67.0
20,-67.0
21,-68.4
22,-67.7
23,-61.0
24,-72.9
25,-64.0
26,-67.0
