frequency,pdr
11,-71.6
12,-58.4
13,-58.0
14,-52.9
15,-59.4
16,-70.1
17,-64.6
18,-58.9
19,-67.3
20,-63.7
21,-60.7
22,-82.2222222222
23,-72.6666666667
24,-62.7
25,-72.9
26,-60.1
