frequency,pdr
11,-59.8
12,-67.2222222222
13,-55.1111111111
14,-55.0
15,-61.8
16,-61.9
17,-58.1
18,-58.7
19,-57.5
20,-63.6
21,-67.0
22,-63.8
23,-61.0
24,-63.3
25,-61.5
26,-66.7
