frequency,pdr
11,-60.0
12,-56.8888888889
13,-63.4
14,-60.9
15,-61.0
16,-69.2222222222
17,-63.7
18,-63.4
19,-63.9
20,-61.0
21,-66.4
22,-70.8
23,-68.6
24,-64.1
25,-66.8
26,-69.6
