frequency,pdr
11,-78.3333333333
12,-70.2222222222
13,-80.375
14,-70.4
15,-61.5
16,-77.2222222222
17,-64.4
18,-65.0
19,-61.9
20,-61.0
21,-65.3
22,-62.7
23,-61.0
24,-61.0
25,-62.3
26,-70.3
