frequency,pdr
11,-66.2
12,-67.5555555556
13,-68.6666666667
14,-62.0
15,-64.0
16,-61.8
17,-64.3
18,-62.0
19,-64.0
20,-65.8
21,-64.0
22,-61.0
23,-68.4
24,-58.1
25,-62.0
26,-60.3
