frequency,pdr
11,-63.3333333333
12,-66.5555555556
13,-57.7777777778
14,-52.1
15,-52.0
16,-52.0
17,-52.0
18,-52.0
19,-58.0
20,-55.2
21,-61.0
22,-67.1
23,-59.9
24,-58.7
25,-55.0
26,-63.8
