frequency,pdr
11,-66.8
12,-69.1111111111
13,-60.8888888889
14,-72.0
15,-58.0
16,-61.5
17,-70.4
18,-58.0
19,-61.0
20,-58.0
21,-61.5
22,-58.0
23,-67.9
24,-63.1
25,-70.9
26,-76.3333333333
