frequency,pdr
11,-60.8
12,-67.0
13,-62.8888888889
14,-68.9
15,-81.9
16,-69.5555555556
17,-65.7
18,-58.0
19,-62.6
20,-59.0
21,-60.4
22,-64.5
23,-67.9
24,-63.0
25,-55.0
26,-70.6
