frequency,pdr
11,-68.0
12,-60.3
13,-62.7777777778
14,-66.3636363636
15,-58.4
16,-60.3
17,-78.9
18,-55.0
19,-63.6
20,-69.7
21,-66.5
22,-77.2222222222
23,-61.4
24,-64.7
25,-65.8
26,-61.2
