frequency,pdr
11,-57.3
12,-81.1818181818
13,-76.2857142857
14,-70.9
15,-67.0
16,-67.0
17,-72.1
18,-63.6
19,-66.3
20,-63.9
21,-59.8
22,-64.7
23,-64.0
24,-61.2
25,-56.1
26,-59.0
