frequency,pdr
11,-41.5
12,-37.0
13,-40.0
14,-38.0
15,-37.0
16,-44.4
17,-43.0
18,-44.6
19,-40.1
20,-43.3636363636
21,-42.7
22,-39.8
23,-44.1
24,-45.1818181818
25,-36.1
26,-36.8
