frequency,pdr
11,-69.7
12,-61.1
13,-61.7777777778
14,-72.4444444444
15,-64.7
16,-59.2
17,-60.1
18,-65.3
19,-69.2
20,-75.1
21,-58.0
22,-65.0
23,-64.1
24,-66.7
25,-61.1
26,-66.3
