frequency,pdr
11,-89.0
12,-90.2222222222
13,-90.0
14,-89.9
15,-89.6
16,-88.7777777778
17,-89.0
18,-88.5
19,-89.9
20,-90.375
21,-90.2
23,-89.875
24,-90.8
25,-91.0
26,-91.0
