frequency,pdr
11,-90.3333333333
12,-91.0
13,-90.9
14,-91.0
15,-91.0
16,-90.9
17,-91.0
18,-91.0
19,-91.0
20,-91.0
21,-91.0
23,-90.8888888889
24,-91.0
25,-91.0
26,-91.0
