frequency,pdr
11,-85.2222222222
12,-84.875
13,-83.6666666667
14,-83.8571428571
15,-85.0
16,-85.9
17,-86.9
18,-89.0
19,-91.0
21,-91.0
23,-91.0
24,-91.0
25,-91.0
26,-91.0
