frequency,pdr
11,-77.6
12,-79.0
13,-80.1
14,-84.6
15,-89.7
16,-82.0
17,-81.1
18,-81.6666666667
19,-82.4
20,-83.9
21,-81.8888888889
22,-80.0
23,-79.3
24,-81.1
25,-84.2
26,-79.4
