frequency,pdr
11,-90.0
12,-90.3333333333
13,-91.0
15,-91.0
16,-90.9
17,-90.0
18,-89.2222222222
19,-90.7
20,-91.0
21,-91.0
23,-91.0
24,-91.0
25,-91.0
26,-91.0
