frequency,pdr
11,-90.4
12,-91.0
13,-91.0
14,-89.4444444444
15,-88.4
16,-87.2
17,-84.8571428571
18,-84.0
19,-85.8
20,-88.9
21,-89.1
22,-85.3
23,-82.9
24,-82.0
25,-80.3
26,-80.0
