frequency,pdr
11,-79.0
12,-81.0
13,-82.0
14,-83.0
15,-83.9
16,-84.3
17,-84.1428571429
18,-84.1428571429
19,-84.8
20,-85.1
21,-85.9
23,-85.5
24,-85.1
25,-85.2
26,-86.7
