frequency,pdr
11,-89.3333333333
12,-89.875
13,-90.1428571429
14,-90.1111111111
15,-90.0
16,-90.0
17,-90.0
18,-90.8333333333
19,-91.0
20,-91.0
21,-91.0
23,-91.0
24,-91.0
25,-91.0
26,-91.0
