frequency,pdr
11,-82.0
12,-81.0
13,-80.0
14,-80.1
15,-81.0
16,-82.0
17,-81.8571428571
18,-81.7142857143
19,-81.7
20,-81.8
21,-81.3
22,-80.625
23,-80.4
24,-79.9
25,-79.0
26,-79.0
