frequency,pdr
11,-67.0
12,-55.1
13,-58.2
14,-55.5
15,-67.4
16,-62.0
17,-60.6
18,-75.1428571429
19,-62.1
20,-62.3
21,-83.1111111111
22,-58.0
23,-57.7
24,-73.0
25,-67.3
26,-61.0
