frequency,pdr
11,-66.1
12,-74.5555555556
13,-61.0
14,-60.7
15,-64.2
16,-71.2
17,-67.8
18,-67.0
19,-61.0
20,-67.0
21,-66.5
22,-64.0
23,-58.0
24,-60.7777777778
25,-61.0
26,-71.2
