frequency,pdr
11,-58.0
12,-58.3
13,-54.4
14,-62.2
15,-58.7
16,-63.2
17,-64.0
18,-61.0
19,-71.0
20,-72.7
21,-61.0
22,-62.1
23,-62.3
24,-66.8888888889
25,-64.0
26,-87.8888888889
