frequency,pdr
11,-79.4
12,-62.3
13,-74.1
14,-60.0
15,-61.0
16,-73.1818181818
17,-58.0
18,-58.0
19,-59.0
20,-58.2727272727
21,-61.0
22,-55.0
23,-60.5
24,-62.0
25,-71.3
26,-64.4
