frequency,pdr
11,-66.6
12,-61.6
13,-68.7
14,-77.7142857143
15,-66.9
16,-62.8
17,-55.3
18,-72.4
19,-66.0
20,-60.0
21,-58.2
22,-63.1
23,-72.9
24,-66.5555555556
25,-59.0
26,-62.7
