frequency,pdr
11,-56.8
12,-68.9
13,-58.0
14,-58.7
15,-52.6
16,-49.0
17,-61.7272727273
18,-55.0
19,-61.0
20,-65.7
21,-67.0
22,-55.0
23,-55.0
24,-59.1111111111
25,-55.0
26,-55.0
