frequency,pdr
11,-82.0
12,-79.625
13,-79.0
14,-78.9
15,-80.1
16,-83.1
17,-81.4
18,-78.8
19,-78.2
20,-79.0
21,-82.0
22,-91.0
23,-82.1111111111
24,-82.3333333333
25,-85.7
26,-86.9
