frequency,pdr
13,-91.0
14,-91.0
15,-91.0
16,-91.0
17,-91.0
18,-90.8888888889
19,-91.0
21,-90.4285714286
22,-91.0
23,-91.0
24,-91.0
