frequency,pdr
14,-91.0
15,-91.0
16,-91.0
17,-91.0
18,-90.2222222222
19,-90.1111111111
21,-90.8
22,-89.0
23,-88.0
24,-91.0
25,-91.0
26,-91.0
