frequency,pdr
11,-88.0
12,-89.8
13,-91.0
14,-89.6
15,-88.0
16,-89.0
17,-87.75
18,-87.0
19,-89.6
20,-90.125
21,-89.0
22,-87.8888888889
23,-83.2857142857
24,-87.6666666667
25,-89.1
26,-89.5
