frequency,pdr
11,-83.5
12,-82.8888888889
13,-81.9
14,-82.0
15,-84.3
16,-86.0
17,-91.0
18,-91.0
19,-91.0
20,-85.8
21,-85.0
22,-84.0
23,-80.7142857143
24,-89.5714285714
25,-89.1
26,-90.1
