frequency,pdr
11,-79.9
12,-80.1
13,-80.0
14,-80.3
15,-81.9
16,-82.0
17,-83.0
18,-85.5454545455
19,-88.0
20,-89.7
21,-88.4
22,-86.6666666667
23,-88.125
24,-87.0
25,-86.1
26,-88.0
