frequency,pdr
11,-89.1
12,-90.1111111111
13,-90.0
14,-89.2727272727
15,-88.5
16,-88.5
17,-88.5
18,-88.9
19,-89.7
20,-90.1
21,-91.0
23,-91.0
24,-91.0
25,-91.0
