frequency,pdr
11,-88.3333333333
12,-87.3333333333
13,-87.2222222222
14,-88.8571428571
15,-91.0
17,-91.0
18,-90.5
19,-87.4
20,-84.0
21,-82.8
22,-82.375
23,-82.0
24,-83.7
25,-82.5
26,-84.9
