frequency,pdr
11,-88.7777777778
12,-91.0
14,-91.0
15,-91.0
16,-91.0
17,-88.2
18,-86.2
19,-86.0
20,-86.9
21,-87.3
22,-88.6666666667
23,-91.0
24,-91.0
