frequency,pdr
11,-87.375
12,-88.0
13,-90.6666666667
17,-91.0
18,-91.0
19,-91.0
20,-90.8888888889
21,-91.0
23,-91.0
24,-91.0
25,-91.0
26,-91.0
