frequency,pdr
11,-76.7272727273
12,-76.0
13,-77.2222222222
14,-81.9
15,-82.0
16,-82.0
17,-82.4
18,-82.0
19,-79.0
20,-78.9
21,-79.9
22,-76.5
23,-76.0
24,-74.6
25,-74.2
26,-75.9
