frequency,pdr
11,-86.0
12,-85.5555555556
13,-85.875
14,-85.0
15,-86.0
16,-88.0
17,-87.0
18,-86.9
19,-87.5
20,-86.1
21,-86.0
22,-85.2857142857
23,-86.5454545455
24,-89.0
25,-89.0
26,-87.1818181818
