frequency,pdr
11,-88.5714285714
12,-90.4444444444
13,-91.0
14,-91.0
15,-91.0
16,-91.0
19,-91.0
20,-90.9
21,-91.0
22,-91.0
23,-91.0
24,-90.0
25,-91.0
