frequency,pdr
11,-91.0
12,-91.0
13,-90.3333333333
14,-90.2222222222
15,-91.0
16,-91.0
17,-91.0
19,-91.0
20,-91.0
21,-91.0
22,-89.0
23,-89.1
24,-89.0
25,-91.0
26,-89.0
