frequency,pdr
11,-83.1428571429
12,-85.0
13,-90.875
14,-91.0
15,-91.0
16,-91.0
17,-91.0
18,-89.0
19,-89.0
20,-89.0
21,-88.4
22,-87.6
23,-88.4545454545
24,-82.0
25,-82.0
26,-82.0
