frequency,pdr
11,-76.6
12,-76.0
13,-77.9
14,-81.8
15,-86.7
16,-85.4444444444
17,-85.0
18,-85.9
19,-84.0
20,-84.3
21,-87.3
22,-87.4444444444
23,-87.0
24,-88.2
25,-91.0
26,-89.7
