frequency,pdr
11,-85.6
12,-85.0
13,-82.0
14,-84.0
15,-85.0
16,-88.1111111111
17,-88.0
18,-85.0
19,-84.9
20,-84.8
21,-85.0
22,-84.2222222222
23,-84.2
24,-83.0
25,-83.0
26,-86.0
