frequency,pdr
11,-84.4
12,-90.0
13,-90.0
14,-89.8
15,-91.0
16,-88.2222222222
17,-87.4444444444
18,-86.0
19,-86.0
20,-87.6
21,-88.9
22,-88.75
23,-90.3333333333
24,-91.0
25,-91.0
