frequency,pdr
11,-80.5
12,-83.0
13,-82.0
14,-82.3
15,-84.0
16,-83.0
17,-83.0
18,-85.0
19,-87.0
20,-89.0
21,-89.2222222222
22,-88.3
23,-88.8888888889
24,-88.1
25,-88.5
26,-89.0
