frequency,pdr
11,-69.0
12,-68.8
13,-70.0
14,-73.0
15,-77.0
16,-77.1111111111
17,-75.3333333333
18,-73.0
19,-73.2
20,-75.4
21,-77.1
22,-77.8888888889
23,-79.1
24,-79.0
25,-81.9
26,-82.0
