frequency,pdr
11,-76.0
12,-76.0
13,-75.9
14,-78.2
15,-79.0
16,-79.0
17,-80.1111111111
18,-82.0
19,-84.0
20,-87.0
21,-89.0
22,-88.7777777778
23,-91.0
25,-91.0
26,-91.0
