frequency,pdr
11,-82.3
12,-87.0
13,-85.5555555556
14,-89.9
15,-91.0
16,-91.0
17,-90.0
18,-84.0
19,-82.0
20,-82.9
21,-85.0
22,-86.7777777778
23,-86.0
24,-87.1
25,-88.0
26,-88.1
