frequency,pdr
11,-86.6
12,-84.0
13,-81.3
14,-81.6
15,-82.0
16,-83.6
17,-83.6
18,-82.0
19,-82.0
20,-81.9
21,-81.8888888889
22,-80.4444444444
23,-79.2222222222
24,-79.3
25,-80.2
26,-82.0
