frequency,pdr
11,-90.5
12,-89.3333333333
13,-89.5
14,-85.7
15,-82.0
16,-83.0
17,-88.0
18,-89.8
19,-86.9
20,-85.0
21,-85.0
22,-86.0
23,-88.1111111111
24,-90.875
25,-90.9
26,-87.0
