frequency,pdr
11,-87.0
12,-88.0
13,-91.0
14,-90.6
15,-87.0
16,-83.0
17,-81.9
18,-79.0
19,-79.0
20,-79.0
21,-81.6666666667
22,-82.8888888889
23,-84.0
24,-84.0
25,-85.0
26,-87.0
