frequency,pdr
11,-72.0
12,-76.0
13,-77.9
14,-82.0
15,-81.1
16,-79.0
17,-79.0
18,-79.6
19,-82.0
20,-84.6
21,-82.0
22,-79.0
23,-80.2222222222
24,-86.1111111111
25,-91.0
26,-91.0
