frequency,pdr
11,-84.1
12,-85.6666666667
13,-90.8888888889
14,-90.0
15,-90.9
16,-90.5
17,-90.0
18,-91.0
19,-89.6
20,-88.5
21,-90.0
23,-91.0
24,-91.0
25,-91.0
