frequency,pdr
11,-70.0
12,-70.0
13,-72.4
14,-76.1
15,-79.0
16,-79.0
17,-79.0
18,-79.0
19,-77.3
20,-76.1
21,-76.1111111111
22,-77.2222222222
23,-78.0
24,-78.8
25,-79.0
26,-78.3
