frequency,pdr
11,-88.6
12,-89.1428571429
13,-90.8888888889
14,-91.0
15,-91.0
16,-91.0
17,-91.0
18,-91.0
19,-91.0
21,-91.0
