frequency,pdr
11,-86.0
12,-85.0
13,-87.8571428571
14,-88.0
15,-91.0
16,-85.1428571429
17,-81.1111111111
18,-80.1428571429
19,-81.7
20,-85.0
21,-82.0
22,-81.3333333333
23,-83.125
24,-87.4
25,-90.7
26,-90.0
