frequency,pdr
11,-91.0
12,-91.0
13,-91.0
15,-91.0
16,-91.0
17,-91.0
18,-90.4
19,-90.7777777778
21,-88.5714285714
22,-90.8
23,-91.0
25,-91.0
26,-91.0
