frequency,pdr
11,-79.2222222222
12,-80.7777777778
13,-82.0
14,-80.5
15,-79.0
16,-77.2
17,-79.0
18,-81.1
19,-81.0
20,-79.0
21,-80.6
22,-83.2
23,-84.0
24,-83.1
25,-84.7
26,-82.0
