frequency,pdr
11,-82.875
12,-87.2222222222
13,-83.0
14,-81.5555555556
15,-81.1
16,-84.6
17,-85.0
18,-85.0
19,-85.0
20,-89.3
22,-88.5714285714
23,-90.0
24,-90.2222222222
25,-89.1
26,-85.1
