frequency,pdr
11,-88.125
12,-90.3333333333
13,-91.0
14,-88.1
15,-86.0
16,-87.3
17,-87.0
18,-85.3
19,-87.2
20,-91.0
21,-91.0
22,-88.4285714286
23,-89.5
24,-87.8
25,-87.5
26,-87.9
