frequency,pdr
11,-91.0
12,-90.1428571429
13,-84.75
14,-81.9
15,-82.0
16,-85.0
17,-90.0
18,-88.0
19,-86.9
20,-85.2
21,-83.625
22,-84.2222222222
23,-88.875
24,-89.5
25,-83.0
26,-80.9
