frequency,pdr
11,-91.0
12,-90.8333333333
13,-91.0
14,-91.0
15,-91.0
16,-90.8
17,-90.8888888889
18,-91.0
19,-91.0
21,-91.0
23,-91.0
24,-91.0
25,-91.0
26,-91.0
