frequency,pdr
11,-89.8888888889
12,-89.7777777778
13,-89.6666666667
14,-90.0
15,-91.0
16,-91.0
21,-91.0
23,-91.0
24,-91.0
25,-91.0
