frequency,pdr
11,-91.0
12,-91.0
13,-90.3333333333
14,-88.0
15,-87.1
16,-89.0
17,-90.9
18,-89.8
19,-85.7
20,-83.0
21,-81.0
22,-80.1
23,-79.8571428571
24,-79.3
25,-79.7
26,-79.0
