frequency,pdr
11,-89.4285714286
12,-89.1428571429
13,-91.0
14,-91.0
15,-91.0
16,-91.0
19,-91.0
