frequency,pdr
11,-90.3333333333
12,-87.875
13,-87.6666666667
14,-90.0
15,-91.0
16,-90.0
17,-91.0
18,-91.0
19,-91.0
20,-91.0
21,-91.0
23,-91.0
24,-91.0
25,-91.0
26,-91.0
