frequency,pdr
11,-88.8571428571
12,-90.4285714286
13,-91.0
14,-91.0
18,-91.0
19,-91.0
20,-87.5
21,-88.1
23,-86.6
24,-86.6
25,-86.5
26,-89.2
