frequency,pdr
11,-88.2857142857
12,-88.0
13,-86.2222222222
14,-84.0
15,-85.9
16,-90.2
17,-91.0
18,-88.1
19,-90.0
20,-91.0
21,-91.0
22,-89.7777777778
23,-91.0
25,-91.0
26,-91.0
