frequency,pdr
11,-87.2
12,-88.2222222222
13,-90.5
14,-90.5555555556
15,-89.3
16,-90.9
17,-90.1111111111
18,-90.0
19,-91.0
20,-88.8
21,-89.1
22,-90.1428571429
23,-91.0
24,-91.0
25,-91.0
26,-91.0
