frequency,pdr
11,-89.4
12,-87.8888888889
13,-87.7777777778
14,-88.2222222222
15,-90.0
16,-91.0
18,-90.5
19,-91.0
20,-91.0
21,-91.0
23,-91.0
