frequency,pdr
11,-81.1428571429
12,-67.25
13,-67.0
14,-69.7777777778
15,-67.0
16,-74.3333333333
17,-63.8888888889
18,-60.7777777778
19,-65.1111111111
20,-70.0
21,-73.7777777778
22,-73.0
23,-70.0
24,-67.0
25,-67.0
26,-70.0
