frequency,pdr
11,-58.1
12,-58.0
13,-60.7777777778
14,-55.1
15,-55.0
16,-55.0
17,-55.0
18,-55.0
19,-58.6666666667
20,-59.7777777778
21,-64.0
22,-59.0
23,-58.4
24,-60.1
25,-61.0
26,-64.0
