frequency,pdr
11,-77.1428571429
12,-64.2
13,-65.7777777778
14,-73.1666666667
15,-66.6
16,-65.0
17,-67.0
18,-74.75
19,-67.0
20,-70.0
21,-74.2
22,-80.2
23,-67.0
24,-64.0
25,-67.0
26,-67.0
