frequency,pdr
11,-79.0
12,-73.1666666667
13,-73.75
14,-69.8571428571
15,-70.0
16,-70.0
17,-69.8888888889
18,-71.0
19,-73.0
20,-73.0
21,-67.1
22,-67.0
23,-67.0
24,-70.0
25,-70.0
26,-73.1
