frequency,pdr
11,-75.8571428571
12,-76.0
13,-73.25
14,-67.5714285714
15,-67.0
16,-67.0
17,-69.7777777778
18,-75.7142857143
19,-79.6666666667
20,-82.0
21,-73.0
22,-70.0
23,-73.0
24,-79.0
25,-86.8
26,-73.2
