frequency,pdr
11,-73.0
12,-67.0
13,-65.375
14,-66.8571428571
15,-70.0
16,-72.7777777778
17,-74.0
18,-69.8571428571
19,-68.9
20,-69.0
21,-73.0
22,-80.6
23,-70.0
24,-67.0
25,-67.0
26,-70.0
