frequency,pdr
11,-64.8571428571
12,-64.0
13,-64.0
14,-64.7142857143
15,-67.0
16,-70.0
17,-70.0
18,-68.0
19,-70.0
20,-71.7
21,-77.4
22,-82.5
23,-71.4
24,-70.8
25,-74.1
26,-79.9
