frequency,pdr
11,-55.0
12,-55.8
13,-55.0
14,-58.8571428571
15,-64.7
16,-66.0
17,-69.3333333333
18,-69.4285714286
19,-60.1111111111
20,-56.6
21,-56.2
22,-61.0
23,-64.0
24,-64.0
25,-59.0
26,-58.6
