frequency,pdr
11,-80.5555555556
12,-77.75
13,-73.0
14,-70.2857142857
15,-86.625
16,-73.625
17,-73.0
18,-78.3333333333
19,-73.375
20,-70.0
21,-70.0
22,-71.8
23,-74.4
24,-78.9
25,-81.3
26,-78.7
