frequency,pdr
11,-66.0
12,-63.8333333333
13,-64.0
14,-69.7142857143
15,-87.4444444444
16,-67.0
17,-64.0
18,-66.5
19,-70.0
20,-67.0
21,-67.0
22,-64.0
23,-63.2
24,-64.0
25,-71.7
26,-81.2
