frequency,pdr
11,-69.6666666667
12,-64.0
13,-64.0
14,-63.0
15,-64.0
16,-74.5
17,-69.6666666667
18,-62.625
19,-64.7
20,-67.0
21,-66.0
22,-66.6
23,-65.9
24,-64.0
25,-64.0
26,-69.2
