frequency,pdr
11,-70.0
12,-74.0
13,-76.0
14,-72.7142857143
15,-73.0
16,-77.8888888889
17,-88.125
18,-80.5714285714
19,-83.25
20,-76.2
21,-73.3636363636
22,-70.0
23,-73.0
24,-72.8
25,-70.0
26,-70.0
