frequency,pdr
11,-67.0
12,-67.6666666667
13,-67.25
14,-67.0
15,-67.0
16,-67.0
17,-67.0
18,-67.8571428571
19,-77.5
20,-76.7
21,-74.7
22,-76.0
23,-74.0
24,-76.1
25,-72.9
26,-67.0
