frequency,pdr
11,-61.0
12,-58.0
13,-57.6666666667
14,-60.3333333333
15,-67.0
16,-65.0
17,-62.5
18,-67.8571428571
19,-66.875
20,-67.7
21,-70.0
22,-71.1
23,-61.0
24,-60.1
25,-67.0
26,-67.0
