frequency,pdr
11,-77.1428571429
12,-70.0
13,-63.625
14,-60.4444444444
15,-67.0
16,-68.0
17,-70.125
18,-73.1428571429
19,-74.7777777778
20,-73.0
21,-70.0
22,-67.0
23,-70.0
24,-68.0
25,-67.0
26,-70.0
