frequency,pdr
11,-73.0
12,-76.4
13,-70.1428571429
14,-72.2857142857
15,-76.1
16,-71.5555555556
17,-67.0
18,-67.0
19,-67.0
20,-73.0
21,-77.0
22,-73.4
23,-71.8
24,-84.7
25,-74.4
26,-76.0
