frequency,pdr
11,-67.0
12,-67.0
13,-66.5
14,-64.4285714286
15,-67.0
16,-70.0
17,-67.1111111111
18,-67.0
19,-67.0
20,-68.5
21,-67.0
22,-64.1
23,-64.1
24,-64.2
25,-67.0
26,-67.0
