frequency,pdr
11,-80.0
12,-82.7
13,-85.3636363636
14,-90.1428571429
16,-91.0
17,-91.0
18,-90.6
19,-91.0
20,-90.9
21,-91.0
23,-91.0
24,-90.0
25,-86.7
26,-86.4
