frequency,pdr
11,-88.6666666667
12,-89.1
13,-90.8888888889
14,-91.0
15,-91.0
17,-91.0
18,-90.7
19,-89.7
20,-91.0
21,-91.0
22,-90.8
23,-91.0
24,-91.0
25,-91.0
26,-91.0
