frequency,pdr
11,-85.1666666667
12,-88.2
13,-87.0
14,-85.0
15,-82.0
16,-80.8
17,-80.9
18,-81.0
19,-79.0
20,-77.4
21,-78.0
22,-79.2222222222
23,-79.0
24,-76.0
25,-76.0
26,-76.0
