frequency,pdr
11,-79.0
12,-78.6666666667
13,-79.0
14,-79.5714285714
15,-82.0
16,-82.0
17,-83.3
18,-86.0
19,-80.3
20,-79.0
21,-77.4
22,-76.0
23,-76.0
24,-76.0
25,-76.0
26,-78.2
