frequency,pdr
11,-83.4444444444
12,-84.75
13,-88.4444444444
14,-87.5555555556
17,-90.8571428571
18,-91.0
19,-91.0
21,-90.7777777778
22,-90.0
23,-88.5
24,-85.4
25,-86.9
26,-84.7
