frequency,pdr
11,-70.1
12,-73.8571428571
13,-73.6
14,-73.0
15,-72.1
16,-73.8
17,-77.4
18,-78.8571428571
19,-73.5
20,-73.0
21,-73.9
22,-73.1
23,-70.0
24,-70.0
25,-70.0
26,-73.7
