frequency,pdr
11,-83.8
12,-86.4285714286
13,-89.9
14,-87.4
15,-83.0
16,-81.0
17,-80.8571428571
18,-81.8571428571
19,-82.0
20,-83.1
21,-85.0
23,-86.8
24,-89.0
25,-86.0
26,-85.2
