frequency,pdr
11,-78.5
12,-77.4444444444
13,-76.4444444444
14,-74.0
15,-73.4
16,-74.3
17,-75.0
18,-79.0
19,-81.9
21,-85.0
23,-79.0
24,-79.0
25,-76.0
26,-75.1
