frequency,pdr
11,-90.6666666667
12,-89.0
13,-88.1111111111
14,-90.5
15,-91.0
16,-89.4
17,-87.7
18,-85.8
19,-86.3
20,-87.4
21,-88.0
23,-89.2
24,-89.8
25,-88.1
26,-89.0
