frequency,pdr
11,-89.6666666667
12,-84.0
13,-85.4444444444
14,-88.0
15,-91.0
16,-90.0
17,-88.875
18,-88.7
19,-91.0
20,-91.0
21,-83.0
22,-81.0
23,-79.3
24,-79.0
25,-82.0
26,-84.0
