frequency,pdr
11,-88.6
12,-87.0
13,-86.5555555556
14,-85.9
15,-83.3
16,-85.0
17,-88.4285714286
18,-86.4
19,-86.8571428571
20,-89.5
21,-91.0
24,-91.0
25,-91.0
26,-91.0
