frequency,pdr
11,-90.6
12,-90.1666666667
13,-88.6666666667
14,-89.6
15,-89.5
16,-88.9
17,-88.4
18,-89.0
19,-90.0
20,-91.0
21,-91.0
23,-89.0
24,-89.7
25,-91.0
