frequency,pdr
11,-77.2
12,-79.0
13,-76.3333333333
14,-74.0
15,-74.2
16,-76.4285714286
17,-79.0
18,-79.0
19,-79.0
20,-81.4
21,-83.1111111111
22,-83.3333333333
23,-82.1666666667
24,-84.0
25,-86.2
26,-91.0
