frequency,pdr
11,-91.0
12,-91.0
14,-91.0
15,-90.5
16,-91.0
21,-91.0
22,-90.6666666667
23,-89.7142857143
24,-89.6666666667
25,-91.0
26,-91.0
