frequency,pdr
11,-86.1
12,-82.6
13,-82.2
14,-84.2
15,-86.4
16,-89.0
17,-89.4
18,-88.9
19,-88.3
20,-87.3
21,-86.7777777778
22,-86.2
23,-85.625
24,-87.2222222222
25,-89.2
26,-90.6
