frequency,pdr
11,-82.1
12,-85.6363636364
13,-79.0
14,-77.2
15,-79.0
16,-83.3
17,-88.8
18,-86.9
19,-83.1
20,-81.9
21,-81.0
22,-82.1111111111
23,-85.875
25,-87.4
26,-83.0
