frequency,pdr
11,-81.9
12,-79.5
13,-79.1111111111
14,-80.0
15,-80.8
16,-79.0
17,-79.0
18,-84.5555555556
19,-83.3333333333
20,-81.0
21,-82.0
22,-86.3333333333
23,-91.0
24,-91.0
25,-90.9
26,-91.0
