frequency,pdr
11,-90.7777777778
12,-90.75
13,-91.0
14,-90.875
15,-91.0
16,-90.1666666667
17,-89.0
18,-90.0
19,-91.0
20,-91.0
24,-87.875
