frequency,pdr
11,-90.4
12,-89.6666666667
13,-90.0
14,-88.0
15,-86.3
16,-86.0
17,-86.1428571429
18,-87.8888888889
19,-89.0
20,-89.8
21,-91.0
24,-91.0
25,-90.2
26,-88.0
