frequency,pdr
11,-91.0
12,-91.0
13,-91.0
14,-91.0
15,-91.0
17,-91.0
18,-91.0
19,-91.0
20,-91.0
21,-91.0
22,-91.0
23,-88.2857142857
24,-88.5555555556
25,-90.8
26,-91.0
