frequency,pdr
11,-75.8
12,-76.1
13,-78.8888888889
14,-79.0
15,-81.6
16,-82.5
17,-80.8333333333
18,-79.0
19,-79.6666666667
20,-80.8
21,-82.0
23,-85.8333333333
24,-90.8
25,-88.4
26,-84.4
