frequency,pdr
11,-84.6
12,-89.1428571429
13,-91.0
14,-91.0
15,-89.0
16,-87.875
17,-89.0
18,-90.2222222222
19,-91.0
20,-90.0
21,-91.0
23,-88.5
24,-89.3
25,-91.0
26,-91.0
