frequency,pdr
11,-62.1
12,-69.4
13,-70.4444444444
14,-65.5
15,-73.3333333333
16,-74.1
17,-65.6
18,-65.4
19,-69.9
20,-79.6
21,-72.4
22,-67.0
23,-67.2
24,-75.5
25,-67.0
26,-74.1
