frequency,pdr
11,-49.3636363636
12,-45.6
13,-40.1
14,-43.0
15,-48.7777777778
16,-41.0
17,-40.0
18,-46.0
19,-45.5
20,-48.9
21,-46.0
22,-46.1
23,-45.0
24,-43.0
25,-44.5
26,-46.0
