frequency,pdr
11,-54.6
12,-58.0
13,-70.1111111111
14,-68.8
15,-54.2222222222
16,-55.0
17,-62.8
18,-53.5
19,-61.0
20,-71.2
21,-71.2
22,-65.0
23,-65.1
24,-71.9
25,-64.0
26,-56.2
