frequency,pdr
11,-61.0
12,-63.4
13,-65.4444444444
14,-60.9
15,-62.8888888889
16,-71.6
17,-68.4
18,-64.0
19,-67.0
20,-66.9
21,-68.9
22,-60.4
23,-58.9
24,-66.6
25,-60.8
26,-60.4
