frequency,pdr
11,-53.3
12,-52.4
13,-69.3333333333
14,-54.3
15,-54.7
16,-56.0
17,-52.0
18,-66.3
19,-55.0
20,-66.5
21,-61.6
22,-81.1666666667
23,-58.0
24,-52.0
25,-52.1
26,-64.0
