frequency,pdr
11,-58.0
12,-63.9
13,-63.6666666667
14,-52.0
15,-60.6666666667
16,-55.0
17,-61.8
18,-58.3
19,-58.7
20,-60.1
21,-66.7
22,-61.7
23,-63.1
24,-61.0
25,-63.0
26,-64.0
