frequency,pdr
11,-69.5
12,-60.4
13,-59.6666666667
14,-56.9
15,-66.7777777778
16,-60.9
17,-58.1
18,-57.5
19,-51.1
20,-61.2
21,-57.0
22,-57.5
23,-52.6
24,-57.0
25,-58.7
26,-55.0
