frequency,pdr
11,-61.8
12,-63.0
13,-66.2222222222
14,-62.4
15,-55.3
16,-60.6
17,-57.8
18,-58.4
19,-52.0
20,-55.0
21,-69.5
22,-55.0
23,-57.3
24,-61.8
25,-61.2222222222
26,-55.0
