frequency,pdr
11,-55.0
12,-66.8
13,-73.3333333333
14,-55.0
15,-56.4
16,-52.0
17,-54.3
18,-57.5
19,-50.8
20,-52.0
21,-50.6
22,-52.0
23,-48.8
24,-56.4
25,-74.8888888889
26,-65.4
