frequency,pdr
11,-57.9
12,-55.0
13,-69.2222222222
14,-55.0
15,-63.2222222222
16,-61.0
17,-61.0
18,-65.6
19,-58.0
20,-55.0
21,-60.4
22,-55.0
23,-58.0
24,-57.6
25,-66.5555555556
26,-67.1
