frequency,pdr
11,-74.4444444444
12,-61.0
13,-62.6666666667
14,-66.2
15,-76.0
16,-65.6
17,-76.7
18,-69.0
19,-55.0
20,-63.4
21,-59.7
22,-60.2
23,-61.0
24,-71.1
25,-74.3333333333
26,-70.1
