frequency,pdr
11,-65.9
12,-52.5
13,-51.4
14,-54.3
15,-54.6666666667
16,-61.0
17,-60.5
18,-64.8
19,-58.7
20,-61.6
21,-63.0
22,-54.2
23,-69.0
24,-63.5
25,-51.2222222222
26,-52.3
