frequency,pdr
11,-60.9
12,-72.9
13,-60.3333333333
14,-64.3
15,-56.8888888889
16,-55.0
17,-65.4
18,-68.3
19,-68.6
20,-58.0
21,-55.0
22,-64.0
23,-69.8
24,-68.0
25,-75.8
26,-65.0
