frequency,pdr
11,-54.8888888889
12,-57.3
13,-43.3333333333
14,-43.1
15,-48.7
16,-50.5
17,-40.7
18,-40.3
19,-40.7
20,-40.0
21,-39.4
22,-40.0
23,-43.2
24,-47.3
25,-42.6
26,-43.1
