frequency,pdr
11,-54.2
12,-60.8
13,-59.8888888889
14,-55.0
15,-57.8
16,-61.2
17,-56.6
18,-65.8
19,-71.4
20,-57.6
21,-55.9
22,-58.3
23,-55.0
24,-58.0
25,-56.0909090909
26,-51.6
