frequency,pdr
11,-76.8888888889
12,-62.3
13,-65.4
14,-61.0
15,-62.2222222222
16,-65.7
17,-57.9
18,-64.9
19,-57.8
20,-61.0
21,-52.0
22,-55.0
23,-65.3
24,-75.2
25,-76.6666666667
26,-55.0
