frequency,pdr
11,-63.8888888889
12,-55.0
13,-52.0
14,-58.0
15,-52.0
16,-57.0
17,-67.0
18,-54.5
19,-69.8
20,-58.0
21,-55.0
22,-58.4
23,-61.0
24,-62.9
25,-66.6666666667
26,-67.1
