frequency,pdr
11,-49.0
12,-49.0
13,-53.5555555556
14,-49.8
15,-45.9
16,-55.5
17,-55.0
18,-54.2
19,-53.6
20,-60.0
21,-52.0
22,-53.5
23,-57.7
24,-53.0
25,-57.5555555556
26,-49.0
