frequency,pdr
11,-52.9
12,-56.9
13,-65.6666666667
14,-58.9
15,-67.1111111111
16,-55.0
17,-65.6
18,-58.7
19,-63.4
20,-58.1
21,-52.0
22,-55.0
23,-50.0
24,-49.0
25,-46.6
26,-49.9
