frequency,pdr
11,-72.2222222222
12,-63.8
13,-54.1111111111
14,-63.3
15,-70.8
16,-55.0
17,-56.0
18,-52.4
19,-47.9
20,-53.9
21,-62.4
22,-58.5
23,-57.4
24,-55.0
25,-60.4444444444
26,-57.6
