frequency,pdr
11,-54.0
12,-56.6
13,-69.7777777778
14,-71.1111111111
15,-55.7777777778
16,-63.6
17,-52.0
18,-49.0
19,-52.9
20,-48.6
21,-50.5
22,-65.5
23,-70.5555555556
24,-57.3
25,-55.0
26,-55.2
