frequency,pdr
11,-66.2222222222
12,-55.0
13,-52.0
14,-55.6
15,-58.0
16,-60.9
17,-56.4
18,-55.0
19,-51.9
20,-51.5
21,-63.6
22,-66.2
23,-67.4
24,-73.9
25,-59.7777777778
26,-57.8
