frequency,pdr
11,-68.7777777778
12,-51.4
13,-57.8
14,-69.1
15,-52.3333333333
16,-50.8
17,-61.5
18,-54.9
19,-56.1
20,-54.5
21,-62.8
22,-55.0
23,-61.0
24,-46.0
25,-47.5
26,-48.1
