frequency,pdr
11,-52.9
12,-48.4
13,-45.8888888889
14,-46.0
15,-60.9090909091
16,-47.5
17,-48.0
18,-47.4
19,-48.5
20,-46.0
21,-46.0
22,-45.9
23,-46.6
24,-49.6
25,-48.9
26,-47.0
