frequency,pdr
11,-62.6
12,-65.1
13,-69.6666666667
14,-63.4
15,-64.0
16,-64.0
17,-64.0
18,-69.0
19,-64.0
20,-72.9
21,-61.0
22,-62.1
23,-63.0
24,-61.0
25,-62.3636363636
26,-55.0
