frequency,pdr
11,-55.2
12,-56.8
13,-52.5555555556
14,-49.0
15,-52.7777777778
16,-65.3
17,-58.0
18,-55.0
19,-54.4
20,-63.5
21,-53.0
22,-52.5
23,-56.2
24,-53.4
25,-58.4444444444
26,-64.7
