frequency,pdr
11,-53.5
12,-57.0
13,-59.5555555556
14,-56.0
15,-58.3333333333
16,-61.0
17,-60.2
18,-58.0
19,-61.0
20,-67.0
21,-61.2
22,-53.0
23,-58.0
24,-58.0
25,-58.8
26,-52.9
