frequency,pdr
11,-54.2
12,-55.0
13,-58.0
14,-55.0
15,-59.6666666667
16,-55.9
17,-52.0
18,-66.2
19,-60.4
20,-67.7
21,-55.0
22,-60.0
23,-58.0
24,-59.5
25,-51.5555555556
26,-53.9
