frequency,pdr
11,-46.0
12,-56.0
13,-55.7777777778
14,-67.3333333333
15,-52.0
16,-52.0
17,-53.6
18,-51.7
19,-52.1
20,-49.1
21,-47.5
22,-52.0
23,-54.1
24,-57.9
25,-63.8888888889
26,-52.5
