frequency,pdr
11,-63.3
12,-68.9
13,-64.3333333333
14,-61.4
15,-63.4444444444
16,-67.6
17,-70.0
18,-60.4
19,-58.0
20,-67.5
21,-68.4
22,-58.3
23,-60.6
24,-55.8
25,-63.2
26,-63.1
