frequency,pdr
11,-68.0
12,-64.0
13,-67.5555555556
14,-66.0
15,-61.3333333333
16,-60.2
17,-69.2
18,-66.6
19,-67.0
20,-67.0
21,-67.0
22,-68.1
23,-70.0
24,-67.5
25,-67.1
26,-67.0
