frequency,pdr
11,-57.2
12,-61.1
13,-70.1111111111
14,-64.1
15,-58.8888888889
16,-63.4
17,-60.4
18,-62.4
19,-64.0
20,-54.3
21,-57.6
22,-53.8
23,-53.0
24,-49.0
25,-54.2
26,-52.0
