frequency,pdr
11,-64.6666666667
12,-64.5
13,-59.2222222222
14,-55.0
15,-55.0
16,-52.0
17,-52.0
18,-59.6
19,-55.0
20,-51.9
21,-56.5
22,-55.5
23,-60.5
24,-72.2
25,-65.3333333333
26,-60.8
