frequency,pdr
11,-55.0
12,-55.0
13,-65.5555555556
14,-56.8
15,-60.3333333333
16,-65.9
17,-68.0
18,-59.0
19,-64.6
20,-62.1
21,-64.5
22,-59.4
23,-65.4
24,-64.4
25,-68.5
26,-63.5
