frequency,pdr
11,-50.0
12,-53.1
13,-53.0
14,-54.2
15,-66.5555555556
16,-55.0
17,-58.0
18,-55.0
19,-68.6
20,-61.4545454545
21,-54.8
22,-65.4
23,-55.0
24,-50.3
25,-55.0
26,-66.3
