frequency,pdr
11,-64.0
12,-67.0
13,-76.5555555556
14,-68.7
15,-65.1111111111
16,-70.2
17,-77.1
18,-67.0
19,-67.6
20,-66.9
21,-67.4
22,-63.9
23,-70.3
24,-67.0
25,-69.1
26,-67.0
