frequency,pdr
11,-82.4285714286
12,-86.625
13,-90.875
14,-91.0
15,-91.0
16,-90.0
17,-91.0
18,-90.8888888889
19,-90.8888888889
20,-89.2
21,-89.0
22,-85.5
23,-84.1
24,-83.9
25,-85.9
26,-87.8
