frequency,pdr
11,-87.0
12,-86.0
13,-86.8
14,-88.0
15,-88.0
16,-88.0
17,-89.4
18,-91.0
19,-91.0
20,-91.0
21,-88.875
22,-87.5555555556
23,-88.1111111111
24,-88.8
25,-90.9
26,-91.0
