frequency,pdr
11,-89.2222222222
12,-91.0
15,-90.0
16,-88.8
17,-91.0
18,-91.0
19,-88.4
20,-85.2
21,-83.75
22,-83.1111111111
23,-83.6666666667
24,-85.1
25,-85.2
26,-88.6
