frequency,pdr
11,-90.25
12,-89.7777777778
13,-87.3333333333
14,-85.3
15,-83.1
16,-82.1
17,-83.0
18,-83.1
19,-84.0
20,-83.6
21,-83.0
22,-82.6666666667
23,-84.5
24,-84.8
25,-86.8
26,-87.9
