frequency,pdr
11,-60.7
12,-64.6
13,-68.4444444444
14,-65.7
15,-59.4444444444
16,-63.9
17,-56.9
18,-65.7
19,-61.9
20,-58.0
21,-58.3
22,-63.1
23,-72.5555555556
24,-57.2
25,-66.8888888889
26,-64.4
