frequency,pdr
11,-55.0
12,-65.7777777778
13,-51.3
14,-44.4
15,-54.2222222222
16,-49.1
17,-52.2
18,-47.6
19,-47.7
20,-45.2
21,-48.3
22,-49.0
23,-51.2
24,-55.0
25,-46.0
26,-49.6
