frequency,pdr
11,-50.2
12,-55.0
13,-58.8888888889
14,-55.0
15,-57.4444444444
16,-48.9
17,-54.6
18,-56.8
19,-51.7
20,-61.9
21,-56.2
22,-55.0
23,-56.9
24,-51.8
25,-67.0
26,-55.0
