frequency,pdr
11,-51.7
12,-55.7777777778
13,-51.3
14,-50.9
15,-46.1111111111
16,-47.8
17,-56.0
18,-53.5
19,-49.0
20,-54.7
21,-47.4
22,-56.2
23,-46.0
24,-51.6
25,-48.8
26,-52.8
