frequency,pdr
11,-58.0
12,-75.5555555556
13,-64.8
14,-55.0
15,-74.4444444444
16,-64.6
17,-60.7
18,-67.0
19,-58.8
20,-62.8
21,-62.0
22,-65.1
23,-60.8
24,-61.7777777778
25,-60.9
26,-71.7
