frequency,pdr
11,-58.8
12,-51.6
13,-61.7272727273
14,-60.9
15,-55.3333333333
16,-53.5
17,-64.7
18,-57.9
19,-56.2
20,-48.3
21,-57.1
22,-60.4
23,-59.8
24,-55.6
25,-67.3333333333
26,-55.8
