frequency,pdr
11,-62.2222222222
12,-57.4444444444
13,-67.4444444444
14,-58.8
15,-70.0
16,-59.3
17,-72.7
18,-67.3
19,-55.3
20,-60.3
21,-64.6
22,-57.0
23,-64.0
24,-57.9
25,-64.3
26,-67.1
