frequency,pdr
11,-56.9
12,-51.3
13,-48.5
14,-49.7
15,-56.2222222222
16,-59.6
17,-50.7
18,-51.4
19,-60.4
20,-54.2
21,-65.2
22,-52.1
23,-52.2
24,-54.6
25,-56.7777777778
26,-55.8
