frequency,pdr
11,-68.2222222222
12,-63.7777777778
13,-66.3333333333
14,-62.4
15,-61.0
16,-55.0
17,-61.0
18,-67.9
19,-67.0
20,-60.3
21,-64.5
22,-58.0
23,-56.5
24,-66.25
25,-67.5
26,-58.7
