frequency,pdr
11,-47.6
12,-46.0
13,-52.6666666667
14,-55.0
15,-54.1111111111
16,-49.0
17,-46.0
18,-45.3
19,-46.0
20,-48.9
21,-49.8
22,-53.0
23,-46.0
24,-50.6
25,-51.4
26,-50.6
