frequency,pdr
11,-47.4
12,-49.3
13,-46.2
14,-50.6
15,-55.3333333333
16,-48.1
17,-49.0
18,-47.0
19,-44.2
20,-47.5
21,-46.0
22,-45.0
23,-46.0
24,-48.9
25,-55.1111111111
26,-48.8
