frequency,pdr
11,-56.1
12,-55.0
13,-63.6666666667
14,-55.0
15,-59.3333333333
16,-46.0
17,-54.3
18,-57.4
19,-49.0
20,-48.0
21,-55.0
22,-57.4
23,-49.0
24,-56.4444444444
25,-55.0
26,-49.0
