frequency,pdr
11,-58.0
12,-64.5555555556
13,-63.5
14,-55.0
15,-59.4444444444
16,-74.0
17,-58.0
18,-71.9
19,-67.5
20,-68.1
21,-70.0
22,-63.3
23,-61.0
24,-68.125
25,-65.0
26,-66.1
