frequency,pdr
11,-49.0
12,-56.4444444444
13,-52.0
14,-53.6
15,-48.5
16,-46.2
17,-46.1
18,-45.0
19,-46.0
20,-50.7
21,-54.6
22,-52.7
23,-52.3
24,-55.6
25,-60.8888888889
26,-58.0
