frequency,pdr
11,-74.8
12,-68.2
13,-63.7777777778
14,-72.9
15,-65.4444444444
16,-70.7
17,-68.3
18,-65.2
19,-67.0
20,-61.4
21,-62.3
22,-66.9
23,-67.0
24,-67.7
25,-65.5
26,-68.6
