frequency,pdr
11,-48.5
12,-56.3333333333
13,-45.9
14,-42.7
15,-37.1
16,-43.0
17,-40.0
18,-48.4
19,-44.3
20,-53.7
21,-49.1818181818
22,-45.1
23,-52.0
24,-51.75
25,-43.2
26,-48.0
