frequency,pdr
11,-52.0
12,-55.0
13,-63.2
14,-55.0
15,-58.5555555556
16,-55.3
17,-60.3
18,-58.6
19,-55.0
20,-52.0
21,-59.1
22,-53.5
23,-50.1
24,-64.8888888889
25,-51.8
26,-58.1
