frequency,pdr
11,-66.3333333333
12,-50.9
13,-46.0
14,-49.0
15,-64.3333333333
16,-65.2
17,-58.5
18,-55.0
19,-49.8
20,-52.3
21,-47.1
22,-49.1
23,-53.8
24,-51.8
25,-51.9
26,-54.3
