frequency,pdr
11,-56.5
12,-46.4
13,-47.6
14,-49.0
15,-56.4444444444
16,-47.7
17,-50.5
18,-49.0
19,-54.3
20,-48.6
21,-50.1
22,-55.0
23,-52.1
24,-54.2222222222
25,-44.1
26,-46.6
