frequency,pdr
11,-79.8
12,-60.4444444444
13,-57.0
14,-52.0
15,-55.6666666667
16,-55.0
17,-58.0
18,-62.5
19,-67.8
20,-61.0
21,-55.0
22,-66.1
23,-58.1
24,-64.0
25,-68.2222222222
26,-64.0
