frequency,pdr
11,-56.5454545455
12,-48.9
13,-64.0
14,-55.0
15,-60.2222222222
16,-52.0
17,-50.0
18,-51.0
19,-54.8
20,-50.5
21,-52.1
22,-46.0
23,-46.6
24,-57.3
25,-66.9
26,-49.7
