frequency,pdr
11,-49.0
12,-63.4444444444
13,-52.4444444444
14,-48.8
15,-48.9
16,-46.0
17,-46.0
18,-47.4
19,-47.5
20,-46.0
21,-46.8
22,-46.3
23,-45.5
24,-40.8
25,-44.6
26,-48.1
