frequency,pdr
11,-49.0
12,-55.0
13,-46.4
14,-51.5
15,-62.1111111111
16,-60.6
17,-58.3
18,-51.8
19,-52.0
20,-54.4
21,-49.0
22,-62.4
23,-55.0
24,-50.1111111111
25,-67.0
26,-61.3
