frequency,pdr
11,-64.7777777778
12,-68.1111111111
13,-68.8888888889
14,-58.7
15,-67.0
16,-60.4
17,-69.4
18,-56.7
19,-64.8
20,-66.9
21,-69.5
22,-66.6
23,-76.125
24,-71.5555555556
25,-67.0
26,-60.9
