frequency,pdr
11,-68.2222222222
12,-58.0
13,-56.4444444444
14,-68.5
15,-61.6666666667
16,-62.1
17,-74.1
18,-64.0
19,-57.8
20,-64.0
21,-67.0
22,-74.6
23,-62.5
24,-57.6
25,-69.0
26,-64.0
