frequency,pdr
11,-73.0
12,-67.0
13,-64.3333333333
14,-64.0
15,-63.2222222222
16,-67.0
17,-73.2
18,-68.6
19,-79.8
20,-70.2
21,-60.0
22,-61.7
23,-74.7777777778
24,-63.5
25,-66.9
26,-67.0
