frequency,pdr
11,-53.7777777778
12,-58.0
13,-55.0
14,-64.6
15,-51.8
16,-55.0
17,-57.5454545455
18,-55.0
19,-48.8
20,-51.8
21,-60.0
22,-49.0
23,-52.5
24,-51.5555555556
25,-55.0
26,-66.9
