frequency,pdr
11,-50.0
12,-49.9
13,-58.1111111111
14,-60.6
15,-56.5555555556
16,-52.4
17,-52.7
18,-55.0
19,-48.0
20,-57.3
21,-53.2
22,-50.5
23,-46.4
24,-48.8
25,-49.1
26,-49.0
