frequency,pdr
11,-67.1111111111
12,-67.0
13,-64.0
14,-61.0
15,-60.3333333333
16,-67.2
17,-59.3
18,-58.4
19,-58.0
20,-58.7
21,-61.6
22,-66.9
23,-65.5
24,-66.625
25,-65.6666666667
26,-69.4
