frequency,pdr
11,-68.3
12,-58.3
13,-64.8888888889
14,-55.2
15,-52.2222222222
16,-55.7
17,-55.0
18,-56.8
19,-63.4
20,-71.5
21,-69.5
22,-61.0
23,-59.1
24,-63.875
25,-59.2
26,-52.5
