frequency,pdr
11,-51.1
12,-75.3333333333
13,-61.9
14,-67.3
15,-48.2222222222
16,-57.3
17,-67.3
18,-54.4
19,-49.0
20,-48.5
21,-58.0
22,-54.1
23,-68.6666666667
24,-55.1
25,-60.8888888889
26,-55.6
