frequency,pdr
11,-43.5
12,-50.8
13,-53.1818181818
14,-49.5
15,-57.0
16,-52.9
17,-46.3
18,-49.6
19,-58.7
20,-48.2
21,-49.1
22,-51.4
23,-56.5
24,-65.0
25,-55.5454545455
26,-62.2
