frequency,pdr
11,-63.7
12,-61.8888888889
13,-69.75
14,-65.6
15,-67.0
16,-70.0
17,-73.3
18,-69.7
19,-65.4
20,-68.8
21,-70.3
22,-61.3
23,-61.3
24,-67.6666666667
25,-65.4444444444
26,-64.4
