frequency,pdr
11,-55.0
12,-52.2222222222
13,-62.4444444444
14,-56.4
15,-55.0
16,-58.2
17,-63.4
18,-61.9
19,-63.6
20,-58.0
21,-55.3
22,-55.0
23,-54.0
24,-51.5
25,-48.9
26,-55.7
