frequency,pdr
11,-60.4
12,-69.8888888889
13,-59.0
14,-64.0
15,-60.7777777778
16,-74.9
17,-60.5
18,-59.2
19,-58.0
20,-63.7
21,-71.4
22,-61.8
23,-64.0
24,-67.0
25,-68.2222222222
26,-61.0
