frequency,pdr
11,-51.0
12,-53.8
13,-55.0
14,-62.0
15,-60.5555555556
16,-63.0
17,-60.9
18,-68.5
19,-65.9
20,-70.5
21,-63.2
22,-58.0
23,-61.5
24,-69.4
25,-66.8888888889
26,-55.6
