frequency,pdr
11,-65.3
12,-61.7777777778
13,-52.0
14,-62.7
15,-58.2222222222
16,-54.5
17,-60.5
18,-53.3
19,-52.4
20,-68.1
21,-53.8
22,-65.0
23,-53.4
24,-54.8
25,-60.6
26,-54.6
