frequency,pdr
11,-59.7
12,-61.1
13,-73.1111111111
14,-77.2
15,-69.1111111111
16,-75.2
17,-67.0
18,-69.1
19,-70.2
20,-71.4
21,-65.6
22,-65.3
23,-73.6
24,-71.2
25,-63.5
26,-61.5
