frequency,pdr
11,-46.0
12,-54.3333333333
13,-56.3
14,-55.0
15,-61.1111111111
16,-55.0
17,-46.5
18,-52.2
19,-47.1
20,-50.6
21,-50.5
22,-49.2
23,-52.0
24,-51.7
25,-53.8
26,-59.0
