frequency,pdr
11,-64.2
12,-76.0
13,-64.8888888889
14,-57.4
15,-62.3333333333
16,-69.6
17,-67.0
18,-63.7
19,-60.5
20,-65.1
21,-60.9
22,-67.1
23,-73.3
24,-60.4
25,-60.9
26,-61.0
