frequency,pdr
11,-51.9
12,-52.2
13,-54.7777777778
14,-51.7
15,-54.5555555556
16,-63.5
17,-49.8
18,-54.1
19,-64.0
20,-55.6
21,-58.0
22,-51.0
23,-57.9
24,-51.4
25,-55.4
26,-46.0
