frequency,pdr
11,-54.6
12,-50.2
13,-60.8888888889
14,-51.2
15,-48.3333333333
16,-50.1
17,-50.2
18,-48.8
19,-59.3
20,-48.9
21,-46.8
22,-48.0
23,-47.7
24,-65.8888888889
25,-51.5
26,-44.0
