frequency,pdr
11,-59.0
12,-52.2
13,-57.1111111111
14,-46.0
15,-53.3333333333
16,-49.1
17,-49.5
18,-45.4
19,-49.5
20,-56.9
21,-55.0
22,-55.0
23,-49.2
24,-40.0
25,-45.3
26,-51.2
