frequency,pdr
11,-54.5
12,-64.1
13,-58.5555555556
14,-52.9
15,-53.0
16,-53.6
17,-58.6
18,-61.9
19,-52.0
20,-53.4545454545
21,-56.4
22,-54.3636363636
23,-58.0
24,-54.9
25,-63.8888888889
26,-60.6
