frequency,pdr
11,-55.0
12,-56.7777777778
13,-55.3333333333
14,-49.1
15,-56.5555555556
16,-46.0
17,-47.8
18,-50.0
19,-51.0
20,-50.0
21,-46.0
22,-48.8
23,-53.1
24,-50.6
25,-53.9
26,-52.0
