frequency,pdr
11,-46.5
12,-48.8
13,-56.8888888889
14,-43.0
15,-43.0
16,-45.7
17,-55.8
18,-48.6
19,-49.0
20,-52.3
21,-52.7
22,-51.3
23,-60.0
24,-60.75
25,-50.6666666667
26,-45.9
