frequency,pdr
11,-53.8
12,-59.5555555556
13,-62.4444444444
14,-60.1
15,-55.0
16,-69.3
17,-55.2
18,-55.0
19,-56.3
20,-55.8
21,-53.0
22,-55.0
23,-55.0
24,-55.0
25,-60.0
26,-61.0
