frequency,pdr
11,-55.0
12,-52.5
13,-50.1111111111
14,-49.0
15,-49.5555555556
16,-65.6
17,-54.9
18,-53.4
19,-55.0
20,-68.2
21,-52.5
22,-54.5
23,-57.7
24,-61.0
25,-52.0
26,-69.9
