frequency,pdr
11,-62.0
12,-55.3
13,-63.2222222222
14,-64.1
15,-64.6666666667
16,-58.4
17,-66.7
18,-58.7
19,-58.4
20,-63.5
21,-67.1
22,-59.6
23,-61.3
24,-65.2
25,-66.6
26,-64.0
