frequency,pdr
11,-58.0
12,-59.7
13,-65.4444444444
14,-58.9
15,-60.5555555556
16,-59.0
17,-68.1
18,-56.0
19,-67.0
20,-63.4
21,-67.0
22,-61.0
23,-61.0
24,-61.1
25,-57.7
26,-66.9
