frequency,pdr
11,-59.8
12,-58.7777777778
13,-52.0
14,-51.2
15,-53.6666666667
16,-58.1
17,-57.5
18,-64.7
19,-52.0
20,-46.0
21,-49.0
22,-55.0
23,-56.1
24,-67.0
25,-58.5
26,-59.9090909091
