frequency,pdr
11,-65.4
12,-59.9
13,-54.9
14,-64.1
15,-68.8888888889
16,-71.2
17,-72.1
18,-62.9
19,-64.6
20,-64.2
21,-56.7
22,-60.9
23,-59.2
24,-65.7777777778
25,-66.4444444444
26,-70.1
