frequency,pdr
11,-53.3
12,-62.3333333333
13,-60.7
14,-52.8
15,-51.7777777778
16,-50.3
17,-54.7
18,-57.1
19,-59.9
20,-56.5
21,-49.0
22,-50.2
23,-48.7
24,-55.5
25,-63.6
26,-60.7
