frequency,pdr
11,-71.2
12,-64.3333333333
13,-71.6666666667
14,-60.6
15,-55.0
16,-57.6
17,-66.8
18,-68.1
19,-55.0
20,-75.2
21,-70.8
22,-62.9
23,-68.4
24,-64.2
25,-58.2
26,-61.6
