frequency,pdr
11,-59.0
12,-68.2222222222
13,-58.3333333333
14,-64.1111111111
15,-64.0
16,-58.0
17,-58.0
18,-58.0
19,-60.0
20,-58.0
21,-57.1
22,-58.0
23,-61.0
24,-63.2
25,-62.0
26,-61.0
