frequency,pdr
11,-77.0
12,-72.8888888889
13,-67.0
14,-67.0
15,-68.3
16,-71.875
17,-78.8571428571
18,-80.0
19,-86.0
20,-79.0
21,-83.8
22,-80.0
23,-73.0
24,-70.0
25,-70.0
26,-71.2
