frequency,pdr
11,-61.0
12,-59.875
13,-60.6666666667
14,-60.3
15,-67.0
16,-62.0
17,-61.0
18,-61.0
19,-58.6666666667
20,-59.1
21,-58.0
22,-55.0
23,-55.0
24,-55.0
25,-55.6
26,-58.0
