frequency,pdr
11,-71.5555555556
12,-70.0
13,-60.6
14,-56.2
15,-57.2
16,-52.0
17,-51.9
18,-52.0
19,-54.1666666667
20,-58.0
21,-58.0
22,-57.8
23,-62.6
24,-66.6
25,-52.9
26,-50.0
