frequency,pdr
11,-55.0
12,-62.8
13,-57.8
14,-55.0
15,-55.0
16,-57.125
17,-57.7142857143
18,-55.0
19,-56.8571428571
20,-58.0
21,-58.0
22,-55.0
23,-55.0
24,-59.6
25,-63.3
26,-62.0
