frequency,pdr
11,-54.3
12,-56.125
13,-55.0
14,-58.0
15,-58.0
16,-60.4444444444
17,-63.3333333333
18,-61.0
19,-65.125
20,-64.9
21,-63.0
22,-58.5
23,-58.0
24,-61.0
25,-63.1
26,-66.9
