frequency,pdr
11,-66.9
12,-66.9
13,-67.0
14,-66.9
15,-71.2
16,-64.5555555556
17,-62.8571428571
18,-61.0
19,-64.0
20,-64.0
21,-67.0
22,-67.0
23,-67.0
24,-67.2
25,-64.0
26,-65.1
