frequency,pdr
11,-70.0
12,-66.8888888889
13,-67.0
14,-68.7
15,-77.1
16,-84.2222222222
17,-80.8571428571
18,-79.0
19,-86.0
20,-70.0
21,-67.0
22,-67.0
23,-66.2
24,-67.0
25,-67.0
26,-70.0
