frequency,pdr
11,-56.1111111111
12,-55.8181818182
13,-62.8571428571
14,-66.7142857143
15,-65.0
16,-61.0
17,-55.0
18,-54.9
19,-55.2
20,-55.0
21,-52.0
22,-52.0
23,-55.0
24,-55.0
25,-51.7
26,-52.0
