frequency,pdr
11,-66.7777777778
12,-53.1111111111
13,-51.8888888889
14,-51.8
15,-54.9
16,-64.7
17,-63.1
18,-57.2222222222
19,-62.1
20,-83.5
21,-62.6
22,-58.0
23,-61.0
24,-66.0
25,-67.0
26,-67.2
