frequency,pdr
11,-69.0
12,-63.9
13,-65.1111111111
14,-71.875
15,-80.0
16,-72.0
17,-67.5555555556
18,-64.0
19,-60.7
20,-61.0
21,-64.0
22,-74.0
23,-71.8
24,-66.0
25,-63.1
26,-64.0
