frequency,pdr
11,-64.8
12,-67.125
13,-64.6
14,-64.0
15,-64.0
16,-64.0
17,-66.3333333333
18,-76.2222222222
19,-70.0
20,-67.1
21,-66.0
22,-67.0
23,-70.0
24,-87.0
25,-82.5
26,-65.6
