frequency,pdr
11,-54.0
12,-56.875
13,-61.2857142857
14,-58.75
15,-55.0
16,-55.0
17,-63.6
18,-63.6666666667
19,-60.0
20,-53.4
21,-52.0
22,-60.3
23,-54.8
24,-50.7
25,-50.4
26,-51.6
