frequency,pdr
11,-55.7777777778
12,-60.7777777778
13,-55.0
14,-57.1428571429
15,-67.5
16,-65.5
17,-64.0
18,-66.75
19,-70.0
20,-60.6
21,-55.0
22,-55.0
23,-55.0
24,-52.0
25,-52.0
26,-52.7
