frequency,pdr
11,-67.0
12,-60.5714285714
13,-55.0
14,-52.8571428571
15,-54.2
16,-55.0
17,-55.0
18,-55.0
19,-54.4
20,-52.0
21,-52.0
22,-50.0
23,-49.8
24,-49.1
25,-51.7
26,-55.0
