frequency,pdr
11,-58.125
12,-59.375
13,-61.8888888889
14,-58.0
15,-58.0
16,-55.0
17,-54.3
18,-56.0
19,-60.1111111111
20,-65.2
21,-60.6
22,-65.8
23,-61.0
24,-57.7
25,-52.0
26,-49.0
