frequency,pdr
11,-54.7
12,-57.5555555556
13,-76.875
14,-57.8888888889
15,-52.3
16,-52.0
17,-55.0
18,-60.1111111111
19,-63.9
20,-61.2
21,-60.3
22,-61.7
23,-60.3
24,-62.7
25,-55.5
26,-52.9
