frequency,pdr
11,-60.7777777778
12,-67.7142857143
13,-59.2222222222
14,-74.7142857143
15,-57.6
16,-54.9
17,-54.375
18,-55.0
19,-55.0
20,-52.0
21,-55.0
22,-59.1
23,-55.0
24,-49.0
25,-52.0
26,-55.0
