frequency,pdr
11,-70.8
12,-78.8571428571
13,-78.8888888889
14,-80.875
15,-75.2
16,-84.0
17,-70.0
18,-64.0
19,-61.0
20,-61.0
21,-60.7
22,-59.0
23,-61.0
24,-61.0
25,-63.6
26,-64.2
