frequency,pdr
11,-51.8888888889
12,-51.875
13,-55.0
14,-52.1428571429
15,-49.0
16,-49.0
17,-51.3
18,-54.2
19,-59.1
20,-55.0
21,-50.7
22,-49.0
23,-49.4
24,-51.7
25,-52.0
26,-49.1
