frequency,pdr
11,-59.3333333333
12,-61.1428571429
13,-52.0
14,-48.9
15,-49.0
16,-49.0
17,-54.1
18,-74.4444444444
19,-56.4
20,-48.0
21,-46.0
22,-46.0
23,-49.0
24,-49.9
25,-51.2
26,-49.0
