frequency,pdr
11,-61.0
12,-61.8181818182
13,-53.6363636364
14,-50.9
15,-52.0
16,-60.3
17,-63.7777777778
18,-67.0
19,-61.7
20,-67.5
21,-63.1
22,-64.3
23,-55.1
24,-59.6
25,-61.7
26,-58.0
