frequency,pdr
11,-57.8888888889
12,-56.125
13,-57.4444444444
14,-55.0
15,-55.0
16,-55.0
17,-55.0
18,-55.0
19,-60.6
20,-58.0
21,-55.0
22,-53.5
23,-55.0
24,-56.7
25,-55.0
26,-57.9
