frequency,pdr
11,-59.6
12,-54.9
13,-57.8
14,-61.8888888889
15,-61.0
16,-58.3
17,-57.8888888889
18,-55.0
19,-49.5555555556
20,-49.6
21,-55.0
22,-55.0
23,-55.0
24,-64.2
25,-77.4
26,-61.2
