frequency,pdr
11,-46.1
12,-45.7777777778
13,-46.0
14,-49.1111111111
15,-49.7
16,-49.0
17,-49.0
18,-50.0
19,-53.0
20,-54.9
21,-59.0
22,-52.2
23,-49.0
24,-48.0
25,-49.0
26,-55.0
