frequency,pdr
11,-55.0
12,-54.7777777778
13,-66.3333333333
14,-64.0
15,-58.0
16,-61.5
17,-76.0
18,-59.5
19,-60.7777777778
20,-65.2
21,-57.0
22,-49.0
23,-48.9
24,-49.0
25,-53.0
26,-50.9
