frequency,pdr
11,-61.0
12,-59.5555555556
13,-61.0
14,-61.0
15,-58.0
16,-55.3
17,-57.875
18,-65.5555555556
19,-67.3
20,-65.2
21,-76.1
22,-64.0
23,-61.0
24,-67.0
25,-70.0
26,-65.0
