frequency,pdr
11,-60.7
12,-61.1
13,-63.9
14,-69.9
15,-72.8
16,-67.8
17,-69.1111111111
18,-61.6666666667
19,-62.3333333333
20,-62.9
21,-63.4
22,-62.9
23,-61.0
24,-58.0
25,-60.4
26,-60.0
