frequency,pdr
11,-88.0
12,-88.3333333333
13,-87.4444444444
14,-86.0
15,-84.5
16,-84.8
17,-87.6
18,-91.0
19,-91.0
20,-90.0
21,-89.5
23,-90.0
24,-90.0
25,-91.0
26,-91.0
