frequency,pdr
11,-85.0
12,-83.3
13,-82.0
14,-82.0
15,-82.0
16,-82.1
17,-83.6666666667
18,-86.4285714286
19,-88.0
20,-87.1
21,-85.1
22,-83.9
23,-83.1
24,-83.2
25,-84.0
26,-85.0
