frequency,pdr
11,-90.3333333333
12,-90.5555555556
13,-90.1111111111
14,-89.0
15,-89.0
16,-89.8
17,-91.0
18,-91.0
19,-91.0
20,-90.0
21,-89.9
22,-88.3333333333
23,-90.2
24,-91.0
25,-90.7
26,-91.0
