frequency,pdr
11,-86.625
12,-89.3333333333
13,-84.3333333333
14,-83.1
15,-85.8
16,-86.75
17,-91.0
18,-91.0
19,-91.0
20,-89.0
21,-85.0
22,-81.4444444444
23,-83.0
24,-84.9
25,-84.0
26,-83.8
