frequency,pdr
11,-90.125
12,-89.25
13,-84.8888888889
14,-79.6
15,-79.0
16,-80.3333333333
17,-81.3333333333
18,-82.0
19,-82.3
20,-79.0
21,-79.0
22,-79.4444444444
23,-81.25
24,-79.0
25,-79.0
26,-79.0
