frequency,pdr
11,-76.0
12,-79.0
13,-83.5
14,-88.8571428571
15,-82.0
16,-81.9
17,-82.0
18,-82.0
19,-80.1
20,-79.0
21,-79.0
22,-78.8888888889
23,-80.0909090909
24,-82.0
25,-82.0
26,-80.0
