frequency,pdr
11,-91.0
12,-90.1428571429
13,-91.0
14,-91.0
15,-89.1
16,-83.1
17,-82.0
18,-82.0
19,-84.6
20,-88.1
21,-88.75
22,-91.0
23,-86.4
24,-82.1111111111
25,-82.0
26,-83.3
