frequency,pdr
11,-88.8888888889
12,-91.0
13,-90.7777777778
14,-90.0
15,-91.0
16,-91.0
17,-91.0
19,-91.0
20,-91.0
21,-91.0
22,-90.6666666667
23,-90.9
24,-91.0
25,-91.0
26,-91.0
