frequency,pdr
11,-91.0
12,-91.0
13,-91.0
14,-88.5
15,-88.9
16,-86.5555555556
17,-85.8333333333
18,-83.75
19,-83.0
20,-85.0
21,-88.0
22,-89.875
23,-91.0
24,-91.0
25,-91.0
26,-91.0
