frequency,pdr
11,-85.0
12,-83.0
13,-82.0
14,-81.2
15,-82.0
16,-82.3
17,-82.0
18,-81.75
19,-81.1
20,-83.8
21,-85.0
22,-84.8571428571
23,-85.8
24,-83.5555555556
25,-83.3
26,-84.2
