frequency,pdr
11,-64.0
12,-61.5555555556
13,-64.0
14,-63.9
15,-65.0
16,-66.0
17,-67.0
18,-68.1111111111
19,-82.0
20,-70.2
21,-67.0
22,-67.0
23,-79.0
24,-71.0
25,-76.0
26,-67.0
