frequency,pdr
11,-61.0
12,-57.7
13,-61.0
14,-67.0
15,-66.4545454545
16,-61.0
17,-68.1
18,-68.3333333333
19,-67.0
20,-67.2
21,-70.0
22,-67.0
23,-65.1
24,-70.0
25,-76.2
26,-67.0
