frequency,pdr
11,-55.0
12,-53.9
13,-54.2
14,-55.0
15,-55.0
16,-58.1
17,-65.7
18,-78.7777777778
19,-69.0
20,-66.7777777778
21,-67.0
22,-68.4
23,-67.0
24,-67.0
25,-61.0
26,-58.0
