frequency,pdr
11,-65.0
12,-70.0
13,-80.0
14,-72.0
15,-68.1
16,-71.0
17,-78.5
18,-71.3333333333
19,-70.2727272727
20,-70.1
21,-76.0
22,-85.0
23,-91.0
24,-86.4
25,-77.3
26,-73.0
