frequency,pdr
11,-61.0
12,-58.6
13,-58.0
14,-58.0
15,-60.1
16,-60.5
17,-62.0
18,-62.4444444444
19,-63.1111111111
20,-64.0
21,-64.0
22,-64.5
23,-65.0
24,-67.0
25,-70.0
26,-70.9
