frequency,pdr
11,-67.9
12,-57.4444444444
13,-52.6666666667
14,-43.0
15,-45.4
16,-50.4
17,-49.0
18,-51.9
19,-48.9
20,-63.8
21,-55.0
22,-49.1
23,-49.0
24,-46.0
25,-48.0
26,-46.0
