frequency,pdr
11,-53.8
12,-68.4444444444
13,-55.0
14,-55.0
15,-55.0
16,-55.0
17,-52.0
18,-54.9
19,-72.5
20,-64.5454545455
21,-67.5
22,-55.6
23,-63.6
24,-52.3
25,-55.0
26,-65.8
