frequency,pdr
11,-65.8
12,-64.8888888889
13,-72.5555555556
14,-60.4
15,-65.1
16,-55.0
17,-59.1
18,-59.4
19,-76.0
20,-59.0
21,-63.5
22,-60.4
23,-60.9
24,-67.0
25,-64.0
26,-55.0
