frequency,pdr
11,-61.7777777778
12,-69.6666666667
13,-55.0
14,-56.6
15,-55.0
16,-53.8
17,-51.6
18,-55.0
19,-56.9
20,-58.2
21,-66.2
22,-49.0
23,-47.0
24,-47.7
25,-60.6
26,-53.5
