frequency,pdr
11,-63.3
12,-61.0
13,-65.5555555556
14,-65.1818181818
15,-66.4
16,-65.0
17,-80.1
18,-63.5
19,-63.3
20,-66.1
21,-73.2
22,-71.3
23,-67.0
24,-66.4
25,-65.0
26,-67.0
