frequency,pdr
11,-52.0
12,-53.0
13,-65.3333333333
14,-68.3
15,-55.0
16,-58.0
17,-56.8
18,-58.4
19,-54.7
20,-59.6
21,-63.9
22,-63.1818181818
23,-61.9
24,-66.8
25,-55.0
26,-55.4
