frequency,pdr
11,-54.3
12,-68.4444444444
13,-64.7777777778
14,-60.6
15,-50.4
16,-47.1
17,-46.0
18,-51.4
19,-53.3
20,-58.0
21,-65.3
22,-52.0
23,-52.0
24,-47.2
25,-49.0
26,-55.0
