frequency,pdr
11,-48.9
12,-47.0
13,-52.0
14,-47.8181818182
15,-55.0
16,-57.3636363636
17,-50.8
18,-58.7
19,-60.0
20,-52.1
21,-52.0
22,-49.0
23,-44.0
24,-49.1
25,-47.9
26,-57.3
