frequency,pdr
11,-48.0
12,-70.4444444444
13,-57.9
14,-62.8181818182
15,-56.4
16,-54.0
17,-53.2
18,-58.9
19,-50.2
20,-54.0
21,-52.0
22,-50.0
23,-52.0
24,-54.9
25,-52.0
26,-55.0
