frequency,pdr
11,-63.2
12,-64.2222222222
13,-59.5555555556
14,-70.5
15,-72.6
16,-49.0
17,-55.6
18,-65.5
19,-52.0
20,-69.2
21,-46.0
22,-51.9
23,-49.0
24,-67.1
25,-60.8
26,-55.9
