frequency,pdr
11,-55.0
12,-63.6666666667
13,-67.6666666667
14,-58.0
15,-52.0
16,-57.4
17,-61.0
18,-56.1
19,-55.0
20,-58.4
21,-55.0
22,-56.5
23,-52.6
24,-55.0
25,-56.2
26,-58.0
