frequency,pdr
11,-71.1111111111
12,-60.7777777778
13,-55.1
14,-53.1
15,-49.9
16,-48.6
17,-49.0
18,-55.0
19,-49.9
20,-52.0
21,-53.0
22,-54.8
23,-54.6
24,-64.0
25,-67.0
26,-61.1
