frequency,pdr
11,-58.7
12,-65.3333333333
13,-72.5555555556
14,-59.5
15,-69.9
16,-64.0
17,-58.0
18,-55.0
19,-65.4
20,-58.0
21,-60.4
22,-60.7
23,-65.4
24,-58.5
25,-57.8
26,-63.9
