frequency,pdr
11,-53.0
12,-51.9
13,-54.7777777778
14,-59.2
15,-66.4545454545
16,-51.1
17,-49.0
18,-56.4
19,-55.6
20,-62.6
21,-57.3
22,-54.6
23,-73.3
24,-55.4
25,-58.0
26,-58.0
