frequency,pdr
11,-64.0
12,-57.1111111111
13,-64.1111111111
14,-61.0
15,-55.0
16,-54.9
17,-56.9
18,-60.7
19,-70.5
20,-60.8
21,-58.5
22,-54.3
23,-52.0
24,-53.4
25,-57.4
26,-60.0
