frequency,pdr
11,-51.8
12,-48.8888888889
13,-57.3333333333
14,-50.4
15,-68.5
16,-68.1
17,-52.0
18,-52.0
19,-64.8
20,-60.1
21,-63.3
22,-61.4
23,-56.2
24,-62.2
25,-51.2
26,-50.0
