frequency,pdr
11,-58.0
12,-68.3333333333
13,-64.4444444444
14,-61.5
15,-57.8
16,-63.4
17,-68.4
18,-73.4
19,-63.6
20,-60.4
21,-57.8
22,-63.9
23,-58.0
24,-62.9
25,-55.0
26,-58.9
