frequency,pdr
11,-64.8888888889
12,-72.7
13,-64.0
14,-63.8
15,-54.4
16,-53.7
17,-55.2
18,-63.6
19,-66.0
20,-57.5
21,-55.8
22,-61.0
23,-77.3333333333
24,-55.0
25,-52.6
26,-55.0
