frequency,pdr
11,-49.0
12,-57.1111111111
13,-59.5555555556
14,-54.2
15,-49.0
16,-49.0
17,-50.6
18,-59.2
19,-59.8
20,-58.9
21,-61.0
22,-51.9
23,-54.8
24,-49.7
25,-51.2
26,-51.8
