frequency,pdr
11,-88.6666666667
12,-90.1666666667
13,-91.0
15,-91.0
16,-91.0
17,-89.0
18,-88.5714285714
19,-90.5
20,-91.0
21,-91.0
23,-91.0
24,-91.0
25,-91.0
26,-91.0
