frequency,pdr
12,-90.1111111111
13,-89.0
14,-90.0
15,-88.0
16,-88.0
17,-90.2222222222
19,-91.0
20,-88.4
21,-89.0
23,-91.0
24,-91.0
25,-91.0
26,-90.7
