frequency,pdr
11,-88.125
12,-89.2222222222
13,-90.8888888889
14,-91.0
19,-91.0
21,-91.0
23,-91.0
24,-91.0
