frequency,pdr
11,-90.1111111111
12,-91.0
13,-91.0
14,-90.0
15,-90.1
16,-89.9
17,-89.6666666667
18,-91.0
19,-90.0
20,-90.8
21,-91.0
23,-91.0
24,-90.0
25,-89.0
26,-89.0
