frequency,pdr
11,-90.6666666667
12,-91.0
15,-91.0
16,-89.0
17,-85.2
18,-84.9
19,-84.0
20,-84.0
21,-84.9
22,-85.6
23,-84.7777777778
24,-85.0
25,-85.9
26,-86.4
