frequency,pdr
11,-88.5
12,-89.4444444444
13,-89.1111111111
14,-90.4545454545
15,-87.3
16,-87.0
17,-87.9
18,-88.7
19,-91.0
21,-91.0
23,-91.0
24,-91.0
