frequency,pdr
11,-79.0
12,-80.5555555556
13,-83.7777777778
14,-87.3333333333
15,-86.2
16,-85.8
17,-85.0
18,-86.0
19,-89.4
20,-86.4
21,-85.8
22,-86.0
23,-90.5
24,-89.3
25,-89.1
26,-88.9
