frequency,pdr
11,-90.3333333333
12,-90.8333333333
13,-91.0
14,-91.0
15,-91.0
24,-91.0
25,-91.0
26,-91.0
