frequency,pdr
11,-82.0
12,-81.4444444444
13,-79.625
14,-79.0
15,-79.0
16,-79.0
17,-79.0
18,-79.0
19,-79.8
20,-82.0
21,-85.2
23,-84.3636363636
24,-81.0
25,-80.1
26,-82.0
