frequency,pdr
11,-88.25
12,-87.6666666667
13,-90.1111111111
14,-91.0
16,-91.0
17,-90.0
18,-88.0
19,-89.5
20,-88.0
21,-84.9
22,-82.4
23,-82.1
24,-83.5
25,-85.8
26,-85.5
