frequency,pdr
11,-90.1666666667
12,-84.875
13,-83.0
14,-83.0
15,-85.0
16,-87.8888888889
17,-86.25
18,-90.4285714286
19,-90.0
20,-88.9
21,-88.0
22,-83.6666666667
23,-82.1
24,-83.0
25,-89.3
26,-90.0
