frequency,pdr
11,-61.0
12,-58.7777777778
13,-58.0
14,-58.0
15,-61.0
16,-64.0
17,-75.2222222222
18,-64.0
19,-61.0
20,-58.0
21,-61.0
22,-62.5
23,-55.0
24,-61.0
25,-61.0
26,-62.2
