frequency,pdr
11,-49.8
12,-55.0
13,-63.6
14,-52.0
15,-53.9
16,-52.1111111111
17,-51.6666666667
18,-53.4
19,-73.5
20,-54.0
21,-49.0
22,-47.2
23,-52.6
24,-58.7
25,-71.0
26,-50.2
