frequency,pdr
11,-62.8888888889
12,-64.0
13,-66.0
14,-69.2857142857
15,-72.1
16,-64.0
17,-62.0
18,-63.8571428571
19,-70.0
20,-71.8
21,-70.0
22,-67.9
23,-70.0
24,-76.0
25,-73.0
26,-66.5
