frequency,pdr
11,-70.0
12,-63.9
13,-59.0
14,-58.0
15,-61.0
16,-61.7
17,-68.8888888889
18,-75.125
19,-65.4444444444
20,-69.6
21,-70.6
22,-71.3
23,-67.0
24,-76.7
25,-67.5
26,-62.4
