frequency,pdr
11,-54.1
12,-58.2857142857
13,-74.7142857143
14,-58.5
15,-55.0
16,-56.2
17,-58.9
18,-57.1428571429
19,-55.5
20,-55.0
21,-58.0
22,-63.1
23,-67.0
24,-57.3
25,-52.0
26,-53.4
