frequency,pdr
11,-55.0
12,-61.0
13,-60.875
14,-54.8888888889
15,-54.4
16,-58.5
17,-60.4545454545
18,-52.0
19,-52.0
20,-49.0
21,-50.7
22,-55.0
23,-71.8
24,-55.0
25,-50.7
26,-51.7
