frequency,pdr
11,-54.4
12,-55.0
13,-55.0
14,-60.625
15,-63.9090909091
16,-64.5
17,-68.0
18,-67.0
19,-64.1818181818
20,-55.0
21,-55.0
22,-55.0
23,-59.4
24,-55.0
25,-52.0
26,-55.3
