frequency,pdr
11,-50.0
12,-50.1
13,-50.7777777778
14,-51.9
15,-52.0
16,-55.0
17,-55.0
18,-59.3333333333
19,-63.4
20,-58.7
21,-60.7
22,-62.2
23,-55.0
24,-55.0
25,-58.9
26,-61.0
