frequency,pdr
11,-66.1
12,-64.5
13,-69.8333333333
14,-58.0
15,-54.0
16,-54.0
17,-55.1
18,-60.8571428571
19,-60.1
20,-55.1
21,-56.0
22,-55.0
23,-52.2
24,-49.0
25,-50.0
26,-52.0
