frequency,pdr
11,-58.9
12,-58.0
13,-57.1666666667
14,-62.2857142857
15,-68.0
16,-67.0
17,-64.0
18,-63.8571428571
19,-63.9
20,-61.0
21,-64.0
22,-64.0
23,-76.8
24,-61.5
25,-58.0
26,-54.4
