frequency,pdr
11,-78.2222222222
12,-61.9
13,-63.2
14,-73.1
15,-64.0
16,-62.7
17,-67.0
18,-75.1111111111
19,-64.0
20,-70.0
21,-74.6
22,-79.0
23,-65.3
24,-61.0
25,-64.5
26,-66.0
