frequency,pdr
11,-65.0
12,-55.1
13,-57.8888888889
14,-58.0
15,-56.4
16,-61.0
17,-64.0
18,-58.0
19,-63.8
20,-68.1
21,-68.7
22,-73.4444444444
23,-62.0
24,-61.0
25,-55.0
26,-65.5
