frequency,pdr
11,-57.6
12,-66.8888888889
13,-62.7777777778
14,-67.0
15,-67.0
16,-61.0
17,-62.8
18,-63.8
19,-67.0
20,-67.0
21,-70.6
22,-64.7
23,-67.8
24,-76.9
25,-72.0
26,-69.0
