frequency,pdr
11,-51.3
12,-56.2
13,-51.8888888889
14,-55.0
15,-55.0
16,-68.9
17,-58.5
18,-55.0
19,-55.0
20,-55.1
21,-52.5
22,-54.0
23,-68.3333333333
24,-68.8
25,-59.4
26,-56.8
