frequency,pdr
11,-49.0
12,-53.9
13,-75.7777777778
14,-61.8
15,-63.6
16,-51.8181818182
17,-55.8
18,-52.4
19,-54.4
20,-52.0
21,-55.0
22,-54.0
23,-56.7
24,-57.2
25,-72.4
26,-55.0
