frequency,pdr
11,-57.8888888889
12,-56.1111111111
13,-51.6666666667
14,-55.0
15,-58.2
16,-65.0
17,-60.5
18,-59.6
19,-55.3
20,-52.9
21,-68.0
22,-55.0
23,-59.4444444444
24,-61.1
25,-57.6
26,-49.2
