frequency,pdr
11,-54.7
12,-54.1
13,-59.7777777778
14,-64.6666666667
15,-56.3
16,-65.4
17,-76.3
18,-61.0
19,-66.4
20,-62.0
21,-58.4
22,-61.0
23,-54.9
24,-53.3
25,-50.0
26,-55.0
