frequency,pdr
11,-61.5
12,-63.6666666667
13,-64.1111111111
14,-61.0
15,-55.0
16,-57.9
17,-59.3
18,-62.2
19,-69.4
20,-60.2
21,-57.2
22,-60.3
23,-61.0
24,-62.3
25,-60.7
26,-69.2
