frequency,pdr
11,-60.9090909091
12,-64.3333333333
13,-68.6666666667
14,-61.0
15,-62.6
16,-67.0
17,-70.0
18,-71.4
19,-74.8
20,-68.0
21,-62.8
22,-60.0
23,-64.2
24,-62.9
25,-64.9
26,-79.0
