frequency,pdr
11,-58.0
12,-62.8888888889
13,-66.7777777778
14,-66.2
15,-63.7
16,-66.9
17,-61.2
18,-61.4
19,-72.3
20,-53.6
21,-61.0
22,-60.7
23,-70.4
24,-64.0
25,-66.9
26,-75.5555555556
