frequency,pdr
11,-53.0
12,-57.4444444444
13,-56.3333333333
14,-52.0
15,-52.0
16,-55.0
17,-50.7
18,-52.0
19,-53.0
20,-52.8
21,-55.0
22,-49.0
23,-55.0
24,-56.2
25,-55.0
26,-55.0
