frequency,pdr
11,-63.3
12,-65.6666666667
13,-66.8888888889
14,-74.8888888889
15,-70.0
16,-70.7
17,-75.2
18,-64.0
19,-69.9
20,-67.2
21,-67.4
22,-69.6
23,-65.1
24,-69.7
25,-67.0
26,-67.0
