frequency,pdr
11,-60.0
12,-65.6
13,-59.1111111111
14,-58.5
15,-60.4
16,-69.5
17,-62.2
18,-70.0
19,-65.4
20,-71.6
21,-61.3
22,-77.4444444444
23,-69.2
24,-64.0
25,-59.4
26,-80.1
