frequency,pdr
11,-70.7777777778
12,-67.4
13,-71.8181818182
14,-65.1
15,-55.0
16,-64.6
17,-76.3
18,-67.0
19,-67.1
20,-60.6
21,-67.0
22,-65.4
23,-64.0
24,-67.0
25,-65.4
26,-74.2
