frequency,pdr
11,-46.1
12,-57.2222222222
13,-52.3333333333
14,-52.0
15,-52.0
16,-52.0
17,-53.8
18,-61.1
19,-51.0
20,-49.0
21,-51.9
22,-52.0
23,-49.4
24,-52.0
25,-46.1
26,-49.0
