frequency,pdr
11,-60.8
12,-62.8888888889
13,-64.1111111111
14,-59.8
15,-59.8
16,-63.1
17,-68.5
18,-64.5
19,-64.7
20,-60.0
21,-68.6
22,-63.7
23,-63.9
24,-71.1
25,-70.7
26,-76.7
