frequency,pdr
11,-55.0
12,-54.2857142857
13,-54.7142857143
14,-60.8888888889
15,-61.0
16,-55.3
17,-52.0
18,-49.0
19,-47.1
20,-47.2
21,-49.0
22,-49.0
23,-54.8
24,-53.6
25,-52.0
26,-53.0
