frequency,pdr
11,-55.1428571429
12,-55.1428571429
13,-55.0
14,-54.4444444444
15,-52.2
16,-52.0
17,-52.0
18,-55.0
19,-55.0
20,-55.0
21,-52.2
22,-49.9
23,-53.6
24,-66.0
25,-55.0
26,-55.8
