frequency,pdr
11,-52.0
12,-54.0
13,-56.625
14,-64.3333333333
15,-65.0
16,-61.0
17,-68.1111111111
18,-61.0
19,-56.0
20,-58.7
21,-61.3
22,-64.0
23,-58.0
24,-58.0
25,-60.5
26,-59.0
