frequency,pdr
11,-55.0
12,-55.4
13,-57.8
14,-58.0
15,-55.0
16,-57.8888888889
17,-63.4444444444
18,-67.0
19,-64.0
20,-62.8
21,-58.0
22,-55.0
23,-56.8
24,-59.1
25,-61.0
26,-61.0
