frequency,pdr
11,-72.3333333333
12,-65.8571428571
13,-67.625
14,-70.0
15,-75.1
16,-70.0
17,-65.25
18,-63.0
19,-64.1
20,-70.9
21,-81.8
22,-76.5
23,-75.2
24,-76.0
25,-73.0
26,-68.7
