frequency,pdr
11,-59.1
12,-58.0
13,-70.5555555556
14,-62.8
15,-61.0
16,-69.7777777778
17,-69.375
18,-64.0
19,-62.1
20,-64.0
21,-73.7
22,-79.0
23,-67.0
24,-66.2
25,-67.0
26,-67.9
