frequency,pdr
11,-70.1428571429
12,-72.75
13,-64.7
14,-64.9
15,-66.2
16,-64.8888888889
17,-65.3333333333
18,-67.0
19,-64.0
20,-64.6
21,-68.0
22,-72.4
23,-74.3
24,-70.0
25,-72.2
26,-70.2
