frequency,pdr
11,-66.5714285714
12,-59.2222222222
13,-57.5
14,-52.0
15,-52.0
16,-55.0
17,-77.0
18,-58.7
19,-78.1
20,-58.0
21,-56.5
22,-67.0
23,-63.7
24,-60.3
25,-55.5
26,-56.5
