frequency,pdr
11,-51.4444444444
12,-49.0
13,-49.0
14,-51.2222222222
15,-52.0
16,-62.4444444444
17,-64.4444444444
18,-52.0
19,-49.0
20,-46.0
21,-50.3
22,-53.9
23,-55.9
24,-58.0
25,-52.8
26,-51.9
