frequency,pdr
11,-55.7
12,-62.5714285714
13,-61.2857142857
14,-52.7
15,-52.0
16,-61.0
17,-58.0
18,-52.0
19,-52.0
20,-49.0
21,-49.5
22,-55.2
23,-71.1
24,-55.0
25,-49.6
26,-50.7
