frequency,pdr
11,-51.875
12,-53.5714285714
13,-51.8
14,-49.0
15,-52.4
16,-60.8888888889
17,-60.4
18,-52.5
19,-52.1
20,-52.0
21,-51.1
22,-52.0
23,-49.8
24,-48.9
25,-46.7
26,-47.3
