frequency,pdr
11,-51.7777777778
12,-53.0
13,-54.7142857143
14,-52.0
15,-52.0
16,-54.6
17,-62.3333333333
18,-55.8
19,-55.0
20,-55.0
21,-58.5
22,-57.7
23,-63.3
24,-72.6
25,-62.0
26,-55.0
