frequency,pdr
11,-87.3333333333
12,-87.5
13,-89.1666666667
14,-90.1111111111
15,-90.6
16,-90.8
17,-90.25
18,-90.875
19,-91.0
21,-91.0
22,-87.5714285714
23,-87.1111111111
24,-87.3
25,-87.0
26,-86.3
