frequency,pdr
11,-82.0
12,-81.25
13,-82.0
14,-82.0
15,-82.0
16,-85.0
17,-86.8333333333
18,-91.0
19,-89.6
20,-86.1
21,-86.625
22,-85.6666666667
23,-82.4
24,-82.0
25,-82.0
26,-80.9
