frequency,pdr
11,-65.8333333333
12,-64.0
13,-66.0
14,-67.0
15,-60.1
16,-56.0909090909
17,-55.0
18,-54.6
19,-55.0
20,-55.0
21,-59.0
22,-55.0
23,-53.3636363636
24,-52.0
25,-52.0
26,-53.0
