frequency,pdr
11,-61.0
12,-76.8888888889
13,-61.1
14,-58.0
15,-61.0
16,-64.0
17,-62.0
18,-66.25
19,-71.6666666667
20,-85.2
21,-64.8
22,-66.0
23,-72.3
24,-61.8
25,-64.0
26,-65.8
