frequency,pdr
11,-58.8571428571
12,-57.8
13,-59.3
14,-57.8
15,-60.9
16,-67.0
17,-65.4444444444
18,-67.1111111111
19,-73.0
20,-76.0
21,-64.2
22,-58.0
23,-52.4
24,-52.0
25,-55.0
26,-58.3
