frequency,pdr
11,-64.1666666667
12,-62.0
13,-62.9
14,-62.7
15,-61.0
16,-61.0
17,-64.0
18,-67.0
19,-67.0
20,-65.8888888889
21,-66.9
22,-69.7
23,-69.4
24,-62.0
25,-60.5
26,-64.8
