frequency,pdr
11,-65.8
12,-63.1
13,-58.0
14,-60.3
15,-76.875
16,-71.0
17,-74.7777777778
18,-71.125
19,-70.1111111111
20,-64.3
21,-66.2222222222
22,-68.7
23,-70.9090909091
24,-70.0
25,-71.3
26,-64.0
