frequency,pdr
11,-64.0
12,-64.3333333333
13,-60.3
14,-62.4
15,-65.2
16,-64.0
17,-64.0
18,-65.375
19,-67.4444444444
20,-60.1
21,-58.8
22,-61.0
23,-68.0
24,-67.1
25,-67.0
26,-66.9
