frequency,pdr
11,-55.0
12,-52.8
13,-55.0
14,-55.0
15,-55.0
16,-54.2222222222
17,-59.6666666667
18,-55.0
19,-55.0
20,-56.6
21,-58.0
22,-56.5
23,-55.0
24,-55.3
25,-55.0
26,-55.0
