frequency,pdr
11,-64.0
12,-64.1111111111
13,-58.0
14,-59.4
15,-58.0
16,-56.5555555556
17,-52.0
18,-54.5
19,-55.0
20,-49.1
21,-49.0
22,-53.0
23,-52.4
24,-59.8
25,-61.4
26,-52.0
