frequency,pdr
11,-57.8571428571
12,-60.5555555556
13,-58.0
14,-60.8
15,-59.0
16,-59.0
17,-60.0
18,-68.5
19,-61.0
20,-61.0
21,-58.0
22,-60.0
23,-61.0
24,-61.0
25,-63.8
26,-70.0
