frequency,pdr
11,-60.2857142857
12,-67.7777777778
13,-67.0
14,-64.4
15,-61.0
16,-61.0
17,-57.5
18,-55.0
19,-55.2
20,-58.0
21,-55.2
22,-61.0
23,-64.0
24,-68.4
25,-68.8
26,-61.0
