frequency,pdr
11,-90.0
12,-91.0
13,-91.0
14,-89.125
15,-91.0
16,-91.0
17,-89.0
18,-87.3333333333
19,-87.1
20,-90.0
21,-91.0
22,-87.6
23,-87.0
24,-89.8888888889
25,-91.0
26,-88.9090909091
