frequency,pdr
11,-91.0
13,-89.6666666667
14,-88.0
15,-86.9
16,-85.0
17,-86.5
18,-88.8888888889
19,-90.7777777778
20,-91.0
21,-91.0
23,-91.0
24,-91.0
26,-91.0
