frequency,pdr
11,-82.1
12,-87.0
13,-88.1
14,-85.3
15,-83.1
16,-82.2222222222
17,-82.0
18,-82.2
19,-82.6666666667
20,-82.4
21,-81.5
22,-80.0
23,-79.3
24,-79.0
25,-79.7
26,-80.2
