frequency,pdr
11,-79.0
12,-78.8
13,-78.8
14,-79.0
15,-78.7
16,-78.3333333333
17,-78.8571428571
18,-80.1111111111
19,-81.75
20,-82.0
21,-84.3
22,-88.625
23,-91.0
24,-91.0
25,-89.0
26,-88.1
