frequency,pdr
11,-76.0
12,-76.0
13,-75.2
14,-74.1
15,-74.1
16,-74.5
17,-74.9
18,-76.0
19,-78.4
20,-80.9
21,-82.0
22,-81.2222222222
23,-80.7777777778
24,-79.0
25,-77.2
26,-76.0
