frequency,pdr
11,-77.625
12,-78.25
13,-78.7777777778
14,-77.9
15,-78.1
16,-79.0
17,-82.1
18,-83.5
19,-82.0
20,-81.0
21,-82.0
22,-84.7777777778
23,-87.0
24,-87.1
25,-85.0
26,-85.2
