frequency,pdr
11,-90.1428571429
12,-89.5714285714
13,-90.5555555556
14,-91.0
15,-90.9
16,-91.0
17,-91.0
18,-91.0
25,-91.0
26,-91.0
