frequency,pdr
11,-89.6666666667
13,-90.2
14,-87.2
15,-86.1
16,-86.6
17,-86.375
18,-86.1111111111
19,-85.5
20,-84.7
21,-86.2
22,-86.6
23,-85.5
24,-82.7
25,-82.1
26,-82.0
