frequency,pdr
11,-83.6
12,-84.1111111111
13,-82.4444444444
14,-82.375
15,-82.6
16,-80.5
17,-80.9
18,-84.4
19,-90.0
20,-88.6
21,-86.4
22,-87.6666666667
23,-87.2222222222
24,-86.8
25,-91.0
26,-90.9
