frequency,pdr
11,-61.5
12,-56.7
13,-57.8888888889
14,-60.1
15,-67.5555555556
16,-56.0
17,-58.5
18,-52.1
19,-55.7
20,-64.9
21,-62.4
22,-60.6
23,-62.0
24,-62.4
25,-59.6
26,-62.5
