frequency,pdr
11,-61.4
12,-58.2
13,-55.6666666667
14,-66.4
15,-58.2222222222
16,-66.3
17,-57.7
18,-67.4
19,-67.0
20,-64.1
21,-61.6
22,-79.25
23,-65.8
24,-66.1
25,-67.0
26,-61.0
