frequency,pdr
11,-71.7777777778
12,-56.9
13,-60.7777777778
14,-56.1
15,-55.0
16,-55.0
17,-55.0
18,-63.5
19,-63.7
20,-79.3
21,-61.0
22,-61.0
23,-63.8
24,-67.0
25,-69.3
26,-59.8
