frequency,pdr
11,-63.9
12,-69.2857142857
13,-59.7777777778
14,-60.9
15,-58.0
16,-76.7
17,-60.3
18,-61.0
19,-68.3
20,-64.1
21,-64.7
22,-60.9
23,-66.8
24,-72.9
25,-67.9
26,-61.1
