frequency,pdr
11,-62.6
12,-74.8
13,-64.3333333333
14,-60.0
15,-62.5555555556
16,-55.0
17,-54.3
18,-73.2
19,-54.7
20,-61.0
21,-61.0
22,-63.4
23,-61.1
24,-60.0
25,-66.4
26,-62.3
