frequency,pdr
11,-58.0
12,-59.9
13,-58.4444444444
14,-55.7
15,-66.7777777778
16,-58.4
17,-48.7
18,-54.3
19,-59.7
20,-57.6
21,-54.5
22,-55.2
23,-55.0
24,-55.4
25,-63.2
26,-61.0
