frequency,pdr
11,-65.4
12,-64.4
13,-66.7777777778
14,-61.2
15,-57.5555555556
16,-64.0
17,-62.7
18,-65.2
19,-70.0
20,-72.3
21,-59.9
22,-63.6
23,-69.7
24,-67.8
25,-64.0
26,-69.3
