frequency,pdr
11,-67.0
12,-67.9
13,-64.5555555556
14,-65.8
15,-66.3333333333
16,-66.4
17,-60.6
18,-67.0
19,-67.0
20,-63.3
21,-58.5
22,-58.0
23,-67.0
24,-65.0
25,-78.2
26,-77.3
