frequency,pdr
11,-55.0
12,-51.8
13,-55.2222222222
14,-64.8
15,-53.4444444444
16,-48.4
17,-49.0
18,-46.9
19,-44.9
20,-48.7
21,-57.1
22,-60.5
23,-60.8
24,-61.0
25,-52.0
26,-55.0
