frequency,pdr
11,-58.0
12,-62.4
13,-64.1111111111
14,-66.4
15,-67.6666666667
16,-66.3
17,-58.9
18,-63.7
19,-60.8
20,-66.8
21,-58.0
22,-61.2
23,-55.0
24,-55.0
25,-67.9
26,-67.1
