frequency,pdr
11,-58.9
12,-64.9
13,-57.4444444444
14,-60.2
15,-57.1111111111
16,-67.0
17,-64.0
18,-57.4
19,-56.3
20,-70.3
21,-53.8
22,-55.6
23,-58.4
24,-71.4
25,-67.0
26,-72.8
