frequency,pdr
11,-49.2
12,-52.0
13,-57.7777777778
14,-46.0
15,-46.6666666667
16,-56.6
17,-55.0
18,-55.0
19,-60.8
20,-52.4
21,-50.0
22,-59.0
23,-58.7
24,-59.0
25,-58.1
26,-55.0
