frequency,pdr
11,-64.4444444444
12,-62.2
13,-64.1111111111
14,-58.0
15,-64.1111111111
16,-55.0
17,-55.8
18,-59.4
19,-61.0
20,-63.5
21,-61.0
22,-61.3
23,-70.1
24,-63.0
25,-58.0
26,-72.4
