frequency,pdr
11,-53.4
12,-74.2222222222
13,-60.4444444444
14,-68.2
15,-65.4444444444
16,-55.0
17,-55.0
18,-73.9
19,-65.8
20,-49.7
21,-47.7
22,-51.9
23,-46.0
24,-44.5
25,-51.0
26,-45.0
