frequency,pdr
11,-54.9
12,-66.7
13,-54.9
14,-56.7
15,-64.6666666667
16,-56.8
17,-51.5
18,-55.9
19,-57.8
20,-76.8888888889
21,-55.0
22,-54.3
23,-53.9
24,-63.9
25,-53.0
26,-55.0
