frequency,pdr
11,-59.6
12,-75.875
13,-65.3333333333
14,-58.0
15,-58.0
16,-69.8
17,-61.0
18,-70.9
19,-63.3
20,-64.0
21,-61.9
22,-80.1428571429
23,-74.5714285714
24,-65.2
25,-61.0
26,-65.2
