frequency,pdr
11,-49.0
12,-54.7
13,-61.7777777778
14,-62.6
15,-58.6666666667
16,-49.0
17,-49.0
18,-48.6
19,-49.0
20,-46.0
21,-55.0
22,-55.1
23,-55.0
24,-54.3
25,-52.1
26,-53.1
