frequency,pdr
11,-77.4444444444
12,-58.0
13,-64.875
14,-61.3
15,-63.1111111111
16,-77.1
17,-63.3
18,-67.1
19,-68.0
20,-65.0
21,-60.4
22,-69.4
23,-71.6
24,-63.7
25,-61.6
26,-68.8
