frequency,pdr
11,-60.2
12,-58.0
13,-68.3333333333
14,-57.4
15,-61.7777777778
16,-56.1
17,-62.2
18,-58.0
19,-61.7
20,-55.7
21,-61.0
22,-70.0
23,-63.9
24,-62.9
25,-67.2
26,-67.2
