frequency,pdr
11,-71.5555555556
12,-59.4
13,-70.0
14,-62.9
15,-64.6666666667
16,-68.9
17,-75.2
18,-67.5
19,-69.3
20,-61.0
21,-72.6
22,-75.0
23,-67.7
24,-75.6
25,-71.2
26,-64.0
