frequency,pdr
11,-65.9
12,-57.1
13,-55.1111111111
14,-46.0
15,-53.5555555556
16,-46.0
17,-46.0
18,-49.4
19,-46.0
20,-52.0
21,-55.5
22,-51.4
23,-55.6
24,-54.1
25,-49.0
26,-65.6
