frequency,pdr
11,-62.3
12,-63.0
13,-68.8888888889
14,-59.6
15,-64.4444444444
16,-72.1
17,-75.3
18,-61.0
19,-58.3
20,-58.0
21,-64.0
22,-61.7
23,-69.8181818182
24,-60.2
25,-64.2
26,-70.0
