frequency,pdr
11,-51.0
12,-57.9
13,-54.8888888889
14,-64.4
15,-62.4444444444
16,-56.4
17,-52.0
18,-54.0
19,-59.6
20,-52.0
21,-52.6
22,-54.6
23,-61.0
24,-54.1
25,-52.3
26,-52.0
