frequency,pdr
11,-52.8
12,-53.3
13,-66.1111111111
14,-65.3
15,-56.5555555556
16,-54.1
17,-63.3
18,-58.9
19,-56.9
20,-57.5
21,-68.8
22,-55.0
23,-55.0
24,-55.0
25,-55.0
26,-58.0
