frequency,pdr
11,-68.1
12,-68.0
13,-68.0
14,-69.1
15,-70.0
16,-70.0
17,-73.0
18,-78.1
19,-79.0
20,-79.3
21,-83.25
22,-89.8571428571
23,-85.5
24,-85.5555555556
25,-91.0
26,-91.0
