frequency,pdr
11,-80.0
12,-80.1111111111
13,-80.0
14,-79.0
15,-79.0
16,-81.1428571429
17,-84.8571428571
18,-90.9
19,-88.875
20,-82.5
21,-82.0
22,-82.0
23,-82.1111111111
24,-82.3333333333
25,-82.8
26,-84.0
