frequency,pdr
11,-90.0
12,-90.3333333333
13,-89.0
14,-89.0
15,-90.0
16,-91.0
17,-91.0
18,-90.8
19,-91.0
20,-91.0
21,-90.9
23,-90.8888888889
24,-91.0
25,-91.0
26,-91.0
