frequency,pdr
11,-79.0
12,-78.9
13,-79.0
14,-77.0
15,-76.0
16,-79.0
17,-79.0
18,-76.1
19,-76.6
20,-79.0
21,-79.8888888889
22,-80.8888888889
23,-80.1
24,-80.7777777778
25,-79.0
26,-78.4
