frequency,pdr
11,-82.0
12,-81.1
13,-81.0
14,-82.0
15,-82.0
16,-82.9
17,-83.5555555556
18,-84.1111111111
19,-85.0
20,-86.8
21,-88.0
22,-89.0
23,-91.0
24,-91.0
25,-91.0
26,-90.8
