frequency,pdr
11,-80.3
12,-79.5
13,-79.4
14,-81.5
15,-83.3
16,-82.0
17,-82.0
18,-81.8
19,-82.0
20,-82.7
21,-83.1
22,-82.7777777778
23,-83.1111111111
24,-85.2
25,-88.7
26,-91.0
