frequency,pdr
11,-86.2
12,-86.0
13,-85.9
14,-87.1
15,-89.0
16,-89.25
17,-89.4444444444
18,-88.6666666667
19,-88.2
20,-88.0
21,-88.0
22,-88.375
23,-89.6
24,-90.0
25,-90.0
26,-90.2
