frequency,pdr
11,-89.5
12,-87.1111111111
13,-85.1
14,-84.2
15,-84.1
16,-85.0
17,-85.8
18,-87.2222222222
19,-90.1
21,-91.0
23,-90.8888888889
24,-90.4
25,-90.7
26,-91.0
