frequency,pdr
11,-90.0
12,-91.0
13,-91.0
15,-90.9
16,-90.2
17,-89.7777777778
18,-88.4
19,-86.9
20,-85.3
21,-85.0
22,-86.375
23,-90.1111111111
24,-91.0
26,-91.0
