frequency,pdr
11,-89.8888888889
12,-90.4285714286
13,-90.5
14,-87.8
15,-89.0
16,-91.0
17,-91.0
18,-90.7142857143
19,-91.0
20,-91.0
21,-91.0
23,-91.0
24,-91.0
25,-91.0
26,-91.0
