frequency,pdr
11,-67.0
12,-67.1
13,-68.0
14,-70.0
15,-75.6
16,-89.1111111111
17,-81.7777777778
18,-79.0
19,-81.2
20,-84.9
21,-81.1
22,-78.9
23,-76.0
24,-74.4
25,-73.0
26,-75.2
