frequency,pdr
11,-86.9
12,-90.6666666667
13,-83.8
14,-80.3
15,-79.0
16,-76.6
17,-77.2
18,-77.6
19,-77.3
20,-78.7
21,-78.9
22,-79.0
23,-78.4444444444
24,-78.2
25,-78.6
26,-79.0
