frequency,pdr
11,-87.1
12,-87.5
13,-88.4
14,-89.6
15,-90.4
16,-90.7
17,-89.8888888889
18,-88.1111111111
19,-87.5
20,-87.0
21,-86.7
22,-87.8888888889
23,-89.5
24,-91.0
25,-91.0
26,-90.0
