frequency,pdr
11,-78.2222222222
12,-76.7777777778
13,-74.8
14,-73.0
15,-72.1
16,-70.8
17,-70.1
18,-72.0
19,-73.0
20,-75.0
21,-76.0
22,-77.0
23,-79.0
24,-85.3
26,-90.75
