frequency,pdr
11,-80.8
12,-81.6666666667
13,-82.7142857143
14,-87.6
15,-88.5
16,-85.9
17,-85.9
18,-85.2
19,-82.0
20,-81.2
21,-80.5
22,-81.9
23,-84.8
24,-86.1
25,-86.0
26,-87.1
