frequency,pdr
11,-87.4
12,-84.2222222222
13,-82.0
14,-80.7
15,-79.5
16,-79.6
17,-80.2222222222
18,-82.0
19,-85.0
20,-86.7
21,-84.9
22,-83.6
23,-85.6
24,-89.5
25,-91.0
26,-91.0
