frequency,pdr
11,-87.0
12,-85.1111111111
13,-83.0
14,-82.0
15,-81.1
16,-80.0
17,-79.0
18,-79.2
19,-79.0
20,-79.0
21,-79.0
22,-79.2
23,-80.0909090909
24,-79.6
25,-81.7
26,-82.8
