frequency,pdr
11,-77.2222222222
12,-56.1
13,-61.6666666667
14,-52.0
15,-58.3
16,-58.0
17,-57.2
18,-55.6
19,-56.7
20,-60.6
21,-54.9
22,-54.6
23,-51.9
24,-64.5
25,-60.4
26,-52.0
