frequency,pdr
11,-56.0
12,-58.3333333333
13,-64.4444444444
14,-65.0
15,-65.3
16,-67.0
17,-73.0
18,-66.5
19,-69.6
20,-67.0
21,-67.0
22,-60.2
23,-62.6
24,-61.0
25,-66.4
26,-73.0
