frequency,pdr
11,-56.3
12,-59.2222222222
13,-53.1111111111
14,-51.7
15,-60.8
16,-55.6
17,-52.0
18,-65.7
19,-58.0
20,-58.1
21,-52.0
22,-57.3
23,-63.9
24,-62.8
25,-53.8
26,-52.3
