frequency,pdr
11,-64.7777777778
12,-57.3333333333
13,-55.6666666667
14,-57.9
15,-66.2
16,-61.1
17,-67.6
18,-66.6
19,-64.5
20,-65.7
21,-65.8
22,-66.4
23,-59.3
24,-61.0
25,-74.6
26,-65.3
