frequency,pdr
11,-63.7777777778
12,-55.6666666667
13,-56.2
14,-55.0
15,-73.1
16,-68.5
17,-72.1
18,-59.8
19,-58.7
20,-60.7
21,-69.6
22,-61.0
23,-71.9
24,-61.0
25,-64.1
26,-71.4
