frequency,pdr
11,-50.1818181818
12,-58.1111111111
13,-59.4444444444
14,-64.0
15,-49.6
16,-47.0
17,-52.0
18,-63.7
19,-54.3
20,-54.3
21,-65.9
22,-55.0
23,-55.0
24,-56.2
25,-75.9
26,-58.0
