frequency,pdr
11,-45.9
12,-53.3333333333
13,-49.0
14,-53.8
15,-52.0
16,-44.1
17,-44.5
18,-47.0
19,-53.6
20,-49.3
21,-46.1
22,-60.8888888889
23,-50.8
24,-52.0
25,-53.3
26,-53.8
