frequency,pdr
11,-55.0
12,-60.2222222222
13,-69.4444444444
14,-54.3
15,-52.1
16,-61.5
17,-54.6
18,-51.5
19,-60.4
20,-51.2
21,-54.1
22,-54.0
23,-55.4
24,-55.9
25,-55.0
26,-48.0
