frequency,pdr
11,-52.3
12,-55.0
13,-54.3333333333
14,-50.6
15,-58.1
16,-55.0
17,-52.0
18,-51.1
19,-51.6
20,-59.5
21,-48.4
22,-50.6363636364
23,-49.0
24,-49.0
25,-45.4
26,-55.0
