frequency,pdr
11,-59.0
12,-64.1111111111
13,-70.3636363636
14,-61.9
15,-62.3
16,-74.9
17,-68.5
18,-59.5
19,-71.3
20,-59.2
21,-68.8
22,-56.0
23,-62.4
24,-55.0
25,-61.0
26,-67.0
