frequency,pdr
11,-54.9
12,-70.8888888889
13,-53.1
14,-55.0
15,-57.3
16,-56.1818181818
17,-49.0
18,-48.1
19,-49.7
20,-49.0
21,-46.0
22,-53.0
23,-70.6
24,-52.0
25,-61.1
26,-47.0
