frequency,pdr
11,-52.0
12,-55.5555555556
13,-55.2222222222
14,-55.0
15,-62.2
16,-54.7
17,-49.9
18,-57.2
19,-56.1
20,-60.7
21,-61.2
22,-54.7
23,-51.5
24,-57.3
25,-57.3
26,-52.1
