frequency,pdr
11,-50.4
12,-52.2222222222
13,-54.7777777778
14,-48.1
15,-53.2
16,-49.0
17,-46.1
18,-55.4
19,-58.5
20,-54.7
21,-67.0
22,-62.2
23,-60.1
24,-57.7
25,-62.2
26,-51.4
