frequency,pdr
11,-64.3333333333
12,-56.6666666667
13,-55.7
14,-52.0
15,-46.0
16,-56.4
17,-57.6
18,-51.0
19,-46.0
20,-61.9
21,-52.8
22,-47.9
23,-46.0
24,-53.1
25,-54.8
26,-47.0
