frequency,pdr
11,-55.3
12,-55.4444444444
13,-66.8888888889
14,-61.5
15,-63.2
16,-55.0
17,-52.1
18,-51.7
19,-53.7
20,-47.0
21,-66.8
22,-62.9
23,-62.2
24,-58.3
25,-48.9
26,-54.6
