frequency,pdr
11,-55.2
12,-55.7777777778
13,-60.6666666667
14,-57.4
15,-49.0
16,-53.8
17,-72.3
18,-55.2
19,-55.3
20,-55.8
21,-54.0
22,-53.8
23,-54.8
24,-52.0
25,-61.7
26,-61.7
