frequency,pdr
11,-52.5
12,-52.0
13,-66.6666666667
14,-51.4
15,-49.6
16,-54.8
17,-49.1
18,-63.7272727273
19,-60.3
20,-69.0
21,-69.9
22,-61.0
23,-52.0
24,-61.0
25,-55.0
26,-69.7
