frequency,pdr
11,-55.4
12,-64.7777777778
13,-53.3
14,-52.0
15,-49.0
16,-55.0
17,-64.0
18,-60.6
19,-65.6
20,-58.0
21,-51.5
22,-51.4
23,-49.2
24,-64.8181818182
25,-55.0
26,-49.1
