frequency,pdr
11,-50.2
12,-63.5555555556
13,-59.7777777778
14,-57.8
15,-62.8
16,-52.0
17,-47.4
18,-48.3
19,-55.0
20,-61.0
21,-56.5
22,-53.6
23,-54.6
24,-51.3
25,-52.5
26,-55.2
