frequency,pdr
11,-59.4444444444
12,-66.6666666667
13,-56.1
14,-78.8888888889
15,-58.6
16,-64.0
17,-55.1
18,-49.6
19,-58.4
20,-64.2
21,-55.5
22,-55.0
23,-62.0
24,-55.0
25,-64.4
26,-56.3
