frequency,pdr
11,-70.1111111111
12,-61.1111111111
13,-67.5555555556
14,-69.9
15,-62.9
16,-69.3
17,-64.4
18,-53.0
19,-63.5
20,-61.0
21,-67.0
22,-65.7
23,-58.0
24,-60.8
25,-67.0
26,-71.3
