frequency,pdr
11,-65.8888888889
12,-60.3
13,-67.6
14,-55.5555555556
15,-56.1
16,-55.0
17,-55.0
18,-55.0
19,-49.0
20,-47.2
21,-46.0
22,-52.0
23,-68.4
24,-66.4
25,-55.0
26,-65.2
