frequency,pdr
11,-59.5
12,-64.7777777778
13,-58.0
14,-58.0
15,-67.0
16,-60.7777777778
17,-58.7
18,-69.5
19,-64.7
20,-62.9
21,-59.5
22,-67.0
23,-61.5
24,-61.2
25,-61.3
26,-66.1
