frequency,pdr
11,-67.0
12,-64.0
13,-60.1111111111
14,-66.5555555556
15,-64.0
16,-78.3333333333
17,-60.7
18,-64.0
19,-63.5
20,-62.0
21,-64.0
22,-61.0
23,-59.7
24,-70.0
25,-61.0
26,-72.4
