frequency,pdr
11,-51.6
12,-60.5555555556
13,-65.1111111111
14,-50.1
15,-55.0
16,-51.9
17,-50.5
18,-53.9
19,-59.7
20,-49.0
21,-52.0
22,-60.6
23,-67.0
24,-66.0
25,-56.5
26,-59.2
