frequency,pdr
11,-46.2
12,-57.7777777778
13,-58.1111111111
14,-49.0
15,-46.0
16,-48.1
17,-54.4
18,-61.5
19,-51.6
20,-47.6
21,-46.0
22,-46.0
23,-60.3
24,-61.7
25,-53.1
26,-48.7
