frequency,pdr
11,-54.0
12,-60.6666666667
13,-69.4
14,-50.4444444444
15,-62.7
16,-49.2
17,-66.9
18,-49.3
19,-47.1
20,-60.3
21,-54.7
22,-72.8
23,-60.6
24,-64.8
25,-50.9
26,-54.0
