frequency,pdr
11,-53.6
12,-69.1111111111
13,-58.0
14,-52.0
15,-60.0
16,-68.8888888889
17,-62.0
18,-70.0
19,-59.7
20,-59.0
21,-83.6
22,-67.0
23,-63.4
24,-70.8181818182
25,-67.0
26,-60.0
