frequency,pdr
11,-58.3
12,-58.0
13,-55.0
14,-57.3333333333
15,-55.0
16,-55.0
17,-70.1111111111
18,-55.3
19,-55.0
20,-60.7
21,-64.1
22,-59.8
23,-55.1
24,-55.0
25,-63.6
26,-72.7
