frequency,pdr
11,-58.0
12,-70.0
13,-60.4
14,-57.8888888889
15,-72.1
16,-63.3333333333
17,-57.4
18,-55.0
19,-58.0
20,-57.4
21,-59.6
22,-65.5
23,-61.0
24,-60.9
25,-67.0
26,-60.0
