frequency,pdr
11,-68.5
12,-68.5555555556
13,-56.2222222222
14,-69.4
15,-58.0
16,-62.9
17,-59.9
18,-70.0
19,-61.0
20,-62.6
21,-54.0
22,-67.0
23,-71.7
24,-66.2
25,-76.7142857143
26,-70.0
