frequency,pdr
11,-46.8
12,-51.7
13,-49.0
14,-55.0
15,-55.0
16,-49.0
17,-50.2
18,-65.1
19,-67.1111111111
20,-52.2
21,-66.5454545455
22,-66.8
23,-55.0
24,-55.0
25,-70.8
26,-55.0
