frequency,pdr
11,-52.0
12,-71.3333333333
13,-60.3
14,-58.5555555556
15,-54.1
16,-53.6
17,-51.5
18,-60.4
19,-51.7
20,-51.9
21,-51.0
22,-48.3
23,-52.8
24,-53.0
25,-56.5
26,-59.6
