frequency,pdr
11,-58.2
12,-69.5555555556
13,-63.5555555556
14,-73.2222222222
15,-62.4
16,-64.0
17,-65.4
18,-61.0
19,-61.4
20,-64.0
21,-70.0
22,-65.4
23,-58.0
24,-60.1
25,-63.8
26,-66.5
