frequency,pdr
11,-57.2
12,-54.8
13,-50.0
14,-53.6363636364
15,-60.3
16,-49.0
17,-47.8
18,-52.0
19,-49.0
20,-56.8
21,-55.0
22,-55.0
23,-53.0
24,-52.5454545455
25,-60.9
26,-64.0
