frequency,pdr
11,-55.0
12,-59.5555555556
13,-67.1111111111
14,-66.2
15,-57.4
16,-58.0
17,-63.9
18,-58.3
19,-58.4
20,-61.0
21,-66.6
22,-71.1
23,-65.8
24,-70.8
25,-68.2
26,-66.7
