frequency,pdr
11,-67.2
12,-62.8888888889
13,-70.4
14,-62.3333333333
15,-64.9
16,-59.3
17,-76.2
18,-70.0
19,-72.5
20,-71.9
21,-60.3
22,-63.3
23,-67.1
24,-68.4
25,-66.7
26,-66.9
