frequency,pdr
11,-65.8888888889
12,-49.6666666667
13,-47.6666666667
14,-60.0
15,-48.2
16,-48.9
17,-49.9
18,-54.9
19,-46.7
20,-47.5
21,-68.7
22,-51.7
23,-54.5
24,-49.0
25,-48.8
26,-65.8
