frequency,pdr
11,-51.1
12,-65.4444444444
13,-60.8
14,-50.7777777778
15,-50.0
16,-55.0
17,-58.1
18,-48.7
19,-52.7
20,-52.0
21,-50.5
22,-46.0
23,-50.1
24,-55.0
25,-55.0
26,-58.3
