frequency,pdr
11,-63.4
12,-68.3333333333
13,-60.8
14,-64.6666666667
15,-80.7
16,-68.2222222222
17,-61.3
18,-66.2
19,-61.0
20,-67.6
21,-62.3
22,-67.7
23,-67.0
24,-64.1
25,-61.0
26,-70.0
