frequency,pdr
11,-76.3333333333
12,-69.7
13,-67.0
14,-70.0
15,-67.4
16,-67.4444444444
17,-73.3
18,-73.6
19,-67.0
20,-72.0
21,-61.0
22,-67.0
23,-65.0
24,-67.5
25,-64.0
26,-61.7
