frequency,pdr
11,-61.8
12,-58.0
13,-60.3
14,-57.125
15,-55.3
16,-64.3333333333
17,-68.5
18,-64.8
19,-66.3
20,-61.1
21,-58.1
22,-74.3
23,-63.3
24,-69.9
25,-69.1818181818
26,-60.4
