frequency,pdr
11,-58.4444444444
12,-67.0
13,-72.4444444444
14,-68.8888888889
15,-61.0
16,-77.1111111111
17,-69.8
18,-70.0
19,-64.4
20,-69.2
21,-67.4
22,-58.0
23,-70.2
24,-67.6
25,-70.1
26,-81.1
