frequency,pdr
11,-61.7
12,-60.6
13,-53.8
14,-66.2222222222
15,-58.0
16,-62.1111111111
17,-61.0
18,-71.4
19,-69.8
20,-66.7
21,-66.9
22,-61.9
23,-61.8
24,-62.6
25,-67.3
26,-67.1
