frequency,pdr
11,-53.2
12,-56.8888888889
13,-58.7
14,-57.1818181818
15,-55.3
16,-62.1
17,-58.9
18,-54.1
19,-52.0
20,-66.7
21,-70.4
22,-57.0
23,-60.0
24,-52.0
25,-54.1
26,-57.1
