frequency,pdr
11,-66.9
12,-63.5555555556
13,-67.2222222222
14,-70.75
15,-69.0
16,-54.5
17,-58.0
18,-63.3
19,-68.6
20,-67.0
21,-61.0
22,-63.4
23,-62.8
24,-67.0
25,-63.9
26,-66.8
