frequency,pdr
11,-58.5
12,-55.0
13,-64.1111111111
14,-60.8888888889
15,-60.3
16,-55.1
17,-61.0
18,-58.0
19,-68.3
20,-74.6
21,-55.0
22,-61.1
23,-66.9
24,-61.0
25,-60.8
26,-65.8
