frequency,pdr
11,-49.0
12,-55.8888888889
13,-61.8888888889
14,-52.5555555556
15,-54.3
16,-54.8
17,-56.7
18,-60.7
19,-63.4
20,-52.0
21,-54.9
22,-67.0
23,-62.5
24,-55.0
25,-53.7
26,-63.2
