frequency,pdr
11,-58.0
12,-57.2
13,-67.0
14,-60.2222222222
15,-72.1111111111
16,-58.7
17,-60.7
18,-68.5
19,-63.8
20,-69.3
21,-61.5
22,-58.4
23,-59.4
24,-64.0
25,-73.0
26,-58.0
