frequency,pdr
11,-54.8
12,-52.0
13,-62.6666666667
14,-55.2222222222
15,-49.2
16,-49.0
17,-57.2
18,-49.6
19,-52.0
20,-53.5
21,-68.7
22,-52.1
23,-54.1
24,-66.4
25,-55.0
26,-52.8
