frequency,pdr
11,-73.4444444444
12,-64.5555555556
13,-70.8888888889
14,-70.0
15,-75.7
16,-73.7
17,-61.5
18,-59.8
19,-67.2
20,-75.2
21,-67.4
22,-61.9
23,-67.0
24,-68.8888888889
25,-70.7
26,-67.0
