frequency,pdr
11,-63.2
12,-63.1111111111
13,-54.8
14,-58.5
15,-62.8
16,-66.6
17,-55.0
18,-55.0
19,-57.4
20,-54.9
21,-58.0
22,-69.1
23,-64.5454545455
24,-52.7
25,-54.5
26,-57.7
