frequency,pdr
11,-60.7
12,-59.8888888889
13,-63.0
14,-55.0
15,-53.4
16,-55.8
17,-58.0
18,-65.4
19,-55.2
20,-59.1
21,-80.0
22,-66.0
23,-66.1
24,-66.8888888889
25,-61.0
26,-63.1
