frequency,pdr
11,-70.8888888889
12,-63.0
13,-63.3333333333
14,-67.0
15,-68.1
16,-61.9
17,-63.8
18,-70.0
19,-67.3
20,-64.8
21,-64.7
22,-56.2
23,-64.0
24,-64.0
25,-74.1
26,-65.3
