frequency,pdr
11,-62.6666666667
12,-59.2222222222
13,-66.0
14,-59.7
15,-58.4
16,-55.0
17,-63.1
18,-63.6
19,-68.4
20,-65.1
21,-62.5
22,-81.0
23,-58.8
24,-67.6666666667
25,-55.0
26,-72.2
