frequency,pdr
11,-56.0
12,-61.6666666667
13,-62.4444444444
14,-65.3
15,-59.6
16,-61.0
17,-60.4
18,-61.0
19,-58.2
20,-55.0
21,-58.0
22,-55.3
23,-61.0
24,-64.0
25,-58.0
26,-59.0
