frequency,pdr
11,-57.9
12,-67.0
13,-64.4444444444
14,-64.2
15,-66.9
16,-63.5
17,-62.0
18,-60.8
19,-66.3
20,-59.0
21,-64.0
22,-60.9
23,-68.2
24,-63.6666666667
25,-80.5
26,-67.0
