frequency,pdr
11,-55.7
12,-72.6666666667
13,-59.6666666667
14,-55.8
15,-55.0
16,-61.9
17,-49.0
18,-55.0
19,-55.0
20,-52.0
21,-55.0
22,-55.0
23,-57.4
24,-60.6
25,-55.1
26,-55.0
