frequency,pdr
11,-60.7
12,-60.6666666667
13,-56.1111111111
14,-55.0
15,-60.1
16,-57.7
17,-57.8
18,-58.0
19,-57.4
20,-62.1
21,-61.0
22,-58.0
23,-60.4
24,-64.7777777778
25,-70.0
26,-70.9
