frequency,pdr
11,-58.0
12,-61.3
13,-59.5555555556
14,-67.0
15,-70.0
16,-67.0
17,-58.0
18,-60.2
19,-63.8
20,-53.7
21,-55.0
22,-55.0
23,-64.4
24,-62.5555555556
25,-66.0
26,-59.0
