frequency,pdr
11,-59.9
12,-60.7777777778
13,-60.4444444444
14,-58.1
15,-58.0
16,-61.6
17,-67.0
18,-64.0
19,-64.0
20,-59.1
21,-67.4
22,-62.9
23,-62.3
24,-70.0
25,-69.0
26,-74.8
