frequency,pdr
11,-68.4
12,-72.2222222222
13,-68.8
14,-58.0
15,-64.0
16,-67.6
17,-55.0
18,-53.5
19,-57.3
20,-63.0
21,-66.8
22,-63.8
23,-59.3
24,-78.3333333333
25,-58.4
26,-55.0
