frequency,pdr
11,-65.5
12,-59.3333333333
13,-65.5555555556
14,-59.7
15,-74.5
16,-70.2
17,-67.6
18,-73.3
19,-66.8
20,-73.6
21,-69.5
22,-64.9
23,-64.8
24,-68.5454545455
25,-58.0
26,-63.5
