frequency,pdr
11,-65.7777777778
12,-53.7
13,-53.8
14,-54.7
15,-53.1
16,-52.0
17,-62.7
18,-61.0
19,-58.0
20,-61.0
21,-62.5
22,-61.2
23,-52.4
24,-51.4444444444
25,-65.8
26,-56.6
