frequency,pdr
11,-58.0
12,-65.6666666667
13,-64.4444444444
14,-68.5
15,-67.0
16,-66.7
17,-61.4
18,-67.0
19,-60.6
20,-61.6
21,-70.3
22,-61.1
23,-61.0
24,-61.0
25,-67.0
26,-58.8
