frequency,pdr
11,-64.8
12,-67.7
13,-60.3
14,-54.8
15,-60.5
16,-67.4
17,-67.5
18,-64.0
19,-63.0
20,-62.2
21,-64.0
22,-77.4285714286
23,-64.0
24,-63.5555555556
25,-58.1
26,-60.5
