frequency,pdr
11,-63.1
12,-63.5
13,-58.7777777778
14,-61.2
15,-73.5
16,-64.3
17,-56.3
18,-66.5
19,-61.0
20,-71.0
21,-67.0
22,-63.7
23,-63.8
24,-61.6666666667
25,-61.0
26,-58.3
