frequency,pdr
11,-59.1
12,-55.3333333333
13,-59.7777777778
14,-74.7
15,-68.6
16,-64.0
17,-69.1
18,-76.7
19,-68.7
20,-67.3
21,-65.4
22,-58.0
23,-59.7
24,-71.1111111111
25,-61.1
26,-64.0
