frequency,pdr
11,-67.0
12,-67.2222222222
13,-58.0
14,-58.3
15,-64.0
16,-67.3
17,-62.4
18,-60.2
19,-59.9
20,-61.3
21,-55.9
22,-64.0
23,-64.0
24,-59.2222222222
25,-64.5
26,-67.7
