frequency,pdr
11,-63.3
12,-60.2
13,-62.4444444444
14,-65.0
15,-56.5
16,-58.4
17,-66.9
18,-59.0
19,-55.0
20,-58.0
21,-67.2
22,-59.5
23,-64.0
24,-60.2727272727
25,-67.0
26,-65.8
