frequency,pdr
11,-59.5
12,-81.0
13,-61.3333333333
14,-68.3
15,-55.8
16,-59.0
17,-64.1
18,-66.0
19,-62.7
20,-60.5
21,-58.5
22,-61.1
23,-62.1
24,-73.1111111111
25,-65.5
26,-65.3
