frequency,pdr
11,-51.9
12,-53.8
13,-60.1111111111
14,-67.0
15,-59.1
16,-70.2
17,-58.0
18,-62.6
19,-64.9
20,-67.0
21,-58.0
22,-62.9
23,-61.0
24,-54.5555555556
25,-64.0
26,-68.0
