frequency,pdr
11,-63.9
12,-57.0
13,-62.5555555556
14,-67.2
15,-71.5
16,-58.0
17,-70.9
18,-64.2
19,-57.8
20,-61.6
21,-54.9
22,-52.0
23,-55.6
24,-63.5555555556
25,-62.7
26,-75.3
