frequency,pdr
11,-73.8888888889
12,-62.5555555556
13,-68.7777777778
14,-59.0
15,-55.0
16,-58.0
17,-61.0
18,-62.7
19,-67.1
20,-61.0
21,-62.8
22,-58.9
23,-67.0
24,-59.6
25,-63.0
26,-64.8
