frequency,pdr
11,-76.2222222222
12,-67.1111111111
13,-66.0
14,-58.0
15,-66.7
16,-66.3
17,-67.0
18,-67.0
19,-75.2
20,-64.4
21,-59.6
22,-59.7
23,-63.5
24,-60.7
25,-67.0
26,-64.0
