frequency,pdr
11,-51.8
12,-58.2222222222
13,-64.9
14,-55.1
15,-51.7
16,-54.2
17,-58.5
18,-60.5
19,-59.1
20,-61.0
21,-54.3
22,-54.8
23,-62.3
24,-61.3333333333
25,-52.0
26,-52.4
