frequency,pdr
11,-55.0
12,-57.5555555556
13,-58.5
14,-63.5
15,-64.8
16,-55.3
17,-59.1
18,-56.1
19,-55.0
20,-55.0
21,-55.0
22,-58.2
23,-58.0
24,-68.5555555556
25,-61.1
26,-63.9
