frequency,pdr
11,-74.7777777778
12,-59.6
13,-55.2
14,-55.0
15,-67.4
16,-63.4
17,-60.8
18,-67.9
19,-65.0
20,-62.9
21,-63.2
22,-57.5
23,-64.3
24,-63.3636363636
25,-67.0
26,-63.3
