frequency,pdr
11,-43.0
12,-45.5555555556
13,-48.6666666667
14,-54.3
15,-53.2
16,-53.3
17,-47.5
18,-46.2
19,-53.8
20,-45.7
21,-43.0
22,-41.1
23,-46.0
24,-56.9
25,-50.2
26,-48.5
