frequency,pdr
11,-62.2
12,-67.7272727273
13,-60.7
14,-68.7
15,-61.4
16,-54.0
17,-54.0
18,-61.2
19,-64.6
20,-66.6
21,-62.8
22,-64.0
23,-63.8
24,-71.6666666667
25,-62.5
26,-59.8
