frequency,pdr
11,-64.6666666667
12,-58.3333333333
13,-57.6
14,-62.3
15,-58.5
16,-62.3
17,-60.9
18,-63.6
19,-66.9
20,-61.9
21,-61.0
22,-55.0
23,-65.5
24,-67.1111111111
25,-63.5
26,-58.7
