frequency,pdr
11,-57.7
12,-58.2
13,-64.8888888889
14,-65.3
15,-58.9
16,-55.0
17,-54.9
18,-64.5
19,-59.5
20,-55.0
21,-60.2
22,-61.8
23,-55.0
24,-60.8888888889
25,-59.9
26,-59.4
