frequency,pdr
11,-50.9
12,-51.5555555556
13,-61.0
14,-59.5
15,-55.0
16,-60.6
17,-69.0
18,-65.0
19,-55.0
20,-55.0
21,-67.1
22,-55.0
23,-50.0
24,-68.6666666667
25,-55.0
26,-70.2
