frequency,pdr
11,-55.8
12,-64.3333333333
13,-64.8888888889
14,-64.9
15,-67.6
16,-59.3
17,-60.8
18,-59.9
19,-58.8
20,-64.0
21,-64.2
22,-69.7
23,-66.5
24,-63.5
25,-72.9
26,-66.4
