frequency,pdr
11,-68.7
12,-58.2222222222
13,-64.0
14,-62.3
15,-60.7
16,-58.0
17,-67.3
18,-70.0
19,-64.0
20,-59.5
21,-69.6
22,-57.0
23,-58.7
24,-72.6666666667
25,-64.0
26,-64.7
