frequency,pdr
11,-56.0
12,-57.7777777778
13,-60.3333333333
14,-57.0
15,-57.0
16,-64.1
17,-60.0
18,-55.0
19,-65.8
20,-64.0
21,-65.4
22,-55.4
23,-52.0
24,-55.9
25,-63.9
26,-58.0
