frequency,pdr
11,-51.1
12,-52.2222222222
13,-48.9
14,-47.0
15,-55.0
16,-49.2
17,-45.9
18,-49.0
19,-52.1
20,-43.5
21,-43.0
22,-48.5
23,-47.3
24,-60.3333333333
25,-54.6
26,-50.7
