frequency,pdr
11,-56.2
12,-70.1428571429
13,-58.0
14,-62.5
15,-68.4
16,-61.0
17,-53.1
18,-58.2
19,-65.4
20,-65.2
21,-64.0
22,-76.8888888889
23,-64.4
24,-58.0
25,-61.9
26,-66.6
