frequency,pdr
11,-55.1
12,-68.2222222222
13,-53.0
14,-59.0
15,-58.0
16,-61.0
17,-56.3
18,-64.0
19,-55.0
20,-54.5
21,-67.4
22,-61.6
23,-55.0
24,-68.1818181818
25,-58.0
26,-67.0
