frequency,pdr
11,-57.4
12,-59.1111111111
13,-58.0
14,-62.5
15,-65.5
16,-63.9
17,-68.1
18,-61.2
19,-55.4
20,-62.1
21,-63.5
22,-65.9
23,-65.5
24,-62.2727272727
25,-58.6
26,-55.0
