frequency,pdr
11,-55.9
12,-68.8888888889
13,-68.5555555556
14,-61.6
15,-60.2
16,-58.2
17,-64.0
18,-58.3
19,-60.3
20,-74.3
21,-67.0
22,-60.0
23,-63.1
24,-59.3333333333
25,-68.1
26,-58.5
