frequency,pdr
11,-61.0
12,-57.5555555556
13,-68.4444444444
14,-55.0
15,-55.0
16,-69.0
17,-61.0
18,-52.7
19,-52.0
20,-51.0
21,-52.0
22,-56.0909090909
23,-59.3
24,-67.0
25,-59.0
26,-59.8
