frequency,pdr
11,-54.8
12,-52.0
13,-58.7777777778
14,-52.0
15,-52.8
16,-61.0
17,-60.9
18,-60.1
19,-55.0
20,-53.0
21,-55.0
22,-54.9
23,-62.5
24,-59.7777777778
25,-55.0
26,-55.2
