frequency,pdr
11,-61.3
12,-71.2222222222
13,-62.6
14,-58.9
15,-64.0
16,-63.8
17,-64.3
18,-64.0
19,-56.8
20,-61.0
21,-67.0
22,-63.8
23,-63.8
24,-60.2222222222
25,-61.0
26,-79.3
