frequency,pdr
11,-58.0
12,-69.2222222222
13,-56.3
14,-68.4
15,-52.1
16,-53.8
17,-64.9
18,-58.0
19,-55.9
20,-52.0
21,-50.2
22,-65.9
23,-55.0
24,-61.3333333333
25,-57.6
26,-55.0
