frequency,pdr
11,-55.3
12,-76.8888888889
13,-75.2
14,-61.8
15,-55.0
16,-52.0
17,-52.3
18,-57.0
19,-55.0
20,-58.5
21,-59.4
22,-67.0
23,-58.2
24,-62.2222222222
25,-55.1
26,-52.0
