frequency,pdr
11,-75.3333333333
12,-68.7777777778
13,-58.9
14,-61.0
15,-58.0
16,-57.1
17,-61.0
18,-61.0
19,-54.0
20,-57.1818181818
21,-55.0
22,-55.2
23,-58.0
24,-56.9
25,-63.1
26,-58.1
