frequency,pdr
11,-65.7777777778
12,-55.6
13,-70.6
14,-66.6
15,-63.1
16,-62.8
17,-71.5
18,-70.0
19,-62.9
20,-64.6
21,-67.0
22,-61.1
23,-56.0
24,-65.6666666667
25,-63.7
26,-58.9
