frequency,pdr
11,-59.4
12,-71.1111111111
13,-57.5
14,-72.3
15,-61.0
16,-60.2
17,-53.3
18,-56.0
19,-68.5
20,-59.6
21,-66.2
22,-60.5
23,-54.6
24,-59.8888888889
25,-58.0
26,-52.2
