frequency,pdr
11,-60.5
12,-65.5555555556
13,-55.0
14,-58.0
15,-60.8
16,-55.0
17,-55.9
18,-64.7
19,-63.0
20,-59.1
21,-72.8
22,-62.9
23,-57.4
24,-65.3333333333
25,-55.0
26,-56.0
