frequency,pdr
11,-49.0
12,-56.6666666667
13,-67.4
14,-63.8
15,-58.7
16,-55.0
17,-56.3
18,-53.8
19,-60.0
20,-55.0
21,-63.1
22,-60.5
23,-60.8
24,-58.3333333333
25,-52.3
26,-54.0
