frequency,pdr
11,-69.3333333333
12,-54.8888888889
13,-52.0
14,-53.7
15,-67.0
16,-61.1
17,-66.2
18,-57.4
19,-65.5
20,-65.0
21,-62.4
22,-67.0
23,-58.0
24,-64.0
25,-52.0
26,-51.6
