frequency,pdr
11,-56.0
12,-54.7777777778
13,-52.1
14,-49.0
15,-49.0
16,-52.0
17,-54.9
18,-56.3
19,-50.2
20,-49.0
21,-47.2
22,-52.1
23,-55.0
24,-63.6666666667
25,-60.7
26,-58.8
