frequency,pdr
11,-74.4444444444
12,-66.4444444444
13,-55.0
14,-62.4
15,-60.7
16,-59.7
17,-55.0
18,-61.1
19,-75.2
20,-63.0
21,-63.9
22,-65.7
23,-64.0
24,-64.0
25,-65.2
26,-63.8
