frequency,pdr
11,-70.5
12,-70.7777777778
13,-63.8
14,-55.0
15,-55.0
16,-59.0
17,-55.0
18,-61.2
19,-61.0
20,-62.0
21,-56.6
22,-59.0
23,-61.0
24,-59.3333333333
25,-64.8
26,-66.7
