frequency,pdr
11,-67.6666666667
12,-51.7
13,-49.3
14,-49.0
15,-54.9
16,-63.4
17,-52.6
18,-55.0
19,-58.0
20,-55.0
21,-52.1
22,-66.5
23,-55.8
24,-64.6666666667
25,-65.8
26,-59.8
