frequency,pdr
11,-56.6
12,-71.7777777778
13,-57.1
14,-67.0
15,-55.0
16,-55.9
17,-64.0
18,-57.1
19,-54.9
20,-56.7
21,-64.0
22,-62.6
23,-72.6
24,-67.3333333333
25,-60.9
26,-56.4
