frequency,pdr
11,-52.0
12,-68.6666666667
13,-58.5
14,-70.5555555556
15,-57.8
16,-64.6
17,-56.7
18,-63.5
19,-61.0
20,-62.8
21,-55.0
22,-58.1
23,-56.2
24,-58.5555555556
25,-51.0
26,-52.1
