frequency,pdr
11,-55.2
12,-57.6666666667
13,-69.7
14,-61.0
15,-61.0
16,-67.1
17,-59.0
18,-56.9
19,-72.1818181818
20,-61.1
21,-68.9
22,-66.5
23,-73.6
24,-66.6
25,-70.0
26,-76.3
