frequency,pdr
11,-61.4
12,-55.1
13,-57.6
14,-57.2
15,-67.0
16,-61.5
17,-61.0
18,-60.4
19,-69.2
20,-62.1
21,-60.5
22,-55.0
23,-74.8571428571
24,-64.3333333333
25,-61.1
26,-52.3
