frequency,pdr
11,-53.3
12,-61.5555555556
13,-56.5
14,-58.0
15,-55.0
16,-65.8
17,-59.2
18,-69.1
19,-56.0
20,-63.9
21,-62.0
22,-56.2
23,-52.3
24,-58.0
25,-70.1111111111
26,-62.7
