frequency,pdr
11,-49.8
12,-52.6666666667
13,-58.1111111111
14,-46.9
15,-48.3
16,-54.9
17,-47.5
18,-50.1
19,-52.0
20,-49.0
21,-56.5
22,-48.4
23,-55.7
24,-55.1
25,-57.8888888889
26,-52.0
