frequency,pdr
11,-58.3
12,-60.9
13,-70.5555555556
14,-52.0
15,-53.0
16,-51.2
17,-48.3
18,-46.8
19,-47.3
20,-49.1
21,-51.4
22,-49.7
23,-48.8
24,-49.2
25,-61.8888888889
26,-58.1
