frequency,pdr
11,-55.0
12,-55.6363636364
13,-59.2222222222
14,-65.2
15,-45.0
16,-46.1
17,-47.8
18,-61.4
19,-51.0
20,-60.0
21,-49.3
22,-58.0
23,-55.3
24,-52.0
25,-50.7
26,-52.1
