frequency,pdr
11,-51.7
12,-55.0
13,-53.1111111111
14,-47.0
15,-49.0
16,-53.5
17,-50.6
18,-60.9
19,-69.4
20,-55.0
21,-65.7
22,-50.0
23,-51.8
24,-64.1
25,-54.6666666667
26,-56.1
