frequency,pdr
11,-65.2222222222
12,-55.2
13,-57.6666666667
14,-55.0
15,-47.9
16,-52.3
17,-49.0
18,-55.0
19,-55.2
20,-52.0
21,-49.0
22,-54.3
23,-52.0
24,-52.2
25,-54.9
26,-59.8
