frequency,pdr
11,-55.9
12,-66.5
13,-57.1111111111
14,-55.9
15,-55.0
16,-48.2
17,-55.6
18,-58.0
19,-63.1
20,-52.3
21,-51.7
22,-54.0
23,-60.9
24,-58.1
25,-72.8888888889
26,-58.0
