frequency,pdr
11,-61.4444444444
12,-63.7777777778
13,-66.25
14,-74.4
15,-64.3
16,-61.3
17,-63.6
18,-74.4
19,-66.2
20,-61.0
21,-64.4
22,-70.8888888889
23,-74.1666666667
24,-65.0
25,-64.0
26,-69.8
