frequency,pdr
11,-60.1
12,-61.0
13,-66.8888888889
14,-71.4
15,-80.0
16,-60.7
17,-56.8
18,-76.7
19,-64.0
20,-64.5
21,-61.0
22,-62.9
23,-62.9
24,-61.0
25,-65.2222222222
26,-63.7
