frequency,pdr
11,-56.0
12,-66.5555555556
13,-61.3333333333
14,-61.0
15,-52.2
16,-56.1
17,-62.7
18,-50.5
19,-58.0
20,-49.0
21,-48.9
22,-55.0
23,-50.6
24,-49.0
25,-48.6
26,-51.5
