frequency,pdr
11,-65.7777777778
12,-53.6
13,-62.2222222222
14,-55.0
15,-55.3
16,-55.0
17,-52.0
18,-47.0
19,-49.0
20,-49.0
21,-51.4
22,-49.0
23,-51.6
24,-52.2
25,-54.9
26,-55.0
