frequency,pdr
11,-54.9
12,-49.0
13,-54.8888888889
14,-49.3
15,-51.9
16,-52.0
17,-52.0
18,-52.0
19,-55.0
20,-54.9
21,-62.1
22,-60.2
23,-53.3
24,-61.0
25,-65.6666666667
26,-58.7
