frequency,pdr
11,-47.2
12,-57.0
13,-49.0
14,-52.0
15,-48.0
16,-58.6
17,-53.3
18,-52.0
19,-54.5
20,-58.0
21,-51.9
22,-56.8
23,-53.3
24,-55.0
25,-49.2222222222
26,-64.4444444444
