frequency,pdr
11,-61.5555555556
12,-57.4444444444
13,-49.3333333333
14,-49.2
15,-57.4
16,-55.8
17,-52.3
18,-57.6
19,-57.4
20,-64.0
21,-64.6
22,-59.7
23,-56.0
24,-49.2
25,-49.1
26,-52.4
