frequency,pdr
11,-52.3
12,-58.2222222222
13,-62.7777777778
14,-60.9
15,-61.1
16,-59.7
17,-66.8
18,-64.6
19,-63.8
20,-65.2
21,-67.0
22,-67.0
23,-66.3
24,-58.2
25,-63.1111111111
26,-52.3
