frequency,pdr
11,-55.1
12,-71.5555555556
13,-71.1111111111
14,-69.8
15,-62.0
16,-59.8
17,-58.0
18,-72.3
19,-67.3
20,-64.0
21,-69.2
22,-74.3
23,-58.0
24,-58.0
25,-61.0
26,-59.7
