frequency,pdr
11,-59.1
12,-64.8888888889
13,-55.3333333333
14,-55.9
15,-55.0
16,-68.1
17,-61.1
18,-51.4
19,-61.5
20,-50.7
21,-55.0
22,-64.2
23,-64.3
24,-55.0
25,-54.9
26,-59.6
