frequency,pdr
11,-49.9
12,-49.6
13,-63.3333333333
14,-55.0
15,-61.0
16,-57.6
17,-55.0909090909
18,-49.1
19,-52.9
20,-54.0
21,-62.6
22,-54.3
23,-52.0
24,-51.1
25,-57.9
26,-65.8
