frequency,pdr
11,-59.3
12,-57.6
13,-57.3333333333
14,-62.0
15,-54.0
16,-54.0
17,-55.7
18,-60.3
19,-55.0
20,-66.3
21,-71.8
22,-61.0
23,-59.7
24,-55.0
25,-70.4444444444
26,-65.7
