frequency,pdr
11,-55.0
12,-52.4444444444
13,-50.1
14,-49.0
15,-54.4
16,-49.0
17,-61.0
18,-60.1
19,-55.0
20,-58.0
21,-55.0
22,-55.0
23,-69.2
24,-59.4
25,-54.5555555556
26,-60.8
