frequency,pdr
11,-53.5
12,-55.1111111111
13,-66.0
14,-68.0
15,-55.9
16,-55.0
17,-64.7
18,-55.0
19,-50.2
20,-55.0
21,-49.0
22,-52.9
23,-52.8
24,-55.0
25,-67.8888888889
26,-54.5
