frequency,pdr
11,-51.9
12,-65.75
13,-51.6666666667
14,-58.2
15,-49.0
16,-58.0
17,-50.6
18,-53.5
19,-54.2
20,-50.2
21,-45.9
22,-49.3
23,-49.0
24,-58.0
25,-66.1111111111
26,-51.5
