frequency,pdr
11,-49.5
12,-53.0
13,-59.9
14,-61.2
15,-55.6
16,-46.0
17,-48.8
18,-59.6
19,-52.7
20,-58.2
21,-61.0
22,-58.0
23,-59.5454545455
24,-59.5
25,-62.5555555556
26,-50.5
