frequency,pdr
11,-50.9
12,-57.1111111111
13,-57.1111111111
14,-46.9
15,-54.1
16,-45.9
17,-44.7
18,-43.4
19,-46.0
20,-43.0
21,-40.1
22,-43.0
23,-40.0
24,-43.0
25,-43.0
26,-42.3
