frequency,pdr
11,-67.0
12,-79.2222222222
13,-70.8888888889
14,-66.7
15,-62.5
16,-60.6
17,-69.4
18,-82.6666666667
19,-62.5
20,-61.0
21,-69.3
22,-66.7
23,-56.7
24,-68.3
25,-61.0
26,-69.9
