frequency,pdr
11,-52.0
12,-57.4444444444
13,-49.0
14,-50.0
15,-51.7
16,-55.5
17,-50.7
18,-52.0
19,-66.0
20,-59.4
21,-60.7
22,-66.0
23,-54.9
24,-53.4
25,-55.4444444444
26,-70.1
