frequency,pdr
11,-51.5
12,-55.2222222222
13,-56.1111111111
14,-55.0
15,-55.3
16,-52.0
17,-54.4
18,-62.7272727273
19,-56.0
20,-58.1
21,-59.8
22,-61.6
23,-56.0
24,-65.9
25,-57.9
26,-56.0
