frequency,pdr
11,-50.0
12,-51.4
13,-55.7272727273
14,-46.0
15,-49.1
16,-52.1
17,-53.9
18,-53.4
19,-52.9
20,-60.6
21,-59.3
22,-58.6
23,-57.8
24,-58.0
25,-56.2
26,-72.2222222222
