frequency,pdr
11,1.5873015873
12,0.952380952381
13,0.793650793651
14,1.42857142857
15,1.42857142857
16,1.42857142857
17,1.42857142857
18,1.11111111111
19,1.42857142857
20,1.26984126984
21,1.5873015873
22,1.26984126984
23,1.5873015873
24,1.5873015873
25,1.5873015873
26,1.5873015873
