frequency,pdr
11,1.26984126984
12,1.26984126984
13,0.47619047619
14,1.5873015873
15,1.5873015873
16,1.5873015873
17,1.5873015873
18,0.793650793651
19,1.5873015873
20,1.5873015873
21,1.5873015873
22,1.5873015873
23,1.5873015873
24,1.5873015873
25,1.5873015873
26,1.5873015873
