frequency,pdr
11,-76.2222222222
12,-64.3333333333
13,-61.0
14,-67.0
15,-60.0
16,-61.0
17,-64.3
18,-67.0
19,-66.8
20,-59.0
21,-61.0
22,-65.0
23,-61.0
24,-64.7
25,-60.4
26,-60.8
