frequency,pdr
11,-43.0
12,-48.8
13,-48.9
14,-61.4444444444
15,-43.0
16,-45.4
17,-46.4
18,-56.5
19,-61.9
20,-57.7
21,-61.3
22,-52.2
23,-70.2222222222
24,-59.5
25,-49.2
26,-43.2
