frequency,pdr
11,-55.0
12,-58.4444444444
13,-51.5
14,-48.6666666667
15,-43.0
16,-46.4
17,-51.2
18,-49.0
19,-52.6
20,-49.1
21,-49.4
22,-55.9
23,-48.8
24,-52.7
25,-47.9
26,-49.0
