frequency,pdr
11,-69.8
12,-63.5555555556
13,-69.8888888889
14,-58.0
15,-64.6
16,-64.0
17,-63.9
18,-61.0
19,-68.4
20,-70.0
21,-82.4
22,-64.8
23,-74.5
24,-67.0
25,-68.6
26,-62.7
