frequency,pdr
11,-46.2
12,-56.8888888889
13,-43.0
14,-46.1111111111
15,-49.4
16,-48.6
17,-50.4
18,-43.0
19,-46.0
20,-46.1
21,-46.0
22,-43.0
23,-46.0
24,-56.7
25,-47.1
26,-46.0
