frequency,pdr
11,-53.3
12,-52.2222222222
13,-55.0
14,-55.0
15,-65.7
16,-69.3
17,-55.0
18,-55.0
19,-55.0
20,-56.2
21,-62.5
22,-55.0
23,-76.1111111111
24,-67.0
25,-68.2
26,-55.3
