frequency,pdr
11,-60.0
12,-62.6666666667
13,-63.3333333333
14,-66.6666666667
15,-58.0
16,-62.0
17,-59.4
18,-62.3
19,-61.0
20,-67.0
21,-59.0
22,-71.2
23,-59.0
24,-61.4
25,-78.2
26,-71.4
