frequency,pdr
11,-56.0
12,-55.1111111111
13,-60.4
14,-55.0
15,-51.9
16,-59.1
17,-55.0
18,-55.0
19,-58.7
20,-58.0
21,-67.4444444444
22,-52.0
23,-50.0
24,-49.8
25,-54.9
26,-55.0
