frequency,pdr
11,-69.0
12,-52.2222222222
13,-49.7
14,-58.4444444444
15,-55.0
16,-49.3
17,-60.7
18,-48.0
19,-54.7
20,-55.9
21,-46.0
22,-47.3
23,-46.8
24,-60.4
25,-64.1
26,-52.9
