frequency,pdr
11,-55.5555555556
12,-55.0
13,-62.5
14,-65.5555555556
15,-55.0
16,-67.0
17,-58.0
18,-55.0
19,-55.7
20,-58.0
21,-62.0
22,-57.1
23,-52.0
24,-55.5
25,-67.7
26,-56.9
