frequency,pdr
11,-65.4
12,-59.9
13,-69.1111111111
14,-57.3333333333
15,-57.6
16,-52.0
17,-67.2727272727
18,-56.0
19,-54.9
20,-53.0
21,-52.0
22,-68.5
23,-56.4
24,-52.0
25,-53.9
26,-53.2
