frequency,pdr
11,-50.8
12,-59.5555555556
13,-62.5555555556
14,-58.2
15,-55.0
16,-49.3
17,-46.0
18,-46.0
19,-46.0
20,-51.5
21,-63.4
22,-55.0
23,-59.3
24,-56.8
25,-57.3
26,-48.0
