frequency,pdr
11,-53.6
12,-62.4
13,-66.5555555556
14,-59.2222222222
15,-64.3
16,-58.2
17,-64.6
18,-62.7
19,-64.6
20,-76.6
21,-73.0
22,-60.6
23,-59.4
24,-63.8
25,-67.0
26,-66.3
