frequency,pdr
11,-61.0
12,-65.2222222222
13,-62.6
14,-63.3333333333
15,-59.9
16,-65.8
17,-55.0
18,-60.3
19,-70.2
20,-68.4
21,-61.0
22,-61.0
23,-60.6
24,-65.0
25,-58.8
26,-58.0
