frequency,pdr
11,-47.8
12,-61.5555555556
13,-45.8
14,-50.8888888889
15,-49.0
16,-51.0
17,-52.0
18,-46.0
19,-44.1
20,-55.7
21,-47.9090909091
22,-57.8
23,-49.8
24,-53.1
25,-55.0
26,-46.0
