frequency,pdr
11,-61.0
12,-65.7777777778
13,-65.4444444444
14,-76.125
15,-64.0
16,-67.0
17,-64.5
18,-55.0
19,-56.1
20,-54.5
21,-62.4
22,-66.1
23,-57.6
24,-68.0
25,-55.0
26,-70.1
