frequency,pdr
11,-61.3
12,-60.9
13,-73.8888888889
14,-61.1111111111
15,-66.9
16,-55.0
17,-55.0
18,-56.5
19,-62.3
20,-55.0
21,-62.4
22,-58.8
23,-64.0
24,-63.3
25,-72.5
26,-69.6
