frequency,pdr
11,-67.5555555556
12,-55.0
13,-57.9
14,-63.4444444444
15,-60.0
16,-49.8
17,-52.1
18,-55.4
19,-62.4
20,-65.0
21,-51.9
22,-61.2
23,-64.7
24,-60.9
25,-55.0
26,-43.9
