frequency,pdr
11,-59.8888888889
12,-63.1111111111
13,-59.7777777778
14,-67.0
15,-69.3
16,-67.0
17,-61.0
18,-67.0
19,-78.3
20,-67.0
21,-58.4
22,-65.1
23,-66.9
24,-65.9
25,-67.0
26,-69.0
