frequency,pdr
11,-70.3333333333
12,-69.0
13,-50.7777777778
14,-49.1
15,-52.0
16,-56.2
17,-60.7
18,-61.4
19,-58.8
20,-52.0
21,-55.3
22,-64.5
23,-53.4
24,-52.0
25,-62.6
26,-68.6
