frequency,pdr
11,-64.6666666667
12,-63.1111111111
13,-70.8
14,-66.0
15,-61.0
16,-60.6
17,-62.6
18,-63.2
19,-68.9
20,-66.3
21,-58.8
22,-65.6
23,-67.2
24,-62.7
25,-70.0
26,-65.3
