frequency,pdr
11,-62.4
12,-64.4444444444
13,-56.7777777778
14,-55.2222222222
15,-62.7
16,-55.0
17,-61.2
18,-58.0
19,-60.1
20,-63.3
21,-61.0
22,-69.8
23,-68.7
24,-65.3
25,-52.0
26,-66.9
