frequency,pdr
11,-52.1
12,-65.1111111111
13,-58.0
14,-59.8888888889
15,-58.0
16,-61.9
17,-61.2
18,-63.2
19,-60.6
20,-67.9
21,-62.5
22,-66.0
23,-55.9
24,-65.1
25,-65.9
26,-70.0
