frequency,pdr
11,-55.0
12,-63.7777777778
13,-65.6
14,-67.7777777778
15,-63.3
16,-63.5
17,-58.0
18,-54.9
19,-57.2
20,-58.7
21,-62.4
22,-56.5
23,-53.6
24,-49.1
25,-52.0
26,-55.0
