frequency,pdr
11,-61.0
12,-54.6666666667
13,-53.6666666667
14,-61.5555555556
15,-49.8
16,-62.1
17,-48.9
18,-49.0
19,-48.9
20,-52.3
21,-46.0
22,-49.8
23,-47.8
24,-41.1
25,-45.8
26,-58.2
