frequency,pdr
11,-53.5
12,-59.5555555556
13,-55.2
14,-53.8888888889
15,-51.7
16,-49.1
17,-52.0
18,-53.9
19,-48.6
20,-52.0
21,-58.4
22,-61.3
23,-51.4
24,-52.0
25,-60.5
26,-61.0
