frequency,pdr
11,-65.2222222222
12,-63.6666666667
13,-81.0
14,-61.0
15,-69.4
16,-64.0
17,-58.0
18,-63.3
19,-70.5
20,-70.0
21,-77.1
22,-63.5
23,-64.1
24,-60.6
25,-67.0
26,-61.1
