frequency,pdr
11,-62.3
12,-52.0
13,-54.3333333333
14,-47.5555555556
15,-52.0
16,-55.5
17,-66.1
18,-60.9
19,-59.8
20,-54.8
21,-59.5
22,-55.3
23,-53.0
24,-53.4
25,-54.0
26,-64.0
