frequency,pdr
11,-42.1
12,-58.4444444444
13,-56.3333333333
14,-45.9
15,-50.0
16,-43.0
17,-43.0
18,-43.9
19,-43.0
20,-43.0
21,-43.0
22,-43.6
23,-44.9
24,-43.0
25,-45.8
26,-54.4
