frequency,pdr
11,-85.9
12,-85.0
13,-84.8
14,-85.0
15,-86.0
16,-87.0
17,-88.0
18,-87.2
19,-87.0
20,-87.0
21,-88.1666666667
22,-89.3333333333
23,-91.0
24,-91.0
25,-91.0
26,-91.0
