frequency,pdr
11,-85.8
12,-88.7777777778
13,-88.9
14,-86.9
15,-85.0
16,-84.0
17,-84.0
18,-83.8
19,-82.4
20,-82.0
21,-82.25
22,-81.7777777778
23,-80.1111111111
24,-80.1
25,-81.0
26,-82.0
