frequency,pdr
11,-87.1428571429
12,-87.625
13,-89.25
14,-90.4
15,-91.0
16,-91.0
17,-91.0
18,-91.0
19,-91.0
20,-90.5714285714
21,-91.0
23,-91.0
