frequency,pdr
11,-81.7
12,-83.2222222222
13,-86.2857142857
14,-85.0
15,-84.2
16,-85.3
17,-86.7777777778
18,-90.0
19,-91.0
20,-88.3
21,-86.0
22,-84.875
23,-88.1
24,-90.6
25,-88.6
26,-86.1
