frequency,pdr
11,-91.0
13,-91.0
14,-90.4
15,-91.0
16,-88.1
17,-84.9
18,-85.0
19,-85.9
20,-87.3
21,-91.0
22,-90.3333333333
23,-91.0
24,-90.1111111111
25,-88.9
26,-90.0
