frequency,pdr
11,-50.1
12,-64.2222222222
13,-67.1111111111
14,-51.0
15,-48.1
16,-54.0
17,-51.6
18,-55.2
19,-75.6
20,-61.4
21,-62.4
22,-61.8
23,-64.8
24,-61.0
25,-66.0
26,-58.5
