frequency,pdr
11,-53.3
12,-57.3
13,-62.4444444444
14,-61.1
15,-56.4444444444
16,-59.7
17,-52.7
18,-50.9
19,-55.0
20,-61.0
21,-67.0
22,-51.6
23,-52.8
24,-53.9
25,-61.0
26,-55.0
