frequency,pdr
11,-58.5
12,-67.0
13,-65.1111111111
14,-55.0
15,-55.1111111111
16,-59.3
17,-64.4
18,-69.1
19,-58.0
20,-59.2
21,-67.1
22,-67.6
23,-67.0
24,-63.3
25,-65.1
26,-66.4
