frequency,pdr
11,-56.7272727273
12,-60.4
13,-57.7777777778
14,-60.9
15,-55.0
16,-55.0
17,-57.0
18,-55.0
19,-49.0
20,-52.0
21,-50.0
22,-55.9
23,-55.0
24,-49.9
25,-60.6
26,-63.7
