frequency,pdr
11,-54.0
12,-49.1111111111
13,-60.0
14,-54.4
15,-51.8
16,-51.1
17,-49.0
18,-55.0
19,-56.2
20,-55.1
21,-56.9
22,-55.1
23,-78.8888888889
24,-65.2
25,-61.0
26,-58.0
