frequency,pdr
11,-58.0
12,-61.3
13,-69.6666666667
14,-74.0
15,-72.0
16,-58.0
17,-56.4
18,-61.4
19,-66.4545454545
20,-73.4
21,-64.2
22,-61.5
23,-70.1
24,-67.3
25,-68.1818181818
26,-62.5
