frequency,pdr
11,-53.1
12,-49.0
13,-48.1111111111
14,-52.5
15,-58.5555555556
16,-54.2
17,-63.4
18,-55.2
19,-65.1
20,-59.4
21,-55.0
22,-54.0
23,-56.2
24,-52.0
25,-54.6
26,-53.4
