frequency,pdr
11,-58.4
12,-63.7777777778
13,-57.8888888889
14,-58.0
15,-60.7
16,-70.1
17,-73.3
18,-67.0
19,-66.4
20,-63.1
21,-59.6
22,-67.0
23,-61.0
24,-64.0
25,-61.3
26,-72.8
