frequency,pdr
11,-61.6666666667
12,-80.625
13,-63.2222222222
14,-62.3
15,-66.5555555556
16,-67.0
17,-67.0
18,-70.0
19,-73.0
20,-68.0
21,-68.1
22,-69.3
23,-72.7
24,-76.0
25,-67.0
26,-70.0
