frequency,pdr
11,-67.3
12,-72.6666666667
13,-61.0
14,-61.0
15,-68.8888888889
16,-68.8
17,-61.0
18,-68.3
19,-66.0
20,-79.1
21,-67.0
22,-72.8888888889
23,-65.8
24,-71.0
25,-68.0
26,-68.0
