frequency,pdr
11,-65.9
12,-57.8
13,-62.5555555556
14,-57.1
15,-66.8888888889
16,-71.5
17,-74.1
18,-67.4
19,-68.4
20,-58.1
21,-58.5
22,-60.5
23,-66.7
24,-67.8
25,-64.0
26,-67.2
