frequency,pdr
11,-65.2222222222
12,-56.1111111111
13,-59.4444444444
14,-63.9
15,-61.0
16,-58.0
17,-59.6
18,-64.0
19,-68.5
20,-64.0
21,-66.0
22,-64.2
23,-63.8
24,-59.9
25,-61.0
26,-67.2
