frequency,pdr
11,-55.0
12,-68.8888888889
13,-64.2
14,-62.3
15,-74.7777777778
16,-68.9
17,-67.0
18,-55.0
19,-58.0
20,-55.0
21,-61.0
22,-65.8
23,-64.7
24,-59.1
25,-62.0
26,-64.5
