frequency,pdr
11,-69.4
12,-66.1111111111
13,-58.0
14,-63.7272727273
15,-70.0
16,-66.5
17,-64.6
18,-58.0
19,-55.0
20,-58.0
21,-60.5
22,-56.6
23,-55.0
24,-56.0
25,-58.8
26,-67.3
