frequency,pdr
11,-74.4444444444
12,-61.2222222222
13,-54.6
14,-61.9
15,-58.6666666667
16,-67.1
17,-62.7
18,-66.1
19,-58.1
20,-69.3
21,-59.3
22,-59.7
23,-66.4
24,-65.7
25,-70.8888888889
26,-55.9
