frequency,pdr
11,-57.9
12,-60.8
13,-61.2
14,-58.9
15,-77.2222222222
16,-61.0
17,-67.1
18,-70.0
19,-70.1
20,-60.1
21,-62.5
22,-78.25
23,-61.2
24,-63.9
25,-69.6363636364
26,-63.1
