frequency,pdr
11,-57.8
12,-68.2222222222
13,-69.0
14,-69.1111111111
15,-65.6666666667
16,-71.4
17,-57.2
18,-59.0
19,-56.8
20,-62.2
21,-55.0
22,-55.3
23,-65.0
24,-60.0
25,-64.5
26,-69.4
