frequency,pdr
11,-57.3
12,-64.7777777778
13,-57.1111111111
14,-48.5
15,-52.0
16,-58.4
17,-52.7
18,-54.3
19,-55.6
20,-52.6
21,-55.4
22,-50.8
23,-55.2
24,-60.9
25,-55.0
26,-50.0
