frequency,pdr
11,-58.8
12,-52.6666666667
13,-60.5555555556
14,-54.5
15,-53.4
16,-46.8
17,-48.4
18,-59.9
19,-63.3
20,-58.1
21,-52.3
22,-63.1
23,-58.6
24,-58.9
25,-62.9
26,-59.4
