frequency,pdr
11,-50.9
12,-61.2222222222
13,-53.3333333333
14,-46.0
15,-57.4
16,-48.3
17,-46.0
18,-51.1
19,-65.6
20,-49.0
21,-52.0
22,-46.0
23,-45.0
24,-52.0
25,-70.0
26,-55.5
