frequency,pdr
11,-50.2
12,-57.5555555556
13,-55.0
14,-49.9
15,-56.0
16,-52.0
17,-52.0
18,-60.0
19,-52.0
20,-52.0
21,-52.0
22,-68.3333333333
23,-59.3
24,-55.0
25,-55.0
26,-55.5
