frequency,pdr
11,-55.0
12,-65.6
13,-61.6666666667
14,-54.3
15,-63.5555555556
16,-78.8
17,-67.0
18,-85.5
19,-66.1
20,-61.0
21,-60.4
22,-67.0
23,-62.4
24,-63.0
25,-67.0
26,-66.1
