frequency,pdr
11,-69.1111111111
12,-62.6
13,-62.1111111111
14,-62.4
15,-53.2222222222
16,-55.0
17,-58.0
18,-57.4
19,-58.0
20,-56.0
21,-53.3
22,-55.0
23,-59.2
24,-64.0
25,-65.2
26,-60.7
