frequency,pdr
11,-78.6666666667
12,-64.0
13,-77.25
14,-67.0
15,-70.8888888889
16,-64.0
17,-61.0
18,-71.9
19,-64.0
20,-61.0
21,-61.0
22,-61.0
23,-68.1
24,-64.0
25,-67.0
26,-61.9
