frequency,pdr
11,-67.2222222222
12,-67.1111111111
13,-61.0
14,-69.9
15,-64.0
16,-61.9
17,-70.5
18,-67.0
19,-67.0
20,-61.1
21,-74.3
22,-71.0
23,-64.9
24,-66.0
25,-75.3
26,-76.9
