frequency,pdr
11,-58.1
12,-60.0
13,-73.2222222222
14,-67.0
15,-61.8181818182
16,-53.6
17,-55.7
18,-55.1
19,-55.1
20,-61.0
21,-58.0
22,-60.0
23,-55.0
24,-57.4
25,-57.5
26,-55.2
