frequency,pdr
11,-67.8888888889
12,-54.9
13,-55.0
14,-68.6666666667
15,-54.0
16,-53.6
17,-52.0
18,-58.1
19,-55.1
20,-58.1
21,-55.1
22,-55.6
23,-52.9
24,-61.3
25,-55.1
26,-52.0
