frequency,pdr
11,-70.1111111111
12,-62.4444444444
13,-77.0
14,-66.0
15,-68.8
16,-66.1
17,-58.5
18,-58.0
19,-72.7
20,-64.8
21,-58.0
22,-64.0
23,-62.2
24,-65.5
25,-61.0
26,-61.5
