frequency,pdr
11,-67.1111111111
12,-67.4444444444
13,-70.0
14,-64.0
15,-81.1111111111
16,-68.2
17,-69.5
18,-73.7
19,-76.0
20,-75.9
21,-67.0
22,-66.9
23,-71.6666666667
24,-66.3
25,-79.6
26,-76.4
