frequency,pdr
11,-49.0
12,-58.5555555556
13,-57.6666666667
14,-66.2
15,-58.1111111111
16,-55.9
17,-50.3
18,-46.6
19,-59.5
20,-70.5
21,-55.0
22,-64.9
23,-58.0
24,-52.0
25,-65.1
26,-67.0
