frequency,pdr
11,-66.9
12,-58.8
13,-58.0
14,-60.9
15,-59.5555555556
16,-69.6
17,-73.1
18,-78.6
19,-66.3
20,-64.9
21,-70.0
22,-61.0
23,-58.1
24,-65.7
25,-68.3636363636
26,-70.4
