frequency,pdr
11,-46.9
12,-55.0
13,-67.1111111111
14,-60.8
15,-51.7777777778
16,-46.0
17,-53.0
18,-55.7
19,-52.4
20,-49.2
21,-46.0
22,-48.1
23,-49.0
24,-49.0
25,-53.8
26,-62.5
