frequency,pdr
11,-90.1428571429
12,-90.0
13,-90.625
14,-90.0
15,-90.4
16,-90.9
17,-89.8333333333
18,-88.2
19,-89.4
20,-89.25
21,-90.5
23,-90.9
24,-90.8
25,-91.0
26,-91.0
