frequency,pdr
11,-87.0
12,-88.8888888889
13,-88.0
14,-87.9
15,-89.6
16,-90.6
17,-88.1666666667
18,-86.7
19,-86.2
20,-86.0
21,-88.0
22,-88.875
23,-87.1428571429
24,-87.1
25,-89.0
26,-90.7
