frequency,pdr
11,-80.7
12,-81.2857142857
13,-81.1
14,-81.4
15,-81.6
16,-82.0
17,-86.1
18,-91.0
19,-91.0
20,-86.9
21,-82.5
22,-81.6666666667
23,-81.8888888889
24,-82.0
25,-81.7
26,-80.5
