frequency,pdr
11,-71.3
12,-74.0
13,-78.9
14,-81.8
15,-86.0
16,-82.0
17,-82.6363636364
18,-85.3333333333
19,-86.7
20,-82.0
21,-79.0
22,-78.0
23,-77.7
24,-79.0
25,-82.9
26,-88.9
