frequency,pdr
11,-88.0
12,-89.1428571429
13,-89.8888888889
14,-90.4444444444
15,-91.0
16,-91.0
25,-91.0
26,-91.0
