frequency,pdr
11,-86.1
12,-86.6666666667
13,-88.6666666667
14,-91.0
16,-91.0
17,-91.0
18,-91.0
19,-91.0
