frequency,pdr
11,-65.5
12,-67.0
13,-69.1
14,-70.0
15,-72.5
16,-74.2
17,-78.5
18,-79.0
19,-83.4
21,-83.2222222222
22,-78.1111111111
23,-75.25
24,-73.6
25,-74.9
26,-76.5
