frequency,pdr
11,-85.0
12,-84.1111111111
13,-87.9
14,-87.0
15,-86.0
16,-86.1
17,-89.0
18,-89.8888888889
19,-91.0
20,-91.0
21,-91.0
23,-91.0
24,-91.0
25,-91.0
26,-91.0
