frequency,pdr
11,-73.0
12,-73.0
13,-73.0
14,-75.3
15,-77.0
16,-79.0
17,-79.0
18,-78.9
19,-79.0
20,-79.0
21,-81.2222222222
22,-82.2222222222
23,-80.6666666667
24,-79.0
25,-79.3
26,-80.0
