frequency,pdr
11,-79.9
12,-79.125
13,-79.0
14,-80.6
15,-79.0
16,-77.0
17,-74.9
18,-75.4444444444
19,-77.0
20,-79.0
21,-79.0
22,-80.8888888889
23,-82.1428571429
24,-80.1
25,-79.0
26,-79.0
