frequency,pdr
11,-88.0
12,-87.0
13,-86.0
14,-86.9
15,-88.6
16,-89.0
17,-89.4
18,-90.4444444444
19,-91.0
20,-90.6
21,-90.1
22,-89.1111111111
23,-90.8
24,-91.0
25,-91.0
26,-91.0
