frequency,pdr
11,-82.0
12,-82.0
13,-83.5
14,-86.0
15,-88.8
16,-91.0
17,-90.7
18,-89.6
19,-88.1
20,-89.1
21,-90.8888888889
22,-89.0
23,-87.2857142857
24,-85.0
25,-83.5
26,-82.0
