frequency,pdr
11,-73.1
12,-72.6
13,-70.8
14,-70.0
15,-70.0
16,-70.0
17,-72.6
18,-76.0
19,-76.0
20,-78.8
21,-85.0
23,-91.0
24,-83.8888888889
25,-82.0
26,-81.9090909091
