frequency,pdr
11,-46.8
12,-54.6
13,-66.0
14,-61.6666666667
15,-57.3333333333
16,-55.5
17,-54.7
18,-53.4
19,-52.7
20,-57.7
21,-63.0
22,-55.0
23,-61.7
24,-53.3
25,-54.6
26,-54.9
