frequency,pdr
11,-52.0
12,-47.9
13,-63.9
14,-58.1111111111
15,-57.4444444444
16,-51.4
17,-44.0
18,-46.6
19,-66.2222222222
20,-52.0
21,-52.6
22,-53.1
23,-62.3
24,-54.0
25,-54.9
26,-55.0
