frequency,pdr
11,-64.0
12,-61.0
13,-62.7777777778
14,-69.375
15,-75.4444444444
16,-65.9
17,-58.0
18,-64.8
19,-67.0
20,-66.3
21,-82.2
22,-69.4
23,-71.7
24,-63.2
25,-75.0
26,-67.0
