frequency,pdr
11,-64.9
12,-63.9
13,-66.4444444444
14,-67.0
15,-56.3333333333
16,-59.5
17,-61.0
18,-55.8
19,-59.8
20,-63.5
21,-65.7
22,-58.0
23,-58.5
24,-63.7
25,-67.9
26,-67.0
