frequency,pdr
11,-43.1
12,-43.2
13,-52.7
14,-54.5555555556
15,-52.1111111111
16,-57.1
17,-50.0
18,-55.0
19,-49.0
20,-52.4
21,-46.0
22,-62.8
23,-53.2
24,-49.0
25,-50.8
26,-53.2
