frequency,pdr
11,-67.3
12,-61.0
13,-72.875
14,-61.0
15,-73.1111111111
16,-67.0
17,-63.6
18,-57.0
19,-67.9
20,-69.5
21,-63.7
22,-66.2
23,-65.1
24,-63.8
25,-71.1818181818
26,-71.2
