frequency,pdr
11,-57.9
12,-67.3
13,-60.7777777778
14,-64.0
15,-74.5555555556
16,-66.0
17,-61.4
18,-60.0
19,-58.1
20,-66.4
21,-67.2
22,-61.3
23,-62.9
24,-61.0
25,-66.7
26,-67.9
