frequency,pdr
11,-50.7
12,-51.4
13,-50.5
14,-62.5555555556
15,-66.6666666667
16,-57.0
17,-53.2
18,-49.0
19,-54.8
20,-51.7
21,-51.9
22,-65.2
23,-52.0
24,-61.7
25,-49.0
26,-47.9
