frequency,pdr
11,-74.5555555556
12,-60.2
13,-64.0
14,-62.3333333333
15,-69.4444444444
16,-63.9
17,-66.8
18,-66.1
19,-67.0
20,-69.2
21,-61.9
22,-69.0
23,-62.0
24,-59.3
25,-64.0
26,-70.7
