frequency,pdr
11,-43.0
12,-51.5
13,-60.7777777778
14,-49.3333333333
15,-44.0
16,-40.1
17,-42.9
18,-43.0
19,-40.0
20,-38.2
21,-39.7
22,-40.0
23,-40.0
24,-39.0
25,-40.8
26,-40.4
