frequency,pdr
11,-53.5
12,-54.0
13,-57.2222222222
14,-60.5555555556
15,-55.4444444444
16,-46.8
17,-46.0
18,-52.0
19,-53.1
20,-49.0
21,-52.1
22,-59.6
23,-55.5
24,-68.0
25,-52.0
26,-46.1
