frequency,pdr
11,-65.5555555556
12,-66.2
13,-58.875
14,-62.8888888889
15,-55.0
16,-55.0
17,-75.0
18,-59.8
19,-62.4
20,-62.4
21,-65.4
22,-60.9
23,-70.0
24,-67.0
25,-55.0
26,-55.0
