frequency,pdr
11,-75.5555555556
12,-77.9
13,-68.75
14,-69.8888888889
15,-63.7777777778
16,-67.0
17,-68.9
18,-60.4
19,-61.9
20,-59.5
21,-61.5
22,-68.4
23,-67.0
24,-68.3
25,-67.0
26,-64.6
