frequency,pdr
11,-63.4444444444
12,-62.6
13,-64.0
14,-64.0
15,-63.6666666667
16,-64.8
17,-79.9
18,-62.0
19,-67.0
20,-66.9
21,-68.0
22,-64.2
23,-67.0
24,-70.0
25,-72.9
26,-81.5
