frequency,pdr
11,-64.6
12,-63.5
13,-63.8888888889
14,-70.1111111111
15,-70.0
16,-68.2
17,-66.3
18,-67.6363636364
19,-67.0
20,-58.0
21,-64.0
22,-68.4
23,-64.0
24,-63.4
25,-67.9
26,-67.0
