frequency,pdr
11,-63.3
12,-58.6
13,-62.3333333333
14,-64.0
15,-61.5555555556
16,-62.0
17,-74.7
18,-64.0
19,-61.0
20,-70.4
21,-60.8
22,-58.6
23,-62.0
24,-64.4
25,-68.8
26,-69.4
