frequency,pdr
11,-56.6
12,-55.0
13,-60.125
14,-60.7777777778
15,-60.6666666667
16,-59.8
17,-64.5
18,-59.1
19,-50.0
20,-56.8
21,-55.1
22,-58.0
23,-55.0
24,-55.0
25,-58.8
26,-53.1
