frequency,pdr
11,-55.0
12,-61.6
13,-60.8888888889
14,-67.5555555556
15,-65.1111111111
16,-61.0
17,-55.0
18,-64.5
19,-66.1
20,-71.7
21,-62.0
22,-66.0
23,-59.7
24,-55.0
25,-55.0
26,-66.8
