frequency,pdr
11,-43.0
12,-48.1
13,-65.1111111111
14,-47.8
15,-47.1111111111
16,-43.0
17,-44.2
18,-47.3
19,-45.3
20,-44.1
21,-58.8
22,-49.6
23,-45.7
24,-39.9
25,-40.4
26,-43.0
