frequency,pdr
11,-54.9
12,-57.9
13,-61.7777777778
14,-68.4444444444
15,-55.0
16,-58.8
17,-63.3
18,-55.9
19,-61.0
20,-52.0
21,-52.2
22,-63.6
23,-56.1
24,-57.9
25,-62.2
26,-60.4
