frequency,pdr
11,-57.9
12,-67.6
13,-74.2222222222
14,-55.0
15,-71.4
16,-55.0
17,-51.0
18,-55.0
19,-53.7
20,-55.9
21,-60.8
22,-58.2
23,-68.6666666667
24,-55.6
25,-55.0
26,-60.9
