frequency,pdr
11,-57.1
12,-53.6
13,-54.3
14,-68.7777777778
15,-52.4444444444
16,-54.1
17,-54.2
18,-65.6
19,-54.8
20,-52.0
21,-56.8
22,-51.0
23,-48.4
24,-50.2
25,-46.0
26,-45.0
