frequency,pdr
11,-58.9
12,-55.0
13,-60.2222222222
14,-61.0
15,-65.5
16,-65.5
17,-57.6
18,-58.0
19,-64.0
20,-61.6363636364
21,-63.2
22,-61.0
23,-61.0
24,-70.3
25,-77.8
26,-66.8
