frequency,pdr
11,-56.9
12,-56.3
13,-59.1111111111
14,-64.2222222222
15,-61.2222222222
16,-52.5
17,-60.6
18,-55.0
19,-49.0
20,-54.5
21,-46.3
22,-55.1
23,-46.0
24,-46.0
25,-55.0
26,-65.5
