frequency,pdr
11,-56.8
12,-56.0
13,-69.0
14,-60.6666666667
15,-64.0
16,-73.5
17,-71.1
18,-69.7
19,-58.4
20,-66.8
21,-60.3
22,-63.8
23,-71.2222222222
24,-58.0
25,-61.0
26,-80.5
