frequency,pdr
11,-71.6666666667
12,-61.0
13,-64.0
14,-64.3333333333
15,-62.0
16,-61.0
17,-68.9
18,-71.9
19,-66.8
20,-61.0
21,-71.6
22,-59.3
23,-60.7
24,-74.3
25,-65.7
26,-66.8
