frequency,pdr
11,-59.7
12,-67.0
13,-61.9
14,-65.4
15,-62.6666666667
16,-64.0
17,-71.6666666667
18,-61.0
19,-67.9
20,-60.4
21,-64.1
22,-67.3
23,-66.5
24,-64.0
25,-62.8
26,-60.1
