frequency,pdr
11,-68.9
12,-61.0
13,-61.0
14,-80.25
15,-61.8888888889
16,-56.8
17,-58.7
18,-62.4
19,-67.0
20,-73.1
21,-81.3
22,-66.9
23,-79.3333333333
24,-59.9
25,-55.6
26,-58.7
