frequency,pdr
11,-63.8888888889
12,-52.0
13,-48.0
14,-49.4
15,-59.6666666667
16,-69.8
17,-55.0
18,-60.8
19,-57.1
20,-67.1
21,-55.7
22,-63.8
23,-55.2
24,-67.9
25,-60.2
26,-62.9
