frequency,pdr
11,-68.5
12,-64.0
13,-60.6666666667
14,-67.2222222222
15,-63.7272727273
16,-69.8
17,-66.4
18,-67.0
19,-65.0
20,-65.0
21,-60.0
22,-70.0
23,-68.2
24,-67.0
25,-65.6
26,-72.0
