frequency,pdr
11,-49.0
12,-49.0
13,-53.0
14,-51.5555555556
15,-51.6666666667
16,-56.9
17,-49.0
18,-55.2
19,-55.0
20,-60.6
21,-55.0
22,-61.4
23,-55.2
24,-55.0
25,-62.6
26,-70.0
