frequency,pdr
11,-65.5
12,-61.8
13,-68.8888888889
14,-56.3333333333
15,-52.0
16,-52.0
17,-67.1
18,-61.0
19,-60.3
20,-55.8
21,-52.0
22,-55.0
23,-67.0
24,-64.7
25,-61.4
26,-55.0
