frequency,pdr
11,-52.0
12,-53.2
13,-46.8888888889
14,-51.8888888889
15,-65.3333333333
16,-55.0
17,-55.0
18,-52.0
19,-59.6
20,-52.3
21,-51.4
22,-49.0
23,-53.1
24,-55.0
25,-53.7
26,-52.0
