frequency,pdr
11,-50.1
12,-52.0
13,-55.3333333333
14,-59.1111111111
15,-60.2222222222
16,-53.7
17,-51.8
18,-55.0
19,-70.5
20,-61.2
21,-59.3
22,-57.8
23,-51.5
24,-54.2
25,-56.2
26,-52.1
