frequency,pdr
11,-61.5
12,-58.0
13,-61.5555555556
14,-63.1111111111
15,-56.2
16,-55.0
17,-51.5
18,-46.0
19,-55.0
20,-55.0
21,-63.3
22,-51.8
23,-49.7
24,-53.9
25,-49.0
26,-50.6
