frequency,pdr
11,-67.5454545455
12,-59.1
13,-64.0
14,-58.4444444444
15,-58.5555555556
16,-67.2
17,-59.9
18,-62.9
19,-53.5
20,-55.5
21,-67.0
22,-55.0
23,-62.1
24,-67.0
25,-59.3
26,-53.0
