frequency,pdr
11,-55.0
12,-61.0
13,-62.4444444444
14,-59.2222222222
15,-55.0
16,-56.9
17,-55.8
18,-55.0
19,-54.1
20,-51.6
21,-51.7
22,-51.3
23,-53.1
24,-58.0
25,-66.7
26,-62.7
