frequency,pdr
11,-61.0
12,-66.4
13,-54.9
14,-55.5555555556
15,-60.2222222222
16,-66.4
17,-55.6
18,-72.0
19,-63.3
20,-70.5
21,-68.8
22,-67.0
23,-75.5714285714
24,-55.2
25,-65.2
26,-65.5
