frequency,pdr
11,-56.9
12,-59.3
13,-63.4444444444
14,-56.8888888889
15,-56.8888888889
16,-55.0
17,-56.3
18,-50.7
19,-52.5
20,-54.8
21,-49.6
22,-52.0
23,-70.1111111111
24,-55.5
25,-49.0
26,-60.9
