frequency,pdr
11,-52.4
12,-51.7
13,-49.0
14,-44.1111111111
15,-46.8888888889
16,-55.6
17,-50.1
18,-48.8
19,-49.0
20,-57.8
21,-58.8
22,-52.0
23,-52.8
24,-53.1
25,-49.0
26,-50.2
