frequency,pdr
11,-45.1
12,-53.9
13,-49.8
14,-52.2222222222
15,-48.1111111111
16,-49.0
17,-44.6
18,-48.1
19,-48.0
20,-54.8
21,-62.8
22,-52.9
23,-55.0
24,-52.0
25,-45.0
26,-45.2
