frequency,pdr
11,-66.0
12,-52.0
13,-46.3
14,-55.3
15,-64.8888888889
16,-55.1
17,-51.7
18,-67.4
19,-56.4
20,-50.7
21,-49.0
22,-52.1
23,-62.4
24,-50.6
25,-46.4
26,-62.2727272727
