frequency,pdr
11,-46.0
12,-59.8
13,-56.3333333333
14,-45.9
15,-51.6666666667
16,-49.0
17,-49.0
18,-60.1
19,-61.3
20,-58.6
21,-55.0
22,-52.0
23,-50.7
24,-52.0
25,-54.0
26,-49.0
