frequency,pdr
11,-61.9
12,-68.8
13,-76.0
14,-59.8888888889
15,-57.7777777778
16,-64.0
17,-62.0
18,-68.9
19,-59.5
20,-59.0
21,-57.8
22,-57.8
23,-61.0
24,-63.6
25,-65.5
26,-61.0
