frequency,pdr
11,-59.4
12,-67.3
13,-66.5555555556
14,-57.8888888889
15,-70.3333333333
16,-62.9
17,-78.9
18,-82.8
19,-65.1
20,-64.0
21,-71.3
22,-63.9
23,-72.3
24,-70.0
25,-72.3
26,-66.7
