frequency,pdr
11,-52.2
12,-52.5
13,-62.4444444444
14,-58.8
15,-53.3333333333
16,-54.6
17,-56.0
18,-55.0
19,-56.1
20,-56.7
21,-59.8
22,-52.4
23,-55.7
24,-64.8
25,-51.9
26,-55.0
