frequency,pdr
11,-58.0
12,-54.2
13,-57.8888888889
14,-52.0
15,-64.4444444444
16,-61.0
17,-66.3
18,-64.0
19,-58.0
20,-61.0
21,-55.3
22,-52.0
23,-57.8
24,-55.4
25,-58.0
26,-75.2
