frequency,pdr
11,-56.8
12,-62.0
13,-56.5555555556
14,-63.1111111111
15,-66.1
16,-55.0
17,-55.3
18,-55.0
19,-54.3
20,-49.0
21,-55.0
22,-55.0
23,-76.1
24,-62.5
25,-52.7
26,-56.0
