frequency,pdr
11,-53.6
12,-50.5
13,-43.6
14,-49.0
15,-42.9
16,-43.0
17,-43.1
18,-43.0
19,-44.2
20,-50.5
21,-57.7
22,-48.8
23,-64.1111111111
24,-52.5
25,-56.5454545455
26,-53.9
