frequency,pdr
11,-66.1111111111
12,-63.0
13,-75.125
14,-63.8
15,-61.1111111111
16,-61.0
17,-60.5
18,-59.0
19,-78.0
20,-82.5
21,-69.9
22,-67.3
23,-62.7
24,-67.0
25,-61.0
26,-62.9
