frequency,pdr
11,-49.0
12,-55.2
13,-64.1111111111
14,-50.8888888889
15,-52.0
16,-55.0
17,-55.0
18,-60.6
19,-57.7
20,-53.7
21,-49.0
22,-50.0
23,-51.9
24,-64.0
25,-55.0
26,-50.0
