frequency,pdr
11,-47.0
12,-49.7
13,-58.8888888889
14,-65.0
15,-49.0
16,-46.5
17,-57.9
18,-49.0
19,-45.6
20,-63.8333333333
21,-54.0
22,-65.8
23,-52.6
24,-55.2
25,-62.1
26,-51.9
