frequency,pdr
11,-66.9
12,-58.7
13,-63.7777777778
14,-76.5555555556
15,-60.6
16,-68.5
17,-58.0
18,-58.1
19,-61.4
20,-61.0
21,-66.0
22,-61.0
23,-67.0
24,-62.0
25,-64.0
26,-58.7
