frequency,pdr
11,-69.2
12,-64.0
13,-65.1111111111
14,-73.5555555556
15,-69.0
16,-59.0
17,-58.0
18,-57.5
19,-72.8
20,-65.8
21,-63.3
22,-66.9
23,-64.2
24,-58.0
25,-62.0
26,-65.4
