frequency,pdr
11,-61.9
12,-58.3
13,-52.7777777778
14,-61.6666666667
15,-56.4
16,-50.6
17,-54.5
18,-48.5
19,-43.0
20,-47.0
21,-47.6
22,-44.0
23,-55.0
24,-58.0
25,-47.5
26,-46.0
