frequency,pdr
11,-53.2727272727
12,-53.0
13,-54.9
14,-53.3
15,-54.2727272727
16,-51.4
17,-51.2
18,-52.0
19,-55.0
20,-57.2
21,-60.6
22,-62.0
23,-53.9
24,-52.0
25,-52.0
26,-53.3
