frequency,pdr
11,-63.8888888889
12,-71.3
13,-68.4
14,-67.4444444444
15,-67.0
16,-65.0
17,-71.5
18,-67.0
19,-58.0
20,-54.2
21,-52.6
22,-54.0
23,-54.6
24,-58.0
25,-63.3
26,-68.0
