frequency,pdr
11,-82.0
12,-83.0
13,-87.4444444444
14,-90.2222222222
15,-83.3
16,-79.0
17,-80.8
18,-82.0
19,-79.2
20,-81.0
21,-81.4
22,-81.0
23,-81.5
24,-82.0
25,-82.0
26,-82.0
