frequency,pdr
11,-83.0
12,-90.1428571429
13,-91.0
14,-84.3333333333
15,-79.2
16,-78.0
17,-76.1
18,-76.2
19,-77.5
20,-78.8
21,-79.1111111111
22,-79.0
23,-76.3333333333
24,-76.0
25,-76.1
26,-78.1
