frequency,pdr
11,-87.6666666667
12,-86.1428571429
13,-89.4444444444
14,-90.1
15,-86.0
16,-84.0
17,-85.7
18,-90.1
19,-91.0
21,-90.5
22,-87.2222222222
23,-87.25
24,-86.6
25,-88.0
26,-88.0
