frequency,pdr
11,-91.0
12,-91.0
13,-89.0
14,-87.3333333333
15,-84.6
16,-84.0
17,-84.0
18,-83.125
19,-85.0
20,-84.8
21,-87.2222222222
22,-86.0
23,-84.875
24,-83.0
25,-82.0
26,-82.2
