frequency,pdr
11,-86.5714285714
12,-84.5714285714
13,-84.9
14,-86.6
15,-91.0
16,-91.0
17,-91.0
18,-91.0
19,-91.0
20,-91.0
21,-91.0
23,-90.25
24,-88.9
25,-90.9
26,-91.0
