frequency,pdr
11,-80.4
12,-79.0
13,-77.9
14,-77.2
15,-78.0
16,-75.9
17,-75.9
18,-76.0
19,-76.0
20,-77.6
21,-79.0
22,-83.0
23,-79.375
24,-80.2222222222
25,-89.3333333333
26,-83.0
