frequency,pdr
11,-75.9
12,-75.8888888889
13,-75.8888888889
14,-74.9
15,-76.0
16,-77.0
17,-79.0
18,-78.7777777778
19,-77.0
20,-76.0
21,-74.8888888889
22,-74.0
23,-76.0
24,-77.8888888889
25,-78.5
26,-79.0
