frequency,pdr
11,-91.0
12,-90.8888888889
13,-90.3333333333
14,-91.0
15,-91.0
16,-91.0
17,-90.0
18,-87.875
19,-89.1
20,-90.9
21,-88.6666666667
22,-89.7142857143
23,-90.75
24,-91.0
25,-90.9
26,-89.0
