frequency,pdr
11,-90.875
13,-91.0
14,-90.8888888889
15,-88.9
16,-91.0
17,-91.0
18,-83.375
19,-80.4
20,-82.0
21,-82.0
22,-83.125
23,-83.3333333333
24,-80.8888888889
25,-81.7
26,-82.0
