frequency,pdr
11,-86.1
12,-87.7
13,-88.6666666667
14,-89.0
15,-89.0
16,-89.0
17,-89.3333333333
18,-90.0
19,-90.2
20,-90.0
21,-91.0
23,-91.0
24,-91.0
25,-90.0
26,-89.4
