frequency,pdr
11,-81.1
12,-79.7
13,-79.7
14,-80.7
15,-81.4
16,-82.0
17,-84.7777777778
18,-85.3333333333
19,-81.6
20,-79.0
21,-76.0
22,-75.3
23,-74.9
24,-73.8
25,-73.9
26,-75.5
