frequency,pdr
11,-79.0
12,-79.0
13,-79.0
14,-81.3
15,-83.1
16,-85.0
17,-86.7777777778
18,-87.5714285714
19,-88.6
20,-89.5
21,-90.8
23,-91.0
24,-91.0
25,-91.0
26,-91.0
