frequency,pdr
11,-90.6666666667
12,-91.0
13,-91.0
14,-90.0
15,-88.5
16,-87.0
17,-87.7777777778
18,-89.7777777778
19,-87.8888888889
20,-88.8888888889
21,-90.3333333333
22,-91.0
23,-91.0
24,-91.0
25,-91.0
26,-90.0
