frequency,pdr
11,-79.9
12,-84.0
13,-85.8
14,-88.5
15,-86.4
16,-85.0
17,-84.0
18,-83.0
19,-82.6
20,-84.9
21,-87.0
22,-83.7777777778
23,-85.8333333333
24,-91.0
25,-90.0
26,-86.0
