frequency,pdr
11,-83.8
12,-84.2222222222
13,-84.9
14,-85.0
15,-84.9
16,-83.0
17,-82.0
18,-82.0
19,-82.8
20,-83.0
21,-83.9
22,-83.7
23,-85.5714285714
24,-88.5
25,-89.0
26,-87.1
