frequency,pdr
12,-91.0
13,-89.5
14,-87.2
15,-87.2
16,-85.875
17,-86.8888888889
18,-89.6666666667
19,-90.7
20,-89.0
21,-90.4444444444
22,-91.0
25,-91.0
26,-91.0
