frequency,pdr
11,-82.8
12,-83.7272727273
13,-86.0
14,-88.7
15,-83.3
16,-78.5
17,-74.6666666667
18,-73.0
19,-75.2
20,-79.4
21,-84.9
22,-80.1111111111
23,-76.2
24,-73.0
25,-73.0
26,-76.0
