frequency,pdr
11,-84.0
12,-86.4444444444
13,-88.5714285714
14,-88.8
15,-89.9
16,-91.0
17,-91.0
18,-91.0
19,-91.0
20,-91.0
21,-91.0
22,-89.8571428571
23,-87.5
24,-85.0
25,-85.2
26,-84.5
