frequency,pdr
12,-91.0
13,-90.6666666667
14,-91.0
15,-91.0
16,-91.0
17,-90.2222222222
18,-87.0
19,-86.8888888889
20,-86.1
21,-86.0
23,-88.2857142857
24,-91.0
25,-91.0
