frequency,pdr
11,-90.2222222222
12,-91.0
13,-91.0
16,-91.0
17,-91.0
18,-91.0
19,-91.0
20,-91.0
21,-90.7142857143
22,-89.0
23,-91.0
24,-90.4
25,-91.0
26,-91.0
