frequency,pdr
11,-64.0
12,-61.8888888889
13,-69.4
14,-77.1111111111
15,-68.8
16,-72.4
17,-62.3
18,-59.9
19,-74.375
20,-68.1
21,-73.5
22,-73.0
23,-62.7
24,-55.8
25,-67.0
26,-80.0
