frequency,pdr
11,-52.0
12,-54.7777777778
13,-47.0
14,-54.3
15,-55.0
16,-59.8
17,-52.9
18,-56.2
19,-49.3
20,-49.0
21,-43.9
22,-54.7272727273
23,-61.0
24,-55.0
25,-52.3
26,-55.0
