frequency,pdr
11,-47.5
12,-53.0
13,-65.1111111111
14,-57.4
15,-61.0
16,-72.1111111111
17,-70.8
18,-53.4
19,-46.0
20,-53.1
21,-59.6
22,-65.9
23,-59.7
24,-56.5
25,-68.1
26,-48.5
