frequency,pdr
11,-52.0
12,-52.6
13,-65.1111111111
14,-55.0
15,-60.1
16,-55.0
17,-55.0
18,-55.0
19,-45.3
20,-48.8
21,-56.4
22,-54.0
23,-46.3
24,-47.7
25,-60.2222222222
26,-51.0
