frequency,pdr
11,-59.5
12,-64.0
13,-65.1111111111
14,-62.4
15,-79.1
16,-65.0
17,-71.9
18,-59.6
19,-63.2
20,-64.0
21,-67.8
22,-63.6
23,-65.0
24,-70.1
25,-66.8888888889
26,-77.7
