frequency,pdr
11,-76.1
12,-66.8888888889
13,-71.7777777778
14,-70.3
15,-76.2
16,-75.4
17,-62.0
18,-60.2
19,-68.3
20,-76.2
21,-67.9
22,-61.7
23,-67.0
24,-69.1
25,-71.5555555556
26,-67.0
