frequency,pdr
11,-52.0
12,-52.1
13,-64.3333333333
14,-55.0
15,-66.2
16,-58.0
17,-55.0
18,-55.4
19,-53.8
20,-51.1
21,-53.0
22,-52.0
23,-55.0
24,-59.6
25,-60.2222222222
26,-50.6
