frequency,pdr
11,-69.0
12,-57.8
13,-71.8888888889
14,-69.6
15,-77.9
16,-62.7
17,-61.0
18,-66.8
19,-67.0
20,-67.0
21,-67.0
22,-63.3
23,-70.0
24,-61.0
25,-76.4444444444
26,-60.1
