frequency,pdr
11,-66.4
12,-57.8
13,-62.6666666667
14,-64.0
15,-58.5
16,-67.0
17,-82.8888888889
18,-68.4
19,-58.0
20,-65.2
21,-71.3
22,-67.2
23,-69.1
24,-76.5
25,-70.0
26,-67.1
