frequency,pdr
11,-61.0
12,-69.8888888889
13,-70.1111111111
14,-74.3
15,-61.0
16,-67.0
17,-70.1
18,-62.0
19,-64.0
20,-63.5
21,-63.7272727273
22,-64.2
23,-67.9
24,-69.6
25,-63.0
26,-63.2
