frequency,pdr
11,-58.0
12,-51.3333333333
13,-58.0
14,-58.2
15,-59.5
16,-55.0
17,-53.4
18,-51.9
19,-58.0
20,-59.5
21,-55.0
22,-55.0
23,-53.7
24,-55.0
25,-51.7777777778
26,-58.0
