frequency,pdr
11,-68.7
12,-64.4444444444
13,-72.4444444444
14,-55.0
15,-54.8
16,-58.6
17,-61.6
18,-67.0
19,-76.0
20,-64.0
21,-66.0
22,-69.3
23,-58.6
24,-55.7
25,-61.0
26,-58.8
