frequency,pdr
11,-59.2
12,-73.5714285714
13,-59.7777777778
14,-55.5
15,-51.6
16,-60.4
17,-54.8
18,-62.7
19,-65.1
20,-62.6
21,-61.0
22,-58.9
23,-52.4
24,-55.0
25,-55.0
26,-60.2
