frequency,pdr
11,-57.3
12,-62.2
13,-58.0
14,-59.3
15,-61.0
16,-61.6
17,-53.4
18,-60.7
19,-56.7272727273
20,-55.2
21,-62.2
22,-63.5
23,-58.7
24,-55.0
25,-63.8888888889
26,-58.1
