frequency,pdr
11,-49.3
12,-55.8888888889
13,-61.4444444444
14,-55.5
15,-50.2
16,-51.6
17,-51.0
18,-55.6
19,-54.6
20,-64.0
21,-70.8
22,-53.7
23,-57.8
24,-55.8
25,-61.0
26,-55.6
