frequency,pdr
11,-50.0
12,-52.0
13,-61.3333333333
14,-62.5
15,-65.9
16,-55.0
17,-52.0
18,-55.0
19,-59.5
20,-64.0
21,-61.0
22,-55.0
23,-58.0
24,-55.0
25,-57.6666666667
26,-56.1
