frequency,pdr
11,-61.0
12,-66.3333333333
13,-62.6
14,-72.6
15,-67.4
16,-72.1
17,-75.5454545455
18,-69.9
19,-57.8
20,-58.0
21,-65.7
22,-58.0
23,-63.1
24,-72.6
25,-76.2222222222
26,-67.0
