frequency,pdr
11,-52.3
12,-63.8888888889
13,-57.9
14,-52.0
15,-52.0
16,-47.9
17,-45.0
18,-48.8
19,-55.9090909091
20,-50.0
21,-46.0
22,-49.9
23,-52.0
24,-52.5
25,-50.2
26,-49.0
