frequency,pdr
11,-58.5
12,-64.8888888889
13,-62.4444444444
14,-77.0
15,-73.4
16,-77.7
17,-65.0
18,-66.6
19,-65.5
20,-68.2
21,-64.0
22,-75.7777777778
23,-67.6
24,-67.0
25,-67.0
26,-74.8
