frequency,pdr
11,-57.7
12,-60.6666666667
13,-57.5555555556
14,-52.0
15,-54.1
16,-52.0
17,-57.2
18,-55.2
19,-71.8571428571
20,-62.4
21,-55.0
22,-56.0
23,-59.7
24,-61.8
25,-67.1
26,-63.5
