frequency,pdr
11,-61.7
12,-60.8181818182
13,-80.8888888889
14,-69.2
15,-61.0
16,-62.9
17,-63.4545454545
18,-58.0
19,-61.6
20,-70.0
21,-66.8
22,-68.9
23,-68.0
24,-71.0
25,-68.9
26,-64.3
