frequency,pdr
11,-47.9090909091
12,-47.8
13,-48.9
14,-46.0
15,-54.8
16,-56.1
17,-53.7
18,-49.0
19,-52.2
20,-49.0
21,-54.7
22,-67.9
23,-67.0
24,-67.3
25,-67.6666666667
26,-63.3
