frequency,pdr
11,-56.7
12,-52.6
13,-54.8888888889
14,-52.0
15,-49.0
16,-49.0
17,-47.0
18,-47.9
19,-48.0
20,-46.0
21,-46.0
22,-46.5
23,-47.9090909091
24,-46.2
25,-46.0
26,-46.0
