frequency,pdr
11,-73.0
12,-74.9
13,-75.8
14,-75.6
15,-74.5
16,-76.8888888889
17,-80.5
18,-82.0
19,-79.4444444444
20,-71.6
21,-69.1
22,-67.3
23,-67.3
24,-68.1
25,-70.6
26,-70.0
