frequency,pdr
11,-50.2
12,-51.7777777778
13,-51.8888888889
14,-67.0
15,-56.3
16,-56.8
17,-50.5
18,-51.0
19,-47.2
20,-44.6
21,-58.0
22,-46.0
23,-46.3
24,-55.5
25,-50.0
26,-62.3
