frequency,pdr
11,-59.7
12,-71.2222222222
13,-60.2222222222
14,-64.2
15,-63.3
16,-65.2
17,-63.0
18,-65.8
19,-70.0
20,-61.0
21,-61.0
22,-60.7
23,-61.2
24,-62.4
25,-61.0
26,-62.0
