frequency,pdr
11,-76.7777777778
12,-61.2222222222
13,-58.6
14,-58.0
15,-56.4
16,-55.0
17,-60.7
18,-67.0
19,-65.2
20,-63.3
21,-75.7
22,-62.8
23,-61.0
24,-57.4
25,-60.3
26,-63.8
