frequency,pdr
11,-58.0
12,-63.8888888889
13,-57.7777777778
14,-66.2
15,-64.0
16,-58.7
17,-61.3
18,-64.0
19,-57.8
20,-55.0
21,-56.4
22,-66.1
23,-62.2
24,-54.9
25,-54.9
26,-56.1
