frequency,pdr
11,-53.1
12,-57.4444444444
13,-66.2857142857
14,-63.7
15,-65.4
16,-58.0
17,-61.0
18,-54.4
19,-52.2
20,-49.0
21,-56.3
22,-70.5
23,-67.4
24,-60.9
25,-56.0
26,-70.5
