frequency,pdr
11,-55.0
12,-66.2222222222
13,-57.8888888889
14,-52.7
15,-53.3
16,-55.0
17,-48.5
18,-59.3
19,-51.2
20,-58.7
21,-62.2
22,-50.0
23,-56.2
24,-52.8
25,-52.0
26,-62.7
