frequency,pdr
11,-54.6
12,-54.8888888889
13,-57.2222222222
14,-62.7
15,-55.0
16,-58.0
17,-52.8
18,-55.0
19,-66.7
20,-69.0
21,-58.0
22,-66.8
23,-65.2
24,-60.9
25,-61.4
26,-69.3
