frequency,pdr
11,-54.3
12,-55.7777777778
13,-59.2222222222
14,-52.7
15,-54.6
16,-52.3
17,-55.0
18,-57.2
19,-47.2
20,-50.3
21,-52.0
22,-64.5
23,-50.0
24,-46.0
25,-48.1
26,-53.4
