frequency,pdr
11,-55.0
12,-55.3333333333
13,-53.8888888889
14,-55.0
15,-59.8
16,-55.8
17,-58.9
18,-55.0
19,-55.0
20,-57.0
21,-68.1
22,-73.4
23,-54.5
24,-55.2
25,-55.0
26,-62.4
