frequency,pdr
11,-60.1
12,-55.0
13,-58.7777777778
14,-61.4
15,-59.7
16,-69.8
17,-70.2
18,-58.0
19,-61.1
20,-67.4
21,-55.0
22,-64.1
23,-59.1
24,-69.1818181818
25,-72.1
26,-76.2
