frequency,pdr
11,-55.7
12,-54.9
13,-60.6666666667
14,-55.9
15,-54.0
16,-68.6
17,-73.875
18,-68.0
19,-75.4
20,-63.2
21,-54.5
22,-58.0
23,-71.2222222222
24,-58.0
25,-58.0
26,-55.0
