frequency,pdr
11,-58.3
12,-66.6666666667
13,-57.5555555556
14,-64.0
15,-72.9
16,-61.0
17,-64.5
18,-58.0
19,-62.9
20,-73.9
21,-67.0
22,-66.0
23,-67.0
24,-71.6
25,-55.2
26,-61.0
