frequency,pdr
11,-63.4444444444
12,-65.7777777778
13,-64.25
14,-58.0
15,-62.3
16,-58.0
17,-67.0
18,-72.1
19,-62.4
20,-62.6
21,-67.0
22,-61.0
23,-65.7777777778
24,-68.6
25,-67.6
26,-55.0
