frequency,pdr
11,-69.6666666667
12,-65.1111111111
13,-61.375
14,-55.0
15,-55.0
16,-56.8
17,-58.0
18,-55.5
19,-60.9
20,-54.4
21,-59.6
22,-68.1
23,-57.5
24,-55.0
25,-59.4
26,-61.0
