frequency,pdr
11,-46.5
12,-46.0
13,-51.7
14,-60.8888888889
15,-57.5
16,-50.9
17,-52.0
18,-53.6
19,-51.5
20,-51.6
21,-52.5
22,-55.0
23,-49.0
24,-48.2
25,-55.0
26,-65.2222222222
