frequency,pdr
11,-49.4
12,-55.0
13,-52.2222222222
14,-55.1111111111
15,-62.7
16,-58.0
17,-49.0
18,-53.7
19,-55.0
20,-49.5
21,-59.4
22,-52.1
23,-61.2
24,-55.4
25,-51.8
26,-52.0
