frequency,pdr
11,-70.5555555556
12,-64.2
13,-61.1111111111
14,-66.4444444444
15,-55.0
16,-67.7777777778
17,-62.9
18,-60.9
19,-62.7
20,-60.6
21,-73.0
22,-59.7
23,-55.6
24,-65.8
25,-64.0
26,-70.0
