frequency,pdr
11,-50.2
12,-52.0
13,-64.7777777778
14,-54.9
15,-64.3
16,-55.0
17,-67.7
18,-62.3
19,-68.8888888889
20,-57.8
21,-53.5
22,-46.4
23,-54.9
24,-55.0
25,-61.2
26,-63.9
