frequency,pdr
11,-70.0
12,-66.6
13,-60.6666666667
14,-67.4444444444
15,-68.2
16,-67.0
17,-72.7
18,-73.6
19,-58.0
20,-71.8
21,-64.7
22,-64.6
23,-62.4
24,-61.0
25,-64.5
26,-67.0
