frequency,pdr
11,-52.7
12,-54.0
13,-71.1111111111
14,-63.4444444444
15,-52.0
16,-48.7
17,-55.8
18,-49.0
19,-49.0
20,-49.3
21,-48.0
22,-55.0
23,-61.0
24,-52.0
25,-56.5
26,-67.9
