frequency,pdr
11,-65.2222222222
12,-54.9
13,-52.2222222222
14,-54.7
15,-55.0
16,-63.1
17,-61.9
18,-66.7
19,-60.9
20,-62.5
21,-64.3
22,-55.0
23,-70.9
24,-66.1
25,-52.0
26,-53.5
