frequency,pdr
11,-62.0
12,-72.3
13,-63.4
14,-75.6666666667
15,-62.5
16,-67.2222222222
17,-65.9
18,-65.8
19,-67.0
20,-69.5
21,-75.7
22,-77.75
23,-77.0
24,-61.0
25,-68.6
26,-65.8
