frequency,pdr
11,-49.2
12,-50.8
13,-51.4
14,-52.1111111111
15,-58.2
16,-67.4444444444
17,-46.2
18,-46.0
19,-53.0
20,-59.5
21,-55.0
22,-57.4
23,-57.4
24,-46.1
25,-54.3
26,-52.3
