frequency,pdr
11,-50.7
12,-51.7
13,-64.2222222222
14,-62.1
15,-56.3
16,-56.0909090909
17,-55.0
18,-55.0
19,-54.7
20,-51.8
21,-54.5
22,-63.7
23,-64.8
24,-55.2
25,-53.1
26,-51.4
