frequency,pdr
11,-72.4545454545
12,-61.4
13,-61.0
14,-60.8181818182
15,-55.2
16,-65.8
17,-72.7
18,-60.8
19,-75.5
20,-67.0
21,-62.7
22,-63.6
23,-67.0
24,-62.1
25,-65.7
26,-62.0
