frequency,pdr
11,-55.0
12,-63.0
13,-49.0
14,-55.8888888889
15,-57.3
16,-56.2
17,-55.0
18,-58.0
19,-55.0
20,-45.0
21,-48.9
22,-54.9
23,-67.5555555556
24,-62.6
25,-59.6
26,-58.7
