frequency,pdr
11,-69.3
12,-61.8
13,-60.8888888889
14,-61.0
15,-61.6
16,-66.8
17,-65.1
18,-58.0
19,-67.4
20,-68.4
21,-61.0
22,-64.7
23,-68.1
24,-67.3
25,-77.0
26,-81.1666666667
