frequency,pdr
11,-65.7777777778
12,-57.2
13,-57.4444444444
14,-50.3333333333
15,-47.2
16,-49.8
17,-52.6
18,-52.0
19,-46.3
20,-56.9
21,-50.9
22,-55.0
23,-64.0
24,-60.3
25,-60.6
26,-54.0
