frequency,pdr
11,-48.1
12,-52.0
13,-52.0909090909
14,-51.3333333333
15,-53.4
16,-44.1
17,-46.0
18,-43.0
19,-44.3
20,-46.1
21,-43.0
22,-43.0
23,-46.0
24,-42.8
25,-44.0
26,-43.0
