frequency,pdr
11,-73.9
12,-75.6
13,-75.7
14,-75.3
15,-75.7
16,-76.0
17,-76.0
18,-76.0
19,-76.0
20,-76.0
21,-76.0
22,-75.6666666667
23,-74.1111111111
24,-74.1
25,-73.8
26,-74.2
