frequency,pdr
11,-88.7
12,-85.7
13,-82.0
14,-83.0
15,-81.0
16,-79.0
17,-78.0
18,-76.0
19,-76.0
20,-77.9
21,-79.0
22,-81.2222222222
23,-82.1111111111
24,-86.1111111111
25,-91.0
26,-89.1
