frequency,pdr
11,-90.8
12,-87.5
13,-87.8888888889
14,-86.9
15,-87.0
16,-87.9
17,-89.0
18,-89.125
19,-90.8
20,-91.0
21,-90.8888888889
23,-91.0
24,-91.0
25,-91.0
26,-91.0
