frequency,pdr
11,-83.7777777778
12,-82.3
13,-81.1111111111
14,-80.4
15,-79.0
16,-79.0
17,-78.8888888889
18,-80.5
19,-82.7
20,-82.1
21,-80.9
22,-80.6666666667
23,-82.0
24,-83.1
25,-82.0
26,-82.4545454545
