frequency,pdr
11,-53.2
12,-52.3
13,-52.4
14,-52.4
15,-52.6
16,-53.1
17,-54.8
18,-55.9
19,-58.0
20,-59.1
21,-61.1
22,-63.7777777778
23,-62.4444444444
24,-61.0
25,-58.1
26,-58.0
