frequency,pdr
11,-85.0
12,-84.6
13,-85.2222222222
14,-84.9
15,-85.0
16,-86.4
17,-89.9
18,-90.9
19,-91.0
20,-91.0
21,-89.2222222222
22,-85.0
23,-84.0
24,-84.9
25,-85.6
26,-86.3
