frequency,pdr
11,-88.4
12,-90.9
14,-91.0
15,-85.0
16,-82.0
17,-79.0
18,-78.7
19,-78.9
20,-79.0
21,-79.0
22,-79.4444444444
23,-81.5555555556
24,-84.75
25,-90.1
