frequency,pdr
11,-43.0
12,-40.0
13,-41.5
14,-41.8
15,-40.0
16,-43.0
17,-44.5
18,-55.0
19,-46.0
20,-41.0
21,-42.8
22,-43.0
23,-47.2
24,-68.1111111111
25,-56.4444444444
26,-66.4
