frequency,pdr
11,-52.0
12,-66.9
13,-56.1111111111
14,-50.6666666667
15,-47.9
16,-49.0
17,-52.4
18,-50.0
19,-46.0
20,-49.3
21,-55.2
22,-57.8
23,-67.5
24,-49.5
25,-51.6
26,-64.2
