frequency,pdr
11,-52.9
12,-65.5
13,-59.4444444444
14,-63.9
15,-54.0
16,-55.0
17,-58.8
18,-64.2
19,-66.3
20,-59.8
21,-63.8
22,-67.0
23,-63.4
24,-58.2
25,-58.8888888889
26,-67.0
