frequency,pdr
11,-67.1
12,-74.2
13,-64.9
14,-75.7
15,-72.0
16,-64.9
17,-70.0
18,-67.0
19,-62.7
20,-62.0
21,-66.1
22,-67.4
23,-80.5555555556
24,-71.9
25,-82.4444444444
26,-69.3
