frequency,pdr
11,-70.1111111111
12,-55.6
13,-58.8
14,-61.5555555556
15,-55.9
16,-52.0
17,-52.0
18,-66.0
19,-56.8
20,-58.0
21,-59.3
22,-58.1
23,-60.1
24,-55.8
25,-55.1
26,-58.1
