frequency,pdr
11,-55.1
12,-49.2
13,-50.8
14,-54.2727272727
15,-58.0
16,-59.4
17,-55.0
18,-58.0
19,-64.6
20,-59.4
21,-55.0
22,-61.3
23,-72.3333333333
24,-62.6
25,-59.1
26,-58.0
