frequency,pdr
11,-53.9
12,-64.0
13,-59.3333333333
14,-55.2
15,-58.2
16,-59.0
17,-61.8
18,-64.2
19,-57.6
20,-71.0
21,-55.0
22,-50.5
23,-47.5
24,-52.0
25,-69.8888888889
26,-50.8
