frequency,pdr
11,-56.1
12,-63.2222222222
13,-55.2727272727
14,-55.9
15,-60.8
16,-55.3
17,-54.4
18,-47.3
19,-46.0
20,-48.5
21,-57.6
22,-55.0
23,-60.3
24,-60.4
25,-48.9
26,-49.0
