frequency,pdr
11,-67.5
12,-55.2222222222
13,-66.0
14,-64.4444444444
15,-61.0
16,-64.0
17,-61.0
18,-63.6
19,-55.0
20,-55.0
21,-59.7
22,-75.3333333333
23,-66.8
24,-61.0
25,-68.1
26,-65.8
