frequency,pdr
11,-57.0
12,-61.8888888889
13,-69.6666666667
14,-58.0
15,-59.4
16,-55.0
17,-55.0
18,-61.0
19,-64.1
20,-65.4
21,-61.6
22,-67.0
23,-57.8
24,-55.6
25,-54.9
26,-61.4
