frequency,pdr
11,-55.0
12,-68.3
13,-66.5555555556
14,-55.0
15,-68.4
16,-62.6
17,-78.2
18,-67.0
19,-61.0
20,-63.5454545455
21,-66.6
22,-74.7
23,-72.4
24,-64.0
25,-67.0
26,-76.1
