frequency,pdr
11,-73.3
12,-61.1111111111
13,-68.6666666667
14,-67.0
15,-64.0
16,-66.6
17,-75.8
18,-59.1
19,-63.9
20,-61.0
21,-61.0
22,-63.6
23,-55.0
24,-77.4
25,-67.0
26,-63.8
