frequency,pdr
11,-66.7777777778
12,-63.3333333333
13,-58.0
14,-61.4444444444
15,-67.0
16,-65.7
17,-59.0
18,-59.9
19,-58.0
20,-55.0
21,-58.0
22,-64.0
23,-61.0
24,-74.9
25,-81.8888888889
26,-64.0
