frequency,pdr
11,-49.2
12,-54.9
13,-53.2
14,-51.8888888889
15,-48.0
16,-51.0
17,-54.1
18,-55.0
19,-52.1
20,-56.1
21,-60.6
22,-61.5
23,-63.0
24,-70.0
25,-65.3333333333
26,-63.0
