frequency,pdr
11,-52.1
12,-54.5
13,-67.2222222222
14,-52.4444444444
15,-58.0
16,-55.5
17,-53.8
18,-49.5
19,-46.7
20,-52.0
21,-53.9
22,-56.5
23,-62.6
24,-69.3
25,-49.0
26,-52.0
