frequency,pdr
11,-53.0
12,-71.1111111111
13,-62.7
14,-54.4444444444
15,-49.0
16,-51.2
17,-62.0
18,-50.7
19,-49.0
20,-50.8
21,-52.7
22,-55.6
23,-59.5
24,-61.0
25,-55.0
26,-49.2
