frequency,pdr
11,-64.8
12,-66.2
13,-59.7
14,-59.7777777778
15,-59.5
16,-64.8
17,-76.1
18,-60.1
19,-63.1
20,-58.0
21,-65.2
22,-67.0
23,-65.5
24,-70.0
25,-73.1111111111
26,-70.8
