frequency,pdr
11,-52.5
12,-65.3636363636
13,-58.0
14,-56.4
15,-58.1
16,-58.2
17,-55.0
18,-55.0
19,-60.4545454545
20,-58.4
21,-62.5
22,-68.5
23,-71.9
24,-68.1
25,-68.1111111111
26,-59.0
