frequency,pdr
11,-57.8
12,-64.0
13,-70.5555555556
14,-62.0
15,-62.1
16,-55.0
17,-56.7
18,-70.0
19,-69.9
20,-67.0
21,-62.1
22,-58.0
23,-61.5
24,-55.0
25,-66.3333333333
26,-73.9
