frequency,pdr
11,-55.5
12,-69.7777777778
13,-57.9
14,-52.1111111111
15,-56.0
16,-46.2
17,-48.9
18,-57.9
19,-67.3
20,-56.8
21,-50.2
22,-52.2
23,-56.1
24,-53.1
25,-63.5555555556
26,-75.8
