frequency,pdr
11,-56.6
12,-55.0
13,-49.2
14,-51.8888888889
15,-53.0
16,-58.6
17,-56.1
18,-62.7
19,-51.6
20,-49.2
21,-52.0
22,-54.0
23,-66.8
24,-57.8
25,-53.1
26,-61.8181818182
