frequency,pdr
11,-52.0
12,-46.1
13,-51.8888888889
14,-46.6666666667
15,-45.4
16,-50.7272727273
17,-47.4
18,-49.0
19,-49.5
20,-48.9
21,-43.5
22,-43.4
23,-46.0
24,-47.0
25,-54.2222222222
26,-46.0
