frequency,pdr
11,-55.0
12,-62.7777777778
13,-63.8888888889
14,-68.6
15,-55.0
16,-68.2
17,-56.5
18,-55.0
19,-58.2
20,-55.3
21,-55.0
22,-62.3
23,-58.4
24,-55.0
25,-61.2222222222
26,-66.2
