frequency,pdr
11,-53.2
12,-54.8888888889
13,-55.2222222222
14,-51.8
15,-52.4
16,-49.0
17,-51.3
18,-51.1
19,-53.8
20,-58.0
21,-60.7
22,-65.3
23,-60.2
24,-55.5
25,-52.3
26,-52.0
