frequency,pdr
11,-40.0
12,-41.3
13,-42.2
14,-43.1
15,-47.4
16,-43.2
17,-46.6363636364
18,-46.0
19,-44.5
20,-49.0
21,-54.0
22,-43.1
23,-43.0
24,-43.0
25,-50.4444444444
26,-54.8
