frequency,pdr
11,-56.4
12,-56.7777777778
13,-66.2
14,-62.0
15,-55.0
16,-52.0
17,-65.9
18,-52.7
19,-54.6
20,-65.6
21,-50.1
22,-52.3
23,-75.8888888889
24,-58.0
25,-64.3333333333
26,-54.7
