frequency,pdr
11,-53.8
12,-60.1111111111
13,-49.0
14,-50.5555555556
15,-53.6
16,-51.3
17,-54.8
18,-57.4
19,-66.7
20,-58.4
21,-49.0
22,-56.4
23,-60.2
24,-60.9
25,-63.9
26,-60.2727272727
