frequency,pdr
11,-68.3
12,-57.2
13,-59.5555555556
14,-54.2222222222
15,-53.8
16,-62.3
17,-64.0
18,-53.2
19,-52.0
20,-62.6
21,-76.9
22,-63.9
23,-60.0
24,-62.3
25,-55.0
26,-55.0
