frequency,pdr
11,-46.2
12,-52.1111111111
13,-61.0
14,-47.6666666667
15,-50.8
16,-52.8
17,-45.0
18,-48.8
19,-52.0
20,-52.0
21,-53.3
22,-51.6
23,-54.8
24,-50.9
25,-51.7
26,-50.0
