frequency,pdr
11,-47.5
12,-49.0
13,-55.0
14,-62.7777777778
15,-49.0
16,-52.6
17,-53.3
18,-58.7
19,-52.0
20,-53.4
21,-46.0
22,-55.0
23,-50.8
24,-52.0
25,-55.6666666667
26,-58.9
