frequency,pdr
11,-64.6666666667
12,-54.9
13,-61.6666666667
14,-54.7777777778
15,-55.4
16,-52.4
17,-55.0
18,-49.8
19,-53.8
20,-55.0
21,-56.0
22,-55.3
23,-58.8
24,-56.9
25,-58.5555555556
26,-67.0909090909
