frequency,pdr
11,-64.0
12,-59.8
13,-63.7777777778
14,-71.5555555556
15,-62.9
16,-69.1
17,-61.0
18,-60.4
19,-67.0
20,-63.8
21,-58.0
22,-59.8
23,-58.6
24,-70.0
25,-59.0
26,-62.2
