frequency,pdr
11,-49.0
12,-50.7
13,-63.4444444444
14,-59.5555555556
15,-64.0
16,-65.0
17,-59.3
18,-54.0
19,-49.0
20,-49.0
21,-49.0
22,-55.0
23,-51.0
24,-55.6
25,-53.8
26,-46.0
