frequency,pdr
11,-62.7777777778
12,-46.6666666667
13,-43.0
14,-45.1
15,-53.4
16,-55.1
17,-55.0
18,-48.6
19,-51.6
20,-60.1
21,-53.2
22,-46.0
23,-52.4
24,-65.6
25,-55.9
26,-49.0
