frequency,pdr
11,-64.2
12,-61.2
13,-63.4444444444
14,-55.0
15,-52.1
16,-49.0
17,-49.4
18,-55.0
19,-63.1818181818
20,-54.9
21,-49.4
22,-62.9
23,-55.2
24,-54.1
25,-52.9
26,-63.1
