frequency,pdr
11,-63.8
12,-66.7777777778
13,-66.6666666667
14,-66.8888888889
15,-52.0
16,-52.0
17,-49.1
18,-53.8
19,-67.4
20,-67.0
21,-61.0
22,-67.0
23,-55.2
24,-49.0
25,-52.0
26,-54.7
