frequency,pdr
11,-52.0
12,-56.4
13,-59.2
14,-56.3333333333
15,-52.0
16,-53.7
17,-66.8181818182
18,-60.6
19,-49.1
20,-53.5
21,-52.0
22,-55.0
23,-48.7
24,-53.4
25,-54.9
26,-53.0
