frequency,pdr
11,-67.1
12,-57.5555555556
13,-53.0
14,-59.4444444444
15,-66.2
16,-58.0
17,-58.5
18,-62.0
19,-67.3
20,-63.7
21,-61.7
22,-58.6
23,-61.2
24,-59.9
25,-67.1111111111
26,-66.2
