frequency,pdr
11,-68.7
12,-55.9
13,-59.1
14,-66.3636363636
15,-68.2
16,-59.3
17,-77.3
18,-68.7
19,-67.5
20,-63.1
21,-66.2
22,-77.3
23,-65.1
24,-64.0
25,-63.1
26,-79.3333333333
