frequency,pdr
11,-57.8888888889
12,-57.2857142857
13,-54.0
14,-52.0
15,-49.0
16,-49.0
17,-49.0
18,-49.0
19,-47.5
20,-48.0
21,-49.0
22,-49.7
23,-49.0
24,-48.7
25,-47.0
26,-48.1
