frequency,pdr
11,-55.0
12,-52.5714285714
13,-52.0
14,-48.5
15,-49.0
16,-50.0
17,-53.4
18,-59.8888888889
19,-56.0
20,-52.3
21,-52.0
22,-53.0
23,-60.5
24,-61.0
25,-67.0
26,-54.0
