frequency,pdr
11,-70.0
12,-68.0
13,-69.8888888889
14,-77.1666666667
15,-66.9
16,-64.0
17,-71.2
18,-68.8888888889
19,-63.8888888889
20,-61.0
21,-64.0
22,-61.8
23,-60.0
24,-61.0
25,-63.7
26,-59.0
