frequency,pdr
11,-58.8888888889
12,-59.4285714286
13,-61.0
14,-67.0
15,-73.7
16,-67.1666666667
17,-63.2
18,-61.9
19,-72.8888888889
20,-74.0
21,-70.0
22,-64.0
23,-58.9
24,-58.7
25,-53.1
26,-50.3
