frequency,pdr
11,-55.0
12,-58.1111111111
13,-57.7
14,-54.8
15,-55.0
16,-63.8571428571
17,-55.0
18,-55.0
19,-55.0
20,-59.6
21,-64.0
22,-64.0
23,-61.2
24,-59.2
25,-60.8
26,-67.0
