frequency,pdr
11,-48.9
12,-50.2222222222
13,-52.0
14,-56.0
15,-61.0
16,-60.8571428571
17,-55.0
18,-51.8
19,-50.0
20,-49.0
21,-50.8
22,-57.0
23,-76.8
24,-60.9
25,-58.0
26,-52.1
