frequency,pdr
11,-51.7
12,-53.0
13,-52.9
14,-54.6666666667
15,-55.5
16,-53.5714285714
17,-53.6
18,-60.5555555556
19,-54.0
20,-58.5
21,-63.1
22,-58.0
23,-52.2
24,-55.0
25,-71.8
26,-63.8
