frequency,pdr
11,-64.1
12,-72.8333333333
13,-82.25
14,-71.25
15,-73.2
16,-68.8571428571
17,-67.0
18,-78.8888888889
19,-68.4
20,-61.1
21,-59.7
22,-62.2
23,-64.0
24,-62.8
25,-66.2
26,-74.4
