frequency,pdr
11,-51.9
12,-53.1428571429
13,-56.0
14,-57.8571428571
15,-55.2
16,-53.5
17,-55.6
18,-59.2727272727
19,-64.0
20,-58.6
21,-55.2
22,-60.4
23,-65.6
24,-64.0
25,-60.9
26,-61.0
