frequency,pdr
11,-54.9
12,-55.0
13,-61.0
14,-55.0
15,-55.2
16,-55.3333333333
17,-58.3
18,-67.0
19,-63.6666666667
20,-62.4
21,-68.8
22,-60.0
23,-55.0
24,-58.7
25,-67.0
26,-70.0
