frequency,pdr
11,-49.0
12,-50.7777777778
13,-56.875
14,-72.3333333333
15,-52.1
16,-46.6
17,-45.3
18,-44.2
19,-47.1
20,-52.7
21,-55.0
22,-51.9
23,-49.0
24,-49.5
25,-54.7
26,-51.1
