frequency,pdr
11,-61.4444444444
12,-50.625
13,-47.1111111111
14,-49.0
15,-49.0
16,-52.0
17,-49.4
18,-53.3
19,-58.7
20,-61.5
21,-52.8
22,-49.0
23,-50.3
24,-52.0
25,-57.1
26,-57.5
