frequency,pdr
11,-55.6666666667
12,-59.5
13,-65.75
14,-63.8571428571
15,-69.6
16,-61.3333333333
17,-59.0
18,-60.6666666667
19,-58.4444444444
20,-58.0
21,-66.4
22,-72.0
23,-61.0
24,-59.1
25,-55.0
26,-56.2
