frequency,pdr
11,-90.3
12,-90.4444444444
13,-90.8888888889
14,-90.0
15,-89.0
16,-90.4444444444
17,-91.0
18,-91.0
19,-91.0
20,-91.0
21,-91.0
22,-90.75
23,-89.125
24,-90.2222222222
25,-91.0
26,-91.0
