frequency,pdr
11,-90.0
12,-91.0
13,-86.0
14,-82.0
15,-81.0
16,-79.9
17,-80.0
18,-82.5
19,-89.0
20,-91.0
21,-91.0
22,-88.7142857143
23,-89.3333333333
24,-88.0909090909
25,-88.4
26,-90.0
