frequency,pdr
11,-90.2222222222
12,-91.0
13,-91.0
14,-91.0
15,-91.0
16,-90.8
17,-90.25
18,-89.8888888889
19,-91.0
23,-91.0
24,-91.0
25,-91.0
