frequency,pdr
11,-76.0
12,-84.7
13,-84.3
14,-81.7
15,-82.0
16,-82.6
17,-86.4545454545
18,-86.0
19,-85.0
20,-82.1
21,-79.0
22,-76.2857142857
23,-77.5
24,-82.0
25,-82.0
26,-82.0
