frequency,pdr
11,-91.0
12,-91.0
13,-91.0
14,-91.0
15,-91.0
16,-90.8
17,-90.7142857143
18,-90.6
19,-91.0
20,-90.8
21,-90.2222222222
22,-89.8
23,-91.0
24,-91.0
25,-91.0
26,-91.0
