frequency,pdr
11,-88.1111111111
12,-85.75
13,-85.0
14,-84.0
15,-86.0
16,-89.7777777778
17,-91.0
18,-90.125
19,-85.0
20,-84.4
21,-81.7777777778
22,-79.125
23,-79.7777777778
24,-82.0
25,-85.0
26,-88.7
