frequency,pdr
11,-91.0
12,-91.0
18,-91.0
19,-91.0
21,-91.0
22,-90.8571428571
23,-90.7777777778
24,-91.0
25,-91.0
