frequency,pdr
11,-90.8888888889
12,-89.875
13,-89.8
14,-89.9
15,-90.0
16,-88.6
17,-90.1666666667
18,-91.0
19,-91.0
21,-91.0
22,-89.75
23,-91.0
24,-90.75
25,-91.0
26,-91.0
