frequency,pdr
14,-91.0
15,-91.0
16,-91.0
17,-89.6666666667
18,-90.4285714286
19,-91.0
20,-91.0
21,-91.0
25,-91.0
26,-91.0
