frequency,pdr
11,-81.4444444444
12,-81.125
13,-82.0
14,-82.6
15,-85.8
16,-91.0
17,-84.0
18,-83.1666666667
19,-82.0
20,-81.8
21,-82.1111111111
22,-87.5
23,-91.0
24,-91.0
25,-88.7
26,-83.3
