frequency,pdr
11,-83.3
12,-85.8571428571
13,-87.1111111111
14,-84.9
15,-85.0
16,-86.0
17,-89.8
18,-91.0
19,-91.0
20,-90.0
21,-88.9
23,-91.0
24,-91.0
25,-90.3
26,-89.1
