frequency,pdr
11,-81.8888888889
12,-81.4285714286
13,-82.0
14,-85.0
16,-83.2
17,-81.2222222222
18,-82.0
19,-82.4
20,-82.4
21,-86.0
22,-80.8571428571
23,-81.0
24,-82.0
25,-82.0
26,-82.0
