frequency,pdr
11,-89.0
12,-89.875
13,-91.0
14,-91.0
15,-90.0
16,-87.3
17,-89.0
18,-88.8888888889
19,-89.8
21,-91.0
22,-90.3333333333
23,-91.0
24,-91.0
25,-91.0
26,-90.0
