frequency,pdr
11,-87.8
12,-87.125
13,-85.3
14,-84.8888888889
15,-84.0
16,-86.9
17,-89.375
18,-91.0
19,-88.0
20,-86.0
21,-87.8888888889
22,-90.25
23,-88.375
24,-90.0
25,-88.7
26,-88.0
