frequency,pdr
11,-90.5555555556
12,-84.8888888889
13,-85.7777777778
14,-88.0
15,-91.0
16,-91.0
17,-91.0
19,-91.0
21,-91.0
23,-91.0
24,-91.0
25,-91.0
26,-91.0
