frequency,pdr
11,-86.2222222222
12,-86.6666666667
13,-90.0
14,-90.0
15,-89.1
16,-90.2
17,-91.0
18,-91.0
19,-91.0
20,-91.0
21,-90.4
23,-91.0
24,-90.0
25,-89.0
26,-91.0
