frequency,pdr
11,-86.6666666667
12,-85.1111111111
13,-84.8888888889
14,-83.0
15,-81.2
16,-81.3
17,-80.0
18,-80.0
19,-82.1
20,-86.8
21,-91.0
22,-88.1
23,-85.1
24,-82.0
25,-80.1
26,-79.7
