frequency,pdr
14,-91.0
15,-91.0
16,-91.0
17,-91.0
18,-91.0
19,-91.0
20,-89.8888888889
21,-91.0
23,-89.1111111111
24,-88.0
25,-90.1
26,-91.0
