frequency,pdr
11,-89.4444444444
12,-90.8333333333
13,-91.0
14,-89.8
15,-88.0
16,-87.6
17,-87.1
18,-88.4
19,-91.0
21,-91.0
