frequency,pdr
11,-82.0
12,-80.0
13,-79.7
14,-79.6
15,-80.1
16,-82.0
17,-83.0
18,-85.0
19,-85.4
20,-86.2
21,-87.2
22,-88.1111111111
23,-89.6666666667
24,-90.0
25,-88.9
26,-87.9
