frequency,pdr
11,-89.7777777778
12,-88.8888888889
13,-86.0
14,-85.0
15,-85.0
16,-84.8
17,-86.4
18,-87.9
19,-87.9
20,-88.1
21,-90.6363636364
23,-91.0
25,-91.0
26,-91.0
