frequency,pdr
11,-87.5714285714
12,-87.7777777778
13,-85.0
14,-83.1
15,-84.7
16,-87.2
17,-90.8333333333
18,-91.0
19,-91.0
20,-91.0
21,-90.8888888889
23,-88.4
24,-89.2
25,-91.0
26,-91.0
