frequency,pdr
11,-89.3333333333
12,-89.6
13,-87.8
14,-87.1
15,-87.2
16,-87.3
17,-88.7777777778
18,-90.8
19,-91.0
20,-90.2
21,-89.0
22,-88.625
23,-89.9
24,-91.0
25,-91.0
26,-91.0
