frequency,pdr
11,-79.0
12,-76.0
13,-76.0
14,-77.0
15,-77.7
16,-77.0
17,-76.0
18,-73.1
19,-72.0
20,-70.5
21,-70.1
22,-70.4444444444
23,-70.4444444444
24,-71.2
25,-71.7
26,-72.0
