frequency,pdr
11,-90.5
13,-91.0
14,-91.0
15,-88.5
16,-86.7
17,-85.1428571429
18,-85.4
19,-86.8
20,-87.6
21,-88.9
22,-89.2222222222
23,-91.0
24,-91.0
25,-91.0
26,-91.0
