frequency,pdr
11,-79.5
12,-79.8
13,-77.4
14,-76.7
15,-79.0
16,-79.0
17,-76.0
18,-76.0
19,-76.9
20,-76.9
21,-78.9
22,-78.5
23,-79.4444444444
24,-85.7777777778
25,-84.9
26,-82.2
