frequency,pdr
11,-68.8
12,-70.0
13,-74.0
14,-79.0
15,-79.0
16,-79.0
17,-79.0
18,-81.2857142857
19,-87.5
20,-89.0
21,-86.3
22,-87.2222222222
23,-88.1
24,-86.4
25,-86.7
26,-90.6
