frequency,pdr
11,-72.3
12,-73.0
13,-77.8
14,-82.0
15,-85.6
16,-79.8888888889
17,-79.0
18,-79.0
19,-80.5
20,-85.5
22,-87.8333333333
23,-87.0
24,-88.1
25,-91.0
26,-91.0
