frequency,pdr
11,-84.0
12,-79.1
13,-79.0
14,-79.0
15,-79.0
16,-79.0
17,-79.7777777778
18,-83.5
19,-86.7
20,-86.1
21,-85.1
22,-85.5714285714
23,-88.7
24,-91.0
25,-91.0
26,-90.1
