frequency,pdr
11,-81.2
12,-78.9
13,-76.0
14,-73.7
15,-73.9
16,-76.6666666667
17,-81.6666666667
18,-87.875
19,-91.0
20,-91.0
21,-89.4
22,-85.4444444444
23,-85.0
24,-87.2
25,-88.0
26,-83.1
