frequency,pdr
11,-87.0
12,-86.875
13,-88.4444444444
14,-89.8571428571
15,-91.0
16,-91.0
18,-91.0
19,-91.0
20,-91.0
21,-91.0
23,-91.0
24,-91.0
25,-91.0
26,-91.0
