frequency,pdr
11,-88.3333333333
12,-87.125
13,-89.25
14,-89.1111111111
15,-86.6
16,-85.9
17,-87.0
18,-89.1
19,-91.0
20,-91.0
21,-91.0
