frequency,pdr
11,-81.0
12,-84.4
13,-89.8
14,-91.0
18,-91.0
19,-90.0
20,-89.9
21,-91.0
23,-88.2222222222
24,-84.6
25,-82.9090909091
26,-81.5
