frequency,pdr
11,-83.9
12,-84.9
13,-86.2
14,-90.1
15,-91.0
16,-91.0
17,-91.0
18,-89.9
19,-86.0
20,-84.2
21,-85.1111111111
22,-85.7777777778
23,-88.0
24,-91.0
26,-91.0
