frequency,pdr
11,-34.8181818182
12,-33.8
13,-34.1
14,-35.6
15,-37.0
16,-38.1
17,-38.7
18,-37.7
19,-37.0
20,-37.0
21,-35.7
22,-37.1818181818
23,-32.3
24,-32.2
25,-33.1
26,-33.1
