frequency,pdr
11,-87.4
12,-86.2222222222
13,-87.8888888889
14,-87.0
15,-86.0
16,-86.8
17,-88.3333333333
18,-90.0
19,-91.0
20,-90.3333333333
21,-91.0
22,-90.1111111111
23,-90.5
24,-90.9
25,-91.0
26,-87.2
