frequency,pdr
11,-89.1
12,-90.2222222222
13,-91.0
15,-91.0
16,-89.6
17,-88.1111111111
18,-88.8333333333
19,-91.0
20,-89.1
21,-89.9
23,-91.0
24,-90.0
25,-88.8
26,-89.7
