frequency,pdr
11,-88.2
12,-87.1
13,-86.0
14,-86.6
15,-89.9
16,-91.0
17,-91.0
18,-90.625
19,-88.7
20,-87.4
21,-87.6666666667
22,-87.9
23,-89.4444444444
24,-89.2
25,-91.0
26,-90.0
