frequency,pdr
11,-87.1111111111
12,-88.3
13,-89.75
14,-91.0
16,-91.0
17,-90.5555555556
18,-91.0
19,-91.0
21,-91.0
23,-91.0
24,-89.5
25,-87.0
26,-89.4
