frequency,pdr
11,-86.1
12,-83.1
13,-82.3
14,-82.5
15,-84.1
16,-86.6
17,-88.9
18,-85.0
19,-83.2
20,-82.1
21,-82.0
22,-84.6666666667
23,-88.4545454545
24,-86.3
25,-91.0
26,-89.0
