frequency,pdr
12,-91.0
13,-90.9
14,-91.0
15,-90.8
16,-88.0
17,-86.9
18,-85.9
19,-85.3
20,-83.8
21,-83.0
22,-82.6666666667
23,-83.5555555556
24,-84.9
25,-87.7
26,-91.0
