frequency,pdr
11,-62.2
12,-55.0
13,-55.0
14,-52.9
15,-56.0909090909
16,-55.0
17,-51.4
18,-49.0
19,-51.8
20,-54.1
21,-59.8888888889
22,-71.875
23,-55.0
24,-52.0
25,-53.1
26,-58.0
