frequency,pdr
11,-80.1
12,-81.7
13,-84.25
14,-84.8
15,-82.0
16,-83.7777777778
17,-87.6666666667
18,-90.4444444444
19,-91.0
20,-90.8
21,-91.0
23,-91.0
24,-91.0
25,-91.0
