frequency,pdr
11,-72.9
12,-62.1
13,-61.0
14,-58.0
15,-55.0
16,-65.9
17,-55.0
18,-49.2
19,-50.0
20,-49.0
21,-50.2222222222
22,-52.0
23,-52.3333333333
24,-61.0
25,-55.0
26,-51.0
