frequency,pdr
11,-89.8333333333
12,-89.0
13,-84.9
14,-80.3
15,-79.3
16,-80.9
17,-81.4
18,-82.2
19,-82.7
20,-79.0
21,-79.5454545455
22,-79.6
23,-81.4444444444
24,-79.2
25,-78.6
26,-79.0
