frequency,pdr
11,-79.1
12,-79.7
13,-81.0
14,-82.0
15,-82.0
16,-82.1
17,-85.0
18,-84.8
19,-85.2
20,-86.6
21,-85.7
22,-83.4444444444
23,-84.4444444444
24,-85.0
25,-88.7
