frequency,pdr
11,-87.1111111111
13,-90.8888888889
14,-86.0
15,-83.5
16,-82.0
17,-81.9
18,-81.9
19,-82.0
20,-82.1
21,-82.0
22,-82.7
23,-84.4
24,-85.9
25,-86.1
26,-86.0
