frequency,pdr
11,-90.3333333333
12,-91.0
13,-90.4444444444
14,-90.0
15,-91.0
16,-91.0
17,-91.0
19,-91.0
20,-90.8
21,-89.5
22,-88.125
23,-87.4
24,-87.0
25,-87.4
26,-88.4
