frequency,pdr
11,-82.7777777778
12,-85.1111111111
13,-88.8888888889
14,-89.75
15,-87.0
16,-85.6
17,-83.7
18,-82.0
19,-82.0
20,-82.0
21,-82.0
22,-82.4
23,-83.0
24,-83.6
25,-84.7
26,-82.4
