frequency,pdr
11,-74.1111111111
12,-70.0
13,-70.0
14,-70.0
15,-70.0
16,-70.0
17,-72.4
18,-74.7
19,-77.3
20,-82.0
21,-83.8
22,-85.0
23,-89.4285714286
24,-82.1
25,-75.7
26,-71.9
