frequency,pdr
11,-67.8888888889
12,-67.0
13,-67.0
14,-67.0
15,-67.0
16,-67.0
17,-67.0
18,-67.4
19,-67.0
20,-67.0
21,-69.1818181818
22,-67.3
23,-67.3
24,-67.0
25,-67.0
26,-67.0
