frequency,pdr
11,-87.8888888889
12,-85.7777777778
13,-84.1111111111
14,-85.6
15,-88.9
16,-87.9
17,-84.1
18,-82.2
19,-82.0
20,-83.0
21,-86.3
23,-88.25
24,-81.4
25,-78.7
26,-76.0
