frequency,pdr
11,-84.4444444444
12,-84.2222222222
13,-84.8888888889
14,-87.0
15,-90.1
16,-87.5
17,-85.375
18,-85.0
19,-87.6
20,-90.0
21,-89.0
22,-86.5555555556
23,-87.9
24,-88.5
25,-90.1
26,-90.0
