frequency,pdr
11,-81.1111111111
12,-87.6666666667
13,-86.1111111111
14,-84.0
15,-84.1
16,-84.7
17,-90.0
19,-91.0
20,-85.8
21,-83.0
22,-81.0
23,-82.0
24,-80.0
25,-82.4
26,-83.6
