frequency,pdr
11,-87.1111111111
12,-83.5555555556
13,-82.1111111111
14,-85.0
15,-89.2
16,-91.0
17,-91.0
19,-91.0
20,-91.0
21,-90.7
23,-91.0
25,-91.0
26,-90.8
