frequency,pdr
12,-91.0
13,-91.0
14,-89.8
15,-90.9
16,-91.0
17,-91.0
18,-90.1111111111
19,-86.0
20,-82.8
21,-82.0
22,-81.2857142857
23,-81.0
24,-81.3
25,-82.0
26,-84.0
