frequency,pdr
11,-87.5
12,-88.1666666667
13,-89.5714285714
14,-91.0
15,-88.1
16,-85.0
17,-83.8888888889
18,-82.0
19,-82.0
20,-82.7
21,-82.5
22,-83.375
23,-84.7777777778
24,-87.1
25,-85.0
26,-83.9
