frequency,pdr
11,-89.5
12,-89.0
13,-90.2222222222
14,-91.0
15,-91.0
16,-90.6
17,-90.6
18,-91.0
19,-91.0
20,-90.6
21,-91.0
22,-88.2222222222
23,-86.9
24,-86.7
25,-87.4
26,-88.4
