frequency,pdr
11,-74.0
12,-75.8888888889
13,-77.0
14,-78.9
15,-82.0
16,-82.1
17,-80.0
18,-82.0
19,-87.8
20,-84.0
21,-81.9
22,-81.6666666667
23,-82.9
24,-84.5
25,-85.0
26,-83.9
