frequency,pdr
11,-76.0
12,-79.0
13,-73.0
14,-75.5
15,-78.9
16,-76.0
17,-78.7
18,-81.9
19,-91.0
20,-88.4
21,-80.8
22,-79.5555555556
23,-81.3333333333
24,-86.8
25,-91.0
26,-86.0
