frequency,pdr
11,-87.1111111111
12,-87.1111111111
13,-90.4
14,-91.0
15,-91.0
16,-90.9
17,-89.9
18,-88.8
19,-86.8
20,-87.0
21,-90.6
23,-90.4444444444
24,-91.0
26,-91.0
