frequency,pdr
11,-88.2222222222
12,-87.8888888889
13,-90.875
14,-91.0
15,-91.0
16,-91.0
17,-88.8
18,-86.1
19,-86.0
20,-87.9
21,-90.5
22,-90.125
23,-90.6
24,-90.3
25,-88.1
26,-90.2
