frequency,pdr
11,-78.6
12,-79.2222222222
13,-83.25
14,-91.0
16,-90.5
17,-84.5555555556
18,-83.0
19,-87.0
20,-86.0
21,-85.0
23,-88.125
24,-91.0
25,-91.0
26,-91.0
