frequency,pdr
11,-84.0
12,-83.8333333333
13,-82.0
14,-82.0
15,-83.3
16,-88.0
17,-91.0
18,-91.0
19,-90.1666666667
20,-88.9
21,-90.7777777778
23,-91.0
24,-91.0
25,-91.0
