frequency,pdr
11,-71.4444444444
12,-55.2222222222
13,-51.1
14,-54.9
15,-53.0
16,-49.0
17,-51.1
18,-56.1
19,-54.9
20,-49.0
21,-49.0
22,-55.0
23,-61.7
24,-51.0
25,-55.6
26,-56.8
