frequency,pdr
11,-59.0
12,-59.7777777778
13,-55.1111111111
14,-49.8
15,-54.6
16,-59.1
17,-62.7
18,-52.0
19,-54.3
20,-55.0
21,-56.8
22,-52.3
23,-61.0
24,-67.0
25,-60.5
26,-64.8
