frequency,pdr
11,-53.4
12,-58.2222222222
13,-60.3
14,-60.1
15,-61.2
16,-55.0
17,-55.0
18,-64.1
19,-59.6
20,-55.0
21,-55.7
22,-67.0
23,-69.5
24,-58.0
25,-62.8888888889
26,-63.7
