frequency,pdr
11,-49.0
12,-57.7777777778
13,-51.7
14,-52.0
15,-46.0
16,-43.0
17,-43.0
18,-43.9
19,-43.0
20,-44.3
21,-61.8181818182
22,-50.6
23,-44.0
24,-53.6
25,-55.0
26,-55.0
