frequency,pdr
11,-55.5
12,-54.8
13,-61.8888888889
14,-50.7
15,-51.6
16,-51.5
17,-48.3
18,-53.2
19,-55.5
20,-60.7
21,-60.7
22,-58.1
23,-55.9
24,-56.2
25,-50.3333333333
26,-52.0
