frequency,pdr
11,-63.0
12,-64.0
13,-64.4444444444
14,-71.2222222222
15,-65.4
16,-58.0
17,-71.1
18,-64.0
19,-70.1
20,-60.7
21,-70.3
22,-68.9
23,-61.0
24,-61.2
25,-66.5
26,-66.2
