frequency,pdr
11,-77.625
12,-66.5555555556
13,-78.3333333333
14,-69.8
15,-62.5
16,-75.9
17,-67.0
18,-66.1
19,-63.0
20,-61.0
21,-66.6
22,-63.9
23,-61.1
24,-61.0
25,-62.8888888889
26,-68.5
