frequency,pdr
11,-58.0
12,-59.3333333333
13,-55.0
14,-53.1
15,-50.0
16,-63.1
17,-64.2
18,-63.1
19,-54.0
20,-61.1
21,-55.0
22,-55.0
23,-60.0
24,-66.4
25,-66.2222222222
26,-58.0
