frequency,pdr
11,-55.5
12,-55.2222222222
13,-61.0
14,-65.6
15,-65.3
16,-62.4
17,-76.9
18,-62.2
19,-58.0
20,-58.0
21,-55.0
22,-61.0
23,-61.1
24,-58.0
25,-64.3333333333
26,-58.0
