frequency,pdr
11,-54.9
12,-58.2222222222
13,-63.2222222222
14,-60.2
15,-61.0
16,-52.0
17,-55.0
18,-55.0
19,-55.0
20,-50.8
21,-52.0
22,-52.0
23,-52.7
24,-52.0
25,-49.0
26,-48.0
