frequency,pdr
11,-49.0
12,-66.8888888889
13,-51.2222222222
14,-46.4
15,-46.0
16,-52.0
17,-49.8
18,-49.7
19,-51.7
20,-52.1
21,-46.0
22,-52.6
23,-54.0
24,-48.2
25,-51.9
26,-60.4
