frequency,pdr
11,-63.9
12,-72.2222222222
13,-59.6666666667
14,-61.0
15,-68.4
16,-59.5
17,-64.6
18,-59.7
19,-61.0
20,-68.1
21,-63.8
22,-64.7
23,-63.3
24,-67.0
25,-61.0
26,-58.6
