frequency,pdr
11,-48.1
12,-52.0
13,-52.2222222222
14,-52.0
15,-49.0
16,-58.0
17,-55.3
18,-49.0
19,-52.0
20,-48.0
21,-49.0
22,-50.3
23,-52.0
24,-56.8
25,-65.7777777778
26,-58.0
