frequency,pdr
11,-68.7777777778
12,-65.8888888889
13,-62.2
14,-62.8
15,-66.0
16,-68.6
17,-76.5
18,-66.7
19,-65.4
20,-64.0
21,-73.8
22,-70.0
23,-69.7
24,-62.8
25,-62.7777777778
26,-66.8
