frequency,pdr
11,-59.9
12,-60.8888888889
13,-58.0
14,-63.8
15,-61.4
16,-66.0
17,-61.8
18,-64.4
19,-67.0
20,-67.3
21,-67.0
22,-71.8888888889
23,-67.5
24,-60.4
25,-63.8888888889
26,-67.9
