frequency,pdr
11,-50.6363636364
12,-55.0
13,-66.4444444444
14,-59.8
15,-54.3
16,-66.3
17,-63.3
18,-52.1
19,-52.1
20,-49.0
21,-46.0
22,-48.9
23,-49.0
24,-57.9
25,-52.7
26,-58.0
