frequency,pdr
11,-64.0
12,-60.8888888889
13,-52.0
14,-55.0
15,-52.0
16,-53.4
17,-65.9
18,-63.2
19,-64.6
20,-60.8
21,-69.4
22,-64.0
23,-70.2
24,-62.3
25,-73.2222222222
26,-62.0
