frequency,pdr
11,-82.1428571429
12,-56.5
13,-57.8
14,-55.0
15,-54.8
16,-55.0
17,-55.0
18,-59.0
19,-55.0
20,-59.4
21,-55.0
22,-65.0
23,-55.5
24,-58.8
25,-63.4444444444
26,-59.5
