frequency,pdr
11,-50.2
12,-45.9
13,-43.5
14,-51.0
15,-49.3
16,-52.0
17,-47.0909090909
18,-50.8
19,-67.0
20,-52.0
21,-46.2
22,-54.5
23,-52.9
24,-57.4
25,-55.4444444444
26,-54.2
