frequency,pdr
11,-63.4
12,-64.0
13,-65.6
14,-61.4
15,-58.0
16,-58.0
17,-65.6
18,-62.3
19,-68.5
20,-61.1
21,-61.3
22,-60.9
23,-70.7142857143
24,-63.3
25,-65.6666666667
26,-64.1
