frequency,pdr
11,-49.4
12,-49.6666666667
13,-59.7
14,-49.0
15,-54.5
16,-49.0
17,-54.3
18,-52.3
19,-55.0
20,-55.0
21,-55.5
22,-55.8
23,-64.0
24,-57.8
25,-62.4444444444
26,-60.2
