frequency,pdr
11,-63.1
12,-58.3333333333
13,-58.0
14,-59.8
15,-58.0
16,-57.1
17,-60.0
18,-59.6
19,-59.6
20,-59.6
21,-63.9
22,-62.0
23,-61.0
24,-70.3
25,-79.1111111111
26,-60.0
