frequency,pdr
11,-66.7777777778
12,-55.0
13,-52.0
14,-55.2
15,-55.0
16,-64.6
17,-55.0
18,-53.0
19,-63.0
20,-60.3
21,-58.0
22,-61.7
23,-52.8
24,-57.1
25,-61.2222222222
26,-52.0
