frequency,pdr
11,-64.1
12,-69.5555555556
13,-51.5555555556
14,-53.0
15,-56.8
16,-55.6
17,-55.0
18,-60.5
19,-76.2
20,-52.0
21,-54.6
22,-58.0
23,-59.7
24,-56.2
25,-61.0
26,-58.0
