frequency,pdr
11,-62.1
12,-54.9
13,-53.6666666667
14,-67.0
15,-65.2
16,-51.2
17,-52.0
18,-55.0
19,-55.3
20,-54.6
21,-59.8
22,-64.5
23,-77.8888888889
24,-60.9
25,-61.9
26,-52.7
