frequency,pdr
11,-57.5
12,-67.2
13,-63.6666666667
14,-67.1
15,-65.9
16,-64.6
17,-72.7
18,-67.3
19,-55.0
20,-63.1
21,-67.0
22,-64.0
23,-65.4
24,-68.6
25,-62.2222222222
26,-65.3
