frequency,pdr
11,-62.4
12,-66.7777777778
13,-73.8888888889
14,-58.0
15,-64.0
16,-68.3
17,-65.1
18,-61.0
19,-61.0
20,-61.0
21,-64.0
22,-67.7
23,-66.8
24,-62.4
25,-57.9
26,-69.5
