frequency,pdr
11,-49.8
12,-61.7777777778
13,-57.9
14,-59.8
15,-57.6
16,-49.0
17,-66.7
18,-52.4
19,-60.3
20,-54.4
21,-52.6
22,-55.3
23,-62.5
24,-54.5
25,-66.1111111111
26,-61.4
