frequency,pdr
11,-48.6
12,-49.1
13,-55.0
14,-56.7
15,-55.0
16,-58.0
17,-56.1
18,-55.4545454545
19,-55.0
20,-55.0
21,-55.0
22,-51.4
23,-61.0
24,-54.2
25,-61.6666666667
26,-55.0
