frequency,pdr
11,-64.0
12,-67.0
13,-65.1111111111
14,-62.7
15,-70.8
16,-64.0
17,-72.6
18,-61.5
19,-67.0
20,-67.0
21,-70.6
22,-74.0
23,-78.4285714286
24,-74.0
25,-70.4
26,-61.0
