frequency,pdr
11,-66.9
12,-58.8
13,-64.0
14,-58.0
15,-60.8
16,-67.1
17,-64.0
18,-67.0
19,-66.5
20,-71.1
21,-64.3
22,-69.4545454545
23,-67.0
24,-64.5
25,-64.3333333333
26,-72.0
