frequency,pdr
11,-57.8
12,-57.6666666667
13,-53.6
14,-53.1
15,-49.4
16,-58.0
17,-56.4
18,-55.0
19,-49.0
20,-63.0
21,-58.0
22,-61.2
23,-62.2222222222
24,-52.5
25,-61.2222222222
26,-52.2
