frequency,pdr
11,-78.2
12,-62.8888888889
13,-57.6
14,-61.8
15,-59.1
16,-58.9
17,-55.0
18,-59.8
19,-73.2
20,-61.7
21,-62.5
22,-64.6
23,-64.0
24,-63.8
25,-63.7777777778
26,-62.9
