frequency,pdr
11,-58.2
12,-54.9
13,-64.4444444444
14,-56.5
15,-63.5
16,-55.6
17,-53.8
18,-49.0
19,-45.0
20,-53.9090909091
21,-49.0
22,-51.2
23,-49.0
24,-52.0
25,-52.0
26,-55.0
