frequency,pdr
11,9.42363112392
12,10.2305475504
13,10.9221902017
14,10.8357348703
15,11.2680115274
16,10.8069164265
17,10.6916426513
18,9.62536023055
19,12.0172910663
20,9.76945244957
21,8.64553314121
22,6.28242074928
23,9.45244956772
24,10.0864553314
25,10.2017291066
26,10.144092219
