frequency,pdr
11,10.6340057637
12,9.79827089337
13,11.9308357349
14,12.3342939481
15,12.5936599424
16,10.2305475504
17,9.62536023055
18,9.65417867435
19,12.1902017291
20,11.3832853026
21,12.8818443804
22,6.94524495677
23,11.757925072
24,12.7089337176
25,12.5648414986
26,12.3919308357
