frequency,pdr
11,9.16426512968
12,8.70317002882
13,8.81844380403
14,9.91354466859
15,11.5561959654
16,11.469740634
17,11.2103746398
18,11.2391930836
19,12.5648414986
20,11.6426512968
21,12.795389049
22,8.93371757925
23,11.8443804035
24,13.6599423631
25,14.1498559078
26,12.9971181556
