frequency,pdr
11,8.12680115274
12,8.38616714697
13,8.87608069164
14,10.288184438
15,11.9020172911
16,11.1527377522
17,10.7780979827
18,10.0288184438
19,10.9221902017
20,9.2795389049
21,10.6051873199
22,6.94524495677
23,9.9711815562
24,10.1152737752
25,9.42363112392
26,9.36599423631
