frequency,pdr
11,12.1325648415
12,12.4783861671
13,13.1123919308
14,13.1700288184
15,13.5158501441
16,13.5446685879
17,13.2276657061
18,12.939481268
19,14.4380403458
20,13.083573487
21,12.1902017291
22,10.2593659942
23,12.1613832853
24,13.9193083573
25,14.2363112392
26,14.0634005764
