frequency,pdr
11,7.72334293948
12,8.50144092219
13,9.33717579251
14,9.85590778098
15,10.4322766571
16,10.2305475504
17,9.13544668588
18,8.04034582133
19,10.8645533141
20,10.3746397695
21,11.1239193084
22,7.1757925072
23,10.3170028818
24,10.0288184438
25,9.79827089337
26,9.45244956772
