frequency,pdr
11,12.4783861671
12,12.65129683
13,12.0172910663
14,13.8328530259
15,14.2363112392
16,13.7752161383
17,11.8443804035
18,13.5158501441
19,14.9567723343
20,14.5821325648
21,15.590778098
22,9.82708933718
23,15.1008645533
24,15.8501440922
25,15.7925072046
26,15.8501440922
