frequency,pdr
11,24.0634005764
12,24.6974063401
13,26.2247838617
14,25.9942363112
15,26.4265129683
16,25.9077809798
17,24.7550432277
18,26.1383285303
19,27.4639769452
20,26.2536023055
21,23.5158501441
22,16.9452449568
23,25.1873198847
24,23.3717579251
25,25.5331412104
26,24.3227665706
