frequency,pdr
11,7.29106628242
12,6.19596541787
13,7.03170028818
14,8.35734870317
15,9.04899135447
16,8.01152737752
17,7.66570605187
18,8.01152737752
19,8.09798270893
20,7.57925072046
21,7.75216138329
22,6.4265129683
23,7.46397694524
24,8.24207492795
25,8.15561959654
26,6.34005763689
