frequency,pdr
11,16.916426513
12,18.1268011527
13,17.5216138329
14,20.0576368876
15,20.0576368876
16,19.7982708934
17,19.6253602305
18,18.8760806916
19,20.0576368876
20,18.674351585
21,18.5014409222
22,13.976945245
23,17.0317002882
24,19.4812680115
25,20.1152737752
26,18.674351585
