frequency,pdr
11,11.9884726225
12,10.8069164265
13,11.8731988473
14,14.7262247839
15,14.8991354467
16,14.1786743516
17,13.8040345821
18,13.083573487
19,14.6109510086
20,12.4495677233
21,12.7665706052
22,8.35734870317
23,13.1988472622
24,13.0547550432
25,14.5821325648
26,14.5244956772
