frequency,pdr
11,10.8645533141
12,11.7002881844
13,12.9106628242
14,13.3141210375
15,13.1412103746
16,13.2853025937
17,12.9682997118
18,12.9682997118
19,14.5244956772
20,12.5360230548
21,11.9884726225
22,8.06916426513
23,12.2190201729
24,13.0547550432
25,13.1123919308
26,12.65129683
