frequency,pdr
11,12.507204611
12,11.8443804035
13,12.1613832853
14,13.6023054755
15,14.0922190202
16,12.9971181556
17,12.1325648415
18,12.4207492795
19,14.121037464
20,13.4582132565
21,14.2074927954
22,11.1527377522
23,13.083573487
24,13.8616714697
25,14.6109510086
26,14.0634005764
