frequency,pdr
11,6.94524495677
12,7.52161383285
13,7.8674351585
14,8.96253602305
15,9.2507204611
16,9.10662824207
17,7.72334293948
18,8.06916426513
19,10.2593659942
20,8.09798270893
21,8.96253602305
22,6.05187319885
23,7.8386167147
24,7.63688760807
25,7.20461095101
26,7.20461095101
