frequency,pdr
11,11.8731988473
12,13.7463976945
13,13.6887608069
14,14.9855907781
15,15.590778098
16,14.9855907781
17,13.9481268012
18,14.7262247839
19,16.5129682997
20,14.6974063401
21,14.4380403458
22,11.613832853
23,12.7665706052
24,14.0057636888
25,14.7838616715
26,14.0922190202
