frequency,pdr
11,6.08069164265
12,5.41786743516
13,5.76368876081
14,7.29106628242
15,7.52161383285
16,8.24207492795
17,7.75216138329
18,7.78097982709
19,8.47262247839
20,7.57925072046
21,7.95389048991
22,6.36887608069
23,7.72334293948
24,8.32853025937
25,9.39481268012
26,8.84726224784
