frequency,pdr
11,12.9971181556
12,14.121037464
13,14.7838616715
14,14.553314121
15,16.5994236311
16,15.7925072046
17,15.1585014409
18,14.8126801153
19,15.4178674352
20,14.2939481268
21,13.5446685879
22,8.70317002882
23,14.0634005764
24,13.976945245
25,14.7262247839
26,11.7867435159
