frequency,pdr
11,16.3976945245
12,16.4553314121
13,16.4841498559
14,20.1729106628
15,22.4783861671
16,20.7492795389
17,18.8472622478
18,17.9827089337
19,20.4322766571
20,17.9538904899
21,18.242074928
22,13.4582132565
23,16.8876080692
24,19.2507204611
25,21.0374639769
26,18.530259366
