frequency,pdr
11,12.939481268
12,13.1123919308
13,13.0547550432
14,13.6023054755
15,14.6685878963
16,14.9279538905
17,12.8818443804
18,14.6685878963
19,15.446685879
20,15.3025936599
21,15.4178674352
22,12.0749279539
23,15.3602305476
24,15.590778098
25,14.8126801153
26,15.3025936599
