frequency,pdr
11,11.5850144092
12,11.757925072
13,12.2190201729
14,13.8040345821
15,14.5244956772
16,13.8040345821
17,14.4668587896
18,12.7665706052
19,14.5821325648
20,12.65129683
21,15.0720461095
22,8.38616714697
23,13.8040345821
24,13.8904899135
25,14.5821325648
26,14.0057636888
