frequency,pdr
11,10.9221902017
12,10.8357348703
13,10.3746397695
14,13.2276657061
15,14.9855907781
16,14.2363112392
17,14.553314121
18,13.1123919308
19,13.6599423631
20,11.757925072
21,14.4668587896
22,9.19308357349
23,14.0057636888
24,13.4293948127
25,13.8328530259
26,13.1700288184
