frequency,pdr
11,9.33717579251
12,10.2305475504
13,12.1037463977
14,12.6224783862
15,14.3515850144
16,12.9106628242
17,16.023054755
18,14.4956772334
19,15.1873198847
20,13.5734870317
21,11.7867435159
22,8.99135446686
23,11.7291066282
24,13.4005763689
25,14.3515850144
26,12.5936599424
