frequency,pdr
11,13.2276657061
12,12.6224783862
13,12.2766570605
14,14.2074927954
15,16.6570605187
16,16.2536023055
17,16.0518731988
18,15.7636887608
19,17.1469740634
20,16.3400576369
21,16.916426513
22,11.8731988473
23,15.1008645533
24,17.4639769452
25,16.7146974063
26,16.2536023055
