frequency,pdr
11,9.68299711816
12,10.9221902017
13,11.2391930836
14,10.7204610951
15,10.5187319885
16,10.6628242075
17,10.7492795389
18,11.0662824207
19,12.3919308357
20,11.8731988473
21,11.3832853026
22,6.94524495677
23,8.73198847262
24,10.5187319885
25,11.757925072
26,11.325648415
