frequency,pdr
11,7.34870317003
12,7.26224783862
13,7.80979827089
14,9.19308357349
15,8.73198847262
16,8.64553314121
17,7.78097982709
18,7.34870317003
19,7.78097982709
20,5.47550432277
21,6.77233429395
22,5.61959654179
23,6.54178674352
24,6.4265129683
25,7.55043227666
26,8.09798270893
