frequency,pdr
11,13.0547550432
12,12.65129683
13,12.7665706052
14,15.4755043228
15,16.6570605187
16,16.3400576369
17,16.1095100865
18,13.6023054755
19,17.1469740634
20,16.2536023055
21,17.0893371758
22,12.5936599424
23,15.8501440922
24,15.1585014409
25,16.2824207493
26,15.5043227666
