frequency,pdr
11,18.9625360231
12,16.6282420749
13,19.2795389049
14,19.1642651297
15,20.5475504323
16,19.7406340058
17,16.3688760807
18,18.8472622478
19,21.6714697406
20,19.5677233429
21,18.9048991354
22,13.6311239193
23,16.7723342939
24,19.0489913545
25,19.0489913545
26,18.386167147
