frequency,pdr
11,13.3717579251
12,13.3429394813
13,13.4005763689
14,14.8991354467
15,15.5043227666
16,14.9855907781
17,13.0259365994
18,13.8040345821
19,15.8501440922
20,14.4668587896
21,14.9279538905
22,11.7002881844
23,12.4207492795
24,14.265129683
25,15.7925072046
26,15.9077809798
