frequency,pdr
11,16.8587896254
12,16.8587896254
13,17.8674351585
14,18.6455331412
15,18.4438040346
16,18.1556195965
17,17.492795389
18,17.3198847262
19,18.530259366
20,16.9740634006
21,17.8962536023
22,10.3746397695
23,14.9855907781
24,17.1181556196
25,19.0489913545
26,18.386167147
