frequency,pdr
11,9.36599423631
12,9.19308357349
13,11.4121037464
14,13.1412103746
15,15.0144092219
16,14.4956772334
17,12.7377521614
18,13.0547550432
19,14.0922190202
20,13.4005763689
21,15.4178674352
22,9.22190201729
23,13.8904899135
24,13.2564841499
25,12.8818443804
26,12.8242074928
