frequency,pdr
11,13.3429394813
12,13.1988472622
13,15.4755043228
14,16.2536023055
15,16.2536023055
16,15.734870317
17,17.0893371758
18,17.5504322767
19,19.4236311239
20,17.4351585014
21,18.5878962536
22,7.75216138329
23,13.7463976945
24,17.5216138329
25,17.8962536023
26,16.8011527378
