frequency,pdr
11,17.1181556196
12,17.2910662824
13,17.492795389
14,18.7896253602
15,20.0
16,20.144092219
17,19.5389048991
18,17.2622478386
19,18.9337175793
20,18.3285302594
21,16.916426513
22,8.15561959654
23,16.0806916427
24,15.9365994236
25,19.0201729107
26,18.2997118156
