frequency,pdr
11,8.44380403458
12,8.96253602305
13,9.36599423631
14,9.53890489914
15,9.53890489914
16,9.45244956772
17,7.92507204611
18,6.88760806916
19,9.13544668588
20,8.78962536023
21,9.88472622478
22,7.34870317003
23,10.0576368876
24,9.79827089337
25,10.2305475504
26,10.288184438
