frequency,pdr
11,14.2074927954
12,14.8703170029
13,15.1873198847
14,16.8299711816
15,16.7146974063
16,15.6772334294
17,14.6974063401
18,13.2853025937
19,14.8991354467
20,13.2564841499
21,11.7002881844
22,8.67435158501
23,12.7665706052
24,14.2074927954
25,15.3314121037
26,13.4582132565
