frequency,pdr
11,10.9510086455
12,11.4409221902
13,12.3054755043
14,13.0259365994
15,13.6887608069
16,13.6887608069
17,12.7665706052
18,12.7089337176
19,14.0345821326
20,12.4495677233
21,12.2478386167
22,7.63688760807
23,11.7867435159
24,11.4985590778
25,12.7089337176
26,11.2968299712
