frequency,pdr
11,11.7291066282
12,12.8530259366
13,13.4870317003
14,15.3890489914
15,15.5043227666
16,14.5821325648
17,13.083573487
18,13.1988472622
19,14.9567723343
20,12.4783861671
21,13.7463976945
22,6.82997118156
23,11.4409221902
24,12.7089337176
25,13.5446685879
26,12.9682997118
