frequency,pdr
11,12.1037463977
12,11.9596541787
13,12.6801152738
14,12.9682997118
15,13.3141210375
16,13.2564841499
17,12.7665706052
18,11.8731988473
19,13.4870317003
20,12.4207492795
21,13.083573487
22,10.2017291066
23,13.0547550432
24,12.4495677233
25,13.8616714697
26,14.265129683
