frequency,pdr
11,11.9020172911
12,14.1498559078
13,14.1498559078
14,13.6311239193
15,14.265129683
16,14.5821325648
17,14.0922190202
18,13.7463976945
19,15.2449567723
20,12.9106628242
21,12.2766570605
22,6.97406340058
23,12.1325648415
24,11.6714697406
25,14.0922190202
26,11.9884726225
