frequency,pdr
11,11.4121037464
12,11.325648415
13,12.4495677233
14,12.7089337176
15,12.8818443804
16,12.5936599424
17,10.9510086455
18,11.2968299712
19,12.8242074928
20,11.7291066282
21,12.4207492795
22,9.94236311239
23,12.7089337176
24,12.6224783862
25,13.0547550432
26,13.1412103746
