frequency,pdr
11,9.91354466859
12,10.2593659942
13,11.7002881844
14,12.6224783862
15,13.7752161383
16,13.8616714697
17,13.1700288184
18,12.2190201729
19,13.7175792507
20,11.7291066282
21,11.9020172911
22,7.08933717579
23,9.48126801153
24,10.5763688761
25,12.6801152738
26,12.6801152738
