frequency,pdr
11,11.5850144092
12,10.0576368876
13,13.6311239193
14,15.878962536
15,17.1757925072
16,16.8587896254
17,16.5417867435
18,17.0893371758
19,18.1844380403
20,16.5706051873
21,18.1844380403
22,13.4870317003
23,16.5129682997
24,17.4351585014
25,17.6080691643
26,17.34870317
