frequency,pdr
11,15.2737752161
12,16.1383285303
13,16.6570605187
14,17.7521613833
15,20.2305475504
16,18.5590778098
17,18.3285302594
18,16.5706051873
19,18.9048991354
20,18.0115273775
21,18.0691642651
22,14.8703170029
23,16.4553314121
24,17.8962536023
25,17.6945244957
26,17.0317002882
