frequency,pdr
11,-85.2857142857
12,-89.25
14,-90.125
15,-86.2
16,-83.9
17,-83.5
18,-83.2222222222
19,-84.8
20,-84.9
21,-85.0
22,-86.6666666667
23,-89.2857142857
24,-89.0
25,-86.8
26,-86.7272727273
