frequency,pdr
11,-88.0
12,-86.0
13,-84.3
14,-83.7
15,-84.2
16,-84.5
17,-84.7142857143
18,-85.4444444444
19,-87.3
20,-89.4
21,-91.0
23,-91.0
24,-91.0
25,-91.0
26,-89.8
