frequency,pdr
11,-83.9
12,-81.6
13,-79.7
14,-79.0
15,-79.9
16,-81.1111111111
17,-82.0
18,-82.8888888889
19,-84.9
20,-85.9
21,-87.2
22,-87.8571428571
23,-89.8
24,-90.0
25,-90.5
26,-91.0
