frequency,pdr
11,-86.5
12,-85.8
13,-85.9
14,-86.6
15,-87.5
16,-88.25
17,-88.3333333333
18,-88.8888888889
19,-90.625
20,-90.0
21,-91.0
23,-89.9
24,-88.9
25,-88.9
26,-88.9
