frequency,pdr
11,-89.8
12,-89.875
13,-90.1666666667
14,-90.5555555556
15,-91.0
16,-91.0
17,-90.875
18,-90.625
19,-91.0
20,-91.0
21,-91.0
24,-91.0
25,-91.0
26,-91.0
