frequency,pdr
13,-91.0
14,-91.0
15,-91.0
16,-90.0
17,-88.6666666667
18,-88.3333333333
19,-88.6
20,-88.5
21,-87.5
22,-83.5
23,-83.7
24,-82.1
25,-82.0
26,-82.0
