frequency,pdr
11,-78.3
12,-76.9
13,-76.9
14,-78.2
15,-79.0
16,-79.5555555556
17,-81.7142857143
18,-82.1111111111
19,-84.9
20,-86.8
21,-89.0
22,-88.75
23,-89.0
24,-86.4
25,-83.4
26,-82.0
