frequency,pdr
11,-67.0
12,-67.4444444444
13,-69.1111111111
14,-75.4444444444
15,-79.0
16,-71.7777777778
17,-70.6666666667
18,-77.5
19,-69.6666666667
20,-67.2
21,-67.0
22,-67.0
23,-67.0
24,-74.1
25,-79.9
26,-78.3
