frequency,pdr
11,-55.0
12,-54.9
13,-55.0
14,-57.6
15,-75.2727272727
16,-66.1111111111
17,-60.0
18,-55.0
19,-55.0
20,-52.7
21,-52.4
22,-54.8
23,-55.0
24,-64.8
25,-67.1
26,-65.1818181818
