frequency,pdr
11,-61.0
12,-61.1
13,-59.2
14,-58.7
15,-61.0
16,-67.0
17,-68.4
18,-70.375
19,-68.6666666667
20,-65.7
21,-64.0
22,-64.0
23,-64.0
24,-68.1
25,-65.2
26,-66.4545454545
