frequency,pdr
11,-64.0
12,-61.0
13,-60.8
14,-63.9
15,-67.0
16,-67.4444444444
17,-70.0
18,-78.875
19,-78.3333333333
20,-74.8
21,-73.8
22,-67.2
23,-67.0
24,-67.0
25,-67.0
26,-72.6363636364
