frequency,pdr
11,-64.0
12,-59.6
13,-58.7
14,-53.2
15,-55.0
16,-55.3333333333
17,-54.7142857143
18,-59.125
19,-60.8888888889
20,-61.8
21,-61.0
22,-55.0
23,-55.0
24,-52.0
25,-55.0
26,-66.6
