frequency,pdr
11,-61.0
12,-61.0
13,-61.0
14,-60.9
15,-60.1
16,-61.0
17,-61.0
18,-64.75
19,-67.5555555556
20,-72.4
21,-70.0
22,-67.0
23,-64.0
24,-64.0
25,-64.7
26,-73.7272727273
