frequency,pdr
11,-49.0
12,-49.0
13,-52.9
14,-57.9
15,-67.0
16,-66.6666666667
17,-74.8
18,-64.6666666667
19,-58.0
20,-59.7
21,-61.1
22,-55.0
23,-52.1
24,-52.0
25,-52.0
26,-53.1
