frequency,pdr
11,-60.9
12,-60.4545454545
13,-59.6
14,-59.2
15,-67.4
16,-63.8888888889
17,-55.1666666667
18,-58.0
19,-62.5555555556
20,-58.1
21,-55.7
22,-55.0
23,-55.0
24,-55.5
25,-55.1
26,-61.0
