frequency,pdr
11,-64.0
12,-67.0
13,-67.0
14,-71.8333333333
15,-69.875
16,-64.0
17,-65.4
18,-67.0
19,-67.0
20,-70.5555555556
21,-65.2
22,-66.7
23,-65.9
24,-64.0
25,-64.0
26,-64.0
