frequency,pdr
11,-58.0
12,-69.4444444444
13,-64.0
14,-64.1111111111
15,-63.125
16,-58.0
17,-56.0
18,-59.0
19,-56.3333333333
20,-55.0
21,-55.3
22,-59.3
23,-58.0
24,-60.9
25,-64.0
26,-64.9
