frequency,pdr
11,-55.7
12,-55.0
13,-57.4
14,-63.7777777778
15,-64.0
16,-67.0
17,-57.8333333333
18,-55.8
19,-57.9
20,-55.0
21,-53.5
22,-55.0
23,-57.5
24,-64.0
25,-80.1
26,-66.9
