frequency,pdr
11,-47.4
12,-48.0
13,-52.9
14,-62.8888888889
15,-58.0
16,-52.0
17,-48.8888888889
18,-49.1111111111
19,-54.0
20,-59.0
21,-67.0
22,-61.6
23,-58.0
24,-58.0
25,-56.3
26,-61.0
