frequency,pdr
11,-56.3
12,-55.9
13,-56.5
14,-54.9
15,-54.8
16,-52.4
17,-53.4
18,-56.6
19,-55.9
20,-56.0909090909
21,-54.8
22,-52.0
23,-54.9
24,-67.8
25,-55.8
26,-60.3636363636
