frequency,pdr
11,-73.0
12,-67.7777777778
13,-66.0
14,-66.9
15,-70.0
16,-73.0
17,-74.0
18,-70.0
19,-69.4444444444
20,-70.0
21,-73.1
22,-80.0
23,-70.0
24,-67.0
25,-68.0
26,-71.1
