frequency,pdr
11,-77.3
12,-73.0
13,-76.0
14,-72.7777777778
15,-67.0
16,-67.0
17,-69.3333333333
18,-80.5
19,-75.2222222222
20,-70.2
21,-70.4
22,-72.7
23,-82.7
24,-79.0
25,-70.0
26,-72.0
