frequency,pdr
11,-66.0
12,-61.1
13,-61.0
14,-64.7
15,-78.9
16,-68.3333333333
17,-64.3333333333
18,-62.625
19,-63.0
20,-66.8
21,-69.2
22,-67.0
23,-68.7
24,-69.2
25,-75.3
26,-70.0
