frequency,pdr
11,-57.3
12,-52.0
13,-52.0
14,-53.4
15,-53.8
16,-52.5555555556
17,-54.5555555556
18,-63.375
19,-67.0
20,-69.9
21,-76.6
22,-61.3
23,-55.0
24,-58.0
25,-58.0
26,-59.9
