frequency,pdr
11,1.5873015873
12,0.793650793651
13,1.26984126984
14,1.26984126984
15,1.42857142857
16,1.11111111111
17,1.26984126984
18,1.11111111111
19,1.26984126984
20,1.5873015873
21,1.26984126984
22,1.5873015873
23,1.5873015873
24,1.5873015873
25,1.5873015873
26,1.5873015873
