frequency,pdr
11,-53.4
12,-54.8
13,-55.0
14,-54.8
15,-55.0
16,-60.5714285714
17,-70.5
18,-64.2222222222
19,-61.0
20,-58.0
21,-61.0
22,-59.0
23,-64.0
24,-61.0
25,-57.1
26,-58.0
