frequency,pdr
11,-54.7
12,-54.0
13,-52.0
14,-53.1
15,-53.3636363636
16,-51.8888888889
17,-52.0
18,-53.7
19,-60.6
20,-68.5
21,-71.7
22,-61.1
23,-55.0
24,-50.6
25,-50.1
26,-53.2
