frequency,pdr
11,-60.5
12,-61.0
13,-59.3
14,-55.1
15,-55.0
16,-59.5555555556
17,-64.0
18,-59.3333333333
19,-59.9
20,-63.8
21,-68.4
22,-67.0
23,-64.1
24,-64.0
25,-66.0
26,-63.0
