frequency,pdr
11,-63.8888888889
12,-66.0
13,-65.9
14,-67.0
15,-69.5
16,-84.1428571429
17,-73.8
18,-70.0
19,-69.1
20,-73.7
21,-79.8
22,-76.5
23,-76.0
24,-83.4
25,-79.3
26,-83.4
