frequency,pdr
11,-58.1
12,-60.4285714286
13,-58.0
14,-57.4285714286
15,-58.0
16,-58.0
17,-53.9
18,-55.1
19,-58.0
20,-57.7
21,-54.2
22,-54.9
23,-55.0
24,-57.0
25,-58.0
26,-58.0
