frequency,pdr
11,-54.8888888889
12,-55.0
13,-55.0
14,-59.1111111111
15,-55.0
16,-52.0
17,-54.0
18,-57.1
19,-59.1111111111
20,-64.3
21,-60.8
22,-61.0
23,-62.1
24,-61.0
25,-58.4
26,-55.0
