frequency,pdr
11,-61.2222222222
12,-64.0
13,-60.625
14,-55.0
15,-55.0
16,-58.0
17,-69.4
18,-58.7
19,-58.5714285714
20,-64.1
21,-60.8
22,-59.6
23,-61.0
24,-62.3
25,-70.2
26,-66.7
