frequency,pdr
11,-59.6666666667
12,-58.0
13,-58.25
14,-66.1428571429
15,-62.1
16,-57.6
17,-59.0
18,-61.0
19,-58.5
20,-58.0
21,-58.0
22,-61.4
23,-68.9
24,-66.0
25,-63.0
26,-64.0
