frequency,pdr
11,-55.9
12,-67.5
13,-62.375
14,-57.7777777778
15,-55.0
16,-50.1111111111
17,-48.0
18,-46.1
19,-45.7
20,-46.0
21,-44.4
22,-45.9
23,-43.0
24,-43.8
25,-45.8
26,-46.0
