frequency,pdr
11,-62.4444444444
12,-61.875
13,-67.0
14,-63.9
15,-64.8
16,-67.0
17,-69.0
18,-77.8888888889
19,-64.2
20,-61.6
21,-64.0
22,-65.9
23,-67.5
24,-68.5
25,-79.2
26,-70.0
