frequency,pdr
11,-60.9
12,-59.7142857143
13,-60.8571428571
14,-62.4444444444
15,-63.1
16,-67.0
17,-85.6
18,-67.0
19,-67.0
20,-67.0
21,-67.0
22,-65.0
23,-64.9
24,-66.9
25,-67.0
26,-71.6
