frequency,pdr
11,-67.0
12,-66.8333333333
13,-72.0
14,-67.0
15,-67.0
16,-61.0
17,-57.4
18,-58.0
19,-60.8333333333
20,-65.7
21,-66.4
22,-63.3
23,-67.7
24,-63.9
25,-64.0
26,-70.0
