frequency,pdr
11,-70.0
12,-70.0
13,-73.4285714286
14,-75.875
15,-79.0
16,-82.3
17,-70.9
18,-69.5555555556
19,-68.6
20,-78.4
21,-70.6
22,-67.6
23,-67.3
24,-64.7
25,-67.0
26,-68.5
