frequency,pdr
11,-55.0
12,-57.4285714286
13,-63.1428571429
14,-54.9
15,-55.0
16,-58.3333333333
17,-65.6
18,-68.1111111111
19,-62.0
20,-61.0
21,-61.0
22,-64.0
23,-64.0
24,-58.8
25,-60.6
26,-62.1
