frequency,pdr
11,-64.0
12,-60.2857142857
13,-59.1111111111
14,-63.5555555556
15,-68.9
16,-61.7
17,-68.6
18,-67.0
19,-63.8571428571
20,-58.4
21,-58.0
22,-64.5
23,-67.0
24,-67.0
25,-70.0
26,-66.2
