frequency,pdr
11,-55.1111111111
12,-56.1428571429
13,-61.0
14,-59.375
15,-55.0
16,-54.9
17,-55.1
18,-57.5555555556
19,-61.0
20,-68.2
21,-67.0
22,-75.4
23,-67.0
24,-62.3
25,-56.0
26,-58.8
