frequency,pdr
11,-52.3
12,-51.8888888889
13,-54.7777777778
14,-55.0
15,-55.0
16,-59.0
17,-66.8
18,-65.2222222222
19,-61.0
20,-63.7
21,-61.6
22,-58.0
23,-59.8
24,-58.0
25,-55.0
26,-55.0
