frequency,pdr
11,-58.0
12,-62.1428571429
13,-66.0
14,-62.2857142857
15,-67.0
16,-64.0
17,-61.0
18,-60.9
19,-66.625
20,-73.1
21,-73.5
22,-67.0
23,-64.0
24,-63.8
25,-62.6
26,-64.0
