frequency,pdr
11,-73.4444444444
12,-64.1111111111
13,-69.0
14,-64.4444444444
15,-72.8
16,-59.0
17,-63.9
18,-60.0
19,-65.9
20,-72.1
21,-61.5
22,-65.4
23,-68.0
24,-64.0
25,-70.8
26,-67.0
