frequency,pdr
11,-59.4
12,-57.9
13,-60.8888888889
14,-55.2
15,-72.4
16,-57.4
17,-55.0
18,-55.0
19,-60.8
20,-78.6666666667
21,-64.0
22,-65.3
23,-67.1
24,-58.0
25,-65.2
26,-63.5
