frequency,pdr
11,-68.5555555556
12,-59.4444444444
13,-54.9
14,-70.4444444444
15,-55.0
16,-55.0
17,-64.0
18,-59.7
19,-70.0
20,-55.4
21,-55.0
22,-75.0
23,-67.1111111111
24,-60.5
25,-55.0
26,-60.3
