frequency,pdr
11,-56.2
12,-68.7777777778
13,-54.9
14,-60.5555555556
15,-59.5
16,-65.8
17,-70.0
18,-57.1
19,-57.0
20,-59.7
21,-55.0
22,-64.0
23,-61.0
24,-55.0
25,-62.9
26,-60.8
