frequency,pdr
11,-61.2
12,-69.3333333333
13,-61.4444444444
14,-66.9
15,-62.2
16,-54.1
17,-68.2
18,-62.7
19,-67.2
20,-58.0
21,-71.0
22,-57.8
23,-58.3
24,-67.0
25,-59.7
26,-72.3
