frequency,pdr
11,-60.3333333333
12,-58.0
13,-55.1111111111
14,-69.6
15,-64.9
16,-58.0
17,-58.0
18,-64.0
19,-62.0
20,-55.0
21,-62.4
22,-61.0
23,-60.8
24,-58.6
25,-67.0
26,-55.0
