frequency,pdr
11,-60.3
12,-61.6666666667
13,-67.125
14,-59.6666666667
15,-58.0
16,-64.0
17,-55.0
18,-59.7
19,-62.3
20,-58.0
21,-60.3
22,-68.6
23,-59.8
24,-64.2
25,-59.0
26,-58.0
