frequency,pdr
11,-55.0
12,-67.3333333333
13,-66.8888888889
14,-56.2
15,-71.7
16,-64.0
17,-55.1
18,-72.1
19,-65.6
20,-63.2
21,-60.3
22,-55.0
23,-72.3333333333
24,-56.0
25,-66.3
26,-65.1
