frequency,pdr
11,-55.0
12,-69.1111111111
13,-67.3333333333
14,-69.4444444444
15,-59.6
16,-76.4
17,-72.5
18,-57.1
19,-61.5
20,-60.3
21,-58.0
22,-68.7
23,-58.6
24,-76.3
25,-64.5
26,-61.9
