frequency,pdr
11,-74.2222222222
12,-62.6666666667
13,-63.7
14,-60.9
15,-63.9
16,-55.0
17,-58.1
18,-55.0
19,-55.2
20,-58.0
21,-68.1
22,-64.0
23,-58.8
24,-56.2
25,-61.0
26,-59.9
