frequency,pdr
11,-55.0
12,-61.0
13,-71.3333333333
14,-61.6363636364
15,-60.0
16,-55.0
17,-64.3
18,-59.6
19,-67.4
20,-64.0
21,-75.3
22,-66.4
23,-70.2
24,-60.7
25,-55.0
26,-59.3
