frequency,pdr
11,-57.7
12,-57.6
13,-61.4444444444
14,-62.2222222222
15,-65.6
16,-67.0
17,-61.0
18,-60.9
19,-67.0
20,-57.1
21,-59.0
22,-58.0
23,-61.6
24,-67.0
25,-64.5
26,-64.0
