frequency,pdr
11,-60.8
12,-68.2222222222
13,-62.3333333333
14,-61.0
15,-53.6
16,-54.1
17,-60.0
18,-64.0
19,-59.6
20,-61.0
21,-64.3
22,-55.3
23,-64.0
24,-55.2
25,-51.6
26,-61.0
