frequency,pdr
11,-55.0
12,-54.8888888889
13,-54.8
14,-53.5555555556
15,-52.0
16,-49.0
17,-47.8
18,-51.5
19,-62.0
20,-49.5
21,-48.0
22,-46.0
23,-46.8
24,-48.4
25,-51.9
26,-58.1
