frequency,pdr
11,-47.9
12,-54.8
13,-71.7777777778
14,-52.1111111111
15,-52.0
16,-61.0
17,-52.6
18,-54.4
19,-50.0
20,-55.0
21,-48.1
22,-55.0
23,-49.0
24,-46.9
25,-44.1
26,-46.9
