frequency,pdr
11,-58.4444444444
12,-66.6666666667
13,-63.8888888889
14,-62.3333333333
15,-63.4
16,-61.7
17,-67.0
18,-61.0
19,-64.0
20,-69.8
21,-73.1111111111
22,-61.0
23,-65.0
24,-67.0
25,-67.0
26,-58.0
