frequency,pdr
11,-73.0
12,-54.5
13,-64.7777777778
14,-71.4545454545
15,-62.2
16,-61.0
17,-63.2
18,-63.4
19,-65.0
20,-73.1
21,-66.7
22,-73.9
23,-60.7
24,-74.3
25,-63.7
26,-63.7
