frequency,pdr
11,-67.7777777778
12,-55.1111111111
13,-58.0
14,-68.7
15,-62.8
16,-61.0
17,-64.0
18,-52.1
19,-59.1
20,-65.9
21,-58.9
22,-55.0
23,-55.2
24,-68.1
25,-67.0
26,-67.8
