frequency,pdr
11,-64.2222222222
12,-71.0
13,-60.1
14,-66.8888888889
15,-54.9
16,-69.3
17,-54.1
18,-52.0
19,-57.4
20,-58.5
21,-55.3
22,-67.5
23,-55.0
24,-55.2
25,-54.7
26,-59.4
