frequency,pdr
11,-74.2222222222
12,-64.0
13,-71.7
14,-67.5555555556
15,-70.0
16,-67.2
17,-67.0
18,-65.3
19,-67.0
20,-67.0
21,-68.7
22,-70.0
23,-76.0
24,-65.5
25,-70.6
26,-61.0
