frequency,pdr
11,-57.5
12,-62.1111111111
13,-59.5
14,-58.7777777778
15,-58.4
16,-56.4
17,-63.7
18,-61.0
19,-58.6
20,-68.4
21,-61.0
22,-63.5
23,-64.0
24,-60.2
25,-65.5
26,-74.9
