frequency,pdr
11,-52.1
12,-60.6
13,-55.1111111111
14,-59.5555555556
15,-66.3
16,-66.3
17,-66.9
18,-53.0
19,-53.2
20,-54.7
21,-56.8
22,-72.5
23,-60.7
24,-58.0
25,-56.2
26,-53.3
