frequency,pdr
11,-43.0
12,-43.0
13,-52.1111111111
14,-48.6666666667
15,-54.6
16,-48.6
17,-55.0
18,-54.3
19,-49.1
20,-47.2
21,-49.1
22,-43.4
23,-48.6
24,-53.2
25,-49.0
26,-44.4
