frequency,pdr
11,-57.9
12,-57.8
13,-55.0
14,-58.6666666667
15,-62.0
16,-66.1
17,-71.3
18,-71.6666666667
19,-64.0
20,-69.5
21,-66.6
22,-61.2
23,-59.5
24,-58.0
25,-58.0
26,-62.1
