frequency,pdr
11,-54.7
12,-51.2222222222
13,-54.8888888889
14,-53.2
15,-49.1
16,-60.8
17,-58.2
18,-53.8
19,-51.4
20,-54.5
21,-62.9
22,-56.1
23,-54.2
24,-57.4
25,-56.2
26,-52.1
