frequency,pdr
11,-65.1111111111
12,-66.3
13,-61.5
14,-57.5555555556
15,-54.7
16,-64.6
17,-55.0
18,-49.3
19,-55.0
20,-50.4
21,-49.0
22,-50.0
23,-62.1
24,-60.5
25,-68.5
26,-64.0
