frequency,pdr
11,-58.0
12,-62.8888888889
13,-60.9
14,-66.8888888889
15,-63.0
16,-55.6
17,-57.4
18,-59.2
19,-64.6
20,-63.3
21,-69.6
22,-61.0
23,-69.1
24,-62.9
25,-63.0
26,-57.9
