frequency,pdr
11,-58.8
12,-55.0
13,-63.0
14,-59.7777777778
15,-62.6
16,-55.0
17,-65.2
18,-77.1
19,-55.0
20,-52.0
21,-58.5
22,-58.0
23,-73.7777777778
24,-68.8
25,-63.2
26,-60.8
