frequency,pdr
11,-54.4
12,-51.1111111111
13,-52.6
14,-62.8181818182
15,-61.0
16,-67.0
17,-67.8
18,-58.6
19,-58.0
20,-66.3
21,-52.9
22,-55.0
23,-51.8
24,-55.0
25,-54.9
26,-52.5
