frequency,pdr
11,-40.6
12,-45.9
13,-58.5555555556
14,-46.8888888889
15,-43.0
16,-50.3
17,-54.6
18,-48.9
19,-56.6
20,-56.7
21,-46.2
22,-46.0
23,-52.7
24,-46.0
25,-43.0
26,-41.2
