frequency,pdr
11,-53.6
12,-58.1111111111
13,-60.7777777778
14,-57.7
15,-55.0
16,-67.5
17,-57.4
18,-67.0
19,-59.7
20,-62.5
21,-57.6
22,-66.4
23,-58.1
24,-54.8
25,-55.0
26,-68.4
