frequency,pdr
11,-56.0
12,-66.7777777778
13,-60.4
14,-66.5555555556
15,-65.4
16,-61.0
17,-59.6
18,-64.5
19,-58.0
20,-52.0
21,-52.0
22,-67.0
23,-57.3
24,-55.0
25,-62.9
26,-55.0
