frequency,pdr
11,-64.8888888889
12,-52.1111111111
13,-55.6666666667
14,-51.1
15,-57.8
16,-70.4
17,-55.0
18,-54.6
19,-54.6
20,-67.0
21,-58.0
22,-63.0
23,-53.6
24,-52.3
25,-53.4
26,-52.0
