frequency,pdr
11,-60.6
12,-59.5555555556
13,-66.2222222222
14,-71.9
15,-64.7
16,-67.0
17,-71.1
18,-63.9
19,-60.8
20,-59.6
21,-60.3
22,-71.6
23,-58.1
24,-69.8
25,-65.4
26,-67.0
