frequency,pdr
11,-68.0
12,-55.0
13,-58.2
14,-61.1111111111
15,-58.0
16,-63.9
17,-67.2
18,-71.0
19,-63.5
20,-67.9
21,-62.7
22,-58.0
23,-70.4444444444
24,-68.3
25,-55.0
26,-59.6
