frequency,pdr
11,-69.9
12,-65.8888888889
13,-55.0
14,-52.5555555556
15,-65.9
16,-59.5
17,-58.5
18,-58.0
19,-56.6
20,-62.0
21,-67.0
22,-63.4
23,-57.4
24,-58.9
25,-61.0
26,-59.1
