frequency,pdr
11,-46.0
12,-51.6666666667
13,-54.2222222222
14,-51.3
15,-53.4
16,-50.4
17,-46.0
18,-50.2
19,-62.1
20,-50.2
21,-52.7
22,-53.4
23,-68.8
24,-53.4
25,-53.5
26,-56.7
