frequency,pdr
11,-53.1
12,-55.0
13,-55.0
14,-57.7777777778
15,-61.1
16,-55.0
17,-56.0909090909
18,-55.0
19,-53.2
20,-50.5
21,-48.3
22,-45.9
23,-48.8
24,-55.0
25,-47.2
26,-54.0
