frequency,pdr
11,-49.0
12,-50.6
13,-54.6666666667
14,-45.9
15,-43.0
16,-47.7
17,-47.0
18,-53.7
19,-60.4545454545
20,-55.0
21,-48.8
22,-43.3
23,-46.0
24,-45.6
25,-56.5
26,-55.0
