frequency,pdr
11,-58.6
12,-55.3333333333
13,-58.1111111111
14,-61.0
15,-72.2
16,-65.7
17,-62.9
18,-67.4
19,-65.4
20,-59.6
21,-61.6
22,-63.6
23,-62.2
24,-67.0
25,-70.0
26,-61.0
