frequency,pdr
11,-69.7
12,-65.1111111111
13,-66.8888888889
14,-73.1111111111
15,-60.3
16,-61.0
17,-58.0
18,-66.2
19,-65.3
20,-67.1
21,-64.0
22,-57.9
23,-58.4
24,-60.3
25,-61.0
26,-73.2
