frequency,pdr
11,-72.0
12,-60.8888888889
13,-63.6666666667
14,-73.1111111111
15,-59.7
16,-57.6
17,-60.5
18,-66.3
19,-58.0
20,-59.0
21,-58.5
22,-67.1
23,-63.8
24,-66.1818181818
25,-62.3
26,-55.0
