frequency,pdr
11,-60.7
12,-57.1
13,-61.8888888889
14,-60.2222222222
15,-63.4
16,-58.0
17,-61.0
18,-79.6
19,-56.4
20,-63.0
21,-58.0
22,-67.7
23,-63.4
24,-69.7
25,-67.0
26,-65.7
