frequency,pdr
11,-54.0
12,-63.2222222222
13,-56.1
14,-61.4
15,-64.0
16,-58.0
17,-66.6
18,-62.3
19,-66.0
20,-68.8
21,-55.6
22,-62.8
23,-75.6666666667
24,-66.4
25,-55.4
26,-64.5
