frequency,pdr
11,-72.5454545455
12,-62.6666666667
13,-67.0
14,-60.3
15,-61.9
16,-61.8
17,-69.5
18,-62.7
19,-62.0
20,-60.3
21,-64.0
22,-66.6
23,-57.3
24,-72.7
25,-65.3
26,-58.0
