frequency,pdr
11,-61.0
12,-70.1111111111
13,-55.1111111111
14,-63.1111111111
15,-60.3
16,-62.1
17,-58.6
18,-71.0
19,-66.7
20,-67.0
21,-61.2
22,-69.9
23,-65.5
24,-55.6
25,-62.4
26,-55.0
