frequency,pdr
11,-65.6
12,-63.7777777778
13,-58.7
14,-65.5555555556
15,-74.6
16,-67.0
17,-62.4
18,-66.9
19,-63.6
20,-61.6
21,-68.1
22,-75.0
23,-79.625
24,-60.8
25,-64.0
26,-65.0
