frequency,pdr
11,-69.4444444444
12,-64.1
13,-68.625
14,-58.0
15,-55.8
16,-63.3636363636
17,-62.5
18,-58.4
19,-67.4
20,-68.3
21,-62.7
22,-65.4
23,-63.6
24,-67.0
25,-65.9
26,-64.5
