frequency,pdr
11,-65.9
12,-61.2222222222
13,-59.3333333333
14,-63.2
15,-60.6
16,-70.2
17,-73.5
18,-68.2
19,-68.5
20,-67.1
21,-63.1
22,-84.4444444444
23,-62.625
24,-70.0
25,-69.9
26,-59.9
