frequency,pdr
11,-63.9
12,-65.3333333333
13,-75.8333333333
14,-60.9
15,-70.0
16,-60.2
17,-58.0
18,-58.0
19,-59.9
20,-66.0
21,-80.4
22,-62.9
23,-57.8
24,-58.0
25,-67.0
26,-64.0
