frequency,pdr
11,-62.2
12,-72.1111111111
13,-59.0
14,-67.0
15,-58.7
16,-55.3
17,-66.9
18,-69.5
19,-70.2
20,-61.0
21,-55.8
22,-66.1
23,-70.1111111111
24,-69.5
25,-77.1
26,-67.0
