frequency,pdr
11,-46.0
12,-49.9
13,-52.4444444444
14,-49.1111111111
15,-46.0
16,-53.9
17,-56.7
18,-58.2
19,-53.8
20,-55.0
21,-52.0
22,-65.3
23,-63.2
24,-55.0
25,-51.6
26,-52.4
