frequency,pdr
11,-58.9
12,-58.7777777778
13,-60.9
14,-63.6
15,-72.0
16,-65.0
17,-65.7
18,-67.3
19,-66.5
20,-67.6363636364
21,-64.1
22,-59.0
23,-55.1
24,-58.0
25,-68.1
26,-63.0
