frequency,pdr
11,-58.3
12,-57.5555555556
13,-63.5555555556
14,-46.4
15,-49.0
16,-55.0
17,-58.2
18,-55.0
19,-63.4
20,-63.7
21,-47.7
22,-51.5
23,-51.5
24,-52.0
25,-51.6
26,-49.0
