frequency,pdr
11,-56.2
12,-71.8888888889
13,-58.6666666667
14,-52.0
15,-55.7
16,-74.4
17,-61.8
18,-52.3
19,-49.0
20,-52.0
21,-62.9
22,-60.2
23,-55.0
24,-64.9
25,-55.0
26,-52.0
