frequency,pdr
11,-54.4444444444
12,-54.4444444444
13,-59.0
14,-57.9
15,-67.1
16,-54.9
17,-58.0
18,-54.9
19,-51.7
20,-52.0
21,-67.0
22,-52.6
23,-55.0
24,-49.0
25,-62.0
26,-60.4
