frequency,pdr
11,-62.6666666667
12,-70.3333333333
13,-67.0
14,-62.2
15,-56.2
16,-54.7
17,-52.2
18,-49.0
19,-46.0
20,-47.0
21,-56.6
22,-55.0
23,-53.9
24,-51.6
25,-54.9
26,-59.8
