frequency,pdr
11,-64.6666666667
12,-50.8
13,-51.8888888889
14,-46.0
15,-50.0
16,-59.5
17,-54.0
18,-66.3
19,-51.2
20,-55.6
21,-49.0
22,-44.0
23,-48.8
24,-55.0
25,-55.0
26,-56.5
