frequency,pdr
11,-55.0
12,-59.6666666667
13,-65.6666666667
14,-53.0
15,-55.2
16,-52.0
17,-55.7
18,-53.5
19,-49.0
20,-54.2
21,-50.0
22,-55.6
23,-67.9
24,-65.9
25,-62.7
26,-59.4
