frequency,pdr
11,-57.9
12,-56.0
13,-73.5555555556
14,-65.5555555556
15,-58.0
16,-63.1
17,-58.4
18,-62.9
19,-52.0
20,-55.1
21,-63.0
22,-51.5
23,-50.8
24,-46.4
25,-58.0
26,-61.3
