frequency,pdr
11,-53.4444444444
12,-46.3333333333
13,-62.75
14,-54.9
15,-58.7
16,-67.1
17,-50.7
18,-52.0
19,-58.0
20,-55.5
21,-55.0
22,-55.0
23,-63.9
24,-47.5
25,-49.0
26,-49.4
