frequency,pdr
11,-72.1111111111
12,-62.2222222222
13,-55.6666666667
14,-50.0
15,-56.9
16,-58.1
17,-55.0
18,-53.1
19,-52.0
20,-60.3
21,-59.3
22,-55.0
23,-50.6
24,-49.0
25,-52.0
26,-56.4
