frequency,pdr
11,-63.6666666667
12,-51.1
13,-55.3333333333
14,-47.0
15,-61.0
16,-59.3
17,-57.1
18,-49.0
19,-47.6
20,-55.4
21,-50.0
22,-52.3
23,-59.2
24,-53.2
25,-48.4
26,-46.1
