frequency,pdr
11,-63.6666666667
12,-62.5555555556
13,-57.3
14,-62.8
15,-55.0
16,-68.1
17,-58.7
18,-69.2
19,-54.6
20,-57.5
21,-63.3
22,-67.2
23,-64.0
24,-54.8
25,-67.3
26,-59.2
