frequency,pdr
11,-52.0
12,-54.7777777778
13,-55.3333333333
14,-51.9
15,-49.0
16,-54.6
17,-52.0
18,-54.2
19,-52.0
20,-47.5
21,-55.0
22,-49.6
23,-48.7
24,-50.5
25,-52.2
26,-52.0
