frequency,pdr
11,-55.0
12,-56.3333333333
13,-56.3333333333
14,-49.0
15,-49.0
16,-55.4
17,-62.5
18,-49.1
19,-53.8
20,-51.4
21,-53.3
22,-58.0
23,-59.0
24,-57.8
25,-58.0
26,-54.9
