frequency,pdr
11,-90.3333333333
12,-90.1428571429
13,-86.875
14,-88.2
15,-91.0
16,-91.0
17,-91.0
18,-90.0
19,-88.5
20,-89.0
21,-90.0
22,-89.0
23,-90.2
24,-91.0
25,-91.0
26,-91.0
