frequency,pdr
11,-90.1428571429
12,-90.3333333333
13,-90.0
14,-91.0
15,-91.0
16,-91.0
17,-90.3333333333
18,-91.0
19,-91.0
21,-91.0
26,-91.0
