frequency,pdr
11,-88.7142857143
12,-88.875
13,-90.375
14,-90.5555555556
15,-90.6
16,-90.7
17,-91.0
18,-91.0
19,-91.0
21,-91.0
23,-90.7
24,-89.1
25,-88.0
26,-90.1
