frequency,pdr
11,-79.1
12,-80.125
13,-82.0
14,-82.6
15,-82.0
16,-82.0
17,-87.3333333333
18,-86.0
19,-83.4
20,-82.0
21,-82.0
22,-82.6666666667
23,-87.9
24,-91.0
26,-91.0
