frequency,pdr
11,-46.0
12,-49.0
13,-51.4444444444
14,-57.4
15,-55.0
16,-49.0
17,-53.2
18,-49.0
19,-49.0
20,-67.3
21,-65.3636363636
22,-59.8
23,-62.0
24,-50.7
25,-60.2222222222
26,-55.0
