frequency,pdr
11,-73.7777777778
12,-73.7777777778
13,-64.0
14,-65.7777777778
15,-63.5555555556
16,-64.0
17,-72.3
18,-67.0
19,-63.9
20,-66.1
21,-67.6
22,-61.6
23,-77.2222222222
24,-64.0
25,-62.6
26,-61.0
