frequency,pdr
11,-70.4444444444
12,-64.2222222222
13,-64.5555555556
14,-67.0
15,-69.8888888889
16,-63.8
17,-65.0
18,-68.0909090909
19,-68.2
20,-65.1
21,-61.0
22,-64.0
23,-61.0
24,-63.8
25,-64.5
26,-65.6
