frequency,pdr
11,-53.7
12,-55.0
13,-55.8888888889
14,-57.4444444444
15,-52.8888888889
16,-50.7
17,-52.2
18,-57.4
19,-51.9
20,-55.4
21,-55.0
22,-56.8
23,-57.3
24,-49.0
25,-49.0
26,-65.4
