frequency,pdr
11,-49.0
12,-45.9
13,-46.1
14,-51.8888888889
15,-53.3333333333
16,-55.0
17,-56.5
18,-53.6
19,-59.5
20,-49.0
21,-53.7
22,-54.4
23,-49.0
24,-54.9
25,-56.8888888889
26,-60.7
