frequency,pdr
11,-60.6
12,-59.7777777778
13,-67.3333333333
14,-60.2727272727
15,-55.9
16,-65.6
17,-50.8
18,-56.4
19,-53.0
20,-61.0
21,-56.0
22,-63.0
23,-50.9
24,-58.0
25,-57.8
26,-58.0
