frequency,pdr
11,-55.0
12,-58.8888888889
13,-52.1111111111
14,-61.1
15,-55.9
16,-60.6
17,-63.7
18,-55.0
19,-61.5
20,-72.5
21,-70.5
22,-56.0
23,-55.0
24,-52.0
25,-53.6666666667
26,-51.5
