frequency,pdr
11,-68.2222222222
12,-58.3333333333
13,-58.0
14,-55.2222222222
15,-50.2
16,-53.4
17,-56.9
18,-65.5
19,-54.9
20,-56.7
21,-68.0
22,-64.0
23,-57.3
24,-61.0
25,-62.4
26,-64.2
