frequency,pdr
11,-52.5
12,-53.2222222222
13,-45.0
14,-51.1111111111
15,-56.6
16,-52.4
17,-53.0
18,-50.0
19,-43.0
20,-45.8
21,-48.0
22,-60.9
23,-50.0
24,-55.6
25,-55.4444444444
26,-54.7
