frequency,pdr
11,-46.0
12,-46.0
13,-48.9
14,-54.4444444444
15,-48.0
16,-52.8
17,-44.2
18,-46.7
19,-44.0
20,-50.7
21,-60.6
22,-51.6
23,-66.3333333333
24,-53.8
25,-52.3
26,-52.3
