frequency,pdr
11,-61.0
12,-65.8888888889
13,-72.0
14,-61.5
15,-62.2
16,-64.1
17,-57.7
18,-64.0
19,-62.1
20,-67.0
21,-61.0
22,-69.0909090909
23,-59.7
24,-69.8
25,-64.0
26,-64.0
