frequency,pdr
11,-63.2
12,-59.6666666667
13,-71.7777777778
14,-60.6
15,-63.1111111111
16,-64.0
17,-70.2
18,-64.7
19,-68.7
20,-66.9
21,-62.2
22,-70.4
23,-74.6
24,-70.0
25,-68.0
26,-63.2
