frequency,pdr
11,-67.5
12,-67.8888888889
13,-72.0
14,-67.5
15,-63.1111111111
16,-68.5
17,-66.8
18,-61.9
19,-64.5
20,-63.9
21,-62.9
22,-65.2
23,-78.0
24,-69.8
25,-76.1111111111
26,-80.6
