frequency,pdr
11,-65.8
12,-65.7777777778
13,-63.0
14,-72.8571428571
15,-69.5
16,-58.0
17,-68.5
18,-58.2
19,-63.2
20,-73.0
21,-64.4
22,-64.0
23,-66.9
24,-70.5
25,-63.7272727273
26,-55.0
