frequency,pdr
11,-45.2
12,-53.0
13,-48.5
14,-57.7777777778
15,-58.5555555556
16,-51.9
17,-56.4
18,-52.0
19,-56.5
20,-55.9
21,-52.0
22,-52.0
23,-55.0
24,-58.3
25,-51.9
26,-51.2
