frequency,pdr
11,-55.3
12,-55.4
13,-51.1
14,-43.5555555556
15,-52.8888888889
16,-65.3
17,-48.4
18,-49.0
19,-49.0
20,-46.0
21,-56.4
22,-54.4
23,-53.2
24,-46.0
25,-57.9
26,-52.0
