frequency,pdr
11,-54.9
12,-56.4444444444
13,-57.7777777778
14,-52.0
15,-50.2222222222
16,-52.1
17,-55.0
18,-63.6
19,-55.0
20,-50.0
21,-53.4
22,-51.3
23,-53.1
24,-51.0
25,-62.5555555556
26,-53.7
