frequency,pdr
11,-64.2
12,-55.0
13,-65.2222222222
14,-58.0
15,-67.5555555556
16,-55.0
17,-69.0
18,-67.0
19,-58.0
20,-61.1
21,-62.8
22,-67.1
23,-76.3
24,-60.0
25,-59.8
26,-62.7
