frequency,pdr
11,-56.3
12,-63.3333333333
13,-59.3333333333
14,-61.0
15,-59.6
16,-67.4
17,-65.8
18,-67.8
19,-61.0
20,-55.0
21,-55.0
22,-58.0
23,-56.6
24,-66.9
25,-55.0
26,-64.0
