frequency,pdr
11,-52.6
12,-59.8888888889
13,-58.2222222222
14,-55.8888888889
15,-51.9
16,-53.6
17,-51.0
18,-47.2
19,-49.5
20,-53.5
21,-46.0
22,-49.4
23,-49.0
24,-49.0
25,-52.0
26,-53.6
