frequency,pdr
11,-53.3
12,-67.0
13,-53.3333333333
14,-60.8888888889
15,-62.8888888889
16,-71.8
17,-52.3
18,-52.2
19,-68.3
20,-54.6
21,-59.5
22,-47.7
23,-52.0
24,-61.7
25,-53.1111111111
26,-53.0
