frequency,pdr
11,-51.1
12,-52.2
13,-52.6666666667
14,-46.0
15,-47.0
16,-49.0
17,-60.9
18,-46.5
19,-46.0
20,-57.0
21,-53.5
22,-54.5
23,-52.7
24,-46.0
25,-47.8
26,-56.1818181818
