frequency,pdr
11,-63.2
12,-52.0
13,-58.3
14,-65.6666666667
15,-67.0
16,-62.6
17,-62.9
18,-60.1
19,-53.0
20,-48.8
21,-50.0
22,-52.3
23,-61.0
24,-62.6
25,-61.6666666667
26,-51.4
