frequency,pdr
11,-62.2
12,-70.3333333333
13,-76.2222222222
14,-61.7
15,-66.6666666667
16,-62.3
17,-61.0
18,-55.0
19,-61.8
20,-62.9
21,-66.0
22,-68.9090909091
23,-64.4
24,-64.4
25,-75.3333333333
26,-61.9
