frequency,pdr
11,-51.0
12,-46.0
13,-59.5555555556
14,-51.0
15,-58.3333333333
16,-49.0
17,-50.5
18,-55.0
19,-47.6
20,-55.2
21,-52.6
22,-66.6
23,-49.1
24,-60.6
25,-70.1111111111
26,-48.8
