frequency,pdr
11,-48.0
12,-54.3
13,-59.4444444444
14,-56.5555555556
15,-49.0
16,-53.1
17,-63.9
18,-54.4
19,-51.0
20,-47.6
21,-51.0
22,-49.0
23,-49.0
24,-61.0
25,-63.0
26,-58.4
