frequency,pdr
11,-59.4
12,-54.9
13,-52.0
14,-57.6
15,-67.8888888889
16,-55.0
17,-55.0
18,-49.7
19,-60.1
20,-53.1
21,-55.0
22,-62.0
23,-55.0
24,-73.1111111111
25,-55.0
26,-52.0
