frequency,pdr
11,-56.8
12,-56.8888888889
13,-56.4
14,-51.9
15,-51.2222222222
16,-56.4
17,-52.0
18,-52.0
19,-52.1
20,-55.0
21,-54.6
22,-51.7
23,-58.0
24,-47.6
25,-48.9
26,-51.1
