frequency,pdr
11,-53.6
12,-56.7
13,-64.8888888889
14,-68.6666666667
15,-55.0
16,-52.1
17,-52.8
18,-54.7
19,-50.7
20,-57.5
21,-56.0
22,-51.7
23,-53.7
24,-58.6
25,-54.8
26,-49.7
