frequency,pdr
11,-67.0
12,-57.1111111111
13,-65.8888888889
14,-61.0
15,-59.8888888889
16,-68.4
17,-61.0
18,-58.0
19,-62.0
20,-58.9
21,-67.0
22,-75.1
23,-73.2
24,-61.8
25,-63.4444444444
26,-69.5
