frequency,pdr
11,-54.0
12,-60.8888888889
13,-58.4
14,-58.8888888889
15,-52.1111111111
16,-55.1
17,-54.9
18,-62.9
19,-55.8
20,-52.9
21,-70.5
22,-57.6
23,-57.3
24,-55.0
25,-52.1
26,-53.6
