frequency,pdr
11,-65.5
12,-64.0
13,-61.9090909091
14,-55.0
15,-52.1111111111
16,-48.5
17,-46.3
18,-51.9
19,-65.1
20,-60.0
21,-67.0
22,-61.0
23,-66.8
24,-55.2
25,-66.7777777778
26,-66.4
