frequency,pdr
11,-67.8888888889
12,-65.8888888889
13,-62.5
14,-72.5555555556
15,-64.1
16,-65.1
17,-68.8
18,-68.2
19,-61.0
20,-67.0
21,-66.1
22,-66.1
23,-67.0
24,-72.4
25,-63.6666666667
26,-59.0
