frequency,pdr
11,-61.0
12,-55.0
13,-54.8
14,-62.6666666667
15,-57.2222222222
16,-61.0
17,-65.9
18,-62.2
19,-58.0
20,-58.0
21,-61.0
22,-61.0
23,-68.2
24,-62.5
25,-57.9
26,-65.1
