frequency,pdr
11,-51.0
12,-54.7
13,-53.8888888889
14,-48.4
15,-53.1111111111
16,-52.7
17,-55.0
18,-50.9
19,-44.9
20,-48.5
21,-44.6
22,-45.4
23,-46.6
24,-58.0
25,-59.3
26,-49.0
