frequency,pdr
11,-61.4
12,-65.3333333333
13,-57.9
14,-55.0
15,-60.0
16,-64.0
17,-70.2222222222
18,-58.0
19,-58.4
20,-62.3
21,-75.4
22,-69.5
23,-64.1
24,-64.0
25,-62.5
26,-64.0
