frequency,pdr
11,-48.4
12,-51.5555555556
13,-53.6666666667
14,-59.4444444444
15,-51.6
16,-52.5
17,-56.7
18,-51.0
19,-54.1
20,-46.0
21,-49.0
22,-50.2
23,-52.0
24,-51.5
25,-52.1
26,-54.7
