frequency,pdr
11,-58.7
12,-52.1
13,-58.8888888889
14,-56.2222222222
15,-46.0
16,-55.0
17,-62.5
18,-46.0
19,-50.1
20,-49.0
21,-64.1
22,-49.5
23,-52.0
24,-51.4
25,-53.9
26,-51.8
