frequency,pdr
11,-52.7
12,-55.2
13,-55.0
14,-64.1111111111
15,-55.0
16,-46.1
17,-52.6
18,-55.0
19,-55.0
20,-54.7
21,-55.0
22,-57.7
23,-55.3
24,-55.4
25,-60.7777777778
26,-51.5
