frequency,pdr
11,-46.0
12,-49.0
13,-45.5
14,-49.0
15,-46.9090909091
16,-48.3
17,-45.0
18,-47.6
19,-45.1818181818
20,-43.0
21,-43.0
22,-43.0
23,-44.6
24,-43.6
25,-44.3
26,-40.8
