frequency,pdr
11,-43.3
12,-53.5555555556
13,-48.3333333333
14,-48.4
15,-51.4545454545
16,-46.1
17,-49.9
18,-46.0
19,-46.0
20,-47.7
21,-46.0
22,-45.4
23,-46.0
24,-54.7
25,-55.0
26,-58.2
