frequency,pdr
11,-65.4
12,-68.5555555556
13,-78.7777777778
14,-81.0
15,-72.7777777778
16,-74.1
17,-59.6
18,-69.5
19,-71.8
20,-66.6
21,-70.0
22,-64.6
23,-80.0
24,-70.1
25,-73.7777777778
26,-64.0
