frequency,pdr
11,-52.0
12,-60.0
13,-56.3
14,-49.6666666667
15,-52.3333333333
16,-51.4
17,-51.8
18,-53.4
19,-46.0
20,-46.0
21,-46.0
22,-58.0
23,-62.9
24,-54.4
25,-51.1111111111
26,-55.0
