frequency,pdr
11,-57.4
12,-53.1
13,-59.6666666667
14,-55.3
15,-58.0
16,-63.7
17,-60.7
18,-62.6
19,-63.8
20,-59.0
21,-59.7
22,-66.1
23,-52.0
24,-57.6
25,-61.5555555556
26,-50.6
