frequency,pdr
11,-53.2
12,-54.9
13,-66.5555555556
14,-61.5555555556
15,-51.2222222222
16,-49.0
17,-55.3
18,-59.5
19,-59.0
20,-61.0
21,-59.7
22,-52.2
23,-49.8
24,-55.0
25,-57.0
26,-64.2
