frequency,pdr
11,-52.6
12,-55.8888888889
13,-59.5555555556
14,-49.8
15,-67.0
16,-64.0
17,-59.7
18,-61.0
19,-58.0
20,-51.3
21,-55.1
22,-56.1
23,-55.0
24,-69.3
25,-68.1111111111
26,-58.7
