frequency,pdr
11,-54.2
12,-50.9
13,-57.6666666667
14,-67.6666666667
15,-55.0
16,-48.2
17,-56.6
18,-55.0
19,-52.7
20,-55.0
21,-56.2
22,-55.0
23,-61.0
24,-63.7
25,-55.8888888889
26,-57.9
