frequency,pdr
11,-62.7
12,-69.3333333333
13,-73.4444444444
14,-56.6666666667
15,-64.0
16,-64.2
17,-68.5
18,-59.2
19,-61.0
20,-58.5
21,-61.0
22,-64.0
23,-62.5
24,-61.5
25,-59.3
26,-60.7
