frequency,pdr
11,-67.0
12,-64.0
13,-60.6
14,-67.0
15,-63.8888888889
16,-63.2
17,-60.7
18,-60.7
19,-66.5
20,-79.9
21,-67.0
22,-69.1818181818
23,-69.1
24,-64.7
25,-65.0
26,-62.2
