frequency,pdr
11,-73.3
12,-74.4444444444
13,-61.1
14,-63.5555555556
15,-62.5
16,-64.0
17,-65.0
18,-58.0
19,-71.5
20,-79.7
21,-62.4
22,-61.1
23,-63.9
24,-62.1
25,-63.2
26,-68.4
