frequency,pdr
11,-65.8888888889
12,-71.4444444444
13,-61.5555555556
14,-65.5555555556
15,-72.9
16,-71.9
17,-67.0
18,-66.0
19,-67.0
20,-61.0
21,-73.2
22,-76.1
23,-61.0
24,-75.5
25,-60.4
26,-65.8
