frequency,pdr
11,-64.0
12,-64.5
13,-61.3333333333
14,-58.0
15,-55.4444444444
16,-55.0
17,-66.8
18,-57.7
19,-69.2
20,-71.9
21,-58.0
22,-72.1
23,-64.0
24,-60.7
25,-62.9
26,-68.5
