frequency,pdr
11,-67.0
12,-53.8
13,-55.0
14,-48.4444444444
15,-48.5555555556
16,-61.8
17,-52.8
18,-46.5
19,-51.0
20,-56.5
21,-64.7
22,-53.2
23,-51.7
24,-65.1
25,-57.8
26,-55.0
