frequency,pdr
11,-49.0
12,-52.0
13,-54.2222222222
14,-57.4
15,-47.2222222222
16,-49.0
17,-49.0
18,-52.0
19,-50.0
20,-46.0
21,-46.0
22,-55.9
23,-49.0
24,-52.0
25,-57.6
26,-50.6
