frequency,pdr
11,-62.9
12,-54.7
13,-59.4
14,-67.0
15,-52.1111111111
16,-56.5
17,-60.1
18,-58.0
19,-66.4
20,-65.7
21,-53.3636363636
22,-52.0
23,-55.2
24,-67.0
25,-58.8
26,-63.0
