frequency,pdr
11,-49.6
12,-54.3333333333
13,-55.8
14,-58.3333333333
15,-61.1111111111
16,-55.0
17,-54.0
18,-59.1
19,-67.0
20,-61.1
21,-52.0
22,-50.5
23,-55.0
24,-62.4
25,-50.3
26,-46.6
