frequency,pdr
11,-72.7
12,-55.5
13,-59.5
14,-55.5555555556
15,-58.0
16,-64.4
17,-75.4
18,-61.0
19,-57.5454545455
20,-63.0
21,-68.6
22,-64.0
23,-72.5
24,-58.1
25,-52.7
26,-52.6
