frequency,pdr
11,-49.1
12,-58.0
13,-49.0
14,-60.7777777778
15,-60.8888888889
16,-55.6
17,-59.9
18,-49.0
19,-50.7
20,-49.0
21,-49.5
22,-49.0
23,-54.3
24,-67.4
25,-62.0
26,-49.7
