frequency,pdr
11,-49.0
12,-46.9
13,-50.1
14,-59.6666666667
15,-53.2222222222
16,-56.2
17,-56.4
18,-60.9
19,-69.5
20,-62.2
21,-59.6
22,-58.0
23,-64.9
24,-52.0
25,-52.2
26,-54.1
