frequency,pdr
11,-60.4545454545
12,-65.8888888889
13,-60.8
14,-55.1111111111
15,-58.0
16,-64.3
17,-73.0
18,-72.5
19,-74.3
20,-65.5
21,-65.1
22,-58.7
23,-61.0
24,-61.0
25,-67.6666666667
26,-58.1
