frequency,pdr
11,-55.1
12,-54.9
13,-65.8888888889
14,-52.3333333333
15,-55.0
16,-55.0
17,-55.5
18,-58.4
19,-66.2
20,-69.8
21,-61.5
22,-53.9
23,-61.1
24,-66.0
25,-64.0
26,-68.6
