frequency,pdr
11,-61.3
12,-61.7
13,-70.3333333333
14,-56.7
15,-67.0
16,-62.9
17,-67.0
18,-62.6
19,-71.4
20,-64.0
21,-66.4545454545
22,-73.7
23,-76.2
24,-61.0
25,-62.1
26,-70.0
