frequency,pdr
11,-49.0
12,-54.1111111111
13,-54.6666666667
14,-48.9
15,-46.9
16,-49.0
17,-54.9
18,-55.0
19,-46.0
20,-47.2
21,-52.9
22,-46.0
23,-54.9
24,-49.2
25,-47.6
26,-54.0
