frequency,pdr
11,-54.4
12,-52.0
13,-53.6
14,-60.6666666667
15,-65.7777777778
16,-65.4
17,-55.5
18,-49.6
19,-50.0
20,-49.0
21,-60.2
22,-51.0
23,-55.0
24,-55.7
25,-55.8
26,-52.3
