frequency,pdr
11,-65.4444444444
12,-64.2
13,-59.5555555556
14,-64.5
15,-57.5
16,-63.9
17,-59.8
18,-64.2
19,-55.0
20,-61.0
21,-65.7
22,-75.6
23,-61.3
24,-58.0
25,-55.2
26,-68.7
