frequency,pdr
11,-67.5
12,-59.3
13,-64.6666666667
14,-63.0
15,-74.0
16,-75.0
17,-68.4
18,-63.2727272727
19,-61.0
20,-60.2
21,-61.0
22,-60.4
23,-73.0
24,-58.5
25,-55.6
26,-60.0
