frequency,pdr
11,-62.1
12,-70.5
13,-62.1818181818
14,-68.4
15,-60.9
16,-66.8888888889
17,-70.2
18,-68.8
19,-72.6
20,-61.5
21,-61.0
22,-71.4
23,-67.0
24,-64.0
25,-67.1
26,-64.0
