frequency,pdr
11,-60.0
12,-55.4
13,-69.1111111111
14,-63.3
15,-64.6
16,-59.8
17,-65.4
18,-65.7
19,-66.1
20,-67.2
21,-59.0
22,-69.9090909091
23,-64.7
24,-64.0
25,-67.0
26,-68.9
