frequency,pdr
11,-67.2222222222
12,-53.0
13,-46.0
14,-49.0
15,-50.3
16,-60.7777777778
17,-52.0
18,-58.4
19,-54.0
20,-51.3
21,-52.6
22,-52.0
23,-66.8
24,-61.0
25,-60.2
26,-61.9
