frequency,pdr
11,-64.8888888889
12,-55.0
13,-56.2222222222
14,-67.0
15,-60.8
16,-55.1
17,-57.2
18,-56.0
19,-64.0
20,-62.3
21,-58.0
22,-62.2
23,-66.4
24,-58.8
25,-63.8
26,-64.0
