frequency,pdr
11,-76.4444444444
12,-67.0
13,-68.8888888889
14,-61.0
15,-62.0
16,-70.4
17,-67.0
18,-66.0
19,-67.0
20,-74.7
21,-67.0
22,-79.6666666667
23,-60.3
24,-67.0
25,-67.0
26,-64.4
