frequency,pdr
11,-63.4444444444
12,-56.0
13,-60.9
14,-60.1
15,-64.0
16,-75.8888888889
17,-64.0
18,-63.9
19,-63.3
20,-67.0
21,-64.0
22,-65.9
23,-71.7
24,-68.8
25,-58.0
26,-60.7
