frequency,pdr
11,-70.4444444444
12,-61.0
13,-62.1111111111
14,-62.1
15,-64.0
16,-78.5
17,-64.4
18,-67.0
19,-68.3
20,-65.8
21,-60.8
22,-69.2
23,-72.6
24,-64.8
25,-62.4
26,-69.1
