frequency,pdr
11,-66.2
12,-67.7
13,-59.2222222222
14,-60.1
15,-59.4
16,-63.7777777778
17,-58.0
18,-56.5
19,-67.0
20,-61.5
21,-65.4
22,-61.0
23,-77.2
24,-64.2
25,-68.4
26,-62.0
