frequency,pdr
11,-65.1
12,-62.3
13,-60.3636363636
14,-76.8888888889
15,-63.9
16,-59.1
17,-64.4
18,-60.9
19,-66.0
20,-67.0
21,-58.4
22,-58.9
23,-64.0
24,-63.8
25,-64.9
26,-62.4
