frequency,pdr
11,-79.1111111111
12,-66.5
13,-63.3333333333
14,-67.0
15,-57.4
16,-52.0
17,-56.7
18,-62.1
19,-65.8
20,-61.0
21,-62.5
22,-59.3
23,-57.0
24,-71.0
25,-61.0
26,-58.0
