frequency,pdr
11,-63.1
12,-57.4444444444
13,-62.5555555556
14,-54.8888888889
15,-58.1
16,-48.4
17,-61.1
18,-60.8
19,-53.6
20,-56.3
21,-57.0
22,-61.0
23,-52.9
24,-49.7
25,-50.0
26,-56.1
