frequency,pdr
11,-55.9
12,-45.9
13,-47.5
14,-52.0
15,-47.9
16,-51.9
17,-49.0
18,-61.4
19,-60.9
20,-53.5
21,-49.0
22,-49.6363636364
23,-48.7
24,-56.0909090909
25,-52.0
26,-55.0
