frequency,pdr
11,-59.0909090909
12,-52.0
13,-58.4444444444
14,-63.8888888889
15,-67.0
16,-52.0
17,-48.1
18,-49.9
19,-59.8
20,-55.0
21,-52.2
22,-49.0
23,-55.8
24,-50.9
25,-52.5
26,-50.4
