frequency,pdr
11,-50.3
12,-61.0
13,-72.8888888889
14,-56.4444444444
15,-49.0
16,-52.0
17,-55.0
18,-55.0
19,-51.3
20,-49.0
21,-51.0
22,-52.4
23,-52.0
24,-52.0
25,-55.0
26,-55.0
