frequency,pdr
11,-58.7
12,-68.3333333333
13,-55.0
14,-56.4
15,-62.2
16,-68.7
17,-59.5
18,-55.0
19,-58.4
20,-67.1
21,-65.4
22,-61.1
23,-77.7777777778
24,-66.3
25,-66.7
26,-62.0
