frequency,pdr
11,-64.4
12,-57.5555555556
13,-63.2222222222
14,-50.2222222222
15,-49.0
16,-49.0
17,-59.8
18,-67.0
19,-62.4
20,-63.3
21,-59.2
22,-61.2
23,-56.7
24,-69.0
25,-61.0
26,-56.6
