frequency,pdr
11,-58.8
12,-63.875
13,-56.7777777778
14,-65.7777777778
15,-69.2
16,-64.0
17,-64.3
18,-61.0
19,-66.2
20,-61.2
21,-69.7
22,-58.1
23,-58.4
24,-64.0
25,-68.7
26,-66.7
