frequency,pdr
11,-71.0
12,-61.375
13,-79.6666666667
14,-60.2222222222
15,-64.0
16,-63.0
17,-60.3
18,-62.7
19,-61.5
20,-61.0
21,-71.0
22,-64.0
23,-61.9
24,-64.9
25,-71.4
26,-71.2
