frequency,pdr
11,-56.2
12,-64.0
13,-65.5555555556
14,-65.5555555556
15,-67.0
16,-70.4
17,-63.8
18,-64.7
19,-69.7272727273
20,-62.2
21,-65.1
22,-62.7
23,-64.3
24,-68.2
25,-67.6
26,-69.6
