frequency,pdr
11,-61.7
12,-62.125
13,-66.8888888889
14,-62.3333333333
15,-68.0
16,-62.3
17,-74.2
18,-61.0
19,-58.3
20,-59.5
21,-74.6
22,-64.0
23,-67.0
24,-77.6
25,-70.0
26,-64.0
