frequency,pdr
11,-51.6
12,-58.5
13,-61.3333333333
14,-58.4444444444
15,-58.5
16,-55.1
17,-57.7
18,-54.2
19,-54.8
20,-55.1
21,-55.0
22,-56.7
23,-55.0
24,-56.2
25,-58.7
26,-61.0
