frequency,pdr
11,-64.1
12,-61.6666666667
13,-65.8888888889
14,-65.2222222222
15,-67.0
16,-67.5
17,-66.3
18,-65.8
19,-67.0
20,-75.2
21,-61.6
22,-76.1
23,-64.0
24,-69.9
25,-80.0
26,-67.3
