frequency,pdr
11,-67.0
12,-64.4444444444
13,-67.0
14,-57.1111111111
15,-73.2
16,-68.7
17,-62.1
18,-64.0
19,-62.4
20,-65.0
21,-69.8
22,-64.5
23,-65.1
24,-61.8
25,-67.0
26,-81.2
