frequency,pdr
11,-58.0
12,-55.0
13,-57.4444444444
14,-61.4444444444
15,-48.8
16,-51.9
17,-68.4
18,-50.1
19,-47.3
20,-58.0
21,-52.0
22,-49.0
23,-52.0
24,-49.0
25,-48.7
26,-56.9
