frequency,pdr
11,-56.0
12,-48.2222222222
13,-54.4444444444
14,-54.6666666667
15,-53.4
16,-55.0
17,-50.0
18,-55.0
19,-55.6
20,-46.0
21,-53.3
22,-55.0
23,-51.4
24,-65.1
25,-56.7
26,-48.5
