frequency,pdr
11,-58.9
12,-69.5555555556
13,-66.8888888889
14,-63.8888888889
15,-70.7
16,-67.0
17,-61.9
18,-62.8
19,-69.1
20,-64.1
21,-59.4
22,-61.0
23,-63.7
24,-67.5
25,-73.2
26,-68.3
