frequency,pdr
11,-52.0
12,-54.0
13,-61.5555555556
14,-65.6666666667
15,-56.9
16,-60.7
17,-55.0
18,-66.2
19,-65.1
20,-66.7
21,-57.2
22,-57.1
23,-62.6
24,-50.6
25,-53.4
26,-52.0
