frequency,pdr
11,-55.2
12,-60.5555555556
13,-53.7
14,-54.3333333333
15,-52.0
16,-55.0
17,-65.0
18,-55.0
19,-53.0
20,-58.7
21,-55.0
22,-59.2
23,-55.0
24,-49.0
25,-49.6
26,-60.5
