frequency,pdr
11,-50.5
12,-48.5
13,-54.7777777778
14,-46.1
15,-55.5
16,-52.0
17,-55.6
18,-69.2
19,-52.9
20,-49.8
21,-52.6
22,-72.1
23,-58.8
24,-61.0
25,-57.6
26,-53.3636363636
