frequency,pdr
11,-55.0
12,-57.5
13,-59.1
14,-54.4444444444
15,-68.7272727273
16,-60.9
17,-74.6
18,-55.0
19,-58.0
20,-58.0
21,-62.5
22,-68.5
23,-62.3
24,-62.3
25,-60.9
26,-73.9
