frequency,pdr
11,-49.0
12,-45.5555555556
13,-46.1111111111
14,-56.7777777778
15,-49.0
16,-48.4
17,-45.4
18,-48.3
19,-46.0
20,-53.5
21,-62.5
22,-47.7
23,-57.8
24,-59.3
25,-49.3
26,-52.6
