frequency,pdr
11,-50.6363636364
12,-52.0
13,-56.1
14,-56.5555555556
15,-56.4
16,-54.2
17,-64.7
18,-62.6
19,-55.0
20,-59.9
21,-57.7
22,-48.2
23,-50.1
24,-53.5
25,-52.0
26,-54.9
