frequency,pdr
11,-64.8
12,-58.6666666667
13,-63.7777777778
14,-69.4444444444
15,-58.0
16,-67.0
17,-60.0
18,-67.0
19,-67.0
20,-74.4
21,-63.3
22,-64.0
23,-75.8
24,-63.4
25,-65.4
26,-60.7
