frequency,pdr
11,-55.0
12,-55.1111111111
13,-57.4444444444
14,-66.375
15,-55.7
16,-55.0
17,-63.6
18,-66.8
19,-61.0
20,-69.1
21,-55.6
22,-62.3
23,-63.4
24,-70.0
25,-61.9
26,-62.3
