frequency,pdr
11,-53.4
12,-52.1111111111
13,-57.8
14,-56.2222222222
15,-63.2
16,-55.0
17,-55.0
18,-55.0
19,-53.8
20,-55.0
21,-61.6
22,-55.0
23,-69.1
24,-57.1
25,-61.1
26,-55.0
