frequency,pdr
11,-63.6
12,-59.2
13,-73.4285714286
14,-65.8888888889
15,-61.0
16,-66.9
17,-67.3
18,-66.3
19,-63.8
20,-64.7
21,-61.5
22,-69.8
23,-58.0
24,-70.2
25,-62.6
26,-74.7
