frequency,pdr
11,-50.2
12,-48.2222222222
13,-44.1
14,-48.8888888889
15,-53.2
16,-55.7
17,-56.6
18,-54.2
19,-54.2
20,-46.0
21,-44.9
22,-43.0
23,-46.0
24,-46.0
25,-49.5
26,-54.8
