frequency,pdr
11,-51.1
12,-52.6666666667
13,-60.8888888889
14,-58.1111111111
15,-48.9
16,-50.0
17,-61.9
18,-47.0
19,-49.0
20,-52.4
21,-50.1
22,-53.1
23,-54.2
24,-60.9
25,-62.9
26,-55.0
