frequency,pdr
11,-55.0
12,-78.5555555556
13,-63.1111111111
14,-60.1111111111
15,-53.9
16,-55.0
17,-55.0
18,-70.2
19,-55.0
20,-57.4
21,-65.8
22,-56.8
23,-60.5
24,-57.4
25,-71.4
26,-57.4
