frequency,pdr
11,-56.7
12,-56.5555555556
13,-62.4
14,-52.3333333333
15,-52.9
16,-46.5
17,-50.6
18,-53.5
19,-52.3
20,-48.0
21,-47.1
22,-61.4
23,-51.0
24,-56.0
25,-50.3
26,-48.1
