frequency,pdr
11,-49.0
12,-51.9
13,-51.5454545455
14,-48.8888888889
15,-49.0
16,-63.6
17,-63.2
18,-55.0
19,-55.2
20,-52.7
21,-57.6
22,-56.3
23,-55.0
24,-64.7
25,-56.9
26,-49.4
