frequency,pdr
11,-77.5
12,-61.1111111111
13,-57.9
14,-61.2222222222
15,-56.5
16,-65.0
17,-58.0
18,-66.9
19,-65.0
20,-63.9
21,-60.4
22,-57.8
23,-62.9
24,-68.9
25,-62.2
26,-66.2
