frequency,pdr
11,-54.1
12,-53.8888888889
13,-52.0
14,-55.1111111111
15,-49.0
16,-49.0
17,-55.2
18,-59.8
19,-52.0
20,-66.1
21,-53.3
22,-59.4
23,-56.6
24,-63.0
25,-61.2
26,-55.0
