frequency,pdr
11,-40.0
12,-43.0
13,-43.0
14,-44.6666666667
15,-43.0
16,-44.1
17,-45.1818181818
18,-54.0
19,-45.1
20,-43.0
21,-51.1
22,-43.0
23,-43.0
24,-40.0
25,-42.1
26,-43.6
