frequency,pdr
11,-49.3
12,-53.2222222222
13,-53.0
14,-59.1111111111
15,-58.0
16,-55.0
17,-51.3
18,-49.0
19,-52.0
20,-58.6
21,-52.8
22,-52.1
23,-46.2
24,-50.1
25,-55.0
26,-49.0
