frequency,pdr
11,-66.3636363636
12,-59.8888888889
13,-55.0
14,-56.3333333333
15,-65.0
16,-74.3
17,-57.2
18,-62.4
19,-64.0
20,-66.6
21,-73.8
22,-71.7
23,-55.9
24,-66.6
25,-74.8
26,-68.4
