frequency,pdr
11,-51.8
12,-65.4444444444
13,-60.8888888889
14,-52.0
15,-55.0
16,-52.0
17,-55.0
18,-55.0
19,-53.0
20,-55.0
21,-55.9
22,-57.0
23,-55.0
24,-57.0
25,-57.2
26,-57.6
