frequency,pdr
11,-51.3
12,-55.1111111111
13,-73.4444444444
14,-66.8888888889
15,-60.4
16,-55.6
17,-59.5
18,-52.6
19,-49.0
20,-52.8
21,-48.6
22,-49.9
23,-67.1
24,-56.8
25,-55.0
26,-52.5
