frequency,pdr
11,-59.7
12,-54.0
13,-62.7777777778
14,-63.7777777778
15,-52.6
16,-51.7
17,-59.9
18,-66.6
19,-51.6
20,-59.5
21,-48.2
22,-49.1
23,-48.6
24,-55.6
25,-65.5
26,-54.9
