frequency,pdr
11,-55.0
12,-58.1
13,-71.5555555556
14,-67.0
15,-65.6363636364
16,-68.1
17,-61.0
18,-58.0
19,-61.0
20,-73.0
21,-67.0
22,-59.9
23,-60.0
24,-66.9
25,-64.0
26,-67.0
