frequency,pdr
11,-63.4
12,-59.3333333333
13,-62.3333333333
14,-73.5
15,-65.8
16,-80.5
17,-67.0
18,-61.2
19,-60.6
20,-57.8
21,-64.0
22,-71.9
23,-60.5
24,-61.3
25,-62.7
26,-79.6
