frequency,pdr
11,-47.3
12,-47.1
13,-46.0
14,-53.4444444444
15,-64.8
16,-58.0
17,-56.0
18,-50.4
19,-62.6
20,-71.0
21,-55.0909090909
22,-52.6
23,-56.0
24,-55.3
25,-64.3
26,-67.1
