frequency,pdr
11,-55.4
12,-65.4444444444
13,-57.5555555556
14,-59.4444444444
15,-52.0
16,-54.0
17,-55.7
18,-59.5
19,-68.5
20,-59.9
21,-52.5
22,-54.8
23,-54.3
24,-51.9
25,-57.1
26,-62.6
