frequency,pdr
11,-55.0
12,-60.6
13,-63.2222222222
14,-57.2222222222
15,-67.3
16,-55.3
17,-64.0
18,-55.0
19,-55.0
20,-62.1
21,-63.6
22,-67.0
23,-67.0
24,-59.5
25,-61.7
26,-57.5
