frequency,pdr
11,-61.9
12,-61.4444444444
13,-64.0
14,-63.1111111111
15,-64.7
16,-64.1
17,-62.3
18,-65.4
19,-63.7
20,-59.9
21,-64.5
22,-60.3
23,-63.2
24,-73.7
25,-71.2
26,-65.1
