frequency,pdr
11,-71.1
12,-71.2222222222
13,-66.2
14,-74.1111111111
15,-61.2
16,-66.6
17,-65.9
18,-65.5
19,-61.7
20,-68.9
21,-68.4
22,-67.0
23,-62.0
24,-63.3
25,-67.9
26,-66.1
