frequency,pdr
11,-52.0
12,-55.1111111111
13,-50.2
14,-61.1111111111
15,-52.0
16,-57.1
17,-54.7
18,-49.8
19,-48.3
20,-55.3
21,-50.0
22,-58.6
23,-55.0
24,-53.5
25,-51.1
26,-52.9
