frequency,pdr
11,-67.6
12,-58.5
13,-58.3333333333
14,-59.2222222222
15,-58.2
16,-60.8
17,-55.0
18,-60.3
19,-53.4
20,-60.5
21,-63.2
22,-61.4545454545
23,-55.0
24,-55.0
25,-67.0
26,-67.0
