frequency,pdr
11,0.793650793651
12,1.42857142857
13,1.5873015873
14,1.42857142857
15,1.42857142857
16,1.5873015873
17,1.42857142857
18,1.5873015873
19,1.42857142857
20,1.26984126984
21,1.5873015873
22,1.42857142857
23,1.5873015873
24,1.5873015873
25,1.5873015873
26,1.5873015873
