frequency,pdr
11,1.42857142857
12,1.42857142857
13,1.42857142857
14,1.5873015873
15,1.5873015873
16,1.42857142857
17,1.5873015873
18,0.634920634921
19,1.5873015873
20,1.5873015873
21,1.5873015873
22,1.5873015873
23,1.5873015873
24,1.5873015873
25,1.5873015873
26,1.5873015873
