frequency,pdr
11,-88.5555555556
12,-81.75
13,-82.1666666667
14,-82.0
15,-76.0
16,-71.0
17,-70.0
18,-70.0
19,-67.0
20,-67.0
21,-67.0
22,-68.1
23,-69.9
24,-71.2727272727
25,-68.0
26,-68.1
