frequency,pdr
12,-91.0
13,-91.0
14,-90.6666666667
15,-91.0
16,-90.5555555556
17,-89.5
18,-90.8333333333
19,-91.0
20,-91.0
21,-91.0
22,-91.0
23,-90.5
24,-91.0
25,-90.5555555556
26,-90.8
