frequency,pdr
11,-91.0
13,-91.0
14,-88.8888888889
15,-90.2
16,-90.8
17,-91.0
18,-90.2
19,-90.9
20,-86.6666666667
21,-86.4
22,-87.1666666667
23,-89.5
24,-90.8
25,-91.0
26,-91.0
