frequency,pdr
11,-80.2222222222
12,-81.875
13,-85.8571428571
14,-91.0
15,-89.8
16,-85.625
17,-83.6666666667
18,-82.5
19,-84.9
20,-91.0
21,-90.1111111111
22,-86.75
23,-86.0
24,-90.4285714286
25,-91.0
26,-91.0
