frequency,pdr
14,-91.0
15,-91.0
16,-91.0
17,-91.0
18,-91.0
19,-91.0
20,-91.0
21,-91.0
22,-91.0
23,-90.4285714286
24,-89.4285714286
25,-90.0
26,-91.0
