frequency,pdr
11,-91.0
12,-90.8571428571
13,-90.7142857143
14,-91.0
16,-91.0
17,-89.5714285714
18,-87.8
19,-89.5
21,-91.0
22,-91.0
23,-91.0
24,-91.0
25,-91.0
26,-91.0
