frequency,pdr
11,-82.6
12,-83.1428571429
13,-81.1666666667
14,-80.6
15,-80.1
16,-80.0
17,-80.9
18,-82.0
19,-82.0
20,-82.0
21,-79.5
22,-79.125
23,-82.0
24,-84.8571428571
25,-87.1
26,-88.6
