frequency,pdr
11,-91.0
12,-90.875
13,-89.5714285714
14,-90.7777777778
15,-91.0
16,-91.0
17,-91.0
18,-91.0
19,-91.0
21,-85.3
22,-84.4285714286
23,-85.375
24,-87.6
25,-86.5
26,-85.0
