frequency,pdr
11,-89.8888888889
12,-90.8571428571
13,-91.0
14,-91.0
15,-91.0
16,-91.0
17,-91.0
18,-89.5
19,-88.9
20,-86.7
21,-84.7142857143
22,-87.0
23,-89.0
24,-88.3333333333
25,-91.0
