frequency,pdr
11,19.3083573487
12,17.8674351585
13,14.409221902
14,19.711815562
15,20.8933717579
16,18.1268011527
17,19.8847262248
18,19.5677233429
19,20.5187319885
20,19.3659942363
21,20.6628242075
22,16.8299711816
23,20.3170028818
24,20.288184438
25,21.0662824207
26,20.0
