frequency,pdr
11,16.1383285303
12,17.4639769452
13,18.1556195965
14,18.3573487032
15,18.386167147
16,18.2708933718
17,19.3948126801
18,17.2334293948
19,19.3083573487
20,18.9337175793
21,17.9538904899
22,10.4322766571
23,13.976945245
24,17.4063400576
25,18.1844380403
26,18.4438040346
