frequency,pdr
11,11.3544668588
12,12.3919308357
13,12.7089337176
14,12.6801152738
15,14.2074927954
16,11.4121037464
17,12.2478386167
18,12.5648414986
19,13.1988472622
20,11.8731988473
21,12.5360230548
22,10.2593659942
23,11.0374639769
24,14.0634005764
25,14.3804034582
26,13.8616714697
