frequency,pdr
11,13.4293948127
12,12.2478386167
13,14.0634005764
14,14.9855907781
15,13.1988472622
16,12.9971181556
17,12.5936599424
18,11.8443804035
19,13.5158501441
20,12.3054755043
21,13.3429394813
22,10.2017291066
23,11.9596541787
24,12.0749279539
25,12.4495677233
26,11.3832853026
