frequency,pdr
11,15.590778098
12,16.1095100865
13,17.8097982709
14,18.242074928
15,18.4149855908
16,19.3371757925
17,17.34870317
18,16.5706051873
19,18.818443804
20,17.4351585014
21,15.2737752161
22,10.5763688761
23,14.3515850144
24,17.0893371758
25,18.4149855908
26,16.916426513
