frequency,pdr
11,11.5850144092
12,12.3054755043
13,13.4870317003
14,13.4870317003
15,14.9567723343
16,14.3804034582
17,12.4783861671
18,12.5648414986
19,15.5331412104
20,14.553314121
21,13.3429394813
22,6.91642651297
23,8.27089337176
24,13.0259365994
25,13.8904899135
26,12.5936599424
