frequency,pdr
11,20.6340057637
12,21.0086455331
13,21.2103746398
14,21.6426512968
15,22.0172910663
16,21.8731988473
17,20.3746397695
18,20.288184438
19,21.9884726225
20,20.7780979827
21,19.9711815562
22,9.74063400576
23,15.7060518732
24,21.2968299712
25,21.4409221902
26,21.3832853026
