frequency,pdr
11,11.8731988473
12,11.9020172911
13,11.6714697406
14,13.4293948127
15,13.2564841499
16,12.3919308357
17,12.0172910663
18,12.8530259366
19,13.7175792507
20,12.2478386167
21,13.1700288184
22,9.36599423631
23,12.5648414986
24,12.4783861671
25,12.4495677233
26,11.2391930836
