frequency,pdr
11,13.3429394813
12,11.9884726225
13,13.0547550432
14,13.7175792507
15,14.6974063401
16,11.325648415
17,11.5850144092
18,10.4899135447
19,15.3890489914
20,14.0634005764
21,15.0720461095
22,9.2507204611
23,12.6801152738
24,14.1498559078
25,14.0345821326
26,13.3717579251
