frequency,pdr
11,7.63688760807
12,8.5590778098
13,7.46397694524
14,7.92507204611
15,9.07780979827
16,8.76080691643
17,7.98270893372
18,8.04034582133
19,8.5590778098
20,6.97406340058
21,8.29971181556
22,6.36887608069
23,7.29106628242
24,7.49279538905
25,7.8386167147
26,7.72334293948
