frequency,pdr
11,13.9481268012
12,14.5821325648
13,13.7175792507
14,15.2161383285
15,15.446685879
16,13.8328530259
17,12.3054755043
18,11.9884726225
19,16.1959654179
20,14.8126801153
21,15.1008645533
22,8.90489913545
23,12.0749279539
24,14.2074927954
25,15.3890489914
26,14.6397694524
