frequency,pdr
11,20.1729106628
12,22.3054755043
13,22.5936599424
14,22.9682997118
15,24.2074927954
16,22.9971181556
17,22.3631123919
18,20.6340057637
19,22.9682997118
20,22.2766570605
21,19.8847262248
22,14.8703170029
23,18.8760806916
24,21.1239193084
25,22.1613832853
26,21.0374639769
