frequency,pdr
11,11.0662824207
12,11.4409221902
13,11.8731988473
14,12.1613832853
15,11.9884726225
16,12.1037463977
17,12.1902017291
18,12.8818443804
19,13.2276657061
20,12.1902017291
21,12.9971181556
22,9.82708933718
23,12.2190201729
24,11.8155619597
25,11.7291066282
26,11.3544668588
