frequency,pdr
11,16.8587896254
12,18.2708933718
13,18.8472622478
14,19.2219020173
15,20.0576368876
16,19.7406340058
17,17.2334293948
18,17.5792507205
19,18.6167146974
20,17.8386167147
21,15.3314121037
22,12.7665706052
23,15.4178674352
24,19.4236311239
25,19.7694524496
26,19.4524495677
