frequency,pdr
11,11.7291066282
12,11.0086455331
13,12.8242074928
14,12.507204611
15,12.5360230548
16,11.6426512968
17,10.8069164265
18,9.85590778098
19,12.9106628242
20,13.4582132565
21,13.6023054755
22,7.89625360231
23,12.2190201729
24,12.8818443804
25,12.8818443804
26,11.7867435159
