frequency,pdr
11,11.9596541787
12,12.5936599424
13,12.0461095101
14,14.265129683
15,14.8126801153
16,14.2939481268
17,14.7262247839
18,15.1873198847
19,17.1469740634
20,15.4755043228
21,15.2737752161
22,12.1325648415
23,14.6974063401
24,14.8126801153
25,15.0720461095
26,14.6974063401
