frequency,pdr
11,12.507204611
12,12.1037463977
13,12.7089337176
14,13.4005763689
15,13.8328530259
16,13.5734870317
17,12.6801152738
18,12.7089337176
19,13.8328530259
20,13.0259365994
21,13.4870317003
22,12.1037463977
23,13.8040345821
24,13.5734870317
25,13.9193083573
26,14.2074927954
