frequency,pdr
11,10.9798270893
12,10.8357348703
13,10.6628242075
14,12.7089337176
15,12.9106628242
16,12.0172910663
17,11.0374639769
18,11.2103746398
19,12.2478386167
20,10.9221902017
21,11.5273775216
22,8.12680115274
23,10.1152737752
24,12.4207492795
25,11.4409221902
26,11.0951008646
