frequency,pdr
11,12.5360230548
12,12.8530259366
13,14.3227665706
14,13.8040345821
15,15.2161383285
16,13.4582132565
17,13.8904899135
18,14.1498559078
19,14.6397694524
20,14.3804034582
21,14.409221902
22,10.0288184438
23,14.3515850144
24,14.1786743516
25,13.976945245
26,14.5244956772
