frequency,pdr
11,10.4322766571
12,11.7002881844
13,12.0461095101
14,12.0172910663
15,12.0749279539
16,11.4985590778
17,11.469740634
18,10.6628242075
19,12.5360230548
20,11.0086455331
21,11.469740634
22,7.46397694524
23,9.94236311239
24,10.3458213256
25,11.9884726225
26,10.9221902017
