frequency,pdr
11,10.4322766571
12,11.6426512968
13,12.8242074928
14,12.8242074928
15,16.4265129683
16,12.7377521614
17,15.0432276657
18,14.6685878963
19,16.1095100865
20,13.4293948127
21,15.446685879
22,6.3976945245
23,9.36599423631
24,13.1123919308
25,14.0922190202
26,11.9020172911
