frequency,pdr
11,8.99135446686
12,9.91354466859
13,10.4610951009
14,10.6340057637
15,10.7492795389
16,10.8933717579
17,10.0576368876
18,10.2593659942
19,11.0662824207
20,10.6916426513
21,10.0576368876
22,6.3976945245
23,9.02017291066
24,10.0576368876
25,11.2968299712
26,10.9510086455
