frequency,pdr
11,17.1181556196
12,17.8674351585
13,17.492795389
14,19.2795389049
15,20.4034582133
16,19.7694524496
17,18.5878962536
18,17.8097982709
19,18.242074928
20,19.1930835735
21,20.0
22,15.878962536
23,19.0201729107
24,18.9913544669
25,18.9913544669
26,19.5965417867
