frequency,pdr
11,12.1037463977
12,12.2190201729
13,12.3631123919
14,12.7377521614
15,12.939481268
16,12.7377521614
17,12.1613832853
18,11.8443804035
19,12.6224783862
20,11.9596541787
21,12.3919308357
22,9.74063400576
23,11.7002881844
24,12.2766570605
25,12.507204611
26,12.1902017291
