frequency,pdr
11,12.1902017291
12,11.4121037464
13,13.3141210375
14,12.8242074928
15,13.8328530259
16,13.1123919308
17,11.6714697406
18,11.8443804035
19,13.3429394813
20,12.4495677233
21,9.62536023055
22,8.01152737752
23,10.6916426513
24,11.8443804035
25,13.8616714697
26,13.5734870317
