frequency,pdr
11,15.0144092219
12,13.976945245
13,15.5331412104
14,15.9654178674
15,16.2247838617
16,16.5706051873
17,14.1786743516
18,14.6974063401
19,17.0317002882
20,14.9855907781
21,15.9077809798
22,11.0374639769
23,14.9567723343
24,14.8414985591
25,16.2536023055
26,15.8501440922
