frequency,pdr
11,17.8386167147
12,16.0518731988
13,18.386167147
14,19.855907781
15,21.9308357349
16,20.8069164265
17,19.1930835735
18,18.2997118156
19,21.9308357349
20,20.2305475504
21,20.4034582133
22,12.3342939481
23,15.9365994236
24,19.3083573487
25,19.6541786744
26,18.7896253602
