frequency,pdr
11,20.8933717579
12,20.1729106628
13,21.1239193084
14,21.9020172911
15,23.5158501441
16,23.1988472622
17,22.8530259366
18,22.5360230548
19,22.2190201729
20,22.8242074928
21,23.7463976945
22,19.1642651297
23,21.757925072
24,22.3919308357
25,22.65129683
26,21.613832853
