frequency,pdr
11,16.3976945245
12,18.2997118156
13,13.4293948127
14,20.9221902017
15,22.0172910663
16,22.0172910663
17,20.6340057637
18,19.3371757925
19,20.5763688761
20,19.1930835735
21,20.4322766571
22,14.9855907781
23,20.7204610951
24,19.3948126801
25,18.8472622478
26,19.0778097983
