frequency,pdr
11,17.2622478386
12,17.060518732
13,16.2536023055
14,19.8847262248
15,21.4409221902
16,21.2103746398
17,21.3832853026
18,20.5187319885
19,21.2680115274
20,21.6426512968
21,21.6426512968
22,16.1383285303
23,20.5763688761
24,22.3919308357
25,22.2478386167
26,22.1325648415
