frequency,pdr
11,9.3083573487
12,9.9711815562
13,10.6628242075
14,10.7492795389
15,10.9221902017
16,10.9510086455
17,11.2968299712
18,10.5475504323
19,11.7002881844
20,10.9510086455
21,10.6051873199
22,7.52161383285
23,9.74063400576
24,10.0576368876
25,10.8933717579
26,10.5763688761
