frequency,pdr
11,12.3054755043
12,12.2478386167
13,14.3227665706
14,15.1585014409
15,16.0806916427
16,15.4178674352
17,13.6311239193
18,11.8731988473
19,14.121037464
20,12.4783861671
21,13.7752161383
22,8.53025936599
23,12.2766570605
24,14.0634005764
25,14.8126801153
26,15.1296829971
