frequency,pdr
11,11.9308357349
12,12.9106628242
13,14.5244956772
14,16.9452449568
15,18.7608069164
16,16.8587896254
17,15.878962536
18,16.1383285303
19,19.0201729107
20,16.0518731988
21,18.1268011527
22,10.9798270893
23,16.9740634006
24,17.9827089337
25,18.2997118156
26,16.7435158501
