frequency,pdr
11,-91.0
12,-91.0
13,-90.7777777778
14,-87.9
15,-87.4
16,-88.6
17,-89.0
18,-88.0
19,-87.1
20,-86.0
21,-85.0
22,-83.7142857143
23,-85.0
24,-86.0
25,-87.9
26,-88.5
