frequency,pdr
11,-66.9
12,-63.6666666667
13,-59.6
14,-67.0
15,-66.4
16,-60.9
17,-58.2
18,-69.8181818182
19,-63.0
20,-67.0
21,-63.3
22,-67.9
23,-61.2
24,-67.5
25,-69.1
26,-65.2
