frequency,pdr
11,-49.6
12,-52.5
13,-51.3
14,-49.0
15,-49.0
16,-45.1
17,-50.6363636364
18,-60.6
19,-47.9
20,-48.5
21,-53.9090909091
22,-52.4
23,-54.9
24,-51.6
25,-45.9
26,-50.7
