frequency,pdr
11,-60.1
12,-71.3333333333
13,-61.0
14,-74.4
15,-67.0
16,-73.0
17,-70.0
18,-61.0
19,-70.0
20,-75.5
21,-66.3
22,-63.2
23,-61.4
24,-55.0
25,-59.3
26,-73.3636363636
