frequency,pdr
11,-91.0
12,-91.0
14,-91.0
15,-91.0
16,-91.0
17,-90.7777777778
18,-89.7142857143
19,-90.6
21,-91.0
23,-91.0
24,-91.0
25,-91.0
