frequency,pdr
11,-91.0
12,-91.0
13,-91.0
14,-89.0
15,-85.6
16,-85.0
17,-85.0
18,-85.8571428571
19,-86.1
20,-85.0
21,-86.1428571429
22,-90.8571428571
24,-91.0
25,-91.0
26,-91.0
