frequency,pdr
11,-91.0
12,-91.0
13,-87.5555555556
14,-90.4444444444
15,-90.2
16,-91.0
17,-91.0
18,-91.0
19,-91.0
23,-91.0
24,-91.0
25,-91.0
26,-91.0
