frequency,pdr
11,-79.4
12,-79.0
13,-82.1111111111
14,-87.8888888889
15,-90.5
16,-81.875
17,-79.0
18,-79.375
19,-83.5
20,-83.3
21,-82.1428571429
22,-84.1666666667
23,-81.0
24,-80.0
25,-79.0
26,-80.7
