frequency,pdr
11,-89.8333333333
13,-91.0
14,-88.0
15,-87.0
16,-88.0
17,-88.875
18,-87.6666666667
19,-89.1111111111
20,-91.0
21,-90.0
22,-91.0
23,-89.4285714286
24,-89.2
25,-88.7777777778
26,-87.8
