frequency,pdr
11,-52.6
12,-54.9
13,-61.7777777778
14,-67.5
15,-62.4
16,-66.3
17,-66.0
18,-57.3
19,-62.4
20,-58.0
21,-63.8
22,-61.0
23,-55.3
24,-64.6666666667
25,-60.9
26,-70.1
