frequency,pdr
11,-55.75
12,-69.4444444444
13,-60.1111111111
14,-60.8888888889
15,-60.8
16,-59.4
17,-61.0
18,-65.9
19,-55.0
20,-60.5
21,-66.9
22,-61.1
23,-62.6
24,-68.6666666667
25,-72.4
26,-80.0
