frequency,pdr
11,-62.1111111111
12,-71.6666666667
13,-74.0
14,-67.1
15,-64.0
16,-60.1
17,-60.8
18,-61.0
19,-63.1
20,-68.5
21,-64.0
22,-61.0
23,-78.125
24,-66.125
25,-60.4
26,-65.0
