frequency,pdr
11,-77.6
12,-74.1111111111
13,-64.0
14,-69.1
15,-65.8
16,-73.1
17,-69.9
18,-74.2
19,-63.7
20,-59.3
21,-66.8
22,-60.9
23,-55.1
24,-61.8888888889
25,-63.4
26,-67.3
