frequency,pdr
11,-67.0
12,-61.6666666667
13,-68.5555555556
14,-61.0
15,-59.6
16,-58.0
17,-65.8
18,-70.0
19,-59.0
20,-60.8
21,-70.1
22,-67.0
23,-65.0
24,-69.6666666667
25,-66.1
26,-67.0
