frequency,pdr
11,-52.0
12,-58.4444444444
13,-64.2
14,-71.75
15,-67.0
16,-64.5
17,-65.4
18,-67.0
19,-55.0
20,-58.0
21,-55.9
22,-60.9
23,-65.0
24,-60.6666666667
25,-66.1
26,-66.9
