frequency,pdr
11,-58.0
12,-66.8888888889
13,-75.3
14,-65.2
15,-58.3
16,-58.3
17,-61.0
18,-64.8
19,-65.8
20,-81.8
21,-70.2
22,-69.8
23,-68.3333333333
24,-79.1111111111
25,-76.5
26,-65.7
