frequency,pdr
11,-62.7
12,-64.2222222222
13,-75.5555555556
14,-59.2
15,-55.1
16,-60.4
17,-56.7
18,-64.6
19,-66.4
20,-69.5
21,-62.8
22,-61.0
23,-59.5
24,-62.4
25,-71.1
26,-63.6
