frequency,pdr
11,-57.2
12,-67.4444444444
13,-67.1111111111
14,-61.5
15,-61.0
16,-69.7
17,-60.6
18,-67.0
19,-63.3
20,-73.8
21,-65.3
22,-65.6
23,-55.0
24,-63.4444444444
25,-61.4
26,-68.1111111111
