frequency,pdr
11,-66.6
12,-74.2222222222
13,-62.0
14,-62.7
15,-61.0
16,-60.5
17,-61.9
18,-61.0
19,-65.2
20,-61.9
21,-58.0
22,-64.0
23,-63.5
24,-67.1111111111
25,-62.2
26,-60.7
