frequency,pdr
11,-64.9
12,-61.4444444444
13,-66.6666666667
14,-75.1
15,-68.5
16,-59.4
17,-67.0
18,-62.8
19,-73.2
20,-67.0
21,-67.0
22,-64.4
23,-66.2
24,-61.0
25,-78.7
26,-61.0
