frequency,pdr
11,-56.2
12,-61.6666666667
13,-58.0
14,-61.0
15,-55.0
16,-55.0
17,-55.0
18,-58.0
19,-63.7
20,-75.3
21,-66.9
22,-74.7
23,-68.4444444444
24,-70.2222222222
25,-73.1
26,-62.8
