frequency,pdr
11,-70.6666666667
12,-56.7777777778
13,-61.6666666667
14,-58.0
15,-65.5
16,-57.6
17,-75.6
18,-76.6
19,-67.8
20,-63.2
21,-59.0
22,-64.9
23,-65.4
24,-63.6666666667
25,-59.5
26,-60.9
