frequency,pdr
11,-56.4
12,-55.6666666667
13,-56.6666666667
14,-59.6
15,-52.0
16,-55.0
17,-58.0
18,-66.4
19,-68.7
20,-57.3
21,-60.0
22,-65.0
23,-59.0
24,-62.7
25,-62.5
26,-68.8
