frequency,pdr
11,-49.8
12,-54.7777777778
13,-49.0
14,-52.9
15,-59.2
16,-62.4
17,-61.0
18,-57.4
19,-55.0
20,-61.0
21,-64.8
22,-57.5
23,-67.0
24,-60.6666666667
25,-61.0
26,-66.2
