frequency,pdr
11,-60.9
12,-73.4444444444
13,-54.3333333333
14,-69.5
15,-57.2
16,-66.9
17,-65.8
18,-59.2
19,-61.0
20,-64.5
21,-61.0
22,-57.2
23,-56.0
24,-65.6666666667
25,-60.8
26,-73.1
