frequency,pdr
11,-56.3
12,-68.4444444444
13,-65.3333333333
14,-70.5
15,-65.5
16,-64.0
17,-80.7
18,-64.0
19,-69.5
20,-73.0
21,-72.9
22,-61.0
23,-70.9
24,-60.5555555556
25,-67.0
26,-75.6
