frequency,pdr
11,-67.5
12,-64.0
13,-63.8888888889
14,-61.5
15,-66.0
16,-61.0
17,-63.2
18,-70.3
19,-65.5
20,-69.3
21,-67.0
22,-64.0
23,-65.0
24,-65.3333333333
25,-77.8
26,-67.0
