frequency,pdr
11,-58.1
12,-61.0
13,-58.2222222222
14,-67.1
15,-58.0
16,-58.3
17,-57.8
18,-67.1
19,-68.7
20,-68.5
21,-64.0
22,-66.9
23,-63.3
24,-67.6666666667
25,-61.0
26,-63.9
