frequency,pdr
11,-66.8
12,-64.0
13,-67.0
14,-65.2
15,-60.0
16,-55.0
17,-65.4
18,-76.3
19,-64.0
20,-72.5454545455
21,-63.9
22,-63.5
23,-66.8
24,-79.2222222222
25,-64.0
26,-60.6
