frequency,pdr
11,-67.8888888889
12,-71.3333333333
13,-74.8
14,-61.0
15,-82.2
16,-56.2
17,-57.1
18,-74.6
19,-58.4
20,-58.0
21,-52.0
22,-59.1
23,-68.3
24,-60.5555555556
25,-60.9
26,-67.9
