frequency,pdr
11,-54.9
12,-58.6
13,-65.3333333333
14,-64.7
15,-70.2
16,-64.0
17,-64.1
18,-64.5
19,-52.0
20,-52.0
21,-55.0
22,-62.4545454545
23,-55.0
24,-69.1
25,-61.0
26,-55.0
