frequency,pdr
11,-59.4
12,-66.3333333333
13,-58.0
14,-63.6
15,-53.8
16,-63.2
17,-53.0
18,-58.0
19,-55.9
20,-59.0
21,-63.9
22,-54.9
23,-61.9
24,-60.6666666667
25,-59.0
26,-62.9
