frequency,pdr
11,-74.5555555556
12,-70.9
13,-60.9
14,-68.9
15,-57.0
16,-57.1
17,-62.2
18,-61.0
19,-63.3
20,-55.8
21,-58.0
22,-63.8
23,-70.6666666667
24,-64.0
25,-60.6
26,-63.4
