frequency,pdr
11,-58.4
12,-69.0
13,-62.3333333333
14,-55.0
15,-66.4
16,-67.0
17,-67.9
18,-55.6
19,-58.0
20,-67.4
21,-64.6
22,-67.0
23,-63.9
24,-64.6666666667
25,-62.3
26,-65.0
