frequency,pdr
11,-61.3
12,-71.4444444444
13,-57.1111111111
14,-58.0
15,-72.7
16,-68.7
17,-55.5
18,-55.0
19,-67.0
20,-64.0
21,-66.9
22,-59.2
23,-55.0
24,-54.375
25,-60.0
26,-66.5
