frequency,pdr
11,-55.0
12,-56.6666666667
13,-62.0
14,-61.0
15,-76.7
16,-70.5
17,-64.0
18,-55.1
19,-64.4
20,-55.0
21,-60.8
22,-55.0
23,-58.6
24,-60.2222222222
25,-67.4
26,-60.0
