frequency,pdr
11,-57.8
12,-72.7777777778
13,-59.2222222222
14,-82.6666666667
15,-57.3
16,-59.1
17,-57.6
18,-61.0
19,-75.2
20,-67.0
21,-66.6
22,-58.0
23,-64.1
24,-73.0
25,-60.2
26,-60.7
