frequency,pdr
11,-69.5555555556
12,-58.0
13,-72.4444444444
14,-60.6
15,-69.6
16,-69.6
17,-67.7
18,-66.9
19,-73.9
20,-66.0
21,-58.0
22,-71.0
23,-69.6
24,-67.7
25,-61.0
26,-70.5555555556
