frequency,pdr
11,-60.8
12,-60.8
13,-54.9
14,-64.3
15,-57.9
16,-61.2
17,-59.6
18,-71.4
19,-69.3
20,-68.1818181818
21,-65.5
22,-61.1
23,-61.1
24,-60.7777777778
25,-67.0
26,-67.0
