frequency,pdr
11,-61.8
12,-61.1111111111
13,-66.4444444444
14,-58.5
15,-65.1
16,-60.0
17,-61.0
18,-64.0
19,-65.7
20,-74.3
21,-60.8
22,-64.0
23,-69.5
24,-58.3
25,-59.0
26,-57.4
