frequency,pdr
11,-49.7
12,-50.9
13,-54.8888888889
14,-60.0
15,-66.1
16,-52.0
17,-68.2
18,-62.5
19,-55.0
20,-49.0
21,-54.0
22,-55.0
23,-50.0
24,-52.3636363636
25,-55.0
26,-52.1
