frequency,pdr
11,-59.7777777778
12,-66.3333333333
13,-67.7777777778
14,-63.6
15,-67.0
16,-65.1
17,-65.9
18,-61.1
19,-69.6
20,-63.3
21,-62.8
22,-70.5
23,-67.0
24,-60.8888888889
25,-67.0
26,-70.4
