frequency,pdr
11,-61.4444444444
12,-69.2222222222
13,-60.9
14,-59.0
15,-65.5
16,-75.3
17,-61.0
18,-71.8
19,-71.3
20,-70.1
21,-65.7
22,-59.4
23,-65.4
24,-71.5
25,-72.1
26,-65.9
