frequency,pdr
11,-60.0
12,-53.7777777778
13,-62.7
14,-64.0
15,-67.8
16,-65.5
17,-61.1
18,-61.0
19,-66.0
20,-61.0
21,-62.3
22,-67.0
23,-59.9
24,-68.1111111111
25,-62.8
26,-63.4
