frequency,pdr
11,-59.7
12,-63.3333333333
13,-62.7
14,-58.0
15,-52.0
16,-58.5
17,-59.7
18,-61.0
19,-67.0
20,-68.0
21,-56.5
22,-64.1
23,-66.9
24,-61.7777777778
25,-67.0
26,-67.0
