frequency,pdr
11,-57.9
12,-63.2222222222
13,-60.7
14,-64.8
15,-60.2
16,-65.2
17,-61.5
18,-73.2
19,-55.2
20,-60.9
21,-72.4
22,-70.9
23,-65.6
24,-55.0
25,-71.4
26,-70.2222222222
