frequency,pdr
11,-58.1
12,-71.5555555556
13,-61.6
14,-61.6
15,-61.0
16,-58.0
17,-55.0
18,-58.6
19,-64.0
20,-68.5454545455
21,-67.5
22,-68.5
23,-60.0
24,-67.0
25,-64.0
26,-65.7
