frequency,pdr
11,-62.6666666667
12,-61.8
13,-63.6
14,-59.3
15,-66.1
16,-59.3
17,-60.1
18,-59.0
19,-54.3
20,-66.2
21,-67.5
22,-54.0
23,-54.8
24,-63.2222222222
25,-64.0
26,-59.4
