frequency,pdr
11,-59.9
12,-59.5
13,-55.0
14,-66.4
15,-63.9
16,-58.0
17,-62.1
18,-61.0
19,-70.0
20,-75.8333333333
21,-63.3
22,-60.6
23,-68.3
24,-67.0
25,-60.2
26,-78.8888888889
