frequency,pdr
11,-58.2
12,-55.0
13,-62.6
14,-64.0
15,-58.5
16,-61.6
17,-65.8
18,-61.0
19,-56.2
20,-60.5
21,-61.0
22,-66.9
23,-68.2222222222
24,-63.4444444444
25,-55.0
26,-55.0
