frequency,pdr
11,-66.3
12,-61.1
13,-66.8888888889
14,-58.0
15,-52.3
16,-54.2
17,-58.0
18,-58.0
19,-69.0
20,-67.8
21,-63.5
22,-65.9
23,-65.7
24,-64.2727272727
25,-61.0
26,-64.2
