frequency,pdr
11,-56.3
12,-58.0
13,-72.4444444444
14,-61.4
15,-68.7
16,-68.9
17,-73.0
18,-75.1
19,-64.7
20,-55.9
21,-59.3
22,-65.2
23,-57.4
24,-60.8888888889
25,-58.9
26,-69.6666666667
