frequency,pdr
11,-71.3333333333
12,-72.8888888889
13,-67.0
14,-62.4
15,-64.0
16,-55.0
17,-61.0
18,-56.7
19,-56.0
20,-58.0
21,-65.1
22,-63.1
23,-64.0
24,-64.0
25,-61.2
26,-58.1
