frequency,pdr
11,-70.1111111111
12,-58.2
13,-73.1111111111
14,-70.0
15,-79.0
16,-63.2
17,-61.0
18,-65.9
19,-68.1
20,-67.0
21,-67.6
22,-63.3
23,-70.1
24,-61.0
25,-77.0
26,-60.1
