frequency,pdr
11,-51.1
12,-55.0
13,-59.2
14,-59.4
15,-55.0
16,-52.0
17,-55.0
18,-51.1
19,-52.2
20,-68.4545454545
21,-61.9
22,-54.4
23,-54.9
24,-63.5555555556
25,-66.7
26,-61.0
