frequency,pdr
11,-90.0
12,-89.0
13,-83.9
14,-84.8
15,-89.2
16,-91.0
17,-89.0
18,-87.8571428571
19,-88.4285714286
20,-86.2
21,-86.1
22,-86.0
23,-85.3
24,-85.9
25,-88.0
26,-86.3
