frequency,pdr
11,-90.0
12,-88.2222222222
13,-86.0
14,-81.7
15,-79.0
16,-77.6
17,-77.5
18,-79.0
19,-81.4
20,-83.0
21,-82.2
22,-81.6666666667
23,-82.0
24,-83.9
25,-86.3
26,-89.9
