frequency,pdr
11,-89.6666666667
12,-89.1
13,-89.6
14,-89.0
15,-89.0
16,-89.5
17,-90.2
18,-90.875
19,-90.1
20,-89.1
21,-90.1111111111
23,-89.8333333333
24,-89.6
25,-90.0
26,-90.1
