frequency,pdr
11,-79.0
12,-81.0
13,-83.1428571429
14,-84.0
15,-83.5
16,-87.9
17,-91.0
18,-91.0
19,-86.4
20,-83.7
21,-82.1
22,-82.7
23,-83.1111111111
24,-85.0
25,-85.0
26,-85.9
