frequency,pdr
13,-89.2857142857
14,-88.5714285714
15,-89.0
16,-89.0
17,-88.9
18,-88.9
19,-89.1
20,-90.1
21,-91.0
23,-91.0
24,-91.0
25,-91.0
