frequency,pdr
11,13.8904899135
12,15.4178674352
13,15.446685879
14,17.3198847262
15,17.7809798271
16,16.5994236311
17,14.4956772334
18,16.1383285303
19,18.5878962536
20,15.9654178674
21,17.8674351585
22,11.2680115274
23,14.0922190202
24,17.492795389
25,18.3285302594
26,17.5792507205
