frequency,pdr
11,12.6801152738
12,13.3141210375
13,13.3429394813
14,13.9481268012
15,14.0057636888
16,13.4293948127
17,11.7002881844
18,11.9308357349
19,13.4005763689
20,13.5158501441
21,13.6023054755
22,9.51008645533
23,13.1988472622
24,12.8530259366
25,13.1988472622
26,13.1412103746
