frequency,pdr
11,12.8818443804
12,11.1239193084
13,12.1613832853
14,13.4293948127
15,13.976945245
16,13.7175792507
17,13.2564841499
18,11.8443804035
19,14.4956772334
20,12.8530259366
21,13.1412103746
22,9.62536023055
23,12.3054755043
24,13.7175792507
25,14.6685878963
26,14.2074927954
