frequency,pdr
11,17.6368876081
12,17.0028818444
13,17.6945244957
14,19.5389048991
15,20.4322766571
16,20.3458213256
17,20.1152737752
18,18.7896253602
19,20.6916426513
20,18.4149855908
21,16.2247838617
22,11.8731988473
23,16.4553314121
24,18.7608069164
25,20.8933717579
26,20.3746397695
