frequency,pdr
11,12.8530259366
12,14.0634005764
13,13.7463976945
14,14.3515850144
15,14.7262247839
16,14.2363112392
17,12.9106628242
18,13.0259365994
19,14.9567723343
20,14.1498559078
21,15.2161383285
22,10.144092219
23,14.2939481268
24,15.0144092219
25,14.5244956772
26,14.0345821326
