frequency,pdr
11,19.1066282421
12,20.0
13,16.8876080692
14,20.6051873199
15,20.9798270893
16,21.181556196
17,19.9423631124
18,19.9711815562
19,22.2478386167
20,20.7204610951
21,22.1037463977
22,18.0691642651
23,20.7780979827
24,22.2766570605
25,21.7002881844
26,21.2968299712
