frequency,pdr
11,9.74063400576
12,10.6051873199
13,10.4610951009
14,10.7492795389
15,10.9510086455
16,11.0374639769
17,8.76080691643
18,9.02017291066
19,11.2680115274
20,10.6916426513
21,11.7867435159
22,8.18443804035
23,11.2391930836
24,10.5475504323
25,9.88472622478
26,9.51008645533
