frequency,pdr
11,16.9452449568
12,18.0115273775
13,18.5014409222
14,19.3083573487
15,19.1642651297
16,18.4438040346
17,18.6167146974
18,17.5504322767
19,19.2795389049
20,17.8962536023
21,16.5417867435
22,9.88472622478
23,15.6484149856
24,17.8386167147
25,19.2795389049
26,18.6455331412
