frequency,pdr
11,11.5850144092
12,11.6714697406
13,13.0259365994
14,12.2766570605
15,14.0345821326
16,12.795389049
17,11.9308357349
18,11.7867435159
19,13.8040345821
20,12.3054755043
21,13.2564841499
22,8.24207492795
23,10.8933717579
24,14.7262247839
25,15.2161383285
26,14.2074927954
