frequency,pdr
11,14.0634005764
12,13.6023054755
13,13.1123919308
14,14.121037464
15,14.4380403458
16,14.553314121
17,12.3054755043
18,12.4207492795
19,15.7060518732
20,14.4380403458
21,15.878962536
22,10.4322766571
23,15.5331412104
24,15.9942363112
25,15.5331412104
26,15.3314121037
