frequency,pdr
11,10.4322766571
12,12.0461095101
13,12.6801152738
14,12.9106628242
15,12.795389049
16,12.3342939481
17,12.1902017291
18,11.0951008646
19,10.4610951009
20,10.0864553314
21,11.3832853026
22,8.01152737752
23,10.2593659942
24,12.7665706052
25,13.7175792507
26,13.1700288184
