frequency,pdr
11,8.38616714697
12,8.53025936599
13,8.50144092219
14,8.5878962536
15,9.48126801153
16,9.62536023055
17,8.27089337176
18,8.53025936599
19,9.91354466859
20,9.16426512968
21,10.0576368876
22,6.08069164265
23,9.94236311239
24,9.2795389049
25,9.16426512968
26,8.93371757925
