frequency,pdr
11,7.00288184438
12,6.34005763689
13,7.49279538905
14,6.62824207493
15,9.07780979827
16,9.36599423631
17,9.71181556196
18,8.81844380403
19,10.2593659942
20,9.10662824207
21,10.1729106628
22,5.87896253602
23,7.66570605187
24,8.35734870317
25,8.47262247839
26,8.21325648415
