frequency,pdr
11,12.2766570605
12,11.4121037464
13,10.7780979827
14,13.3717579251
15,13.2276657061
16,11.9020172911
17,11.8731988473
18,11.7291066282
19,12.939481268
20,11.5561959654
21,11.8443804035
22,9.16426512968
23,10.4899135447
24,11.613832853
25,12.939481268
26,12.795389049
