frequency,pdr
11,9.59654178674
12,9.48126801153
13,10.0576368876
14,10.5187319885
15,10.9510086455
16,10.9221902017
17,9.65417867435
18,9.53890489914
19,10.7492795389
20,9.51008645533
21,10.288184438
22,7.26224783862
23,9.71181556196
24,9.04899135447
25,8.84726224784
26,9.04899135447
