frequency,pdr
11,9.10662824207
12,8.61671469741
13,9.94236311239
14,11.2680115274
15,11.3832853026
16,11.181556196
17,11.0374639769
18,10.8645533141
19,11.9308357349
20,11.5850144092
21,11.7291066282
22,9.22190201729
23,11.9596541787
24,12.1325648415
25,12.0749279539
26,12.3342939481
