frequency,pdr
11,10.5187319885
12,11.8731988473
13,12.8530259366
14,14.8703170029
15,14.553314121
16,12.9106628242
17,12.4207492795
18,12.5936599424
19,13.5158501441
20,11.4409221902
21,12.0172910663
22,8.15561959654
23,11.5561959654
24,11.5561959654
25,12.7377521614
26,11.613832853
