frequency,pdr
11,10.2305475504
12,9.79827089337
13,9.82708933718
14,9.36599423631
15,10.2593659942
16,9.91354466859
17,9.94236311239
18,10.2305475504
19,10.8069164265
20,8.84726224784
21,9.91354466859
22,6.88760806916
23,8.32853025937
24,8.70317002882
25,9.48126801153
26,9.76945244957
