frequency,pdr
11,13.2564841499
12,15.446685879
13,16.1095100865
14,15.9077809798
15,16.8876080692
16,16.9452449568
17,17.0893371758
18,15.2449567723
19,17.7521613833
20,16.4841498559
21,14.9855907781
22,9.45244956772
23,11.8155619597
24,15.6484149856
25,17.3198847262
26,17.34870317
