frequency,pdr
11,8.50144092219
12,9.04899135447
13,10.2017291066
14,10.1152737752
15,10.6051873199
16,10.7204610951
17,10.8357348703
18,10.1729106628
19,11.757925072
20,10.0
21,9.74063400576
22,5.82132564841
23,8.87608069164
24,9.51008645533
25,9.36599423631
26,9.22190201729
