frequency,pdr
11,17.9827089337
12,17.204610951
13,16.023054755
14,18.3285302594
15,20.5763688761
16,20.5475504323
17,20.6051873199
18,18.6167146974
19,20.4034582133
20,19.2219020173
21,22.1902017291
22,17.6368876081
23,21.2968299712
24,21.7867435159
25,23.2564841499
26,20.9510086455
