frequency,pdr
11,17.6080691643
12,18.530259366
13,19.3659942363
14,21.4985590778
15,21.7867435159
16,20.5187319885
17,18.8472622478
18,18.9913544669
19,20.6051873199
20,19.4812680115
21,18.4438040346
22,11.3832853026
23,17.7809798271
24,20.0576368876
25,20.4034582133
26,20.1729106628
