frequency,pdr
11,5.47550432277
12,6.88760806916
13,7.23342939481
14,6.51296829971
15,8.96253602305
16,9.2507204611
17,8.44380403458
18,7.69452449568
19,8.81844380403
20,8.29971181556
21,9.45244956772
22,5.87896253602
23,7.63688760807
24,8.38616714697
25,8.5590778098
26,8.09798270893
