frequency,pdr
11,14.9279538905
12,15.878962536
13,15.3602305476
14,16.2824207493
15,18.242074928
16,18.1556195965
17,16.8587896254
18,16.2536023055
19,18.2997118156
20,17.8674351585
21,18.1844380403
22,12.1325648415
23,15.5043227666
24,17.4639769452
25,18.9913544669
26,17.9827089337
