frequency,pdr
11,12.8242074928
12,14.265129683
13,17.1469740634
14,16.0806916427
15,18.0403458213
16,15.734870317
17,13.7752161383
18,9.68299711816
19,16.4553314121
20,15.3890489914
21,16.8011527378
22,8.84726224784
23,13.1412103746
24,16.2536023055
25,18.674351585
26,16.9740634006
