frequency,pdr
11,10.1152737752
12,8.61671469741
13,9.91354466859
14,11.7291066282
15,11.5273775216
16,12.7665706052
17,12.0749279539
18,11.7867435159
19,12.9682997118
20,11.6426512968
21,12.2478386167
22,8.76080691643
23,11.5561959654
24,11.9020172911
25,12.9106628242
26,11.9308357349
