frequency,pdr
11,9.33717579251
12,11.469740634
13,12.4495677233
14,12.8818443804
15,12.8818443804
16,12.3342939481
17,12.4495677233
18,11.2391930836
19,13.6599423631
20,11.325648415
21,12.3342939481
22,8.18443804035
23,12.6801152738
24,13.7752161383
25,13.7752161383
26,12.9971181556
