frequency,pdr
11,17.060518732
12,16.8299711816
13,16.8587896254
14,18.0691642651
15,18.3285302594
16,17.4351585014
17,16.2824207493
18,15.4755043228
19,17.5504322767
20,15.7636887608
21,17.4351585014
22,12.0461095101
23,12.1613832853
24,16.3688760807
25,16.3976945245
26,15.2449567723
