frequency,pdr
11,8.21325648415
12,8.41498559078
13,9.91354466859
14,9.9711815562
15,10.0576368876
16,9.76945244957
17,9.42363112392
18,9.42363112392
19,9.65417867435
20,9.56772334294
21,9.13544668588
22,6.08069164265
23,7.31988472622
24,8.76080691643
25,8.81844380403
26,8.93371757925
