frequency,pdr
11,5.50432276657
12,5.67723342939
13,6.85878962536
14,7.75216138329
15,8.38616714697
16,8.35734870317
17,7.78097982709
18,7.57925072046
19,8.99135446686
20,7.66570605187
21,8.76080691643
22,4.58213256484
23,6.59942363112
24,7.92507204611
25,7.60806916427
26,7.52161383285
