frequency,pdr
11,6.51296829971
12,7.46397694524
13,7.29106628242
14,8.21325648415
15,8.64553314121
16,7.92507204611
17,7.1757925072
18,7.31988472622
19,7.8386167147
20,6.77233429395
21,7.69452449568
22,5.24495677233
23,7.34870317003
24,7.26224783862
25,7.78097982709
26,7.66570605187
