frequency,pdr
11,13.0547550432
12,13.6887608069
13,13.6599423631
14,12.9971181556
15,14.8414985591
16,13.7463976945
17,13.2564841499
18,12.3054755043
19,13.7175792507
20,13.5446685879
21,13.1123919308
22,11.0662824207
23,12.939481268
24,13.0547550432
25,14.3804034582
26,13.3717579251
