frequency,pdr
11,13.0259365994
12,13.4293948127
13,14.5244956772
14,16.2824207493
15,18.0979827089
16,17.0028818444
17,16.8299711816
18,17.4639769452
19,19.1930835735
20,16.916426513
21,19.4524495677
22,10.6628242075
23,15.4755043228
24,18.2997118156
25,18.386167147
26,17.204610951
