frequency,pdr
11,17.6368876081
12,16.8587896254
13,17.3775216138
14,18.674351585
15,20.6628242075
16,18.9337175793
17,17.4351585014
18,18.386167147
19,19.711815562
20,18.9048991354
21,17.6368876081
22,12.795389049
23,16.8299711816
24,18.1268011527
25,18.0691642651
26,18.0691642651
