frequency,pdr
11,7.89625360231
12,8.64553314121
13,8.29971181556
14,9.33717579251
15,10.1152737752
16,10.2593659942
17,9.22190201729
18,9.3083573487
19,10.4322766571
20,8.73198847262
21,10.0864553314
22,5.67723342939
23,8.47262247839
24,8.81844380403
25,8.78962536023
26,8.04034582133
