frequency,pdr
11,9.07780979827
12,8.53025936599
13,8.5878962536
14,9.02017291066
15,9.9711815562
16,9.56772334294
17,8.35734870317
18,9.33717579251
19,10.3746397695
20,8.38616714697
21,8.93371757925
22,7.20461095101
23,8.93371757925
24,9.22190201729
25,8.81844380403
26,8.81844380403
