frequency,pdr
11,10.2593659942
12,9.16426512968
13,10.8357348703
14,12.4495677233
15,13.6887608069
16,14.6109510086
17,13.6311239193
18,12.0172910663
19,14.265129683
20,12.65129683
21,14.1498559078
22,8.70317002882
23,13.5734870317
24,14.6397694524
25,13.8328530259
26,13.2853025937
