frequency,pdr
11,11.8155619597
12,12.0172910663
13,12.1613832853
14,13.6599423631
15,16.7435158501
16,16.5417867435
17,16.2536023055
18,15.6484149856
19,17.5216138329
20,14.9855907781
21,16.8587896254
22,11.3544668588
23,15.8213256484
24,17.204610951
25,17.5216138329
26,16.4841498559
