frequency,pdr
11,18.242074928
12,19.1642651297
13,18.5878962536
14,21.5850144092
15,23.4582132565
16,22.7665706052
17,22.2478386167
18,21.9308357349
19,23.8040345821
20,20.4034582133
21,19.855907781
22,13.2853025937
23,18.2997118156
24,18.2708933718
25,20.7492795389
26,20.6916426513
