frequency,pdr
11,13.7175792507
12,13.7175792507
13,13.8328530259
14,16.0518731988
15,17.2910662824
16,17.4351585014
17,16.7435158501
18,15.8213256484
19,20.7204610951
20,16.2824207493
21,15.8501440922
22,8.29971181556
23,16.023054755
24,18.6455331412
25,19.1930835735
26,16.9740634006
