frequency,pdr
11,12.2190201729
12,10.8645533141
13,11.2968299712
14,12.2766570605
15,13.083573487
16,12.7089337176
17,12.6224783862
18,11.0086455331
19,13.1412103746
20,11.1239193084
21,11.4409221902
22,8.81844380403
23,11.9884726225
24,12.0461095101
25,14.3227665706
26,12.6801152738
