frequency,pdr
11,8.5590778098
12,8.5878962536
13,9.10662824207
14,10.4034582133
15,11.0662824207
16,10.4899135447
17,9.94236311239
18,9.91354466859
19,10.6051873199
20,9.85590778098
21,9.76945244957
22,6.97406340058
23,8.04034582133
24,9.76945244957
25,8.99135446686
26,8.96253602305
