frequency,pdr
11,7.8674351585
12,7.23342939481
13,7.08933717579
14,8.04034582133
15,8.38616714697
16,8.67435158501
17,8.38616714697
18,8.44380403458
19,9.56772334294
20,8.84726224784
21,8.84726224784
22,6.05187319885
23,8.21325648415
24,8.93371757925
25,9.36599423631
26,9.53890489914
