frequency,pdr
11,13.1988472622
12,13.7175792507
13,14.121037464
14,12.0461095101
15,16.0518731988
16,16.1671469741
17,15.6772334294
18,14.5244956772
19,17.3775216138
20,15.734870317
21,17.2334293948
22,12.1037463977
23,16.8876080692
24,17.4351585014
25,17.2334293948
26,16.8299711816
