frequency,pdr
11,17.3198847262
12,17.4639769452
13,17.9827089337
14,19.3659942363
15,20.7204610951
16,20.2593659942
17,18.9913544669
18,17.7809798271
19,20.6340057637
20,18.242074928
21,18.4438040346
22,11.4409221902
23,15.4178674352
24,18.1268011527
25,19.2219020173
26,18.2997118156
