frequency,pdr
11,7.8386167147
12,7.37752161383
13,6.22478386167
14,8.44380403458
15,10.7780979827
16,10.9221902017
17,10.8069164265
18,9.85590778098
19,11.469740634
20,9.45244956772
21,11.757925072
22,7.1757925072
23,10.6051873199
24,9.91354466859
25,10.7780979827
26,9.42363112392
