frequency,pdr
11,21.757925072
12,23.3717579251
13,24.9567723343
14,25.5619596542
15,26.0518731988
16,25.3602305476
17,23.2564841499
18,23.6023054755
19,25.9942363112
20,24.7550432277
21,22.9106628242
22,15.8501440922
23,17.492795389
24,22.795389049
25,24.8126801153
26,24.3804034582
