frequency,pdr
11,12.8530259366
12,13.6887608069
13,14.9567723343
14,15.3314121037
15,16.2824207493
16,15.6195965418
17,12.5936599424
18,12.9682997118
19,14.9855907781
20,12.9971181556
21,14.553314121
22,9.07780979827
23,13.4005763689
24,14.6685878963
25,14.7550432277
26,14.0057636888
