frequency,pdr
11,11.0662824207
12,10.2305475504
13,10.4610951009
14,11.7291066282
15,12.5360230548
16,11.7291066282
17,11.6714697406
18,10.5763688761
19,12.795389049
20,12.2190201729
21,12.507204611
22,8.78962536023
23,12.795389049
24,12.65129683
25,12.8530259366
26,12.2766570605
