frequency,pdr
11,22.3342939481
12,22.0461095101
13,22.1613832853
14,23.9193083573
15,23.7463976945
16,21.2968299712
17,19.7982708934
18,20.5475504323
19,24.0922190202
20,21.7291066282
21,22.1325648415
22,14.6397694524
23,19.0201729107
24,22.1613832853
25,22.9106628242
26,23.6599423631
