frequency,pdr
11,10.144092219
12,10.7204610951
13,11.2391930836
14,13.9481268012
15,14.0345821326
16,12.8242074928
17,13.9193083573
18,10.6628242075
19,13.6887608069
20,11.6714697406
21,12.0749279539
22,7.23342939481
23,8.84726224784
24,12.3342939481
25,12.7089337176
26,11.9020172911
