frequency,pdr
11,7.55043227666
12,7.72334293948
13,8.73198847262
14,8.76080691643
15,9.36599423631
16,9.10662824207
17,8.5878962536
18,8.61671469741
19,9.53890489914
20,8.32853025937
21,8.5878962536
22,6.3976945245
23,8.27089337176
24,9.13544668588
25,9.62536023055
26,9.71181556196
