frequency,pdr
11,10.2305475504
12,9.94236311239
13,10.2305475504
14,10.4610951009
15,10.8933717579
16,10.5187319885
17,8.24207492795
18,7.8386167147
19,10.0288184438
20,9.22190201729
21,10.2593659942
22,6.62824207493
23,9.94236311239
24,9.59654178674
25,9.88472622478
26,10.0
