frequency,pdr
11,11.757925072
12,12.0749279539
13,12.507204611
14,12.8242074928
15,13.3141210375
16,13.7752161383
17,13.9481268012
18,12.7377521614
19,13.9481268012
20,12.1037463977
21,13.4870317003
22,9.10662824207
23,10.6628242075
24,13.083573487
25,13.8904899135
26,13.5446685879
