frequency,pdr
11,10.6340057637
12,9.82708933718
13,9.56772334294
14,12.6224783862
15,12.4783861671
16,11.8443804035
17,11.6426512968
18,11.3832853026
19,11.7867435159
20,11.4985590778
21,11.7291066282
22,8.41498559078
23,10.7204610951
24,10.3746397695
25,10.6340057637
26,10.5763688761
