frequency,pdr
11,13.083573487
12,12.6224783862
13,14.5821325648
14,14.2939481268
15,14.409221902
16,13.3141210375
17,11.6426512968
18,11.2968299712
19,14.5244956772
20,13.8616714697
21,14.3227665706
22,10.3170028818
23,13.2853025937
24,14.7262247839
25,14.8414985591
26,13.5446685879
