frequency,pdr
11,11.0374639769
12,11.613832853
13,12.5648414986
14,13.4293948127
15,13.7752161383
16,14.9567723343
17,14.2939481268
18,12.65129683
19,14.9279538905
20,13.5734870317
21,10.3746397695
22,5.734870317
23,10.7492795389
24,12.4495677233
25,13.4005763689
26,13.3141210375
