frequency,pdr
11,14.3227665706
12,12.6801152738
13,13.3429394813
14,15.5043227666
15,17.6080691643
16,17.4639769452
17,17.3198847262
18,15.5619596542
19,17.5504322767
20,16.7435158501
21,17.0893371758
22,12.5936599424
23,17.2622478386
24,17.4351585014
25,17.492795389
26,15.3890489914
