frequency,pdr
11,17.7521613833
12,18.6455331412
13,18.2708933718
14,19.6541786744
15,21.2391930836
16,19.7406340058
17,19.8270893372
18,20.0576368876
19,20.2305475504
20,20.3458213256
21,21.0374639769
22,16.4265129683
23,18.9048991354
24,20.1729106628
25,21.7002881844
26,19.7406340058
