frequency,pdr
11,12.1037463977
12,11.0951008646
13,11.325648415
14,15.9365994236
15,16.3112391931
16,16.4265129683
17,14.8414985591
18,14.6397694524
19,16.3112391931
20,12.8818443804
21,15.5619596542
22,10.1152737752
23,15.3314121037
24,15.446685879
25,15.590778098
26,15.1296829971
