frequency,pdr
11,7.98270893372
12,8.81844380403
13,9.10662824207
14,9.94236311239
15,10.1152737752
16,10.0
17,6.77233429395
18,8.38616714697
19,10.0
20,9.22190201729
21,9.68299711816
22,6.59942363112
23,9.68299711816
24,9.65417867435
25,9.56772334294
26,9.65417867435
