frequency,pdr
11,13.4005763689
12,13.5158501441
13,13.8904899135
14,14.5821325648
15,15.3602305476
16,14.553314121
17,13.7463976945
18,13.5734870317
19,14.409221902
20,12.3919308357
21,13.3429394813
22,10.2593659942
23,11.613832853
24,13.1700288184
25,13.6023054755
26,13.5446685879
