frequency,pdr
11,8.67435158501
12,9.68299711816
13,12.4783861671
14,10.5187319885
15,15.2737752161
16,15.1296829971
17,14.5244956772
18,12.9682997118
19,14.9567723343
20,12.6801152738
21,13.6311239193
22,8.78962536023
23,14.1786743516
24,14.6397694524
25,15.0144092219
26,13.6599423631
