frequency,pdr
11,18.3285302594
12,18.0979827089
13,17.492795389
14,19.1930835735
15,21.6714697406
16,20.6340057637
17,20.2017291066
18,19.2795389049
19,21.5273775216
20,20.0288184438
21,21.8443804035
22,17.0028818444
23,20.6340057637
24,21.757925072
25,21.5850144092
26,21.2968299712
