frequency,pdr
11,18.1556195965
12,19.4236311239
13,21.7002881844
14,21.9308357349
15,24.5244956772
16,22.4495677233
17,23.1700288184
18,22.795389049
19,25.446685879
20,20.4034582133
21,20.7204610951
22,14.2939481268
23,19.0489913545
24,20.8357348703
25,22.8242074928
26,21.7002881844
