frequency,pdr
11,8.64553314121
12,8.24207492795
13,9.65417867435
14,10.9221902017
15,11.2680115274
16,10.8645533141
17,10.3170028818
18,9.42363112392
19,12.507204611
20,10.3746397695
21,11.7291066282
22,8.04034582133
23,10.9798270893
24,11.469740634
25,10.8645533141
26,10.8933717579
