frequency,pdr
11,10.5475504323
12,11.9596541787
13,11.757925072
14,14.1498559078
15,16.2824207493
16,15.3025936599
17,15.590778098
18,13.5158501441
19,15.1296829971
20,12.0749279539
21,11.5561959654
22,7.98270893372
23,10.3458213256
24,12.3631123919
25,14.121037464
26,12.4783861671
