frequency,pdr
11,6.02305475504
12,6.97406340058
13,8.29971181556
14,8.76080691643
15,9.16426512968
16,9.3083573487
17,8.67435158501
18,8.81844380403
19,10.4899135447
20,9.07780979827
21,9.88472622478
22,5.38904899135
23,8.53025936599
24,8.84726224784
25,8.90489913545
26,8.67435158501
