frequency,pdr
11,12.8818443804
12,13.083573487
13,13.5446685879
14,13.6311239193
15,14.0634005764
16,13.083573487
17,12.5360230548
18,12.0172910663
19,14.5821325648
20,13.4582132565
21,11.2103746398
22,5.7060518732
23,9.13544668588
24,10.7492795389
25,12.1613832853
26,11.2391930836
