frequency,pdr
11,11.2680115274
12,11.181556196
13,12.3054755043
14,14.3804034582
15,15.878962536
16,15.2737752161
17,14.0057636888
18,14.4956772334
19,15.5043227666
20,14.265129683
21,15.0432276657
22,9.39481268012
23,13.5446685879
24,15.8501440922
25,15.446685879
26,14.409221902
