frequency,pdr
11,13.2853025937
12,14.6685878963
13,12.2190201729
14,15.1296829971
15,15.7636887608
16,15.7636887608
17,14.9855907781
18,15.878962536
19,16.3112391931
20,16.2536023055
21,16.4553314121
22,13.6599423631
23,15.9077809798
24,16.916426513
25,17.1181556196
26,16.6570605187
