frequency,pdr
11,9.88472622478
12,10.6340057637
13,11.613832853
14,11.757925072
15,11.757925072
16,11.9596541787
17,11.9308357349
18,12.3342939481
19,13.9481268012
20,12.3631123919
21,9.71181556196
22,6.02305475504
23,9.2795389049
24,9.76945244957
25,11.8155619597
26,11.1239193084
