frequency,pdr
11,9.04899135447
12,10.9510086455
13,9.2795389049
14,11.8155619597
15,13.4293948127
16,13.3429394813
17,12.5648414986
18,11.613832853
19,13.7463976945
20,12.5648414986
21,14.5821325648
22,9.39481268012
23,12.7089337176
24,13.6311239193
25,13.083573487
26,11.181556196
