frequency,pdr
11,10.9221902017
12,11.8731988473
13,12.1613832853
14,14.5244956772
15,14.4668587896
16,13.6311239193
17,12.7089337176
18,12.65129683
19,13.976945245
20,11.469740634
21,11.9884726225
22,8.32853025937
23,11.6714697406
24,10.7204610951
25,11.7002881844
26,11.9884726225
