frequency,pdr
11,14.4380403458
12,14.3227665706
13,14.6974063401
14,15.7636887608
15,15.8501440922
16,15.4178674352
17,15.1585014409
18,14.9855907781
19,16.0518731988
20,14.553314121
21,15.6772334294
22,10.7780979827
23,14.9567723343
24,15.0720461095
25,15.3890489914
26,15.5331412104
