frequency,pdr
11,12.9682997118
12,12.9682997118
13,13.4582132565
14,14.2939481268
15,15.1873198847
16,14.8991354467
17,10.8357348703
18,11.8155619597
19,14.2939481268
20,13.7463976945
21,13.6887608069
22,7.69452449568
23,10.9798270893
24,13.4870317003
25,13.2276657061
26,12.65129683
