frequency,pdr
11,9.59654178674
12,8.50144092219
13,13.6311239193
14,12.9971181556
15,15.3602305476
16,14.6685878963
17,14.4380403458
18,14.409221902
19,16.3976945245
20,14.8991354467
21,16.5129682997
22,11.8155619597
23,16.3688760807
24,16.5994236311
25,15.9365994236
26,15.7925072046
