frequency,pdr
11,12.5360230548
12,11.9308357349
13,12.6224783862
14,13.4293948127
15,13.4005763689
16,13.4005763689
17,13.1988472622
18,11.9596541787
19,13.7175792507
20,12.5936599424
21,14.2363112392
22,9.51008645533
23,13.7175792507
24,13.5158501441
25,12.7089337176
26,11.9020172911
