frequency,pdr
11,16.5129682997
12,17.8386167147
13,18.4438040346
14,20.0
15,20.8357348703
16,20.0576368876
17,19.4236311239
18,17.6080691643
19,19.8847262248
20,17.7233429395
21,17.0893371758
22,11.4985590778
23,16.5994236311
24,16.7146974063
25,18.530259366
26,17.4639769452
