frequency,pdr
11,-85.0
12,-83.1
13,-82.0
14,-81.9
15,-82.0
16,-82.9
17,-84.6666666667
18,-86.0
19,-86.0
20,-85.8
21,-84.9
22,-84.7142857143
23,-85.5454545455
24,-85.8
25,-86.0
26,-86.8
