frequency,pdr
11,-89.1
12,-88.8
13,-87.9
14,-86.9
15,-87.5
16,-88.6666666667
17,-89.6666666667
18,-90.0
19,-90.875
20,-91.0
21,-91.0
