frequency,pdr
11,-91.0
12,-90.2
13,-88.1111111111
14,-89.0
15,-87.6
16,-86.5
17,-87.3
18,-90.2
19,-91.0
20,-91.0
21,-90.625
22,-87.2
23,-87.8888888889
24,-86.0
25,-85.9
26,-86.0
