frequency,pdr
11,-76.0
12,-77.0
13,-78.0
14,-77.7
15,-79.0
16,-79.0
17,-78.9
18,-77.3
19,-76.9
20,-77.9
21,-78.0
22,-77.2222222222
23,-77.6666666667
24,-79.0
25,-79.0
26,-78.0
