frequency,pdr
11,-90.2222222222
12,-85.7
13,-84.0
14,-82.4
15,-83.0
16,-84.1
17,-82.1
18,-82.0
19,-82.0
20,-82.0
21,-82.0
22,-81.8
23,-81.8888888889
24,-81.4
25,-82.0
26,-85.0
