frequency,pdr
11,-85.0
12,-84.5
13,-85.0
14,-86.7
15,-86.6
16,-85.5
17,-86.1
18,-86.8
19,-87.6
20,-89.1
21,-90.5555555556
22,-89.6
23,-90.8888888889
24,-91.0
25,-91.0
26,-91.0
