frequency,pdr
12,-90.6666666667
13,-89.4285714286
14,-88.8
15,-88.9
16,-89.3333333333
17,-89.1
18,-89.7142857143
19,-90.7777777778
20,-91.0
23,-91.0
