frequency,pdr
11,-90.1111111111
12,-91.0
13,-90.1
14,-90.0
15,-91.0
16,-91.0
17,-91.0
18,-89.0
19,-88.0
20,-88.2
21,-88.625
22,-87.3333333333
23,-91.0
24,-91.0
26,-91.0
