frequency,pdr
11,-70.0
12,-70.6
13,-73.0
14,-74.2
15,-73.0
16,-73.0
17,-73.0
18,-75.0
19,-76.6
20,-79.0
21,-85.7777777778
23,-87.1111111111
24,-81.3
25,-79.0
26,-79.0
