frequency,pdr
11,-88.8333333333
12,-89.5714285714
13,-90.8333333333
14,-91.0
15,-90.0
16,-90.1111111111
17,-91.0
18,-91.0
19,-91.0
24,-91.0
25,-91.0
26,-91.0
