frequency,pdr
11,-49.0
12,-48.8888888889
13,-57.8888888889
14,-52.3
15,-57.0
16,-56.1
17,-49.0
18,-47.9
19,-55.0
20,-46.0
21,-47.9090909091
22,-47.7
23,-51.5
24,-51.9
25,-49.7
26,-43.1
