frequency,pdr
11,-56.8888888889
12,-55.0
13,-49.1111111111
14,-48.3
15,-52.8
16,-55.0
17,-61.5
18,-49.0
19,-47.1
20,-47.0
21,-46.0
22,-58.0
23,-50.6
24,-58.7
25,-58.8
26,-52.8
