frequency,pdr
11,-63.0
12,-58.3333333333
13,-64.8888888889
14,-70.0
15,-64.0
16,-72.0
17,-75.4
18,-61.0
19,-61.0
20,-63.7
21,-65.1
22,-71.6363636364
23,-62.8
24,-74.2
25,-61.0
26,-61.0
