frequency,pdr
11,-48.8
12,-56.7777777778
13,-63.2222222222
14,-60.8
15,-55.0
16,-52.0
17,-53.2
18,-61.1
19,-58.0
20,-61.1
21,-57.3
22,-58.2
23,-46.4
24,-51.0
25,-60.8
26,-65.4
