frequency,pdr
11,-53.7777777778
12,-52.0
13,-52.7777777778
14,-50.8
15,-52.3
16,-54.9
17,-54.0
18,-61.5
19,-52.0
20,-52.0
21,-61.4
22,-63.9
23,-64.0
24,-52.0
25,-54.5
26,-54.5
