frequency,pdr
11,-50.6363636364
12,-57.0
13,-59.6666666667
14,-54.9
15,-58.0
16,-60.9
17,-49.0
18,-56.9
19,-50.0
20,-51.3
21,-56.3
22,-52.0
23,-46.8
24,-50.9
25,-52.0
26,-61.0
