frequency,pdr
11,-52.0
12,-58.1111111111
13,-63.2222222222
14,-55.8
15,-55.0
16,-57.2
17,-55.0
18,-76.7
19,-53.6
20,-60.0
21,-60.0
22,-55.0
23,-52.0
24,-49.0
25,-58.7
26,-70.1
