frequency,pdr
11,-65.8888888889
12,-63.3333333333
13,-77.3
14,-67.6
15,-64.6
16,-71.5
17,-70.2
18,-62.0
19,-66.4
20,-66.1
21,-64.0
22,-64.0
23,-55.0
24,-55.2
25,-70.0
26,-63.5
