frequency,pdr
11,-55.0
12,-71.6666666667
13,-67.1111111111
14,-66.2
15,-62.3
16,-58.3
17,-64.0
18,-62.2
19,-55.0
20,-52.0
21,-63.7
22,-59.4
23,-63.4
24,-61.0
25,-61.0
26,-64.2
