frequency,pdr
11,-61.0
12,-67.3333333333
13,-60.5555555556
14,-58.0
15,-62.1
16,-66.5
17,-67.0
18,-64.0
19,-66.9
20,-68.4
21,-66.6
22,-63.4
23,-69.0
24,-64.0
25,-67.8
26,-64.0
