frequency,pdr
11,-77.6666666667
12,-64.6
13,-56.6666666667
14,-57.3
15,-59.2
16,-68.6
17,-55.0
18,-55.0
19,-56.0
20,-55.0
21,-59.2
22,-54.0
23,-57.4
24,-60.3
25,-68.6
26,-63.1
