frequency,pdr
11,-67.5555555556
12,-58.0
13,-71.6666666667
14,-60.9
15,-61.0
16,-59.0
17,-67.6
18,-77.8
19,-66.3
20,-78.0
21,-70.0
22,-67.0
23,-64.4
24,-65.1
25,-82.2
26,-69.0
