frequency,pdr
11,-53.2
12,-54.8888888889
13,-57.3333333333
14,-55.4
15,-49.0
16,-61.7
17,-53.5
18,-56.3
19,-53.6
20,-55.0
21,-62.0
22,-54.1
23,-55.5
24,-52.0
25,-54.4
26,-51.4
