frequency,pdr
11,-55.4
12,-58.3333333333
13,-61.7777777778
14,-48.2
15,-52.0
16,-51.1
17,-58.0
18,-65.4
19,-51.8
20,-54.1
21,-52.7
22,-47.1
23,-57.8
24,-66.6
25,-64.7
26,-63.1
