frequency,pdr
11,-61.1111111111
12,-71.3333333333
13,-67.7
14,-66.4
15,-60.9
16,-62.1
17,-56.4
18,-66.1
19,-63.8
20,-73.6
21,-60.3
22,-64.4
23,-73.1428571429
24,-61.1
25,-70.6
26,-63.2
