frequency,pdr
11,-70.1
12,-59.6666666667
13,-65.4444444444
14,-59.5
15,-70.0
16,-65.2
17,-61.3
18,-83.4
19,-62.1
20,-58.0
21,-61.0
22,-57.2
23,-56.3
24,-67.6
25,-67.0
26,-64.0
