frequency,pdr
11,-61.0
12,-61.7777777778
13,-55.0
14,-60.7
15,-60.1
16,-62.7
17,-61.0
18,-59.3
19,-61.0
20,-55.0
21,-63.4
22,-59.0
23,-74.3333333333
24,-59.3
25,-58.0
26,-64.0
