frequency,pdr
11,-62.3
12,-57.1111111111
13,-56.3333333333
14,-60.1
15,-60.9
16,-49.5454545455
17,-54.1
18,-54.1
19,-48.6
20,-49.0
21,-55.0
22,-53.9
23,-52.1
24,-51.1
25,-49.0
26,-49.3
