frequency,pdr
11,-67.9
12,-58.1111111111
13,-67.1111111111
14,-66.0
15,-61.8
16,-68.0
17,-58.0
18,-56.6
19,-63.3
20,-63.2
21,-67.0
22,-61.0
23,-61.2
24,-66.5
25,-69.7
26,-61.0
