frequency,pdr
11,-57.8
12,-52.4444444444
13,-60.1111111111
14,-61.9
15,-63.2
16,-52.0
17,-53.4
18,-55.0
19,-54.8
20,-55.0
21,-55.0
22,-55.0
23,-58.1
24,-70.8
25,-58.0
26,-64.4
