frequency,pdr
11,-48.0
12,-49.0
13,-50.8
14,-43.3
15,-43.0
16,-46.0
17,-40.0
18,-43.0
19,-49.6
20,-43.1
21,-42.0
22,-47.5454545455
23,-49.3
24,-52.0
25,-69.6
26,-62.2727272727
