frequency,pdr
11,-71.2222222222
12,-60.5555555556
13,-66.7
14,-72.4
15,-70.1
16,-60.0
17,-58.0
18,-70.2
19,-73.9
20,-64.0
21,-78.3
22,-61.0
23,-66.4
24,-64.0
25,-72.3
26,-70.7
