frequency,pdr
11,-78.8
12,-73.3333333333
13,-70.0
14,-68.6
15,-67.7
16,-69.8888888889
17,-70.0
18,-71.375
19,-72.9
20,-73.0
21,-75.8
22,-77.8
23,-78.0
24,-78.9
25,-79.0
26,-79.0
