frequency,pdr
11,-85.4545454545
12,-84.6666666667
13,-84.0
14,-84.875
15,-85.1
16,-91.0
17,-88.875
18,-89.0
19,-88.0
20,-85.9
21,-90.2222222222
23,-91.0
24,-89.4
25,-85.5
26,-89.2
