frequency,pdr
12,-90.2
13,-89.1111111111
14,-88.1
15,-87.6
16,-87.7
17,-88.0
18,-88.7142857143
19,-89.0
20,-88.8
21,-88.8
23,-88.8571428571
24,-89.0
25,-88.9
26,-89.1
