frequency,pdr
11,-89.8333333333
12,-90.625
13,-90.8333333333
14,-91.0
15,-91.0
16,-91.0
17,-90.5
18,-90.0
19,-91.0
20,-90.0
21,-91.0
23,-91.0
