frequency,pdr
11,-89.2857142857
12,-84.3
13,-82.0
14,-81.6
15,-82.0
16,-82.0
17,-81.4
18,-80.1
19,-80.1
20,-80.5
21,-80.3
22,-80.125
23,-79.1111111111
24,-79.1
25,-80.5
26,-83.0
