frequency,pdr
11,-84.9
12,-84.8
13,-83.2
14,-82.0
15,-81.9
16,-81.0
17,-82.0
18,-83.0
19,-83.7
20,-83.0
21,-84.1111111111
22,-84.8888888889
23,-86.0
24,-87.0
25,-89.0
26,-90.8
