frequency,pdr
11,-90.1111111111
12,-90.875
13,-91.0
14,-91.0
15,-91.0
16,-91.0
17,-90.9090909091
18,-90.9
19,-91.0
20,-91.0
21,-91.0
23,-91.0
24,-91.0
25,-91.0
26,-91.0
