frequency,pdr
11,-79.0
12,-76.6
13,-76.0
14,-75.0
15,-74.9
16,-75.7
17,-75.9
18,-76.0
19,-78.0
20,-79.5
21,-83.7777777778
22,-84.6666666667
23,-84.0
24,-82.0
25,-83.8
26,-84.0
