frequency,pdr
12,-88.2222222222
13,-85.3
14,-83.9
15,-83.0
16,-82.0
17,-80.3
18,-79.0
19,-79.0
20,-79.0
21,-79.0
22,-77.375
23,-76.8888888889
24,-77.7
25,-78.2
26,-79.0
