frequency,pdr
11,-80.1
12,-82.0
13,-82.0
14,-82.4
15,-83.2
16,-84.0
17,-82.2
18,-82.0
19,-82.9
20,-84.0
21,-85.0
22,-85.8888888889
23,-89.1111111111
24,-91.0
25,-91.0
