frequency,pdr
11,-90.0
12,-91.0
13,-90.4
14,-90.0
15,-89.2
16,-89.9
17,-89.0
18,-86.5
19,-85.9
20,-85.0
21,-82.0
22,-81.7777777778
23,-81.7777777778
24,-82.0
25,-82.2
26,-82.0
