frequency,pdr
11,-79.0
12,-79.0
13,-79.0
14,-79.7
15,-84.6
16,-91.0
17,-82.8571428571
18,-82.8333333333
19,-82.0
20,-83.5
21,-89.2222222222
23,-91.0
24,-89.0
25,-86.9
26,-88.1
