frequency,pdr
11,-79.7
12,-84.8888888889
13,-80.1
14,-79.0
15,-79.0
16,-79.0
17,-80.0909090909
18,-81.3
19,-79.0
20,-79.0
21,-79.0
22,-79.1
23,-81.0
24,-80.9
25,-79.9
26,-79.0
