frequency,pdr
11,-78.9
12,-79.0
13,-79.7142857143
14,-85.0
15,-84.6
16,-82.3
17,-82.1428571429
18,-81.2857142857
19,-79.1
20,-79.6
21,-80.0
22,-79.625
23,-81.8888888889
24,-81.375
25,-82.0
26,-83.3
