frequency,pdr
11,-85.2
12,-90.3333333333
14,-91.0
15,-91.0
16,-91.0
17,-91.0
18,-90.8571428571
19,-86.1
20,-84.9
21,-85.0
22,-84.8333333333
23,-84.625
24,-85.0
25,-85.1
26,-84.5
