frequency,pdr
11,-67.0
12,-69.7
13,-72.9
14,-77.0
15,-79.0
16,-79.0
17,-79.0
18,-81.0
19,-79.1
20,-80.6
21,-81.9
22,-84.8571428571
23,-82.7777777778
24,-79.0
25,-76.4
26,-76.0
