frequency,pdr
11,-78.5
12,-78.4
13,-77.5
14,-77.4
15,-79.0
16,-79.4
17,-79.9
18,-80.4444444444
19,-80.0
20,-81.9
21,-84.1111111111
22,-83.0
23,-83.125
24,-82.0
25,-82.0
26,-85.0
