frequency,pdr
11,-86.875
12,-89.3333333333
13,-89.0
14,-84.8571428571
15,-84.5
16,-87.0
17,-86.9
18,-82.125
19,-82.2
20,-82.7
21,-83.6666666667
22,-85.0
23,-88.5714285714
24,-89.5555555556
25,-86.9
26,-84.6
