frequency,pdr
11,-89.125
12,-88.7142857143
13,-90.6666666667
15,-91.0
16,-86.0
17,-87.375
18,-89.2857142857
20,-90.9
21,-89.8888888889
22,-87.8333333333
23,-89.5
24,-89.0
25,-90.7
26,-89.9
