frequency,pdr
11,-90.1111111111
12,-89.25
13,-91.0
14,-89.625
15,-91.0
17,-91.0
18,-91.0
19,-91.0
20,-90.8888888889
21,-91.0
22,-91.0
23,-91.0
26,-91.0
