frequency,pdr
11,-89.125
12,-89.7142857143
13,-85.4444444444
14,-82.8
15,-83.5
16,-84.9
17,-85.8888888889
18,-87.875
19,-90.4
20,-91.0
22,-91.0
23,-91.0
24,-91.0
25,-91.0
26,-91.0
