frequency,pdr
11,-90.1428571429
12,-90.1111111111
13,-87.75
14,-88.5
15,-88.0
16,-90.0
17,-89.6
18,-87.2
19,-87.0
20,-85.8
21,-85.0
22,-86.8
23,-91.0
24,-91.0
25,-91.0
26,-91.0
