frequency,pdr
11,-90.0
12,-86.1111111111
13,-83.75
14,-82.5
15,-82.0
16,-83.0
17,-85.7
18,-88.0
19,-91.0
20,-89.4
21,-89.3
22,-88.8888888889
23,-89.3333333333
24,-87.2
25,-85.0
26,-84.9
