frequency,pdr
11,-67.0
12,-67.0
13,-71.6666666667
14,-76.0
15,-79.0
16,-77.4
17,-76.1
18,-79.0
19,-78.2
20,-77.0
21,-78.0
22,-79.0
23,-81.9
24,-91.0
25,-87.8
26,-81.6363636364
