frequency,pdr
11,-85.4
12,-87.0
13,-90.125
14,-91.0
15,-91.0
16,-90.8888888889
17,-91.0
18,-91.0
19,-91.0
20,-91.0
21,-90.7777777778
23,-91.0
24,-91.0
25,-91.0
26,-91.0
