frequency,pdr
11,-80.7777777778
12,-80.3333333333
13,-79.0
14,-79.0
15,-81.2
16,-88.4
17,-90.2
18,-88.0
19,-87.0
20,-84.7
21,-81.8
22,-80.0
23,-79.7
24,-81.1
25,-83.0
26,-85.8
