frequency,pdr
11,-75.6666666667
12,-73.2222222222
13,-73.6666666667
14,-74.6
15,-75.3
16,-76.0
17,-77.0
18,-76.5
19,-77.3
20,-78.2
21,-79.6
22,-79.6
23,-78.9
24,-78.5
25,-77.4
26,-77.6
