frequency,pdr
11,-87.5555555556
12,-85.8888888889
13,-90.8571428571
15,-91.0
16,-91.0
17,-91.0
18,-91.0
19,-91.0
20,-91.0
21,-90.6
22,-84.7777777778
23,-82.8
24,-82.0
25,-82.0
26,-82.0
