frequency,pdr
11,-78.8
12,-79.0
13,-81.4444444444
14,-86.0
15,-89.2
16,-88.0
17,-84.0
18,-82.1428571429
19,-83.2
20,-79.1
21,-79.0
22,-78.0
23,-76.0
24,-75.6
25,-76.0
26,-76.1
