frequency,pdr
11,-84.3333333333
12,-83.1111111111
13,-88.4444444444
14,-86.875
15,-86.0
16,-86.8
17,-88.1
18,-87.9
19,-88.1
20,-87.0
21,-86.0
22,-85.0
23,-82.7
24,-82.4
25,-87.5
26,-91.0
