frequency,pdr
11,-87.0
12,-86.375
13,-88.1111111111
14,-85.7777777778
15,-87.0
16,-88.1
17,-91.0
18,-91.0
19,-91.0
20,-91.0
21,-91.0
22,-91.0
23,-91.0
24,-91.0
25,-91.0
