frequency,pdr
11,-77.9
12,-80.375
13,-81.8888888889
14,-85.9
15,-86.1
16,-82.7
17,-82.5555555556
18,-82.1428571429
19,-82.3
20,-82.0
21,-82.0
22,-82.9
23,-86.9
24,-88.0
25,-86.3
26,-83.3
