frequency,pdr
11,-82.3333333333
12,-81.875
13,-81.5
14,-83.2
15,-87.8
16,-90.8888888889
17,-90.7777777778
18,-91.0
19,-90.1111111111
20,-86.2
21,-85.0
22,-84.375
23,-86.5
24,-89.9
25,-91.0
26,-90.8
