frequency,pdr
11,-91.0
12,-91.0
13,-86.2222222222
14,-88.7
15,-89.5
16,-89.875
17,-91.0
18,-91.0
19,-91.0
20,-89.9
21,-88.3333333333
22,-89.75
23,-90.375
24,-89.0
25,-90.0
26,-89.8
