frequency,pdr
11,-89.625
12,-88.5555555556
13,-88.0
14,-90.875
15,-89.0
16,-87.0
17,-87.6666666667
18,-90.0
19,-89.0
20,-90.8888888889
21,-90.4
22,-88.4
23,-90.8571428571
24,-90.3333333333
25,-91.0
26,-90.0
