frequency,pdr
11,-83.1
12,-86.0
13,-88.6666666667
14,-91.0
15,-89.4
16,-89.7777777778
17,-91.0
18,-90.0
19,-90.8
20,-90.2
21,-91.0
22,-90.4
23,-90.4285714286
24,-88.6
25,-87.8
26,-85.3
