frequency,pdr
11,-91.0
12,-91.0
13,-91.0
14,-91.0
15,-91.0
16,-90.5
17,-89.0
18,-87.6666666667
19,-85.5
20,-82.8
21,-82.0
22,-83.625
23,-85.5555555556
24,-85.0
25,-84.9
26,-88.3333333333
