frequency,pdr
11,-91.0
12,-91.0
13,-91.0
14,-88.875
15,-86.6
16,-85.7
17,-85.0
18,-87.1428571429
19,-90.1
20,-90.5
21,-87.3333333333
22,-84.5
23,-84.9
24,-85.0
25,-86.8
26,-89.0
