frequency,pdr
11,-88.0
12,-83.25
13,-86.0
14,-88.8
15,-85.0
16,-83.0
17,-82.2222222222
18,-81.8888888889
19,-81.4
20,-82.0
21,-84.9
22,-86.6666666667
23,-88.0
24,-85.4545454545
25,-85.0
26,-85.0
