frequency,pdr
11,-88.9
12,-89.8
13,-90.0
14,-90.0
15,-89.8
16,-90.3
17,-90.8888888889
18,-90.4
19,-88.8
20,-86.7
21,-86.5555555556
23,-89.5555555556
24,-90.0
25,-90.0
26,-90.8
