frequency,pdr
11,-90.6666666667
12,-90.8888888889
13,-91.0
14,-89.8
15,-89.6
16,-89.9
17,-89.7
18,-90.2
19,-91.0
20,-91.0
21,-91.0
23,-91.0
24,-91.0
25,-91.0
26,-91.0
