frequency,pdr
11,-59.6
12,-59.1111111111
13,-61.0
14,-52.0
15,-61.4444444444
16,-55.0
17,-58.0
18,-49.0
19,-52.0
20,-54.2
21,-66.3
22,-53.8
23,-56.0
24,-53.6
25,-58.0
26,-59.1
