frequency,pdr
11,-54.2222222222
12,-56.1111111111
13,-52.0
14,-60.9
15,-55.0
16,-57.4
17,-62.1
18,-55.0
19,-52.0
20,-57.6
21,-58.0
22,-52.0
23,-52.0
24,-51.6
25,-54.8
26,-63.5
