frequency,pdr
11,-55.0
12,-59.7777777778
13,-62.2
14,-58.0
15,-55.0
16,-60.4545454545
17,-76.4
18,-65.3
19,-76.6
20,-65.2
21,-59.8
22,-71.4
23,-61.4
24,-66.7
25,-62.2
26,-58.0
