frequency,pdr
11,-55.1
12,-62.8888888889
13,-55.1
14,-52.4
15,-53.7777777778
16,-57.3
17,-48.9
18,-49.0
19,-55.2
20,-52.0
21,-45.4
22,-50.8
23,-57.8
24,-58.0
25,-51.9
26,-55.0
