frequency,pdr
11,-53.5
12,-51.9
13,-59.8
14,-53.2
15,-60.2222222222
16,-55.0
17,-54.0
18,-60.3
19,-49.0
20,-49.0
21,-64.6666666667
22,-51.8
23,-54.3
24,-49.0
25,-51.6
26,-55.3
