frequency,pdr
11,-60.8
12,-61.6666666667
13,-59.5
14,-55.0
15,-59.3333333333
16,-58.0
17,-65.2
18,-60.1
19,-59.1
20,-57.9
21,-55.6
22,-67.9
23,-63.9
24,-59.1
25,-68.0
26,-67.4
