frequency,pdr
11,-47.3
12,-57.8888888889
13,-55.0
14,-60.7
15,-54.6666666667
16,-47.7
17,-50.9
18,-66.4
19,-55.0
20,-55.1
21,-59.3
22,-49.0
23,-57.5
24,-64.0
25,-52.0
26,-66.4
