frequency,pdr
11,-49.0
12,-61.8888888889
13,-54.0
14,-46.0
15,-57.8888888889
16,-52.0
17,-47.5
18,-46.0
19,-51.3
20,-51.0
21,-44.0
22,-48.3
23,-55.0
24,-47.0
25,-46.0
26,-46.0
