frequency,pdr
11,-49.0
12,-52.4444444444
13,-47.0
14,-53.9
15,-57.3333333333
16,-56.3
17,-50.0
18,-46.0
19,-46.0
20,-49.9
21,-47.2
22,-49.6
23,-52.0
24,-50.1
25,-52.4
26,-52.6
