frequency,pdr
11,-62.5555555556
12,-66.5555555556
13,-58.0
14,-63.4
15,-73.5555555556
16,-67.1
17,-60.8
18,-61.0
19,-64.4
20,-65.7
21,-61.9
22,-69.0
23,-62.3
24,-57.2
25,-61.0
26,-66.4
