frequency,pdr
11,-68.5555555556
12,-62.4444444444
13,-55.0
14,-65.4
15,-51.2
16,-55.0
17,-48.9
18,-49.0
19,-62.1
20,-58.8
21,-52.0
22,-53.9
23,-69.6
24,-59.4
25,-57.4
26,-52.0
