frequency,pdr
11,-61.8
12,-73.6666666667
13,-63.4
14,-75.2222222222
15,-69.4444444444
16,-64.0
17,-66.7
18,-73.3
19,-70.2
20,-68.6
21,-58.0
22,-66.9
23,-66.9
24,-70.9
25,-63.8
26,-72.4
