frequency,pdr
11,-53.6
12,-56.7
13,-53.0
14,-55.0
15,-55.1818181818
16,-53.0
17,-48.9
18,-47.6
19,-56.7
20,-54.1
21,-49.2
22,-47.2
23,-47.9
24,-46.0
25,-46.0
26,-46.0909090909
