frequency,pdr
11,-69.8888888889
12,-55.0
13,-69.5
14,-70.6666666667
15,-67.0
16,-60.1
17,-62.2
18,-60.3
19,-68.9
20,-62.3
21,-58.1
22,-65.0
23,-57.9
24,-66.2
25,-66.4
26,-66.2
