frequency,pdr
11,-65.0
12,-66.1111111111
13,-61.7
14,-69.3636363636
15,-56.8888888889
16,-58.0
17,-60.2
18,-62.6
19,-57.5
20,-61.0
21,-64.0
22,-74.8
23,-70.6
24,-58.0
25,-65.3
26,-61.0
