frequency,pdr
11,-59.8
12,-58.9
13,-70.2
14,-58.0
15,-81.6363636364
16,-77.1
17,-66.4
18,-67.0
19,-65.8
20,-67.0
21,-64.3
22,-61.0
23,-71.8
24,-61.0
25,-66.7
26,-76.0909090909
