frequency,pdr
11,-59.7777777778
12,-61.4444444444
13,-58.0
14,-56.6
15,-61.0
16,-55.0
17,-53.3
18,-62.4
19,-54.0
20,-69.0
21,-53.0
22,-50.5
23,-46.0
24,-49.3
25,-52.0
26,-49.0
