frequency,pdr
11,-46.0
12,-48.4444444444
13,-48.4
14,-57.2
15,-53.6666666667
16,-51.0
17,-51.9
18,-61.5
19,-49.0
20,-54.1
21,-68.5
22,-51.4
23,-46.0
24,-47.2
25,-48.1
26,-61.6
