frequency,pdr
11,-52.0
12,-51.8888888889
13,-58.0
14,-49.8
15,-48.1111111111
16,-45.1
17,-43.0
18,-45.1818181818
19,-43.0
20,-46.0
21,-44.4
22,-46.0
23,-43.0
24,-43.0
25,-47.5
26,-61.5
