frequency,pdr
11,-64.0
12,-65.6666666667
13,-66.0
14,-60.0
15,-59.5555555556
16,-61.0
17,-68.1
18,-70.2
19,-60.3
20,-77.7
21,-66.9
22,-65.4
23,-66.9
24,-63.6
25,-67.0
26,-68.7
