frequency,pdr
11,-56.7
12,-59.1
13,-72.6
14,-58.2
15,-63.4444444444
16,-54.5
17,-68.8
18,-64.3
19,-62.8
20,-56.0
21,-64.7
22,-55.0
23,-61.4
24,-59.9090909091
25,-58.0
26,-72.8
