frequency,pdr
11,-65.4444444444
12,-66.4444444444
13,-55.0
14,-55.0
15,-55.6666666667
16,-53.0
17,-60.8
18,-59.0
19,-55.3
20,-57.6
21,-51.9
22,-55.0
23,-50.1
24,-54.4
25,-55.0
26,-55.2
