frequency,pdr
11,-62.0
12,-68.4545454545
13,-55.1
14,-58.0
15,-62.7777777778
16,-75.3
17,-64.1
18,-58.0
19,-65.5
20,-61.9
21,-61.0
22,-64.0
23,-65.0
24,-70.0
25,-61.1
26,-62.6
