frequency,pdr
11,-68.2222222222
12,-68.3
13,-61.7
14,-65.8
15,-59.0
16,-66.3333333333
17,-74.7
18,-70.0
19,-67.0
20,-63.2
21,-67.0
22,-66.0
23,-67.0
24,-64.6
25,-62.0
26,-65.8
