frequency,pdr
11,-61.5555555556
12,-67.5
13,-65.8888888889
14,-70.5555555556
15,-62.1
16,-64.0
17,-65.0
18,-68.9
19,-71.5
20,-64.9
21,-68.8
22,-69.7
23,-63.6
24,-66.5
25,-62.0
26,-78.0
