frequency,pdr
11,-58.2
12,-59.0
13,-66.8888888889
14,-68.2
15,-67.0
16,-67.3333333333
17,-64.2
18,-55.0
19,-60.7
20,-58.8
21,-67.375
22,-56.6
23,-55.0
24,-54.0
25,-61.1
26,-67.0
