frequency,pdr
11,-69.3
12,-64.6666666667
13,-68.5555555556
14,-58.0
15,-63.3
16,-64.4444444444
17,-55.4
18,-55.3
19,-64.4
20,-64.0
21,-52.0
22,-50.3
23,-49.0
24,-52.0
25,-52.0
26,-64.5
