frequency,pdr
11,-59.4
12,-63.6363636364
13,-55.0
14,-67.0
15,-59.9
16,-66.4444444444
17,-76.2
18,-65.4
19,-59.0
20,-68.5
21,-67.0
22,-59.0
23,-59.5
24,-65.2
25,-64.0
26,-62.0
