frequency,pdr
11,-64.6
12,-60.8888888889
13,-56.4444444444
14,-57.9
15,-48.7
16,-44.1
17,-46.0
18,-46.1
19,-48.2
20,-43.0
21,-47.8
22,-47.5
23,-47.2
24,-54.8
25,-55.2
26,-62.0
