frequency,pdr
11,-57.6
12,-60.6666666667
13,-60.3333333333
14,-60.8
15,-61.1
16,-49.0
17,-60.5
18,-58.0
19,-62.6
20,-59.2
21,-55.0
22,-52.0
23,-52.0
24,-44.8
25,-54.1
26,-57.6
