frequency,pdr
11,-66.3636363636
12,-70.9
13,-67.2222222222
14,-61.0
15,-61.0
16,-58.8
17,-58.2
18,-60.2
19,-65.3
20,-73.0
21,-62.0
22,-64.0
23,-71.9
24,-59.0
25,-58.0
26,-58.0
