frequency,pdr
11,-68.9
12,-58.1111111111
13,-70.2222222222
14,-59.7
15,-77.3
16,-62.3
17,-55.0
18,-64.9
19,-58.0
20,-58.6
21,-56.9
22,-66.4
23,-69.1
24,-58.0
25,-65.9
26,-68.0
