frequency,pdr
11,-67.0
12,-63.9
13,-70.1111111111
14,-64.8
15,-67.0
16,-68.5555555556
17,-64.0
18,-67.0
19,-70.1
20,-61.0
21,-55.4
22,-61.0
23,-68.3
24,-58.0
25,-64.0
26,-61.1
