frequency,pdr
11,-56.9
12,-61.0
13,-69.6666666667
14,-55.0
15,-60.0
16,-56.1111111111
17,-57.8
18,-67.5
19,-61.0
20,-55.0
21,-55.0
22,-55.0
23,-55.1
24,-49.0
25,-53.4
26,-52.8
