frequency,pdr
11,-64.75
12,-77.1111111111
13,-58.3333333333
14,-58.0
15,-59.6
16,-65.9
17,-74.1
18,-53.0
19,-55.0
20,-61.0
21,-63.0
22,-68.4
23,-57.8
24,-55.0
25,-61.0
26,-58.9
