frequency,pdr
11,-49.0
12,-51.4444444444
13,-49.1
14,-52.5
15,-58.0
16,-67.4444444444
17,-55.0
18,-62.3
19,-57.0
20,-51.4
21,-51.7
22,-55.3
23,-63.9
24,-73.3
25,-61.0
26,-69.3
