frequency,pdr
11,-57.5
12,-60.5555555556
13,-56.6666666667
14,-61.0
15,-52.0
16,-49.0
17,-59.7
18,-54.0
19,-54.4
20,-53.6
21,-55.0
22,-55.0
23,-67.7
24,-64.0
25,-55.0
26,-55.0
