frequency,pdr
11,-63.0
12,-66.8888888889
13,-69.2222222222
14,-62.5
15,-61.5
16,-76.7
17,-58.5
18,-54.1
19,-58.2
20,-58.0
21,-62.1
22,-66.9
23,-62.7
24,-67.0
25,-74.1
26,-65.0
