frequency,pdr
11,-61.0
12,-63.4444444444
13,-75.8888888889
14,-56.8
15,-55.1
16,-70.1111111111
17,-56.4
18,-53.0
19,-55.0
20,-70.0
21,-61.0
22,-61.0
23,-65.9
24,-61.0
25,-61.0
26,-63.0
