frequency,pdr
11,-65.3
12,-59.2222222222
13,-64.7777777778
14,-57.6
15,-59.6
16,-62.3333333333
17,-48.4
18,-53.8
19,-55.3
20,-49.7
21,-52.3
22,-49.7
23,-54.2
24,-51.4
25,-46.0
26,-50.4
