frequency,pdr
11,-77.2222222222
12,-65.4444444444
13,-60.8
14,-66.1
15,-55.0
16,-52.0
17,-55.0
18,-61.0
19,-65.3
20,-59.2
21,-61.1
22,-58.3
23,-55.0
24,-72.4
25,-61.0
26,-55.0
