frequency,pdr
11,-61.8888888889
12,-55.1111111111
13,-55.1
14,-59.1
15,-53.9090909091
16,-46.0
17,-51.9
18,-53.6
19,-55.0
20,-46.0
21,-47.0
22,-66.4
23,-55.0
24,-66.0
25,-61.0
26,-61.0
