frequency,pdr
11,-58.9
12,-63.0
13,-61.0
14,-64.4
15,-66.0
16,-77.3
17,-63.5
18,-61.0
19,-55.0
20,-61.6
21,-62.0
22,-72.3333333333
23,-60.0
24,-62.5
25,-69.6
26,-75.6666666667
