frequency,pdr
11,-64.1111111111
12,-52.0909090909
13,-52.8
14,-55.0
15,-64.0
16,-64.0
17,-64.0
18,-55.1
19,-58.7
20,-55.0
21,-60.2
22,-57.8
23,-58.0
24,-61.1
25,-61.0
26,-61.0
