frequency,pdr
11,-49.8
12,-47.3
13,-66.2222222222
14,-52.1
15,-52.9
16,-52.1
17,-59.6
18,-56.2
19,-63.3
20,-60.8
21,-54.1
22,-52.0
23,-55.0
24,-55.7
25,-59.7
26,-68.1111111111
