frequency,pdr
11,-82.0
12,-86.5555555556
13,-82.7
14,-80.6
15,-80.1
16,-80.1
17,-81.5
18,-80.0
19,-82.0
20,-87.9
21,-90.5555555556
23,-79.9
24,-79.0
25,-80.4
26,-81.9
