frequency,pdr
11,-79.0
12,-78.9
13,-81.9
14,-82.0
15,-82.0
16,-83.9
17,-84.1
18,-82.0
19,-80.1
20,-79.0
21,-79.0
22,-80.2857142857
23,-79.4444444444
24,-79.0
25,-79.0
26,-79.0
