frequency,pdr
11,-90.0
12,-90.6666666667
13,-91.0
14,-91.0
15,-91.0
16,-91.0
17,-91.0
21,-91.0
23,-90.3333333333
24,-90.0
25,-91.0
26,-91.0
