frequency,pdr
11,-87.3
12,-86.8888888889
13,-90.2
14,-91.0
15,-91.0
16,-89.0
17,-86.2
18,-82.8
19,-82.0
20,-81.0
21,-80.8
22,-80.8571428571
23,-82.0
24,-83.0
25,-84.3
26,-84.7
