frequency,pdr
11,-84.0
12,-88.7
13,-90.8888888889
14,-86.0
15,-84.0
16,-82.6666666667
17,-82.0
18,-79.6666666667
19,-79.0
20,-80.6
21,-86.2
22,-89.5714285714
23,-84.8
24,-82.0
25,-79.0
26,-79.0
