frequency,pdr
11,-58.0
12,-58.0
13,-57.9
14,-61.0
15,-62.8181818182
16,-61.0
17,-64.1
18,-73.1
19,-73.5
20,-70.0
21,-64.0
22,-61.0
23,-63.7272727273
24,-61.5
25,-62.2
26,-61.0
