frequency,pdr
11,-72.0
12,-72.4
13,-72.8
14,-76.4
15,-76.0
16,-79.0
17,-81.875
18,-89.9090909091
19,-79.8888888889
20,-79.0
21,-79.0
22,-79.0
23,-77.8
24,-76.0
25,-76.0
26,-74.8
