frequency,pdr
11,-80.3
12,-79.125
13,-81.5
14,-84.9
15,-86.4
16,-86.1666666667
17,-88.625
18,-90.0
19,-89.8888888889
20,-86.6
21,-85.0
23,-84.9
24,-87.2
25,-88.8
26,-86.3
