frequency,pdr
11,-76.0
12,-79.0
13,-77.0
14,-76.0
15,-78.3
16,-82.3333333333
17,-84.0
18,-85.6666666667
19,-87.7
20,-89.3
21,-89.1
23,-83.375
24,-82.0
25,-79.2
26,-79.0
