frequency,pdr
11,-84.1
12,-84.625
13,-84.5555555556
14,-83.1
15,-85.0
16,-88.2
17,-90.5555555556
18,-90.1
19,-90.0
20,-89.9
21,-91.0
23,-88.8888888889
24,-86.8
25,-86.9
26,-87.2
