frequency,pdr
11,-66.5
12,-64.1
13,-66.0
14,-66.3
15,-64.0
16,-64.0
17,-64.0
18,-65.5
19,-65.4
20,-65.2
21,-67.1
22,-73.2222222222
23,-90.6666666667
24,-82.0
25,-76.6
26,-72.1
