frequency,pdr
11,-89.8888888889
12,-90.4444444444
13,-90.0
14,-89.7
15,-90.1
16,-91.0
17,-91.0
19,-91.0
21,-91.0
23,-91.0
24,-91.0
25,-91.0
26,-90.8
