frequency,pdr
11,-82.6
12,-83.1
13,-85.4
14,-87.9
15,-90.9
16,-91.0
17,-89.0
18,-83.2
19,-81.7
20,-79.8
21,-80.3333333333
22,-82.75
23,-83.5555555556
24,-83.9
25,-89.3
26,-86.5
