frequency,pdr
11,-85.8571428571
12,-86.6666666667
13,-88.0
14,-89.0
15,-89.3
16,-89.0
17,-87.3333333333
18,-88.875
19,-91.0
20,-91.0
21,-91.0
23,-91.0
24,-91.0
25,-91.0
