frequency,pdr
11,-90.0
12,-90.6666666667
13,-91.0
14,-90.0
15,-89.1
16,-88.6
17,-87.0
18,-88.0
19,-90.0
20,-88.8888888889
21,-90.4
23,-90.6
24,-91.0
25,-91.0
26,-91.0
