frequency,pdr
11,-85.0
12,-85.1428571429
13,-88.5714285714
14,-89.0
15,-91.0
16,-90.0
17,-86.4
18,-85.0
19,-85.6
20,-86.3
21,-87.6
22,-89.0
23,-89.8
24,-88.0
25,-83.9
26,-82.0
