frequency,pdr
11,-90.6666666667
12,-91.0
13,-91.0
14,-89.9
15,-87.1
16,-88.0
17,-89.0
18,-88.4
19,-88.9
20,-87.9
21,-89.5
22,-89.6666666667
23,-91.0
24,-91.0
