frequency,pdr
11,-91.0
12,-90.0
13,-91.0
17,-91.0
18,-90.7777777778
19,-91.0
20,-91.0
21,-91.0
22,-90.8571428571
23,-91.0
24,-91.0
25,-91.0
26,-91.0
