frequency,pdr
11,-90.8571428571
12,-90.375
13,-88.875
14,-88.7777777778
15,-89.1
16,-91.0
17,-91.0
18,-91.0
19,-91.0
20,-91.0
21,-91.0
23,-91.0
25,-91.0
26,-91.0
