frequency,pdr
13,-91.0
14,-91.0
15,-89.1
16,-87.6
17,-89.1111111111
18,-90.125
19,-91.0
21,-91.0
22,-90.3333333333
23,-90.8888888889
24,-90.1
25,-91.0
26,-91.0
