frequency,pdr
11,-91.0
12,-91.0
14,-91.0
15,-91.0
16,-91.0
17,-90.875
18,-90.8333333333
19,-88.4444444444
20,-88.7777777778
21,-89.375
22,-88.5555555556
23,-89.8
24,-91.0
25,-91.0
26,-91.0
