frequency,pdr
11,-79.0
12,-79.1111111111
13,-81.1666666667
14,-82.4
15,-83.9
16,-85.0
17,-85.2
18,-86.0
19,-89.6
20,-89.0
21,-86.0
22,-83.7
23,-83.8
24,-83.0
25,-84.0
26,-84.0
