frequency,pdr
11,-59.0
12,-61.0
13,-58.0
14,-55.0
15,-55.0
16,-54.8
17,-54.3333333333
18,-52.625
19,-52.4
20,-55.0
21,-67.0
22,-80.7142857143
23,-64.9
24,-58.3
25,-58.0
26,-55.0
