frequency,pdr
11,-85.125
12,-86.3333333333
13,-84.1666666667
14,-87.1111111111
15,-90.1
16,-91.0
17,-91.0
18,-89.5555555556
19,-83.4
20,-82.0
21,-80.0
22,-80.125
23,-82.0
24,-83.0
25,-85.0
26,-90.2
