frequency,pdr
11,-91.0
12,-91.0
13,-91.0
14,-91.0
15,-91.0
16,-91.0
17,-91.0
18,-89.7777777778
19,-89.8
20,-91.0
21,-90.8888888889
23,-91.0
