frequency,pdr
11,-86.0
12,-87.0
13,-85.9
14,-90.0
15,-91.0
16,-91.0
17,-90.8888888889
18,-91.0
19,-91.0
20,-91.0
21,-90.6
22,-88.5
23,-90.8333333333
24,-90.9
25,-90.1
26,-90.1
