frequency,pdr
11,-78.4
12,-91.0
13,-79.0
14,-73.0
15,-70.0
16,-68.0
17,-67.4
18,-69.4
19,-71.7777777778
20,-78.9
21,-79.25
22,-78.8888888889
23,-79.75
24,-79.5
25,-78.1
26,-76.3
