frequency,pdr
11,-90.1111111111
12,-89.0
13,-90.8
15,-91.0
16,-87.6666666667
17,-86.5
18,-89.125
19,-89.8888888889
20,-91.0
21,-91.0
22,-91.0
23,-89.5555555556
24,-89.3333333333
25,-91.0
