frequency,pdr
11,-82.5
12,-82.0
13,-82.8
14,-82.3
15,-82.0
16,-82.0
17,-81.8888888889
18,-81.2
19,-81.2
20,-81.1
21,-82.0
22,-84.0
23,-86.8888888889
24,-88.9
25,-89.0
26,-88.0
