frequency,pdr
11,-90.8888888889
12,-88.375
13,-90.4285714286
14,-90.7777777778
15,-90.0
16,-89.8571428571
17,-87.0
18,-87.8333333333
19,-89.7777777778
20,-91.0
21,-90.5714285714
22,-91.0
23,-91.0
24,-91.0
25,-90.125
26,-88.9
