frequency,pdr
11,-88.1
12,-88.6666666667
13,-90.4285714286
14,-91.0
17,-91.0
18,-90.7777777778
19,-91.0
20,-91.0
21,-91.0
23,-91.0
24,-91.0
25,-91.0
26,-91.0
