frequency,pdr
11,-81.9
12,-83.3
13,-79.0
14,-77.7272727273
15,-77.1
16,-76.0
17,-76.0
18,-78.1
19,-79.0
20,-79.4
21,-81.1
22,-83.0
23,-82.7777777778
24,-82.0
25,-84.0
26,-88.2
