frequency,pdr
11,-82.7
12,-87.1
13,-88.5
14,-90.3
15,-90.0
16,-86.6666666667
17,-85.5714285714
18,-86.5555555556
19,-87.9
20,-89.0
21,-90.1
22,-87.9
23,-87.0
24,-88.8
25,-89.1
26,-88.0
