frequency,pdr
12,-90.0
13,-88.8888888889
14,-90.2222222222
15,-88.0
16,-88.0
17,-91.0
18,-91.0
19,-91.0
20,-89.0
21,-89.2
23,-91.0
24,-91.0
25,-91.0
26,-91.0
