frequency,pdr
11,-78.8
12,-76.2
13,-77.8888888889
14,-79.2
15,-79.0
16,-75.4
17,-73.1428571429
18,-76.0
19,-80.7
21,-85.2
23,-80.1111111111
24,-79.1
25,-79.0
26,-81.2
