frequency,pdr
11,-81.1111111111
12,-82.9
13,-88.25
14,-90.5555555556
15,-89.2
16,-90.0
17,-85.0
18,-84.4
19,-90.1
20,-88.4
21,-86.9
22,-84.2
23,-84.875
24,-86.7
25,-91.0
26,-91.0
