frequency,pdr
11,-79.0
12,-82.0
13,-86.125
14,-85.1
15,-83.1
16,-81.9
17,-83.0
18,-86.1428571429
19,-85.0
20,-84.0
21,-85.0
22,-84.6666666667
23,-86.9
24,-85.2
25,-85.0
26,-89.9
