frequency,pdr
11,-79.0
12,-79.7777777778
13,-84.5555555556
14,-82.2222222222
15,-81.8
16,-80.5
17,-81.8
18,-81.7
19,-82.0
20,-82.1
21,-79.6
22,-79.0
23,-79.0
24,-79.0
25,-79.0
26,-79.0
