frequency,pdr
11,-87.5555555556
12,-84.6666666667
13,-85.0
14,-87.4444444444
15,-90.0
16,-91.0
17,-91.0
18,-91.0
19,-91.0
20,-90.9
21,-91.0
22,-91.0
23,-91.0
24,-91.0
