frequency,pdr
11,-83.0
12,-83.0
13,-82.0
14,-82.8
15,-82.8
16,-83.1111111111
17,-85.0
18,-84.0
19,-83.5555555556
20,-83.0
21,-84.5555555556
23,-91.0
24,-90.9
25,-89.0
26,-87.5
