frequency,pdr
11,-80.9
12,-81.0
13,-81.9
14,-81.3
15,-81.2
16,-84.1111111111
17,-88.1428571429
18,-88.0
19,-85.0
20,-84.8
21,-85.2
22,-84.7777777778
23,-85.4
24,-84.0
25,-82.4
26,-84.0
