frequency,pdr
11,-68.5
12,-61.0
13,-59.1
14,-55.0
15,-55.0
16,-55.0
17,-55.0
18,-58.2727272727
19,-56.0909090909
20,-58.0
21,-67.0
22,-77.5555555556
23,-70.7
24,-67.0
25,-62.0
26,-59.0
