frequency,pdr
11,-90.0
12,-86.0
13,-84.7
14,-84.0
15,-84.2
16,-85.4
17,-86.6
18,-86.9
19,-88.0
20,-89.0
21,-89.7777777778
22,-88.1111111111
23,-89.0
24,-90.9
25,-89.0
26,-85.0
