frequency,pdr
11,-82.1
12,-85.9
13,-90.2222222222
14,-90.0
15,-89.3
16,-89.0
17,-90.0
18,-91.0
19,-89.0
20,-86.8
21,-89.0
23,-90.375
24,-86.7777777778
25,-85.6
26,-84.5
