frequency,pdr
11,-90.3333333333
12,-91.0
13,-91.0
14,-91.0
15,-91.0
16,-91.0
17,-91.0
18,-91.0
19,-91.0
20,-90.5
21,-90.6666666667
22,-89.0
23,-90.0
24,-89.2222222222
25,-88.0
26,-87.0
