frequency,pdr
11,-81.8
12,-81.0
13,-81.9
14,-82.8
15,-85.0
16,-86.0
17,-87.8
18,-90.0
19,-88.9
20,-88.4
21,-88.4444444444
22,-86.0
23,-85.2222222222
24,-86.0
25,-86.0
26,-86.0
