frequency,pdr
11,1.26984126984
12,1.26984126984
13,1.11111111111
14,1.11111111111
15,1.11111111111
16,1.42857142857
17,1.5873015873
18,1.42857142857
19,1.26984126984
20,0.31746031746
21,1.5873015873
22,1.5873015873
23,1.5873015873
24,1.5873015873
25,1.5873015873
26,1.5873015873
