frequency,pdr
11,-88.375
12,-89.0
13,-89.6666666667
14,-90.2222222222
15,-91.0
19,-91.0
20,-91.0
21,-91.0
23,-91.0
