frequency,pdr
11,-80.1111111111
12,-77.6666666667
13,-76.4
14,-76.2
15,-77.3
16,-81.3
17,-85.7
18,-89.2
19,-87.7
20,-86.2
21,-88.7
23,-87.4
24,-83.2
25,-82.0
26,-81.5
