frequency,pdr
11,-88.375
12,-89.3333333333
13,-90.3333333333
14,-88.4
15,-87.5
16,-87.9
17,-88.8
18,-88.8571428571
19,-90.3
20,-91.0
21,-91.0
23,-91.0
24,-91.0
