frequency,pdr
11,-83.1
12,-86.2
13,-91.0
14,-90.3
15,-88.1
16,-86.1
17,-84.6
18,-84.9
19,-85.0
20,-84.9
21,-86.1
22,-86.4444444444
23,-87.0
24,-85.3333333333
25,-83.8
26,-82.4
