frequency,pdr
14,-91.0
15,-91.0
21,-91.0
23,-88.7777777778
24,-87.7777777778
25,-89.0
26,-90.0
