frequency,pdr
11,-88.7
12,-89.2222222222
13,-79.4
14,-78.5
15,-75.8
16,-73.0
17,-73.0
18,-73.0
19,-73.0
20,-73.0
21,-73.0
22,-73.3333333333
23,-75.125
24,-75.3
25,-76.0
26,-76.2
