frequency,pdr
11,-88.0
12,-85.9
13,-85.1111111111
14,-85.5
15,-87.1
16,-90.3
17,-91.0
18,-90.0
19,-89.0
20,-89.0
21,-90.3
22,-89.4444444444
23,-90.0
24,-90.25
25,-91.0
26,-91.0
