frequency,pdr
11,-88.1111111111
12,-89.8571428571
13,-91.0
14,-91.0
15,-91.0
16,-91.0
21,-91.0
23,-89.6
24,-87.5
25,-86.9
26,-87.0
