frequency,pdr
11,-89.3333333333
12,-88.8888888889
13,-89.0
14,-88.4
15,-88.0
16,-87.8
17,-88.2222222222
18,-89.8888888889
19,-90.8
20,-90.1
21,-89.7
23,-89.625
24,-89.7
25,-90.1
26,-90.3
