frequency,pdr
11,-90.4285714286
12,-90.7777777778
13,-90.4
14,-90.0
15,-90.0
16,-91.0
17,-91.0
18,-91.0
19,-91.0
20,-91.0
21,-91.0
23,-89.5
24,-89.4
25,-88.3
26,-87.3
