frequency,pdr
11,-88.2
12,-88.0
13,-87.0
14,-85.5
15,-85.0
16,-85.1111111111
17,-85.7777777778
18,-86.9
19,-89.2222222222
20,-91.0
21,-91.0
23,-91.0
26,-91.0
