frequency,pdr
13,-90.6666666667
14,-89.0
15,-87.8
16,-87.0
17,-87.1111111111
18,-88.625
19,-90.3
20,-90.5
21,-89.9
23,-89.7777777778
24,-91.0
25,-91.0
26,-91.0
