frequency,pdr
11,-87.0
12,-87.8888888889
13,-89.0
14,-88.1
15,-87.0
16,-86.3
17,-86.875
18,-87.7777777778
19,-89.0
20,-89.0
21,-89.6
23,-89.7
24,-89.7
25,-90.1
26,-91.0
