frequency,pdr
11,-73.8888888889
12,-66.9
13,-63.9
14,-67.0
15,-68.4
16,-67.2
17,-67.0
18,-67.0
19,-72.0
20,-68.6
21,-67.0
22,-65.2
23,-73.875
24,-63.8
25,-62.6666666667
26,-67.4
