frequency,pdr
11,-47.8
12,-57.7777777778
13,-54.6666666667
14,-49.0
15,-53.5
16,-66.9
17,-65.4
18,-55.7
19,-58.1
20,-58.7
21,-55.0
22,-60.3
23,-55.0
24,-56.5
25,-57.9
26,-55.0
