frequency,pdr
11,-74.2
12,-59.3333333333
13,-64.1
14,-54.2
15,-52.2
16,-55.0
17,-55.0
18,-55.0
19,-65.4
20,-58.1
21,-49.8
22,-55.0
23,-58.9
24,-63.7
25,-69.3333333333
26,-63.0
