frequency,pdr
11,-60.0
12,-71.2222222222
13,-67.3333333333
14,-55.0
15,-58.0
16,-55.0
17,-64.0
18,-71.4
19,-63.4
20,-63.0
21,-61.0
22,-55.3
23,-58.0
24,-62.8
25,-67.0
26,-66.3
