frequency,pdr
11,-46.0
12,-53.3333333333
13,-63.4444444444
14,-66.8888888889
15,-73.0
16,-58.8
17,-69.1
18,-65.1
19,-59.5
20,-52.0
21,-49.5
22,-52.2
23,-51.0
24,-55.0
25,-64.0
26,-66.6
