frequency,pdr
11,-61.0
12,-66.2222222222
13,-61.9090909091
14,-70.4444444444
15,-55.0
16,-55.4
17,-61.0
18,-59.7
19,-67.0
20,-57.4
21,-60.6
22,-58.2
23,-63.7
24,-64.6
25,-68.0
26,-58.0
