frequency,pdr
11,-61.1
12,-55.0
13,-54.0
14,-55.4444444444
15,-52.0
16,-58.0
17,-55.0
18,-59.0
19,-54.0
20,-52.0
21,-67.1
22,-61.0
23,-55.0
24,-58.2
25,-64.2222222222
26,-60.6
