frequency,pdr
11,-67.0
12,-60.6666666667
13,-60.9
14,-59.8888888889
15,-61.0
16,-58.0
17,-64.5
18,-67.0
19,-62.7
20,-65.0
21,-69.1
22,-75.125
23,-66.7
24,-62.7
25,-63.1111111111
26,-61.0
