frequency,pdr
11,-63.1
12,-64.5555555556
13,-67.0
14,-55.0
15,-49.0
16,-57.3
17,-54.6
18,-55.0
19,-59.9
20,-65.5
21,-52.0
22,-52.0
23,-55.0
24,-62.3
25,-63.7777777778
26,-61.5
