frequency,pdr
11,-73.1111111111
12,-56.3333333333
13,-55.1
14,-51.3
15,-58.4
16,-58.0
17,-53.9
18,-60.3
19,-51.9
20,-47.4
21,-58.4
22,-63.9
23,-55.0
24,-49.0
25,-55.0
26,-49.0
