frequency,pdr
11,-55.0
12,-61.0
13,-58.0
14,-64.4444444444
15,-55.0
16,-54.9
17,-54.9
18,-62.2
19,-61.4
20,-60.3
21,-60.3
22,-61.0
23,-63.5
24,-66.7
25,-69.1111111111
26,-70.4
