frequency,pdr
11,-55.0
12,-66.3
13,-63.4444444444
14,-72.5
15,-58.1
16,-61.8
17,-59.9
18,-61.5
19,-60.4
20,-58.9
21,-61.0
22,-60.6
23,-66.8
24,-59.0
25,-73.2222222222
26,-67.0
