frequency,pdr
11,-66.7
12,-81.1111111111
13,-70.0
14,-69.1111111111
15,-79.0
16,-73.4
17,-61.4
18,-73.6
19,-67.0
20,-64.0
21,-61.0
22,-66.9
23,-64.0
24,-67.9
25,-72.1111111111
26,-65.7
