frequency,pdr
11,-60.4
12,-69.3333333333
13,-66.3333333333
14,-77.0
15,-62.0
16,-62.6363636364
17,-61.7
18,-61.2
19,-68.0
20,-63.4
21,-65.0
22,-61.0
23,-72.7
24,-64.3
25,-67.8
26,-77.1
