frequency,pdr
11,-63.8
12,-69.4444444444
13,-59.0
14,-61.7777777778
15,-67.1
16,-58.7
17,-55.8
18,-61.0
19,-74.2
20,-76.5
21,-58.0
22,-59.5
23,-57.9
24,-64.0
25,-63.8
26,-67.0
