frequency,pdr
11,-57.8
12,-61.0
13,-73.3333333333
14,-61.0
15,-52.5
16,-64.8
17,-61.0
18,-63.5
19,-61.0
20,-60.6
21,-67.0
22,-53.3
23,-57.1
24,-67.7
25,-64.1111111111
26,-75.3
