frequency,pdr
11,-43.0
12,-46.0
13,-46.0
14,-47.2222222222
15,-47.0
16,-56.2
17,-49.0
18,-49.0
19,-63.9
20,-49.0
21,-59.4
22,-49.0
23,-52.9
24,-58.1
25,-61.5555555556
26,-53.0
