frequency,pdr
11,-73.8888888889
12,-67.8
13,-64.3333333333
14,-59.0
15,-64.7
16,-66.0
17,-63.8
18,-67.3
19,-67.0
20,-66.5
21,-60.6
22,-61.6
23,-67.3
24,-74.4
25,-75.2222222222
26,-65.9
