frequency,pdr
11,-71.0
12,-65.5555555556
13,-69.6666666667
14,-80.0
15,-63.3
16,-73.3
17,-73.0
18,-61.0
19,-58.0
20,-57.8
21,-58.1
22,-61.0
23,-60.2
24,-67.0
25,-63.9
26,-65.4
