frequency,pdr
11,-67.1111111111
12,-55.4444444444
13,-62.5555555556
14,-68.9
15,-53.6
16,-63.1
17,-63.6
18,-65.7
19,-55.0
20,-61.6
21,-69.2
22,-71.5
23,-65.0
24,-69.3
25,-68.6666666667
26,-66.9
