frequency,pdr
11,-49.7
12,-55.0
13,-49.8
14,-49.3333333333
15,-51.3
16,-50.0
17,-57.8
18,-58.0
19,-54.7
20,-55.0
21,-53.4
22,-46.0
23,-51.8
24,-53.0
25,-51.5555555556
26,-54.6
