frequency,pdr
11,-50.2
12,-48.9
13,-55.2222222222
14,-53.7777777778
15,-59.6
16,-57.3
17,-67.1
18,-53.2
19,-48.0
20,-55.5
21,-54.7
22,-61.0
23,-64.0
24,-61.0
25,-65.4444444444
26,-56.8
