frequency,pdr
11,-51.6
12,-54.5555555556
13,-47.9
14,-56.7777777778
15,-50.4
16,-51.8
17,-51.8
18,-61.0
19,-49.0
20,-44.0
21,-43.0
22,-53.6
23,-53.7
24,-43.3
25,-44.5
26,-43.0
