frequency,pdr
11,-58.1
12,-68.5555555556
13,-52.8
14,-60.4
15,-64.0
16,-51.9
17,-67.0
18,-51.4
19,-55.3
20,-70.1
21,-56.8
22,-71.5
23,-69.5
24,-55.0
25,-64.8888888889
26,-55.0
