frequency,pdr
11,-58.9
12,-62.8888888889
13,-72.2222222222
14,-58.5555555556
15,-60.7
16,-56.1
17,-56.7
18,-63.6
19,-65.5
20,-66.3
21,-63.8
22,-69.0
23,-58.6
24,-58.2
25,-57.1
26,-63.8
