frequency,pdr
11,-49.1
12,-52.0
13,-54.0
14,-49.3333333333
15,-46.6
16,-49.0
17,-53.9
18,-52.2
19,-46.0
20,-46.0
21,-48.6
22,-48.4
23,-49.0
24,-46.0
25,-58.2222222222
26,-52.1
