frequency,pdr
11,-65.3
12,-62.8888888889
13,-52.0
14,-50.8888888889
15,-49.0
16,-55.0
17,-51.0
18,-50.8
19,-52.0
20,-54.5
21,-58.9
22,-56.9
23,-58.0
24,-64.9
25,-55.0
26,-69.3
