frequency,pdr
11,-70.1111111111
12,-77.0
13,-67.0
14,-66.1111111111
15,-71.0
16,-61.0
17,-65.3
18,-61.0
19,-74.6
20,-67.1
21,-67.3
22,-62.3
23,-60.3
24,-63.9
25,-61.6
26,-60.0
