frequency,pdr
11,-59.7
12,-60.6666666667
13,-60.9
14,-62.5
15,-50.0
16,-50.9
17,-54.3
18,-55.0
19,-63.4
20,-53.5
21,-50.9
22,-61.7
23,-55.0
24,-60.4
25,-62.7777777778
26,-59.7
