frequency,pdr
11,-67.3333333333
12,-74.7
13,-67.0
14,-58.1111111111
15,-59.3
16,-62.5
17,-64.0
18,-56.2
19,-55.0
20,-60.4
21,-64.0
22,-60.8
23,-64.0
24,-64.0
25,-62.9
26,-61.0
