frequency,pdr
11,-57.9
12,-54.9
13,-55.0
14,-55.7777777778
15,-51.0
16,-49.0
17,-49.0
18,-52.0
19,-53.1
20,-64.5
21,-53.0
22,-52.0
23,-57.9
24,-53.1
25,-73.6666666667
26,-58.0
