frequency,pdr
11,-55.3
12,-64.3
13,-75.6666666667
14,-63.2222222222
15,-72.3
16,-58.0
17,-53.9
18,-67.0
19,-64.8
20,-61.1
21,-56.8
22,-68.2
23,-63.0
24,-63.0
25,-58.4
26,-67.0
