frequency,pdr
11,-64.4
12,-80.4444444444
13,-70.0
14,-75.8888888889
15,-67.0
16,-64.0
17,-60.4
18,-62.0
19,-58.0
20,-60.2
21,-74.6
22,-74.3
23,-63.3
24,-58.4
25,-64.3
26,-67.0
