frequency,pdr
11,-60.9090909091
12,-60.7
13,-60.8888888889
14,-67.5555555556
15,-63.9
16,-70.0
17,-62.8
18,-61.0
19,-65.0
20,-67.0
21,-69.6
22,-67.0
23,-63.0
24,-64.0
25,-67.2
26,-61.6
