frequency,pdr
11,-55.0
12,-58.3333333333
13,-66.3333333333
14,-72.3
15,-57.1
16,-63.5
17,-64.2
18,-59.1
19,-58.5
20,-56.7
21,-55.2
22,-58.3
23,-55.0
24,-52.0
25,-54.6666666667
26,-49.0
