frequency,pdr
11,-64.0
12,-57.8
13,-66.8888888889
14,-63.4444444444
15,-55.6
16,-70.3
17,-53.8
18,-59.3
19,-68.6
20,-59.1
21,-58.0
22,-61.0
23,-62.4
24,-60.7
25,-64.8888888889
26,-63.4
