frequency,pdr
11,-48.8
12,-54.5555555556
13,-64.2222222222
14,-64.0
15,-55.0
16,-54.1
17,-52.0
18,-50.0
19,-48.6
20,-52.3
21,-51.4
22,-49.0
23,-54.3
24,-55.0
25,-54.9
26,-52.0
