frequency,pdr
11,-55.2
12,-57.8888888889
13,-67.6666666667
14,-75.25
15,-63.0
16,-67.0
17,-58.0
18,-55.0
19,-64.0
20,-61.0
21,-65.0
22,-65.9
23,-66.1
24,-77.2
25,-62.3333333333
26,-61.0
