frequency,pdr
11,-54.9
12,-57.7
13,-63.4444444444
14,-68.4444444444
15,-66.8
16,-59.1
17,-54.2
18,-52.0
19,-67.4
20,-55.5
21,-59.2
22,-61.0
23,-52.0
24,-55.0
25,-58.7777777778
26,-66.4
