frequency,pdr
11,-71.5555555556
12,-65.4444444444
13,-68.3
14,-56.8888888889
15,-53.9
16,-51.8
17,-46.0
18,-49.0
19,-46.0
20,-58.0
21,-58.0
22,-59.4
23,-55.1
24,-55.0
25,-62.5555555556
26,-67.1
