frequency,pdr
11,-66.4444444444
12,-56.2222222222
13,-64.7
14,-54.3
15,-48.6
16,-49.0
17,-51.4
18,-59.5
19,-52.0
20,-49.8
21,-55.0
22,-52.0
23,-53.0
24,-65.9
25,-61.0
26,-55.0
