frequency,pdr
11,-52.0
12,-52.1
13,-53.7
14,-66.3333333333
15,-49.0
16,-50.0
17,-64.4
18,-58.0
19,-55.0
20,-49.0
21,-54.0
22,-51.0
23,-49.0
24,-53.3
25,-61.2222222222
26,-58.0
