frequency,pdr
11,-50.1
12,-56.0909090909
13,-54.9
14,-49.0
15,-52.4
16,-56.0
17,-63.3
18,-51.6
19,-55.0
20,-55.0
21,-56.8
22,-52.0
23,-49.0
24,-52.0
25,-49.0
26,-56.0909090909
