frequency,pdr
11,-64.625
12,-66.2222222222
13,-67.6666666667
14,-60.2
15,-64.5
16,-56.9
17,-56.5
18,-69.2
19,-61.2
20,-62.9
21,-59.7
22,-65.9
23,-61.8
24,-61.0
25,-67.0
26,-67.6
