frequency,pdr
11,-74.375
12,-61.8888888889
13,-59.3333333333
14,-59.4
15,-67.8
16,-66.6
17,-64.5
18,-77.4
19,-59.8
20,-64.4
21,-69.4
22,-73.25
23,-63.0
24,-61.0
25,-66.3
26,-63.8
