frequency,pdr
11,-52.2
12,-52.0
13,-60.6666666667
14,-51.0
15,-64.2
16,-58.1
17,-53.8
18,-54.5
19,-58.0
20,-65.4545454545
21,-59.6
22,-61.2
23,-63.5
24,-58.0
25,-58.0
26,-59.6
