frequency,pdr
11,-70.0
12,-62.2222222222
13,-64.7777777778
14,-58.0
15,-72.5
16,-58.8
17,-69.5
18,-66.5
19,-62.7
20,-68.5
21,-63.9
22,-68.7
23,-73.0
24,-68.9
25,-64.0
26,-73.0
