frequency,pdr
11,-66.3333333333
12,-55.0
13,-55.0
14,-58.3
15,-56.1
16,-58.3
17,-55.0
18,-55.0
19,-59.5
20,-67.0
21,-55.0
22,-63.0
23,-60.3
24,-57.2
25,-58.1
26,-64.7272727273
