frequency,pdr
11,-62.2
12,-67.7777777778
13,-60.1111111111
14,-59.5
15,-61.8
16,-67.0
17,-64.0
18,-71.3
19,-68.0
20,-67.3
21,-69.3
22,-69.5
23,-72.0
24,-79.1
25,-65.6
26,-76.1
