frequency,pdr
11,-53.6666666667
12,-57.5555555556
13,-55.0
14,-61.0
15,-54.9
16,-54.6
17,-52.0
18,-55.0
19,-62.9
20,-58.0
21,-52.0
22,-62.0
23,-55.0
24,-72.1428571429
25,-55.2
26,-56.2
