frequency,pdr
11,-67.0
12,-63.4444444444
13,-58.4444444444
14,-63.2
15,-64.0
16,-58.0
17,-61.0
18,-63.0
19,-61.0
20,-63.2
21,-66.7
22,-66.3
23,-60.3
24,-68.9
25,-64.5
26,-71.4
