frequency,pdr
11,-52.1
12,-55.8888888889
13,-47.8
14,-46.2
15,-47.0
16,-46.0
17,-57.2
18,-58.0
19,-55.4545454545
20,-70.2
21,-64.2
22,-63.2
23,-55.0
24,-55.0
25,-52.0
26,-55.0
