frequency,pdr
11,-64.8181818182
12,-67.7777777778
13,-74.7777777778
14,-60.9
15,-55.4
16,-61.1
17,-58.0
18,-66.2
19,-67.0
20,-69.9
21,-65.2
22,-62.4
23,-61.0
24,-63.6
25,-71.7
26,-65.6
