frequency,pdr
11,-77.125
12,-63.7777777778
13,-60.7777777778
14,-71.7777777778
15,-63.7
16,-66.6
17,-69.9
18,-61.0
19,-64.6
20,-55.0
21,-59.8
22,-62.4
23,-65.3
24,-72.9
25,-65.5
26,-67.6
