frequency,pdr
11,-60.2
12,-67.3333333333
13,-66.1111111111
14,-67.5
15,-71.6
16,-64.0
17,-64.6
18,-65.8
19,-68.2
20,-72.0
21,-68.6
22,-71.7
23,-63.3
24,-67.0
25,-65.3
26,-64.0
