frequency,pdr
11,-67.3
12,-62.1111111111
13,-70.1111111111
14,-63.4
15,-75.6
16,-76.4
17,-69.5
18,-60.9
19,-61.0
20,-60.4
21,-61.0
22,-60.8
23,-74.3333333333
24,-59.0
25,-56.8
26,-60.2
