frequency,pdr
11,-52.0
12,-52.8888888889
13,-49.0
14,-54.2
15,-52.9
16,-56.5
17,-56.7
18,-56.3636363636
19,-53.0
20,-55.8
21,-55.5
22,-59.3
23,-51.3
24,-49.0
25,-55.0
26,-58.5
