frequency,pdr
11,-49.0
12,-52.2222222222
13,-56.8888888889
14,-52.0
15,-49.1
16,-48.0
17,-49.0
18,-52.0
19,-46.0
20,-51.0
21,-48.9
22,-51.9
23,-56.1
24,-54.6
25,-48.0
26,-48.3
