frequency,pdr
11,-58.8888888889
12,-52.3333333333
13,-52.0
14,-54.1
15,-55.1
16,-54.7
17,-56.1
18,-57.3
19,-52.4
20,-56.5
21,-53.7
22,-49.3
23,-48.0
24,-50.0
25,-58.0
26,-56.0
