frequency,pdr
11,-55.0
12,-57.8888888889
13,-53.6666666667
14,-49.0
15,-55.0
16,-55.0
17,-52.9
18,-48.4
19,-46.7
20,-46.0
21,-46.7
22,-48.2
23,-53.2
24,-52.0
25,-55.3
26,-60.0
