frequency,pdr
11,-59.3333333333
12,-55.0
13,-47.5555555556
14,-55.2
15,-62.3
16,-55.6
17,-52.0
18,-49.6
19,-46.0
20,-46.0
21,-49.5
22,-50.0
23,-52.5
24,-44.0
25,-44.6
26,-54.6
