frequency,pdr
11,-65.1
12,-63.5
13,-59.8888888889
14,-59.7
15,-59.0
16,-58.9
17,-61.0909090909
18,-70.1
19,-61.7
20,-55.2
21,-61.0
22,-65.2
23,-64.1
24,-67.0
25,-62.4
26,-64.0
