frequency,pdr
11,-58.1
12,-61.2222222222
13,-68.6666666667
14,-64.0
15,-67.2
16,-58.0
17,-62.2
18,-60.3
19,-65.0
20,-67.0
21,-61.0
22,-69.0
23,-63.1
24,-67.1
25,-62.6
26,-61.0
