frequency,pdr
11,-65.6
12,-60.8888888889
13,-72.4444444444
14,-61.0
15,-59.2
16,-51.9
17,-63.5
18,-61.1
19,-58.2
20,-52.0
21,-54.0
22,-65.7
23,-49.1
24,-49.8
25,-52.8
26,-55.2
