frequency,pdr
11,-67.4444444444
12,-64.5555555556
13,-68.4
14,-66.8
15,-75.1
16,-59.0
17,-68.3
18,-61.0
19,-69.8
20,-67.0
21,-59.5
22,-61.0
23,-62.5
24,-65.0
25,-74.6
26,-61.0
