frequency,pdr
11,-48.7
12,-46.0
13,-45.9
14,-53.9
15,-51.0
16,-43.0
17,-46.0
18,-66.4444444444
19,-54.6
20,-44.7
21,-45.7
22,-60.0
23,-45.8181818182
24,-46.0
25,-43.0
26,-46.0
