frequency,pdr
11,-55.0
12,-58.2222222222
13,-57.7777777778
14,-51.1
15,-47.6
16,-50.8
17,-55.0
18,-52.1
19,-55.0
20,-57.2
21,-65.2
22,-55.8
23,-55.0
24,-62.0
25,-55.0
26,-48.9
