frequency,pdr
11,100.0
12,99.4117647059
13,100.0
14,100.0
15,100.0
16,100.0
17,100.0
18,100.0
19,100.0
20,100.0
21,100.0
22,97.6470588235
23,100.0
24,100.0
25,100.0
26,100.0
