frequency,pdr
11,100.0
12,100.0
13,97.6470588235
14,97.6470588235
15,100.0
16,100.0
17,100.0
18,97.6470588235
19,100.0
20,100.0
21,100.0
22,100.0
23,100.0
24,100.0
25,100.0
26,100.0
