frequency,pdr
11,-53.5
12,-51.0
13,-49.5
14,-50.4444444444
15,-55.0
16,-53.0
17,-48.2222222222
18,-48.4
19,-49.5
20,-52.0
21,-49.0
22,-49.0
23,-49.0
24,-48.2
25,-47.0
26,-47.1
