frequency,pdr
11,-45.8888888889
12,-44.1111111111
13,-44.0
14,-45.4
15,-49.0
16,-65.6
17,-53.2222222222
18,-49.1
19,-46.0
20,-44.0
21,-43.0
22,-43.0
23,-45.0
24,-49.0
25,-52.0
26,-52.0
