frequency,pdr
11,-47.0
12,-48.0
13,-55.0
14,-55.1
15,-73.7777777778
16,-60.2
17,-49.8888888889
18,-49.1111111111
19,-46.8571428571
20,-48.3
21,-49.7
22,-49.0
23,-52.0
24,-52.7
25,-52.0
26,-55.0
