frequency,pdr
11,-46.0
12,-43.1
13,-46.0
14,-43.1
15,-43.0
16,-46.0
17,-49.6666666667
18,-52.8181818182
19,-46.0
20,-45.2
21,-45.8
22,-46.0
23,-48.7
24,-49.0
25,-50.1
26,-43.0
