frequency,pdr
11,-59.0
12,-55.0
13,-57.0
14,-58.0
15,-58.0
16,-59.6
17,-64.4
18,-61.0
19,-55.0
20,-64.1
21,-62.5
22,-70.3333333333
23,-72.4285714286
24,-65.3
25,-65.8
26,-67.2
