frequency,pdr
11,-49.0
12,-51.0
13,-50.4444444444
14,-60.0
15,-49.4
16,-49.0
17,-49.0
18,-61.3
19,-53.9
20,-61.0
21,-61.1
22,-61.7
23,-64.4444444444
24,-53.4
25,-51.4
26,-58.0
