frequency,pdr
11,-73.1111111111
12,-76.4444444444
13,-72.2
14,-69.8
15,-71.3
16,-67.0
17,-61.1
18,-74.9
19,-63.8
20,-64.5
21,-67.0
22,-64.5
23,-64.4
24,-70.8
25,-76.4
26,-70.0
