frequency,pdr
11,-72.1111111111
12,-74.0
13,-58.3
14,-77.7
15,-62.9
16,-74.5
17,-62.8
18,-61.7
19,-59.9
20,-65.0
21,-57.5
22,-60.6363636364
23,-66.3
24,-68.5
25,-73.9
26,-70.0
