frequency,pdr
11,-67.8
12,-67.0
13,-67.2222222222
14,-61.1
15,-75.6
16,-67.0
17,-64.0
18,-69.7
19,-67.0
20,-61.0
21,-67.0
22,-80.7777777778
23,-67.0
24,-69.9
25,-64.1
26,-62.1
