frequency,pdr
11,-69.5555555556
12,-64.6
13,-72.5714285714
14,-65.0
15,-61.0
16,-72.0
17,-67.4
18,-70.0
19,-66.5
20,-63.1
21,-64.3
22,-67.0
23,-67.0
24,-70.9
25,-61.0
26,-75.4
