frequency,pdr
11,-59.1111111111
12,-69.8
13,-51.4444444444
14,-50.1
15,-53.0
16,-59.0
17,-59.4
18,-54.0
19,-54.8
20,-55.0
21,-55.0
22,-60.1
23,-56.1
24,-55.0
25,-53.5
26,-47.7
