frequency,pdr
11,-62.5454545455
12,-57.1
13,-50.7
14,-48.0
15,-49.2
16,-54.9
17,-54.9
18,-55.2
19,-56.9
20,-64.3
21,-55.0
22,-60.4
23,-64.5
24,-58.2
25,-52.0
26,-72.1111111111
