frequency,pdr
11,-70.5555555556
12,-61.0
13,-67.2222222222
14,-58.3
15,-61.0
16,-55.0
17,-62.1
18,-54.0
19,-58.0
20,-67.4
21,-69.4
22,-64.0
23,-66.1
24,-65.1
25,-63.8
26,-72.7
