frequency,pdr
11,-68.1
12,-60.0
13,-63.8888888889
14,-72.3
15,-62.5
16,-78.6
17,-64.0
18,-64.0
19,-58.6
20,-74.8
21,-67.0
22,-63.4
23,-77.6666666667
24,-64.0
25,-70.0
26,-68.0
