frequency,pdr
11,-80.5555555556
12,-67.0
13,-78.5
14,-72.8
15,-59.7
16,-67.0
17,-67.0
18,-64.0
19,-76.8
20,-76.2
21,-81.1
22,-68.7
23,-66.6
24,-77.5
25,-85.2727272727
26,-85.3
