frequency,pdr
11,-45.9
12,-49.0
13,-54.1111111111
14,-52.0
15,-52.0
16,-52.4444444444
17,-49.4
18,-46.0
19,-45.2
20,-43.0
21,-42.6
22,-43.0
23,-43.1
24,-44.2
25,-45.9
26,-46.0
