frequency,pdr
11,-66.2
12,-73.3333333333
13,-67.7777777778
14,-66.75
15,-67.0
16,-69.5555555556
17,-70.0
18,-70.0
19,-72.3333333333
20,-67.0
21,-69.4
22,-67.0
23,-65.0
24,-67.3
25,-74.8
26,-70.0
