frequency,pdr
11,-57.9090909091
12,-57.6
13,-58.0
14,-56.2222222222
15,-54.8
16,-56.5
17,-58.0
18,-52.0
19,-51.2
20,-49.0
21,-51.8
22,-53.8
23,-55.0
24,-54.7
25,-52.4
26,-53.4
