frequency,pdr
11,-50.4
12,-49.0
13,-52.0
14,-57.4444444444
15,-52.1
16,-52.6666666667
17,-54.8
18,-54.7777777778
19,-60.5555555556
20,-55.0
21,-52.0
22,-52.0
23,-55.0
24,-55.0
25,-62.2
26,-67.0
