frequency,pdr
11,-67.1
12,-64.0
13,-67.0
14,-60.6
15,-61.0
16,-64.0
17,-59.2222222222
18,-57.5555555556
19,-58.0
20,-58.0
21,-58.1
22,-61.0
23,-65.7
24,-69.1
25,-67.0
26,-64.8
