frequency,pdr
11,-55.0
12,-55.1
13,-77.5
14,-58.4444444444
15,-55.0
16,-55.0
17,-55.0
18,-56.6666666667
19,-59.75
20,-53.6
21,-54.3
22,-55.0
23,-61.0
24,-63.8
25,-70.3
26,-67.0
