frequency,pdr
11,-60.5555555556
12,-64.9
13,-57.8888888889
14,-54.7142857143
15,-52.2
16,-52.0
17,-54.2
18,-57.7777777778
19,-57.75
20,-67.0
21,-67.0
22,-62.6
23,-55.0
24,-55.3
25,-56.5
26,-56.5
