frequency,pdr
11,-43.4
12,-43.0
13,-45.8888888889
14,-51.4285714286
15,-58.0
16,-55.0
17,-54.0
18,-57.8
19,-58.0
20,-63.0
21,-58.5
22,-50.1
23,-46.2
24,-46.0
25,-46.0
26,-46.0
