frequency,pdr
11,-54.6
12,-63.0
13,-61.1
14,-57.6666666667
15,-65.5
16,-66.2222222222
17,-71.5555555556
18,-61.0
19,-54.8181818182
20,-56.4
21,-55.0
22,-50.0
23,-50.4
24,-53.5
25,-64.0
26,-55.0
