frequency,pdr
11,-60.1
12,-60.8
13,-61.0
14,-62.0
15,-67.0
16,-67.0
17,-65.5555555556
18,-64.4444444444
19,-64.125
20,-67.0
21,-69.3
22,-83.0
23,-73.0
24,-67.3
25,-70.0
26,-73.0
