frequency,pdr
11,-71.3333333333
12,-73.875
13,-65.5555555556
14,-67.1
15,-73.0
16,-55.0
17,-55.0
18,-67.0
19,-68.5
20,-71.2
21,-67.0
22,-67.0
23,-66.3636363636
24,-73.4444444444
25,-58.0
26,-66.2
