frequency,pdr
11,-63.0
12,-59.4444444444
13,-55.0
14,-58.6
15,-55.0
16,-58.0
17,-60.3
18,-62.0
19,-63.2
20,-67.0
21,-56.0
22,-55.0
23,-67.9
24,-59.5555555556
25,-65.4
26,-66.6
