frequency,pdr
11,-62.7
12,-65.5555555556
13,-62.1
14,-63.9
15,-64.0
16,-70.4
17,-60.7
18,-56.0
19,-55.9
20,-58.1
21,-67.0
22,-61.5
23,-67.0
24,-67.1818181818
25,-63.2222222222
26,-67.1
