frequency,pdr
11,-61.0
12,-61.1111111111
13,-64.0
14,-60.9
15,-67.0
16,-65.7
17,-63.6
18,-66.2
19,-61.2
20,-61.5
21,-59.0
22,-66.7
23,-64.0
24,-63.8
25,-75.5555555556
26,-69.7
