frequency,pdr
11,-63.9
12,-63.1111111111
13,-63.0
14,-70.2
15,-68.2727272727
16,-68.6
17,-73.8
18,-55.0
19,-56.2
20,-58.0
21,-55.8
22,-59.8
23,-55.0
24,-58.3
25,-70.2
26,-67.5
