frequency,pdr
11,-71.0
12,-67.0
13,-71.5555555556
14,-67.1
15,-58.2
16,-71.2
17,-58.0
18,-69.7
19,-86.3333333333
20,-79.8
21,-70.0
22,-63.9
23,-67.0
24,-76.3636363636
25,-64.0
26,-63.6
