frequency,pdr
11,-49.2
12,-57.1111111111
13,-65.8888888889
14,-66.9
15,-69.5
16,-63.7
17,-58.0
18,-62.9
19,-65.9
20,-61.2
21,-67.4
22,-56.0
23,-62.5
24,-71.8333333333
25,-63.8888888889
26,-55.0
