frequency,pdr
11,-67.0
12,-56.0
13,-60.8888888889
14,-59.8
15,-60.3
16,-64.0
17,-56.6
18,-59.9
19,-60.1
20,-69.2
21,-64.0
22,-56.2
23,-61.0
24,-70.7777777778
25,-60.1111111111
26,-65.1
