frequency,pdr
11,-58.6
12,-64.1111111111
13,-55.0
14,-51.9
15,-51.6
16,-59.2
17,-68.9
18,-65.2
19,-59.1
20,-60.1
21,-58.0
22,-63.6
23,-62.4
24,-76.6666666667
25,-65.9
26,-69.8
