frequency,pdr
11,-64.4
12,-59.5555555556
13,-60.8888888889
14,-64.4
15,-67.0
16,-59.0
17,-61.2
18,-55.0
19,-61.5
20,-61.0
21,-71.9
22,-67.2
23,-62.8
24,-66.9
25,-63.3333333333
26,-64.3
