frequency,pdr
11,-76.3333333333
12,-66.3333333333
13,-65.2222222222
14,-61.0
15,-58.5
16,-57.3
17,-61.5
18,-61.1
19,-61.0
20,-67.7
21,-62.4
22,-65.1
23,-66.0
24,-78.7777777778
25,-70.3333333333
26,-79.3
