frequency,pdr
11,-67.1
12,-67.6666666667
13,-65.1111111111
14,-70.6
15,-67.0
16,-57.5
17,-67.0
18,-64.1
19,-59.0
20,-65.3
21,-61.0
22,-63.4
23,-71.5
24,-62.3333333333
25,-65.6
26,-69.8
