frequency,pdr
11,-60.4
12,-57.0
13,-56.7777777778
14,-73.0
15,-70.3
16,-65.6
17,-60.9
18,-61.7
19,-62.0
20,-60.5
21,-55.0
22,-68.4
23,-67.0
24,-69.5555555556
25,-67.0
26,-69.9
