frequency,pdr
11,-65.4
12,-58.6666666667
13,-52.5555555556
14,-48.1
15,-53.0
16,-55.8
17,-56.5
18,-60.3
19,-64.0
20,-64.9
21,-62.4
22,-67.0
23,-66.0
24,-67.0
25,-65.1111111111
26,-55.0
