frequency,pdr
11,-52.0
12,-55.0
13,-59.1111111111
14,-60.0
15,-55.1
16,-63.0
17,-68.1
18,-58.0
19,-54.0
20,-71.7
21,-70.6
22,-57.7
23,-63.9
24,-67.7777777778
25,-55.1111111111
26,-68.3
