frequency,pdr
11,-55.9
12,-63.6666666667
13,-62.6666666667
14,-61.0
15,-65.7
16,-58.4
17,-60.7
18,-67.2
19,-65.8
20,-67.0
21,-64.3
22,-67.4
23,-76.5
24,-63.9
25,-66.0
26,-67.0
