frequency,pdr
11,-62.0
12,-69.1111111111
13,-63.8888888889
14,-58.1
15,-67.5
16,-60.8
17,-63.5
18,-65.4
19,-59.6
20,-61.7
21,-66.7
22,-71.9
23,-63.7
24,-65.4
25,-66.5555555556
26,-60.7
