frequency,pdr
11,-63.7
12,-70.1111111111
13,-64.3
14,-68.9
15,-73.3
16,-65.0
17,-62.9
18,-61.8
19,-61.5
20,-71.8
21,-70.1
22,-79.0
23,-69.7
24,-66.6666666667
25,-66.4
26,-66.8
