frequency,pdr
11,-61.4
12,-66.4444444444
13,-62.4444444444
14,-61.8
15,-64.0
16,-64.1
17,-68.7
18,-55.2
19,-56.0
20,-60.0
21,-67.0
22,-61.0
23,-55.0
24,-65.9
25,-66.9
26,-61.0
