frequency,pdr
11,-47.6
12,-48.5555555556
13,-55.2222222222
14,-51.5
15,-48.1
16,-49.0
17,-50.5
18,-49.0
19,-46.0
20,-49.0
21,-52.0
22,-50.4
23,-55.8
24,-55.0
25,-57.3
26,-50.5
