frequency,pdr
11,-63.6
12,-59.1111111111
13,-58.0
14,-64.7
15,-67.3
16,-64.7
17,-74.4
18,-69.8
19,-60.6
20,-65.4
21,-64.0
22,-77.0
23,-68.2
24,-72.6666666667
25,-68.6
26,-71.5
