frequency,pdr
11,-52.0
12,-57.6666666667
13,-60.2222222222
14,-75.5555555556
15,-60.1
16,-60.9
17,-69.9
18,-65.9
19,-61.8
20,-63.3
21,-62.3
22,-69.6
23,-62.4
24,-54.5
25,-60.2222222222
26,-70.0
