frequency,pdr
11,-73.7
12,-69.8888888889
13,-69.7777777778
14,-67.3
15,-69.5
16,-74.6
17,-67.0
18,-60.1
19,-67.0
20,-67.0
21,-69.3
22,-62.5
23,-67.0
24,-70.0
25,-69.8888888889
26,-73.0
