frequency,pdr
11,-59.3
12,-66.6666666667
13,-58.2222222222
14,-61.4
15,-59.1
16,-72.1
17,-63.3
18,-63.8
19,-70.4
20,-58.4
21,-69.7
22,-59.0
23,-64.2
24,-52.0
25,-68.5
26,-62.9
