frequency,pdr
11,-72.5555555556
12,-68.4444444444
13,-68.6666666667
14,-74.1
15,-64.0
16,-65.8
17,-70.3
18,-67.0
19,-63.5
20,-63.7
21,-61.7
22,-66.9
23,-64.7272727273
24,-61.6666666667
25,-80.0
26,-61.0
