frequency,pdr
11,-64.3333333333
12,-67.8888888889
13,-67.2222222222
14,-62.6
15,-58.1
16,-66.9
17,-69.4
18,-58.0
19,-63.2
20,-63.6
21,-55.0
22,-56.5
23,-63.3
24,-59.3
25,-66.3333333333
26,-71.4
