frequency,pdr
11,-62.1
12,-73.4444444444
13,-57.7
14,-67.1
15,-63.4
16,-59.9
17,-68.4
18,-57.5
19,-56.1
20,-54.0
21,-60.0
22,-62.0
23,-58.7
24,-61.5555555556
25,-52.5
26,-62.7
