frequency,pdr
11,-63.9
12,-60.7777777778
13,-61.0
14,-63.1
15,-58.2
16,-62.9
17,-61.2
18,-60.7
19,-68.5
20,-66.7
21,-81.3
22,-69.9
23,-62.5
24,-59.0
25,-67.1111111111
26,-59.7
