frequency,pdr
11,-63.9
12,-70.6666666667
13,-62.2222222222
14,-76.1818181818
15,-70.0
16,-71.5
17,-67.0
18,-59.4
19,-64.0
20,-65.4
21,-61.0
22,-69.9
23,-64.2
24,-61.9
25,-79.0
26,-77.8
