frequency,pdr
11,-56.2
12,-55.2222222222
13,-73.6666666667
14,-66.2
15,-58.1
16,-60.6
17,-64.1
18,-68.6
19,-65.4
20,-70.0
21,-70.0
22,-63.7
23,-67.1
24,-63.8
25,-65.7
26,-58.0
