frequency,pdr
11,-63.4
12,-69.4444444444
13,-60.2222222222
14,-60.8
15,-55.0
16,-64.0
17,-62.0
18,-67.5
19,-67.2
20,-55.0
21,-61.6
22,-62.5
23,-57.7
24,-73.1
25,-59.4444444444
26,-55.0
