frequency,pdr
11,-63.5555555556
12,-74.5555555556
13,-68.2222222222
14,-64.3
15,-55.7
16,-61.0
17,-70.0
18,-76.0
19,-65.9090909091
20,-67.3
21,-59.3
22,-58.4
23,-63.7
24,-67.0
25,-66.1111111111
26,-56.5
