frequency,pdr
11,-63.7
12,-64.2222222222
13,-62.1
14,-61.0
15,-60.5
16,-55.0
17,-54.2
18,-58.0
19,-60.0
20,-64.0
21,-61.0
22,-55.9
23,-56.1
24,-57.9
25,-65.3333333333
26,-57.8
