frequency,pdr
11,-63.1
12,-70.6666666667
13,-63.8888888889
14,-57.8
15,-67.7
16,-60.8
17,-60.6
18,-58.8
19,-59.0
20,-57.8
21,-70.5
22,-64.9
23,-59.5
24,-62.1111111111
25,-68.6
26,-66.9
