frequency,pdr
11,-61.8
12,-66.5555555556
13,-63.6666666667
14,-76.0
15,-60.1
16,-70.7
17,-63.3
18,-62.8
19,-59.2
20,-67.4
21,-67.0
22,-67.7
23,-65.7
24,-61.9
25,-70.5
26,-68.5
