frequency,pdr
11,-64.7
12,-67.0
13,-68.8888888889
14,-62.4
15,-58.7
16,-61.1
17,-61.0
18,-66.4
19,-76.6
20,-64.0
21,-66.1
22,-67.6
23,-61.0
24,-60.3333333333
25,-60.9
26,-68.2
