frequency,pdr
11,-61.5
12,-61.3333333333
13,-66.7
14,-61.0
15,-67.0
16,-67.0
17,-64.0
18,-70.0
19,-71.6
20,-66.7
21,-64.5
22,-69.6
23,-66.7
24,-66.6363636364
25,-65.7
26,-62.5
