frequency,pdr
11,-51.9
12,-51.6666666667
13,-66.3333333333
14,-56.6
15,-54.9
16,-54.8
17,-51.7
18,-49.0
19,-52.3
20,-52.0
21,-61.0
22,-60.2
23,-50.6
24,-46.0
25,-46.2
26,-49.1
