frequency,pdr
11,-56.5
12,-68.5555555556
13,-57.9
14,-69.4
15,-73.1
16,-58.9
17,-57.9
18,-63.9
19,-59.0
20,-63.4
21,-75.9
22,-61.9
23,-61.6
24,-67.8888888889
25,-65.3333333333
26,-59.1
