frequency,pdr
11,-58.6666666667
12,-62.1111111111
13,-65.1111111111
14,-65.5
15,-66.7
16,-67.4
17,-67.0
18,-55.3
19,-58.5
20,-64.9
21,-62.1
22,-66.3
23,-69.3
24,-58.7
25,-66.5
26,-65.2
