frequency,pdr
11,-63.9
12,-55.0
13,-58.4444444444
14,-67.9
15,-67.0
16,-66.0
17,-61.0
18,-55.0
19,-65.6
20,-63.6
21,-76.8
22,-65.2
23,-69.8
24,-65.5555555556
25,-67.0
26,-76.0
