frequency,pdr
11,-60.2
12,-59.3333333333
13,-62.3333333333
14,-57.4
15,-61.2
16,-67.0
17,-58.0
18,-58.0
19,-61.7
20,-61.0
21,-62.0
22,-58.4
23,-56.5
24,-77.7777777778
25,-64.6666666667
26,-58.4545454545
