frequency,pdr
11,-59.4
12,-58.7777777778
13,-63.6666666667
14,-61.0
15,-64.1
16,-71.7
17,-79.7
18,-67.4
19,-67.0
20,-69.8
21,-72.5
22,-57.9
23,-66.8
24,-68.4
25,-68.0
26,-64.2
