frequency,pdr
11,-79.1
12,-66.8888888889
13,-70.5
14,-79.4
15,-70.9
16,-62.0
17,-66.7
18,-65.0
19,-67.3
20,-67.6
21,-60.2
22,-63.8
23,-61.9
24,-67.7
25,-61.4444444444
26,-66.3
