frequency,pdr
11,-79.0
12,-64.8888888889
13,-64.8888888889
14,-63.0
15,-58.0
16,-59.2
17,-60.4
18,-61.0
19,-67.0
20,-72.1
21,-75.6
22,-68.6
23,-67.0
24,-67.6
25,-64.0
26,-70.6
