frequency,pdr
11,-59.2
12,-65.1111111111
13,-63.7777777778
14,-64.0
15,-64.1
16,-65.6
17,-56.8
18,-64.2
19,-64.0
20,-81.3
21,-64.0
22,-59.9
23,-59.2
24,-62.1
25,-60.7777777778
26,-64.0
