frequency,pdr
11,-60.2
12,-60.8888888889
13,-65.3333333333
14,-61.0
15,-67.7
16,-69.5
17,-58.9
18,-64.2
19,-66.8
20,-73.6
21,-69.6
22,-67.5
23,-67.0
24,-63.0
25,-62.7
26,-60.8
