frequency,pdr
11,-64.0
12,-67.8888888889
13,-71.0
14,-64.0
15,-63.7
16,-59.0
17,-61.7
18,-62.4
19,-67.2
20,-67.0
21,-76.8
22,-55.0
23,-57.2
24,-61.0
25,-71.1111111111
26,-72.9
