frequency,pdr
11,-64.2
12,-63.8888888889
13,-59.1111111111
14,-61.2
15,-69.6
16,-65.0
17,-58.0
18,-80.7
19,-64.3
20,-71.9
21,-67.0
22,-70.5
23,-63.4
24,-67.0
25,-63.2222222222
26,-64.0
