frequency,pdr
11,-58.4
12,-63.2222222222
13,-58.2222222222
14,-68.5
15,-61.5
16,-59.7
17,-63.5
18,-60.6
19,-58.4
20,-65.3
21,-60.1
22,-64.3
23,-62.2
24,-65.7
25,-61.0
26,-66.2
