frequency,pdr
11,-61.0
12,-67.2222222222
13,-56.4444444444
14,-57.7
15,-59.2
16,-67.0
17,-61.0
18,-71.8
19,-68.4
20,-68.1
21,-70.0
22,-70.0
23,-72.7
24,-78.6666666667
25,-62.8
26,-77.8
