frequency,pdr
11,-68.7
12,-62.5555555556
13,-64.4444444444
14,-67.5
15,-58.0
16,-63.7
17,-67.3
18,-75.1
19,-77.5
20,-61.9
21,-64.3
22,-81.8888888889
23,-62.0
24,-67.1111111111
25,-67.0
26,-77.7
