frequency,pdr
11,-57.9
12,-55.0
13,-62.4444444444
14,-66.0
15,-67.0
16,-67.0
17,-61.0
18,-57.9
19,-57.7
20,-55.0
21,-56.6
22,-58.0
23,-55.0
24,-58.3333333333
25,-66.1111111111
26,-54.5
