frequency,pdr
11,-55.0
12,-51.3333333333
13,-51.4444444444
14,-64.4444444444
15,-58.9
16,-57.8
17,-67.5
18,-57.6
19,-64.9
20,-52.0
21,-50.5
22,-55.0
23,-60.6
24,-55.0
25,-57.7
26,-62.1
