frequency,pdr
11,-61.0
12,-71.2222222222
13,-61.0
14,-61.3
15,-62.4
16,-64.3
17,-58.0
18,-67.3
19,-60.7
20,-67.2
21,-62.4
22,-64.0
23,-65.4
24,-66.3333333333
25,-61.0
26,-63.9
