frequency,pdr
11,-55.4
12,-80.875
13,-73.3333333333
14,-61.0
15,-57.4
16,-60.1
17,-67.0
18,-61.9
19,-63.2
20,-57.8
21,-61.0
22,-56.1
23,-56.5
24,-58.6666666667
25,-55.1
26,-63.7
