frequency,pdr
11,-66.4
12,-58.1
13,-64.6666666667
14,-69.0
15,-61.6
16,-60.9
17,-64.0
18,-62.6
19,-60.7
20,-67.4
21,-69.1
22,-78.1111111111
23,-67.0
24,-70.0
25,-67.4
26,-67.9
