frequency,pdr
11,-63.0
12,-59.3333333333
13,-55.0
14,-61.0
15,-73.3
16,-70.1
17,-84.75
18,-69.6
19,-74.0
20,-76.5
21,-67.0
22,-65.7
23,-69.6
24,-59.1
25,-66.8888888889
26,-67.8
