frequency,pdr
11,-67.1
12,-71.2222222222
13,-63.8888888889
14,-64.0
15,-67.1
16,-64.0
17,-60.7
18,-61.0
19,-68.6
20,-63.3
21,-66.4
22,-65.9
23,-58.2
24,-68.2
25,-62.1
26,-66.6
