frequency,pdr
11,-55.0
12,-69.8888888889
13,-71.0
14,-67.0
15,-58.8
16,-59.7
17,-68.2
18,-69.9
19,-59.6
20,-57.7
21,-61.0
22,-69.4
23,-62.9
24,-66.6666666667
25,-77.2222222222
26,-64.5
