frequency,pdr
11,-61.0
12,-67.0
13,-67.5555555556
14,-60.9
15,-68.4
16,-59.9
17,-62.1
18,-68.8
19,-73.0
20,-69.0
21,-67.0
22,-75.7
23,-73.6
24,-60.8181818182
25,-65.0
26,-61.0
