frequency,pdr
11,-55.1
12,-60.2
13,-60.8888888889
14,-52.0
15,-58.3
16,-52.0
17,-55.0
18,-67.0
19,-65.1
20,-68.8
21,-72.3
22,-67.0
23,-58.0
24,-67.5555555556
25,-58.4
26,-58.0
