frequency,pdr
11,-69.8888888889
12,-69.4444444444
13,-68.3333333333
14,-61.2
15,-67.0
16,-66.1
17,-83.0
18,-73.0
19,-64.0
20,-69.0909090909
21,-68.0
22,-59.5
23,-58.7
24,-63.0
25,-68.7777777778
26,-67.2
