frequency,pdr
11,-59.1
12,-61.1111111111
13,-55.2222222222
14,-55.5
15,-60.9
16,-71.1
17,-67.4
18,-59.4
19,-60.0
20,-67.7
21,-64.3
22,-64.3
23,-63.6
24,-67.0
25,-64.0
26,-70.0
