frequency,pdr
11,-60.4
12,-67.3333333333
13,-68.4444444444
14,-67.0
15,-64.7
16,-62.6
17,-64.5
18,-61.0
19,-62.2
20,-61.2
21,-70.4
22,-65.1
23,-75.6
24,-72.1111111111
25,-68.1
26,-69.9
