frequency,pdr
11,-61.9
12,-60.5555555556
13,-61.8888888889
14,-64.6
15,-69.7
16,-53.1
17,-57.9
18,-54.1
19,-58.0
20,-66.0
21,-69.4
22,-67.0
23,-59.5
24,-57.7
25,-55.6666666667
26,-59.9
