frequency,pdr
11,-48.2
12,-46.0
13,-46.0
14,-46.0
15,-49.0909090909
16,-48.2
17,-48.9
18,-51.9
19,-55.1666666667
20,-66.3
21,-58.0
22,-54.9
23,-52.0
24,-52.0
25,-52.0
26,-52.0
