frequency,pdr
11,-68.1111111111
12,-70.0
13,-72.6666666667
14,-70.0
15,-70.0
16,-72.7
17,-71.25
18,-69.7272727273
19,-69.5
20,-66.1
21,-67.0
22,-67.0
23,-64.8
24,-67.0
25,-67.0
26,-69.1818181818
