frequency,pdr
11,-64.0
12,-69.0
13,-67.1111111111
14,-67.0
15,-67.0
16,-63.6
17,-64.0
18,-67.2222222222
19,-69.5
20,-67.1
21,-65.0
22,-64.0
23,-67.0
24,-70.0
25,-65.0
26,-64.7
