frequency,pdr
11,-88.25
12,-69.0
13,-70.0
14,-70.0
15,-87.8888888889
16,-70.0
17,-70.0
18,-81.6666666667
19,-76.5
20,-76.0
21,-76.0
22,-73.0
23,-73.0
24,-73.0
25,-70.3
26,-70.0
