frequency,pdr
11,-63.4444444444
12,-66.25
13,-67.0
14,-64.2857142857
15,-63.1
16,-67.0
17,-67.0
18,-69.8888888889
19,-70.75
20,-76.0
21,-81.0
22,-75.8888888889
23,-67.0
24,-64.0
25,-64.0
26,-68.4
