frequency,pdr
11,-70.2222222222
12,-67.0
13,-67.0
14,-69.875
15,-67.0
16,-67.0
17,-64.0
18,-64.3333333333
19,-65.5
20,-65.0
21,-66.9
22,-66.5
23,-65.8
24,-67.0
25,-68.0
26,-69.2
