frequency,pdr
11,-61.0
12,-61.0
13,-63.6666666667
14,-68.4285714286
15,-64.0
16,-59.0
17,-64.0
18,-71.1111111111
19,-67.2
20,-71.0
21,-72.0
22,-79.0
23,-71.5
24,-70.0
25,-65.8
26,-64.0
