frequency,pdr
11,-67.0
12,-58.3333333333
13,-57.8
14,-58.375
15,-63.4
16,-62.0
17,-62.5555555556
18,-62.9
19,-66.0
20,-65.0
21,-61.0
22,-61.0
23,-61.0
24,-62.9
25,-73.0
26,-66.1
