frequency,pdr
11,-61.8
12,-60.4285714286
13,-69.0
14,-61.0
15,-64.0
16,-62.0
17,-58.0
18,-58.0
19,-57.3333333333
20,-64.0
21,-61.0
22,-60.0
23,-64.0
24,-67.0
25,-64.0
26,-64.0
