frequency,pdr
11,-65.7777777778
12,-61.0
13,-62.4
14,-70.0
15,-67.0
16,-61.0
17,-60.6666666667
18,-61.5555555556
19,-59.4285714286
20,-62.0
21,-67.9
22,-77.0
23,-76.5
24,-76.0
25,-78.7
26,-69.6
