frequency,pdr
11,-58.4444444444
12,-59.4
13,-60.4444444444
14,-61.0
15,-67.6
16,-66.9
17,-64.5
18,-64.0
19,-63.75
20,-67.0
21,-70.0
22,-82.0
23,-73.1
24,-68.8
25,-70.0
26,-73.0
