frequency,pdr
11,-46.0
12,-46.0
13,-46.0
14,-47.0
15,-49.0
16,-49.0
17,-49.9
18,-51.5555555556
19,-52.5714285714
20,-53.9
21,-52.0
22,-51.0
23,-50.1
24,-49.0
25,-48.3
26,-48.8
