frequency,pdr
11,-67.0
12,-61.5714285714
13,-71.4444444444
14,-74.5
15,-74.0
16,-73.0
17,-67.8888888889
18,-64.0
19,-67.0
20,-66.1
21,-72.9
22,-69.8
23,-81.0
24,-69.1818181818
25,-65.6
26,-61.5
