frequency,pdr
11,-64.5555555556
12,-63.6666666667
13,-64.0
14,-64.0
15,-67.0
16,-78.9
17,-67.0
18,-65.0
19,-63.4
20,-64.0
21,-65.8
22,-69.8
23,-71.0
24,-79.0
25,-70.0
26,-67.0
