frequency,pdr
11,-67.0
12,-70.25
13,-71.7777777778
14,-72.0
15,-73.3
16,-76.0
17,-70.0
18,-77.5555555556
19,-82.25
20,-91.0
21,-78.0
22,-70.0
23,-69.9
24,-73.0
25,-73.0
26,-73.0
