frequency,pdr
11,-61.0
12,-59.0
13,-58.2857142857
14,-58.0
15,-67.0
16,-63.5
17,-62.6
18,-63.6666666667
19,-61.9
20,-61.0
21,-61.0
22,-64.0
23,-61.0
24,-61.5
25,-61.0
26,-57.1
