frequency,pdr
11,-66.875
12,-68.0
13,-65.1428571429
14,-67.0
15,-66.1
16,-65.4285714286
17,-60.7
18,-61.0
19,-64.0
20,-64.0
21,-67.0
22,-66.8
23,-67.0
24,-67.0
25,-68.0
26,-68.6
