frequency,pdr
11,-70.0
12,-68.7142857143
13,-77.3333333333
14,-70.2222222222
15,-67.0
16,-66.7142857143
17,-67.0
18,-67.0
19,-69.0
20,-80.4
21,-76.0
22,-75.0
23,-71.2
24,-73.0
25,-73.0
26,-76.0
