frequency,pdr
11,-62.9
12,-64.6666666667
13,-67.0
14,-70.2222222222
15,-64.9
16,-67.8
17,-67.2
18,-64.6666666667
19,-59.0
20,-58.0
21,-61.0
22,-67.0
23,-64.0
24,-63.5
25,-64.7
26,-67.7
