frequency,pdr
11,-64.0
12,-64.1666666667
13,-61.0
14,-64.0
15,-64.0
16,-65.8571428571
17,-67.0
18,-68.1
19,-67.0
20,-67.0
21,-70.0
22,-77.0
23,-77.9
24,-72.9
25,-71.7
26,-76.1
