frequency,pdr
11,-64.8571428571
12,-69.0
13,-67.0
14,-74.2222222222
15,-76.8
16,-67.0
17,-63.9
18,-62.5
19,-65.2
20,-64.0
21,-64.8
22,-79.0
23,-67.0
24,-67.0
25,-75.2
26,-83.9
