frequency,pdr
11,-66.375
12,-69.4
13,-70.0
14,-84.6666666667
15,-67.0
16,-66.0
17,-68.0
18,-83.4444444444
19,-75.9
20,-70.5
21,-67.0
22,-64.0
23,-67.0
24,-69.8
25,-70.0
26,-69.0
