frequency,pdr
11,-67.0
12,-66.5
13,-69.8571428571
14,-69.2222222222
15,-64.9
16,-65.6
17,-67.7
18,-70.0
19,-70.9
20,-67.0
21,-67.0
22,-65.2
23,-64.0
24,-64.0
25,-66.9
26,-68.2
