frequency,pdr
11,-60.7142857143
12,-58.0
13,-57.5714285714
14,-58.0
15,-60.9
16,-63.2
17,-74.2
18,-64.0
19,-59.0
20,-58.0
21,-59.6
22,-61.9
23,-55.0
24,-60.8
25,-59.3
26,-61.0
