frequency,pdr
11,-66.875
12,-70.0
13,-67.8333333333
14,-67.0
15,-67.0
16,-66.5
17,-67.0
18,-68.5
19,-77.1
20,-69.0
21,-67.4
22,-73.0
23,-81.8888888889
24,-73.9
25,-76.3
26,-71.6
