frequency,pdr
11,-71.1111111111
12,-70.4
13,-61.1
14,-73.6
15,-67.0
16,-58.0
17,-62.8
18,-66.9
19,-73.0
20,-56.0
21,-61.0
22,-71.6
23,-77.4444444444
24,-61.0
25,-61.0
26,-70.3
