frequency,pdr
11,-71.4444444444
12,-67.3
13,-60.7
14,-67.1
15,-67.3
16,-63.0
17,-61.0
18,-56.7
19,-62.6363636364
20,-63.2
21,-68.1
22,-63.6
23,-64.7
24,-80.5
25,-71.5
26,-70.0
