frequency,pdr
11,-47.8
12,-50.2222222222
13,-58.1
14,-52.2
15,-51.2222222222
16,-48.0
17,-55.0
18,-66.9
19,-49.0
20,-55.0
21,-49.0
22,-43.9
23,-48.0
24,-52.1
25,-63.7777777778
26,-58.2
