frequency,pdr
11,-55.1111111111
12,-66.4444444444
13,-57.6666666667
14,-67.0
15,-54.8
16,-67.0
17,-68.2
18,-56.4
19,-66.5
20,-59.4
21,-61.0
22,-62.8
23,-55.0
24,-63.3
25,-54.8888888889
26,-51.9
