frequency,pdr
11,-47.0
12,-49.0
13,-56.2222222222
14,-63.3333333333
15,-45.9
16,-46.5
17,-56.4
18,-48.9
19,-51.1
20,-45.0
21,-48.1
22,-48.3636363636
23,-48.6
24,-49.0
25,-49.0
26,-49.3
