frequency,pdr
11,-61.8888888889
12,-61.1111111111
13,-63.7777777778
14,-72.4444444444
15,-69.9
16,-65.5
17,-61.0
18,-58.1
19,-64.0
20,-62.9
21,-72.9
22,-70.8
23,-63.9
24,-71.1
25,-64.2
26,-69.7
