frequency,pdr
11,-49.0
12,-51.0
13,-56.7777777778
14,-53.7
15,-57.6
16,-63.1
17,-52.4
18,-52.0
19,-49.0
20,-55.0
21,-52.0
22,-55.0
23,-60.3
24,-65.0
25,-55.5555555556
26,-67.3
