frequency,pdr
11,-69.4444444444
12,-63.1111111111
13,-62.125
14,-63.5
15,-68.8888888889
16,-62.7
17,-65.7
18,-58.0
19,-59.5
20,-75.1
21,-73.0
22,-73.3
23,-62.4
24,-64.0
25,-74.4444444444
26,-61.3
