frequency,pdr
11,-63.1
12,-63.3333333333
13,-67.5
14,-64.6
15,-67.1111111111
16,-64.6
17,-64.0
18,-72.7
19,-61.0
20,-65.1
21,-70.6
22,-67.1
23,-64.5
24,-66.0
25,-70.1
26,-67.0
