frequency,pdr
11,-44.4
12,-43.6
13,-56.6666666667
14,-47.9
15,-60.8888888889
16,-59.5
17,-51.0
18,-55.0
19,-52.0
20,-49.0
21,-55.0
22,-50.4
23,-48.1
24,-55.5
25,-57.5
26,-49.1
