frequency,pdr
11,-57.4
12,-60.8888888889
13,-60.3333333333
14,-69.2222222222
15,-72.6363636364
16,-65.5
17,-59.8
18,-62.8
19,-58.0
20,-55.0
21,-51.9
22,-59.6
23,-65.5
24,-68.5
25,-69.2222222222
26,-61.0
