frequency,pdr
11,-56.7777777778
12,-54.9
13,-54.5
14,-50.5
15,-51.2
16,-55.0
17,-52.0
18,-50.3
19,-60.0
20,-55.0
21,-60.0
22,-64.0
23,-64.6666666667
24,-54.5
25,-55.0
26,-55.0
