frequency,pdr
11,-72.0
12,-69.8888888889
13,-57.7777777778
14,-61.0
15,-67.0
16,-62.0
17,-61.0
18,-67.6
19,-67.0
20,-58.7
21,-60.5
22,-75.8888888889
23,-73.7777777778
24,-64.0
25,-66.6
26,-69.2
