frequency,pdr
11,-72.8
12,-65.5555555556
13,-67.0
14,-65.9
15,-55.0
16,-65.1
17,-71.1
18,-65.4
19,-61.0
20,-61.0
21,-69.4
22,-76.4
23,-69.5
24,-72.8
25,-66.8888888889
26,-74.2
