frequency,pdr
11,-57.2
12,-56.0
13,-63.5555555556
14,-55.1
15,-61.0
16,-68.0
17,-67.0
18,-60.5
19,-60.1
20,-59.0
21,-67.5
22,-56.4
23,-63.8
24,-68.3
25,-77.5555555556
26,-64.1
