frequency,pdr
11,-67.6666666667
12,-70.0
13,-60.3333333333
14,-59.0
15,-67.0
16,-70.5
17,-58.1
18,-60.7
19,-68.7
20,-60.5
21,-64.3
22,-58.0
23,-63.7
24,-59.3
25,-58.2
26,-67.2
