frequency,pdr
11,-67.7777777778
12,-58.2
13,-60.75
14,-62.9
15,-58.7777777778
16,-69.0
17,-64.0
18,-68.1
19,-66.4
20,-72.8
21,-80.1
22,-61.2
23,-61.2
24,-70.0
25,-69.1
26,-67.4
