frequency,pdr
11,-55.0
12,-70.1111111111
13,-67.3333333333
14,-55.1
15,-55.0
16,-57.8
17,-58.0
18,-54.7
19,-55.0
20,-55.0
21,-68.1
22,-61.5
23,-61.0
24,-68.6
25,-67.5555555556
26,-58.0
