frequency,pdr
11,-54.9
12,-63.2222222222
13,-59.75
14,-54.0
15,-62.5
16,-61.0
17,-55.0
18,-56.8
19,-55.9
20,-55.0
21,-52.0
22,-59.5
23,-52.2
24,-49.0
25,-66.3333333333
26,-67.0
