frequency,pdr
11,-54.9
12,-67.4444444444
13,-54.7777777778
14,-56.3
15,-59.2222222222
16,-55.0
17,-60.7
18,-63.4
19,-66.4
20,-55.2
21,-55.2
22,-55.0
23,-53.8
24,-55.0
25,-54.8888888889
26,-54.8
