frequency,pdr
11,-66.4
12,-64.3333333333
13,-72.1111111111
14,-61.2
15,-61.0
16,-73.1
17,-57.2
18,-55.6
19,-58.4
20,-61.2
21,-64.0
22,-58.6
23,-62.3
24,-67.0
25,-67.2
26,-67.0
