frequency,pdr
11,-59.3
12,-62.3
13,-67.2222222222
14,-59.3
15,-65.4444444444
16,-64.3
17,-68.1
18,-65.1
19,-61.9
20,-60.8
21,-70.1
22,-69.2
23,-65.0
24,-70.0
25,-64.0
26,-65.3
