frequency,pdr
11,-64.3
12,-62.5555555556
13,-57.8
14,-58.0
15,-59.7777777778
16,-64.0
17,-74.0
18,-55.0
19,-61.0
20,-66.0
21,-67.0
22,-68.4
23,-56.5
24,-61.0
25,-55.7
26,-57.9
