frequency,pdr
11,-55.3333333333
12,-52.2222222222
13,-56.3333333333
14,-58.8
15,-49.0
16,-66.8
17,-51.7
18,-52.0
19,-54.9
20,-50.6
21,-51.3
22,-48.6
23,-57.9
24,-55.0
25,-51.4
26,-52.0
