frequency,pdr
11,-67.5555555556
12,-53.0
13,-57.625
14,-52.5
15,-50.4
16,-53.1
17,-58.0
18,-52.0
19,-52.6
20,-58.1
21,-69.2
22,-56.4545454545
23,-57.2
24,-63.2
25,-55.6666666667
26,-66.2
