frequency,pdr
11,-62.4
12,-60.6666666667
13,-64.1111111111
14,-64.0
15,-60.9
16,-57.7
17,-64.7
18,-60.9
19,-62.8
20,-70.9
21,-59.4
22,-59.8
23,-55.5
24,-58.2
25,-61.0
26,-64.3
