frequency,pdr
11,-75.2
12,-67.0
13,-77.2222222222
14,-60.1
15,-57.9090909091
16,-61.8
17,-58.2
18,-56.6
19,-60.6
20,-65.9
21,-67.3
22,-67.5
23,-61.3
24,-55.0
25,-67.0
26,-80.4
