frequency,pdr
11,-59.2
12,-55.0
13,-50.5
14,-52.4
15,-67.5555555556
16,-57.0
17,-49.1
18,-62.4
19,-63.4
20,-58.6
21,-57.2
22,-52.0
23,-66.4
24,-52.0
25,-50.6666666667
26,-53.9
