frequency,pdr
11,-52.9
12,-56.9090909091
13,-50.8
14,-47.8
15,-52.0
16,-49.1
17,-47.3
18,-55.0
19,-59.9
20,-52.0
21,-52.1
22,-62.9
23,-52.5
24,-61.9
25,-59.5555555556
26,-49.2
