frequency,pdr
11,-74.75
12,-72.4444444444
13,-64.3333333333
14,-64.1
15,-65.4444444444
16,-72.5
17,-68.6
18,-67.0
19,-71.0
20,-73.5
21,-58.0
22,-65.0
23,-60.9
24,-62.6
25,-61.0
26,-61.0
