frequency,pdr
11,-90.5
12,-90.3333333333
13,-91.0
14,-91.0
15,-91.0
16,-91.0
17,-91.0
18,-91.0
19,-91.0
20,-91.0
21,-91.0
22,-89.1428571429
23,-89.0
24,-89.2222222222
25,-90.9
26,-90.0
