frequency,pdr
11,-86.9
12,-86.5
13,-86.7777777778
14,-88.3
15,-89.5
16,-90.7777777778
17,-91.0
18,-91.0
19,-91.0
20,-91.0
21,-91.0
22,-90.0
23,-91.0
24,-91.0
25,-91.0
