frequency,pdr
11,-84.8
12,-84.8
13,-85.0
14,-85.2
15,-87.5
16,-88.4444444444
17,-86.8
18,-84.4285714286
19,-83.0
20,-83.9
21,-84.6
22,-82.9
23,-81.6
24,-81.0
25,-81.1
26,-81.9
