frequency,pdr
11,-90.1666666667
12,-88.9
13,-89.0
14,-89.0
15,-90.3
16,-91.0
17,-91.0
18,-90.8888888889
19,-91.0
20,-91.0
23,-91.0
24,-91.0
25,-91.0
26,-91.0
