frequency,pdr
11,-85.0
12,-83.2
13,-84.0
14,-86.0
15,-89.1
16,-91.0
21,-91.0
22,-87.1666666667
23,-84.8888888889
24,-85.6
25,-89.6
