frequency,pdr
11,-79.0
12,-79.0
13,-79.0
14,-79.7
15,-82.0
16,-85.6
17,-89.7142857143
18,-85.0
19,-81.5
20,-79.3
21,-80.0
22,-80.3333333333
23,-80.2
24,-82.0
25,-83.7
26,-84.1
