frequency,pdr
11,-90.0
12,-90.7
13,-91.0
14,-90.7
15,-90.7
16,-90.5
17,-90.0909090909
18,-88.5
19,-87.0
20,-85.2
21,-84.1
22,-83.4444444444
23,-84.2
24,-85.1
25,-86.5
26,-89.0
