frequency,pdr
11,-84.5555555556
12,-88.2222222222
13,-79.1111111111
14,-74.9
15,-73.0
16,-72.4
17,-71.3
18,-72.0
19,-70.5
20,-70.0
21,-70.0
22,-69.3
23,-69.9
24,-70.0
25,-69.8
26,-68.9
