frequency,pdr
11,-87.1
12,-90.0
14,-91.0
15,-89.6
16,-87.4
17,-84.2222222222
18,-83.8888888889
19,-85.0
20,-87.6
21,-89.1
23,-87.0
24,-86.1
25,-87.6
26,-87.3
