frequency,pdr
11,-84.5
12,-90.5
14,-90.9
15,-88.0
16,-86.0
17,-86.8571428571
18,-88.0
19,-90.5
20,-90.0
21,-87.0
22,-84.3333333333
23,-85.0
24,-85.8
25,-85.2
26,-84.7
