frequency,pdr
11,-70.1
12,-71.375
13,-73.0
14,-76.5
15,-81.7
16,-91.0
17,-90.3
18,-83.9
19,-80.3
20,-80.0
21,-81.0
22,-80.8888888889
23,-80.6666666667
24,-79.0
25,-79.0
26,-79.0
