frequency,pdr
11,-80.7
12,-81.8888888889
13,-79.2222222222
14,-78.3
15,-76.8
16,-77.0
17,-79.0
18,-80.9
19,-82.0
20,-79.8
21,-79.0
22,-77.7
23,-79.0
24,-79.0
25,-76.6
26,-76.0
