frequency,pdr
11,-85.6363636364
12,-84.1111111111
13,-85.0
14,-82.5
15,-82.0
16,-81.3
17,-82.0
18,-83.0
19,-85.0
20,-84.0
21,-82.9
22,-83.3
23,-82.9
24,-83.5
25,-85.0
26,-86.0
