frequency,pdr
11,-89.1111111111
12,-88.2222222222
13,-86.125
14,-88.0
15,-89.4
16,-90.3
17,-89.4
18,-89.2
19,-91.0
20,-91.0
21,-91.0
22,-90.0
23,-90.9
24,-91.0
25,-91.0
26,-91.0
