frequency,pdr
11,-62.2222222222
12,-62.6666666667
13,-55.0
14,-61.7
15,-64.1
16,-55.0
17,-58.0
18,-67.0
19,-67.0
20,-58.0
21,-52.4
22,-67.0
23,-60.7
24,-66.4
25,-55.0
26,-63.6
