frequency,pdr
11,-50.9
12,-57.1111111111
13,-52.4444444444
14,-52.0
15,-51.7
16,-53.5
17,-49.0
18,-59.5
19,-55.0
20,-68.9
21,-58.0
22,-55.0
23,-51.3
24,-55.0
25,-52.2222222222
26,-50.6
