frequency,pdr
11,-71.1111111111
12,-61.7777777778
13,-67.0
14,-67.0
15,-63.9
16,-52.0
17,-55.0
18,-52.0
19,-55.0
20,-62.1
21,-64.3
22,-67.0
23,-67.0
24,-64.4
25,-72.6666666667
26,-66.8
