frequency,pdr
11,-60.1
12,-52.0
13,-57.8888888889
14,-58.0
15,-61.0
16,-65.6
17,-56.5
18,-59.2
19,-56.1
20,-69.6
21,-60.4
22,-68.5
23,-56.2
24,-55.0
25,-65.1111111111
26,-62.0
