frequency,pdr
11,-55.0
12,-62.3333333333
13,-64.0
14,-61.4
15,-64.0
16,-58.0
17,-55.0
18,-64.1
19,-63.1
20,-67.7
21,-58.3
22,-62.3
23,-56.0
24,-55.0
25,-68.4444444444
26,-58.0
