frequency,pdr
11,-66.1
12,-59.8888888889
13,-65.1111111111
14,-67.0
15,-63.9
16,-58.0
17,-58.2
18,-64.5
19,-67.0
20,-59.8
21,-58.0
22,-57.5
23,-62.3
24,-64.0
25,-75.0
26,-61.0
