frequency,pdr
11,-75.0
12,-69.4444444444
13,-67.0
14,-64.0
15,-61.5
16,-65.5
17,-61.0
18,-56.7
19,-55.0
20,-66.2
21,-76.2222222222
22,-64.1
23,-60.5
24,-62.9
25,-63.1111111111
26,-65.0
