frequency,pdr
11,-71.4
12,-64.0
13,-61.0
14,-70.0
15,-71.0
16,-66.4
17,-77.6
18,-64.0
19,-61.0
20,-61.0
21,-65.9
22,-61.0
23,-66.6363636364
24,-75.9
25,-72.2222222222
26,-62.2
