frequency,pdr
11,-52.0
12,-61.3333333333
13,-56.8888888889
14,-69.0
15,-59.9
16,-61.8
17,-58.0
18,-54.4
19,-52.0
20,-58.7
21,-67.4
22,-55.0
23,-55.0
24,-64.6
25,-62.0
26,-59.8
