frequency,pdr
11,-55.0
12,-57.3333333333
13,-55.3333333333
14,-57.6
15,-67.0
16,-73.1
17,-61.0
18,-61.0
19,-62.5
20,-58.0
21,-58.0
22,-53.9
23,-55.0
24,-73.0
25,-56.0
26,-52.1
