frequency,pdr
11,-60.8
12,-61.6666666667
13,-60.8181818182
14,-61.0
15,-68.4
16,-69.0
17,-70.5
18,-68.2
19,-62.2
20,-61.0
21,-79.9
22,-61.0
23,-68.8
24,-64.0
25,-63.9
26,-71.4
