frequency,pdr
11,-69.3
12,-73.1111111111
13,-68.2222222222
14,-69.3
15,-69.1
16,-62.6
17,-66.1
18,-66.0
19,-69.3
20,-78.2
21,-64.0
22,-59.1
23,-61.0
24,-68.1
25,-66.8888888889
26,-65.3
