frequency,pdr
11,-57.5
12,-58.2222222222
13,-60.1
14,-58.2
15,-72.7
16,-55.0
17,-53.5
18,-65.7
19,-59.4
20,-61.0
21,-58.2
22,-69.6
23,-71.4
24,-67.0
25,-69.3333333333
26,-63.0
