frequency,pdr
11,-61.1
12,-57.9
13,-55.9
14,-52.6
15,-56.5
16,-60.9
17,-60.8
18,-71.9
19,-66.2
20,-60.9
21,-58.0
22,-66.9
23,-58.1
24,-67.3636363636
25,-65.3333333333
26,-65.7
