frequency,pdr
11,-63.8
12,-68.8888888889
13,-66.4444444444
14,-67.0
15,-60.2
16,-58.0
17,-71.3
18,-73.2
19,-70.5
20,-59.4
21,-76.4444444444
22,-58.9
23,-67.0
24,-64.5
25,-65.1111111111
26,-74.1
