frequency,pdr
11,-65.9
12,-84.3333333333
13,-72.1
14,-59.6
15,-56.0
16,-56.0
17,-61.0
18,-72.8
19,-75.2
20,-62.6
21,-64.1
22,-56.0
23,-69.8
24,-67.8
25,-62.1111111111
26,-72.7
