frequency,pdr
11,-67.0
12,-66.7
13,-82.5555555556
14,-58.2
15,-56.2
16,-57.8
17,-67.0
18,-60.2
19,-60.6
20,-70.0
21,-63.1
22,-60.4
23,-65.4
24,-67.0
25,-60.3333333333
26,-67.0
