frequency,pdr
11,-57.9
12,-79.6666666667
13,-55.0
14,-65.3
15,-62.3
16,-60.5
17,-73.3
18,-64.0
19,-70.3
20,-59.2
21,-59.0
22,-56.9
23,-62.8
24,-55.1
25,-57.5555555556
26,-61.9
