frequency,pdr
11,-64.0
12,-64.4444444444
13,-67.5
14,-61.0
15,-59.0
16,-55.0
17,-59.3
18,-63.1
19,-55.0
20,-62.3
21,-58.0
22,-63.3
23,-67.0
24,-61.0
25,-59.5555555556
26,-59.6
