frequency,pdr
11,-66.9
12,-60.3333333333
13,-60.9
14,-64.0
15,-68.0
16,-66.3
17,-73.2
18,-64.0
19,-63.1
20,-58.5
21,-67.0
22,-55.0
23,-60.0
24,-59.2
25,-69.5555555556
26,-61.0
