frequency,pdr
11,-63.6
12,-60.6
13,-68.5555555556
14,-61.7
15,-61.0
16,-66.2
17,-71.5
18,-55.0
19,-61.0
20,-65.0
21,-55.8
22,-68.5
23,-64.2
24,-64.0
25,-68.1111111111
26,-62.8
