frequency,pdr
11,-65.6666666667
12,-66.0
13,-70.1
14,-65.2
15,-60.9
16,-66.8
17,-64.7
18,-61.0
19,-62.7
20,-62.0
21,-61.0
22,-64.0
23,-75.5
24,-67.3
25,-73.5555555556
26,-79.0
