frequency,pdr
11,-66.4
12,-62.7777777778
13,-59.5555555556
14,-58.0
15,-67.5
16,-67.0
17,-61.0
18,-70.4
19,-66.9
20,-52.0
21,-59.0
22,-63.2
23,-58.0
24,-56.3
25,-71.6666666667
26,-61.0
