frequency,pdr
11,-62.6
12,-64.3
13,-68.5555555556
14,-60.5
15,-65.8
16,-72.4
17,-75.1
18,-61.0
19,-58.6
20,-58.0
21,-64.0
22,-61.8
23,-68.5
24,-60.5
25,-64.4444444444
26,-70.1
