frequency,pdr
11,-59.7
12,-58.3333333333
13,-52.0
14,-52.0
15,-57.7
16,-54.0
17,-62.4545454545
18,-66.5
19,-55.0
20,-58.2
21,-62.2
22,-60.8
23,-66.2
24,-64.0
25,-60.6666666667
26,-55.0
