frequency,pdr
11,-55.0
12,-75.1111111111
13,-55.0
14,-55.0
15,-69.4
16,-71.8888888889
17,-70.1
18,-68.4
19,-64.0
20,-66.4
21,-60.7
22,-64.2
23,-70.1
24,-65.9
25,-60.9
26,-55.0
