frequency,pdr
11,-56.0
12,-69.8888888889
13,-67.5
14,-61.0
15,-66.4
16,-63.4
17,-68.8
18,-70.1
19,-64.0
20,-65.4
21,-63.3
22,-55.0
23,-61.9
24,-70.1
25,-59.8888888889
26,-67.0
