frequency,pdr
11,-55.1
12,-63.5
13,-64.2222222222
14,-68.8
15,-60.3
16,-62.5
17,-73.3636363636
18,-63.9
19,-58.0
20,-65.4
21,-61.0
22,-60.6
23,-68.4
24,-76.5714285714
25,-63.0
26,-58.3
