frequency,pdr
11,-57.8
12,-59.1111111111
13,-68.3333333333
14,-58.1
15,-67.0
16,-55.0
17,-64.9
18,-58.0
19,-54.3
20,-56.9
21,-58.0
22,-57.9
23,-59.3
24,-60.8
25,-58.0
26,-55.0
