frequency,pdr
11,-67.0
12,-73.3333333333
13,-70.2222222222
14,-55.2
15,-62.8
16,-55.0
17,-68.4
18,-69.4
19,-62.0
20,-69.9
21,-55.0
22,-58.0
23,-69.1
24,-63.6
25,-61.1111111111
26,-62.5
