frequency,pdr
11,-66.1111111111
12,-60.0
13,-55.0
14,-61.0
15,-64.0
16,-55.0
17,-61.3
18,-55.0
19,-53.0
20,-61.7
21,-61.0
22,-55.0
23,-62.0
24,-65.4
25,-59.4444444444
26,-67.0
