frequency,pdr
11,-72.7
12,-71.7
13,-62.8888888889
14,-69.3
15,-55.0
16,-75.1
17,-69.4
18,-67.0
19,-67.4
20,-68.9
21,-65.0
22,-58.0
23,-68.5
24,-64.0
25,-61.2222222222
26,-76.8
