frequency,pdr
11,-68.6666666667
12,-54.6
13,-72.1111111111
14,-60.2
15,-60.5
16,-69.6
17,-66.9
18,-60.6
19,-66.1
20,-61.2
21,-64.0
22,-78.3
23,-67.0
24,-72.4
25,-63.3333333333
26,-64.3
