frequency,pdr
11,-74.3333333333
12,-61.0
13,-59.4444444444
14,-68.5
15,-60.9
16,-64.8
17,-65.2
18,-63.0
19,-67.0
20,-67.2
21,-60.3
22,-62.5
23,-61.0
24,-66.4
26,-67.0
