frequency,pdr
11,-70.3333333333
12,-71.8888888889
13,-60.7
14,-66.9
15,-70.0
16,-60.6
17,-55.3
18,-58.0
19,-58.7
20,-60.8
21,-69.8
22,-60.1
23,-69.2
24,-66.9
25,-61.6666666667
26,-64.2
