frequency,pdr
11,-53.3
12,-66.6666666667
13,-67.2727272727
14,-58.0
15,-65.8
16,-65.3
17,-58.0
18,-61.0
19,-55.0
20,-58.8
21,-66.9
22,-67.2
23,-62.6
24,-61.6
25,-59.1111111111
26,-58.0
