frequency,pdr
11,-64.0
12,-64.3333333333
13,-77.4444444444
14,-61.4
15,-60.9
16,-67.4
17,-63.6
18,-66.3
19,-74.5
20,-67.0
21,-70.0
22,-70.0
23,-69.1
24,-61.1
25,-67.0
26,-70.6
