frequency,pdr
11,-61.3
12,-66.6666666667
13,-61.6666666667
14,-64.8
15,-65.7
16,-58.9
17,-60.9
18,-61.0
19,-65.2
20,-64.0
21,-64.4
22,-69.4444444444
23,-63.1
24,-58.2
25,-67.4444444444
26,-61.1
