frequency,pdr
11,-61.8
12,-61.1
13,-67.8888888889
14,-67.0
15,-68.2
16,-66.7
17,-71.1
18,-58.0
19,-60.8
20,-66.1
21,-69.7
22,-61.0
23,-67.0
24,-58.0
25,-61.8888888889
26,-72.5
