frequency,pdr
11,-91.0
12,-90.1111111111
13,-90.125
14,-91.0
15,-91.0
16,-91.0
17,-91.0
18,-91.0
21,-91.0
22,-88.7142857143
23,-88.5714285714
24,-90.7777777778
25,-91.0
26,-91.0
