frequency,pdr
11,-91.0
12,-91.0
13,-91.0
14,-91.0
15,-91.0
16,-91.0
17,-91.0
18,-90.0
19,-89.5
21,-91.0
22,-90.8333333333
23,-90.6666666667
24,-89.7142857143
25,-90.0
26,-89.5
