frequency,pdr
11,-88.4
12,-90.7777777778
13,-90.8888888889
14,-91.0
15,-91.0
16,-91.0
17,-91.0
18,-90.5
19,-89.9
20,-89.6
21,-91.0
23,-91.0
24,-91.0
25,-91.0
