frequency,pdr
11,-88.875
12,-88.7777777778
13,-88.0
14,-85.6
15,-84.4
16,-84.1
17,-82.0
18,-80.0
19,-79.0
20,-79.0
21,-79.7
22,-81.3333333333
23,-82.1111111111
24,-83.9
25,-87.0
26,-89.0
