frequency,pdr
11,-90.4285714286
12,-91.0
13,-91.0
14,-90.9
15,-90.8
16,-90.0
17,-89.7
18,-89.7
19,-90.0
20,-90.1
21,-91.0
22,-90.3333333333
23,-91.0
24,-91.0
25,-91.0
26,-91.0
