frequency,pdr
11,-90.0
12,-90.5714285714
13,-90.7142857143
14,-91.0
15,-91.0
16,-91.0
17,-91.0
18,-91.0
24,-91.0
25,-91.0
26,-90.3
