frequency,pdr
11,-90.5
12,-90.8888888889
13,-90.1111111111
14,-90.0
15,-90.9
16,-91.0
19,-91.0
20,-91.0
21,-91.0
23,-91.0
24,-91.0
25,-91.0
