frequency,pdr
11,-85.6
12,-85.0
13,-86.1
14,-85.5
15,-85.6
16,-87.2
17,-91.0
18,-91.0
19,-91.0
20,-91.0
21,-90.5555555556
22,-85.5
23,-84.7777777778
24,-85.0
25,-86.0
26,-87.2
