frequency,pdr
13,-91.0
14,-91.0
15,-91.0
16,-91.0
17,-91.0
18,-90.3333333333
19,-86.0
20,-82.6
21,-82.0
22,-81.8888888889
23,-82.0
24,-82.0
25,-82.3
26,-84.5
