frequency,pdr
11,-67.0
12,-67.0
13,-59.0
14,-55.0
15,-58.0
16,-63.9
17,-72.7
18,-68.7
19,-66.0
20,-67.0
21,-68.7777777778
22,-88.8888888889
23,-67.0
24,-61.0
25,-60.8
26,-58.0
