frequency,pdr
11,-91.0
12,-91.0
13,-90.4285714286
14,-89.8333333333
15,-87.9
16,-87.9
17,-86.0
18,-88.0
19,-90.1
21,-89.625
22,-87.8333333333
23,-87.875
24,-89.1
25,-89.0
26,-91.0
