frequency,pdr
11,-81.0
12,-88.5
13,-85.6666666667
14,-83.0
15,-82.0
16,-80.0
17,-85.8
18,-91.0
19,-91.0
20,-91.0
21,-88.4
22,-85.1666666667
23,-87.5555555556
24,-89.0
25,-91.0
26,-91.0
