frequency,pdr
11,-81.6
12,-87.5
13,-88.7777777778
14,-86.0
15,-86.5
16,-84.5454545455
17,-85.7
18,-90.0
19,-90.9
20,-85.1
21,-81.8
22,-79.6666666667
23,-79.0
24,-79.0
25,-79.0
26,-79.0
