frequency,pdr
11,-73.0
12,-72.2
13,-71.9
14,-72.9
15,-73.5
16,-75.6
17,-76.0
18,-76.8333333333
19,-76.0
20,-76.0
21,-76.0
22,-76.6666666667
23,-79.1
24,-82.0
25,-83.8
26,-80.8
