frequency,pdr
11,-84.1
12,-88.1428571429
13,-90.375
14,-86.8
15,-84.1
16,-81.8888888889
17,-81.0
18,-82.0
19,-85.8888888889
20,-88.9
21,-86.8
23,-82.1111111111
24,-82.0
25,-82.9
26,-83.0
