frequency,pdr
11,-90.5
12,-90.1111111111
13,-89.75
14,-86.875
15,-82.0
16,-80.5
17,-82.0
18,-85.3
19,-89.2
20,-85.1
21,-84.0
22,-83.4444444444
23,-84.8
24,-88.8
25,-86.6
26,-88.0
