frequency,pdr
11,-88.1111111111
12,-90.0
13,-89.125
14,-90.4444444444
15,-91.0
16,-91.0
17,-91.0
18,-91.0
19,-91.0
20,-90.2
21,-90.3
22,-90.2
23,-89.2
24,-91.0
25,-90.0
26,-89.7
