frequency,pdr
11,-80.0
12,-79.0
13,-76.0
14,-76.0
15,-75.9
16,-73.1
17,-76.0
18,-81.0
19,-79.0
20,-82.3
21,-90.4444444444
22,-85.2
23,-85.1111111111
24,-91.0
25,-84.7
26,-90.2
