frequency,pdr
11,-80.1111111111
12,-79.0
13,-79.75
14,-81.7
15,-81.1
16,-78.7
17,-76.7
18,-79.0
19,-78.5
20,-76.2
21,-79.6
22,-81.9
23,-89.2222222222
24,-83.7
25,-87.1
26,-84.2
