frequency,pdr
11,-86.6666666667
12,-86.7777777778
13,-90.125
14,-91.0
15,-91.0
16,-90.3
17,-88.8
18,-86.8
19,-85.0
20,-84.1
21,-84.0
22,-83.7
23,-86.4
24,-91.0
25,-91.0
