frequency,pdr
11,-87.1111111111
12,-88.5555555556
13,-90.125
14,-89.75
15,-88.9
16,-90.5
17,-90.0
18,-89.9
19,-90.9
20,-88.1
21,-88.6
22,-90.5
23,-91.0
25,-91.0
26,-91.0
