frequency,pdr
11,-61.5555555556
12,-61.3
13,-68.1428571429
14,-67.0
15,-67.0
16,-70.0
17,-66.8888888889
18,-63.6666666667
19,-63.2222222222
20,-68.5
21,-64.3
22,-67.0
23,-61.7
24,-60.8
25,-64.0
26,-64.0
