frequency,pdr
11,-65.4
12,-70.4444444444
13,-68.2
14,-66.2
15,-66.6
16,-65.5555555556
17,-67.0
18,-69.0
19,-77.6666666667
20,-69.2
21,-67.9
22,-73.4
23,-83.0
24,-75.0
25,-76.5
26,-72.9
