frequency,pdr
11,-72.1
12,-67.0
13,-57.9
14,-52.1
15,-54.7
16,-55.0
17,-54.8571428571
18,-62.3333333333
19,-63.5555555556
20,-54.9
21,-52.0
22,-52.1
23,-51.8
24,-52.0
25,-57.2
26,-63.0
