frequency,pdr
11,-61.0
12,-64.0
13,-71.1428571429
14,-64.9
15,-64.2
16,-67.0
17,-66.6666666667
18,-67.0
19,-67.0
20,-63.2
21,-62.3
22,-73.5
23,-62.7
24,-55.0
25,-53.9
26,-59.0
