frequency,pdr
11,-64.1111111111
12,-63.1
13,-64.0
14,-65.6363636364
15,-66.4
16,-67.0
17,-67.0
18,-68.5555555556
19,-82.0
20,-70.2
21,-67.0
22,-68.0
23,-78.7
24,-71.2
25,-76.0
26,-67.1
