frequency,pdr
11,-57.4444444444
12,-58.0
13,-53.7777777778
14,-58.0
15,-61.0
16,-66.3
17,-76.0
18,-70.2222222222
19,-63.2222222222
20,-59.0
21,-62.0
22,-61.0
23,-60.6
24,-54.0
25,-59.0
26,-62.0
