frequency,pdr
11,-64.0
12,-66.3333333333
13,-64.1
14,-67.0
15,-64.0
16,-66.6
17,-68.5714285714
18,-77.5555555556
19,-91.0
20,-76.0
21,-70.0
22,-72.3
23,-81.6
24,-79.0
25,-75.8
26,-72.3
