frequency,pdr
11,-58.0
12,-56.7
13,-55.0
14,-58.8888888889
15,-58.8
16,-63.6
17,-59.8571428571
18,-62.7777777778
19,-76.8
20,-61.0
21,-62.3
22,-67.5
23,-61.5
24,-64.8
25,-68.0
26,-64.5
