frequency,pdr
11,-76.75
12,-76.1
13,-74.1428571429
14,-73.0
15,-78.5
16,-70.9
17,-69.75
18,-64.0
19,-69.6666666667
20,-70.0
21,-67.0
22,-66.6363636364
23,-64.2
24,-71.3
25,-70.8
26,-64.0
