frequency,pdr
11,-56.8888888889
12,-61.0
13,-66.7142857143
14,-64.0
15,-69.2
16,-61.9
17,-60.5
18,-61.0
19,-59.5555555556
20,-58.0
21,-66.8
22,-71.5
23,-61.0
24,-60.1
25,-54.6
26,-57.7
