frequency,pdr
11,-46.0
12,-45.0
13,-45.9
14,-48.3
15,-49.0
16,-50.4444444444
17,-63.0
18,-58.5555555556
19,-52.0
20,-49.0
21,-52.8
22,-55.0
23,-69.1
24,-55.0
25,-53.2
26,-50.9
