frequency,pdr
11,-83.0
12,-75.3333333333
13,-68.7
14,-62.0
15,-61.0
16,-61.0
17,-63.1428571429
18,-64.0
19,-64.0
20,-64.0
21,-64.1
22,-69.2
23,-82.0
24,-67.0
25,-70.0
26,-70.0
