frequency,pdr
11,-70.3333333333
12,-70.6
13,-76.0
14,-72.375
15,-76.6
16,-67.0
17,-61.0
18,-64.0
19,-65.3333333333
20,-64.0
21,-61.2
22,-62.8
23,-67.0
24,-67.0
25,-67.0
26,-72.6
