frequency,pdr
11,-78.8888888889
12,-70.0
13,-70.4285714286
14,-67.0
15,-64.0
16,-64.0
17,-69.5714285714
18,-83.1111111111
19,-70.3333333333
20,-67.0
21,-68.0
22,-77.0
23,-67.0
24,-65.0
25,-68.9
26,-67.0
