frequency,pdr
11,-61.6
12,-59.8
13,-55.2
14,-55.0
15,-55.0
16,-55.0
17,-55.0
18,-52.1111111111
19,-54.5555555556
20,-55.0
21,-54.1
22,-52.0
23,-52.0
24,-52.8
25,-55.0
26,-55.0
