frequency,pdr
11,-64.1111111111
12,-55.0
13,-54.8
14,-55.0
15,-55.0
16,-52.0
17,-51.7777777778
18,-52.0
19,-52.0
20,-53.0
21,-55.0
22,-55.0
23,-55.0
24,-55.0
25,-55.0
26,-55.0
