frequency,pdr
11,-68.6
12,-72.8888888889
13,-69.9
14,-68.1
15,-68.7
16,-77.5555555556
17,-72.1428571429
18,-67.0
19,-67.5555555556
20,-65.6
21,-67.0
22,-70.0
23,-75.0
24,-68.0
25,-67.0
26,-67.0
