frequency,pdr
11,-60.3333333333
12,-57.2
13,-57.8888888889
14,-63.8888888889
15,-67.2
16,-64.0
17,-61.0
18,-61.0
19,-63.8888888889
20,-71.5
21,-69.7
22,-66.7
23,-62.0
24,-63.7272727273
25,-64.6
26,-72.6
