frequency,pdr
11,-86.6666666667
12,-87.7272727273
13,-89.3333333333
15,-91.0
16,-91.0
17,-91.0
18,-90.8888888889
19,-91.0
20,-90.9
21,-90.2
22,-83.7777777778
23,-82.3
24,-82.0
25,-81.9
26,-81.9
