frequency,pdr
11,-82.6666666667
12,-84.1111111111
13,-87.3
14,-90.75
15,-91.0
16,-91.0
17,-89.0
18,-86.625
19,-87.1
20,-89.8
21,-89.0
23,-91.0
24,-91.0
25,-90.7
26,-91.0
