frequency,pdr
11,-88.2
12,-89.6666666667
13,-91.0
14,-90.375
15,-89.4
16,-90.1
17,-89.9
18,-90.7
19,-91.0
20,-88.0
21,-85.1
22,-85.1666666667
23,-84.4
24,-81.9
25,-82.0
26,-81.4
