frequency,pdr
11,-88.8888888889
12,-87.7777777778
13,-86.4444444444
14,-88.8888888889
15,-91.0
16,-89.3
17,-88.2222222222
18,-89.0
19,-90.0
21,-91.0
23,-90.1
24,-89.0
25,-89.5
26,-91.0
