frequency,pdr
11,-88.8
12,-91.0
13,-84.1111111111
14,-81.25
15,-82.0
16,-84.9
17,-86.3
18,-88.9
19,-91.0
21,-91.0
22,-88.3333333333
23,-86.5
24,-86.2
25,-86.8
26,-87.7
