frequency,pdr
11,-80.5
12,-82.0
13,-82.0
14,-82.7777777778
15,-86.0
16,-91.0
17,-88.0
18,-84.2
19,-82.0
20,-82.1
21,-82.8181818182
22,-82.0
23,-83.5
24,-87.0
25,-86.2
26,-84.0
