frequency,pdr
11,-90.3333333333
12,-91.0
13,-90.2222222222
14,-89.3333333333
15,-88.9
16,-89.8
17,-89.0
18,-90.2222222222
19,-91.0
20,-91.0
21,-90.1
22,-89.0
23,-91.0
24,-91.0
25,-91.0
26,-91.0
