frequency,pdr
11,-89.0
12,-86.5
13,-84.7
14,-84.3
15,-82.4
16,-82.0
17,-83.4444444444
18,-85.4444444444
19,-88.6666666667
20,-91.0
21,-91.0
26,-91.0
