frequency,pdr
11,-66.7
12,-64.2
13,-59.6666666667
14,-61.6363636364
15,-67.5
16,-65.6
17,-58.5
18,-80.5
19,-68.8181818182
20,-69.7
21,-67.0
22,-69.0
23,-64.0
24,-67.0
25,-64.0
26,-65.5
