frequency,pdr
11,-56.1
12,-65.5
13,-50.7777777778
14,-54.6666666667
15,-48.7
16,-48.9
17,-46.0
18,-52.0
19,-49.0
20,-56.4
21,-52.0
22,-54.8
23,-70.5
24,-62.7
25,-58.8
26,-55.0
