frequency,pdr
11,-52.2
12,-52.0
13,-50.5
14,-52.4444444444
15,-55.2
16,-54.2
17,-52.7
18,-64.0
19,-67.0
20,-58.1
21,-58.0
22,-61.0
23,-78.3333333333
24,-68.1111111111
25,-67.5
26,-60.3
