frequency,pdr
11,-52.1
12,-52.0
13,-57.5555555556
14,-55.0
15,-65.0
16,-55.2
17,-55.0
18,-60.4
19,-60.6
20,-67.0
21,-55.2
22,-68.8
23,-58.4
24,-53.7777777778
25,-53.0
26,-63.9
