frequency,pdr
11,-64.4
12,-65.8
13,-62.5
14,-68.6666666667
15,-66.6
16,-69.2
17,-63.9
18,-58.9
19,-61.0
20,-64.9
21,-62.0
22,-69.6
23,-66.4
24,-75.6666666667
25,-64.0
26,-61.0
