frequency,pdr
11,-72.1111111111
12,-64.0
13,-67.2222222222
14,-61.0
15,-75.6
16,-72.8
17,-58.0
18,-65.2
19,-66.4
20,-70.8888888889
21,-64.7
22,-73.2
23,-66.0
24,-65.4
25,-70.7
26,-61.8
