frequency,pdr
11,-58.0
12,-63.3
13,-60.6666666667
14,-60.1111111111
15,-60.3
16,-61.0
17,-57.8
18,-64.0
19,-54.1
20,-52.0
21,-54.0
22,-57.1
23,-58.0
24,-63.8888888889
25,-52.3
26,-53.2
