frequency,pdr
11,-46.0
12,-45.8
13,-56.3333333333
14,-58.2727272727
15,-63.4
16,-55.6
17,-56.2
18,-47.3
19,-46.0
20,-48.9
21,-55.3
22,-52.7
23,-54.5
24,-52.4444444444
25,-48.1
26,-44.7
