frequency,pdr
11,-60.1111111111
12,-63.6
13,-65.4444444444
14,-68.3
15,-64.0
16,-61.0
17,-58.1
18,-56.9
19,-71.4
20,-59.3
21,-70.7
22,-69.9
23,-63.0
24,-68.4444444444
25,-81.1
26,-61.3
