frequency,pdr
11,-48.4
12,-50.1
13,-67.0
14,-55.3333333333
15,-46.0
16,-49.7
17,-48.2
18,-50.0
19,-55.0
20,-55.0
21,-54.8
22,-71.6
23,-58.1
24,-59.8888888889
25,-61.0
26,-64.8
