frequency,pdr
11,-53.5
12,-56.4
13,-48.9
14,-59.1111111111
15,-52.3
16,-47.8
17,-56.7
18,-49.1
19,-57.5
20,-55.0
21,-55.0
22,-49.0
23,-46.0
24,-52.4545454545
25,-59.0
26,-46.0
