frequency,pdr
11,-52.6
12,-62.6
13,-54.8888888889
14,-55.0
15,-50.6
16,-49.0
17,-55.0
18,-58.7
19,-61.8
20,-55.0
21,-74.8
22,-59.9
23,-60.8
24,-52.3333333333
25,-49.1
26,-53.4
