frequency,pdr
11,-60.1
12,-57.4
13,-66.3333333333
14,-58.0909090909
15,-55.0
16,-61.0
17,-70.3
18,-73.3
19,-71.1
20,-59.2
21,-62.4
22,-59.5
23,-69.3
24,-67.4
25,-74.6363636364
26,-68.8
