frequency,pdr
11,-71.7777777778
12,-64.0
13,-57.8
14,-66.6666666667
15,-59.9
16,-64.0
17,-61.0
18,-62.0
19,-61.0
20,-58.7
21,-65.0
22,-69.5
23,-74.4
24,-66.1111111111
25,-65.9
26,-65.4
