frequency,pdr
11,-56.9
12,-50.2
13,-56.6363636364
14,-51.4444444444
15,-59.6
16,-52.0
17,-51.0
18,-49.0
19,-59.9
20,-52.0
21,-51.9
22,-52.9
23,-50.8
24,-52.2
25,-55.3
26,-53.2
