frequency,pdr
11,-53.4
12,-52.4
13,-50.8888888889
14,-49.0
15,-46.7
16,-49.2
17,-43.0
18,-47.6
19,-55.0
20,-67.0
21,-60.9
22,-55.0
23,-59.1
24,-70.6666666667
25,-67.1
26,-67.0
