frequency,pdr
11,-53.5
12,-66.8
13,-61.25
14,-56.2222222222
15,-55.2
16,-55.9
17,-61.0
18,-55.0
19,-58.0
20,-60.0
21,-57.2
22,-52.5
23,-58.8
24,-61.8888888889
25,-58.5
26,-55.3
