frequency,pdr
11,-64.1111111111
12,-63.3
13,-69.125
14,-63.2222222222
15,-64.9
16,-61.6
17,-61.0
18,-68.3
19,-66.4
20,-70.9
21,-61.8
22,-76.625
23,-65.6
24,-69.0
25,-55.1
26,-67.3
