frequency,pdr
11,-53.5
12,-52.0
13,-57.1111111111
14,-60.8888888889
15,-67.0
16,-53.3
17,-49.0
18,-54.6
19,-55.0
20,-66.8
21,-53.6
22,-49.0
23,-62.0
24,-58.7
25,-66.8
26,-54.8
