frequency,pdr
11,-56.0
12,-52.7
13,-48.9
14,-65.4444444444
15,-49.0
16,-53.2
17,-58.3
18,-65.1
19,-67.0
20,-51.9
21,-70.0
22,-48.5
23,-57.2
24,-63.7777777778
25,-59.8
26,-58.0
