frequency,pdr
11,-50.7
12,-52.0
13,-60.4444444444
14,-63.2222222222
15,-55.0
16,-52.1
17,-52.0
18,-57.8
19,-55.0
20,-56.0
21,-52.0
22,-61.0
23,-70.2
24,-55.0
25,-59.9
26,-49.9
