frequency,pdr
11,-67.1111111111
12,-61.5
13,-64.6666666667
14,-55.5
15,-56.0
16,-63.2
17,-67.5
18,-58.0
19,-61.0
20,-58.2
21,-61.0
22,-77.5
23,-66.4
24,-63.0
25,-72.6
26,-60.8
