frequency,pdr
11,-55.9
12,-58.3
13,-57.8888888889
14,-59.6666666667
15,-74.5
16,-55.0
17,-64.1
18,-64.0
19,-61.0
20,-58.0
21,-66.1
22,-63.7
23,-59.9
24,-57.3
25,-57.8
26,-56.1
