frequency,pdr
11,-48.2
12,-49.0
13,-55.6666666667
14,-56.1111111111
15,-55.0
16,-55.0
17,-51.0
18,-55.0
19,-52.6
20,-53.8
21,-55.5
22,-53.0
23,-61.7
24,-55.0
25,-52.9
26,-51.0
