frequency,pdr
11,-55.1
12,-62.0
13,-61.1111111111
14,-62.7777777778
15,-66.5
16,-61.0
17,-61.0
18,-58.0
19,-58.9
20,-61.0
21,-63.8
22,-61.6
23,-55.0
24,-66.5555555556
25,-62.0
26,-55.0
