frequency,pdr
11,-61.3
12,-67.0
13,-63.3333333333
14,-70.5555555556
15,-66.7
16,-61.2
17,-67.4
18,-76.5
19,-68.4
20,-64.0
21,-64.0
22,-67.0
23,-67.0
24,-69.9
25,-67.0
26,-75.6
