frequency,pdr
11,-58.0
12,-66.4
13,-55.0
14,-57.5555555556
15,-64.0
16,-61.0
17,-69.4
18,-79.2222222222
19,-72.6
20,-64.0
21,-60.5
22,-60.8
23,-65.8
24,-61.7
25,-75.0
26,-72.9
