frequency,pdr
11,-46.2
12,-58.2
13,-55.3333333333
14,-55.0
15,-53.8
16,-65.3
17,-55.0
18,-62.9
19,-52.5
20,-54.1
21,-50.2
22,-54.3
23,-55.0
24,-63.3333333333
25,-68.4
26,-54.9
