frequency,pdr
11,-72.2222222222
12,-74.7
13,-71.25
14,-66.3333333333
15,-61.2
16,-61.0
17,-60.4
18,-71.1
19,-67.1
20,-71.0
21,-61.0
22,-63.7
23,-61.9
24,-81.2
25,-77.1
26,-80.0
