frequency,pdr
11,-63.6666666667
12,-65.5
13,-60.7777777778
14,-61.1
15,-73.9
16,-65.1
17,-56.6
18,-67.3
19,-61.9
20,-71.8
21,-68.1
22,-63.9
23,-64.0
24,-63.6
25,-61.0
26,-60.1
