frequency,pdr
11,-55.1
12,-47.6
13,-50.4444444444
14,-58.6
15,-53.2
16,-49.0
17,-58.6
18,-50.5
19,-49.0
20,-50.2
21,-54.9
22,-77.5555555556
23,-61.0
24,-59.5
25,-59.6
26,-60.9
