frequency,pdr
11,-55.0
12,-51.6
13,-60.5555555556
14,-46.8
15,-48.2
16,-48.1
17,-50.7
18,-51.3
19,-66.8
20,-58.1
21,-62.5
22,-73.7777777778
23,-63.9
24,-60.5
25,-53.6
26,-54.6
