frequency,pdr
11,-55.0
12,-55.0
13,-62.7777777778
14,-59.2222222222
15,-56.3
16,-63.3
17,-58.0
18,-63.1
19,-67.0
20,-71.4
21,-67.0
22,-76.2
23,-57.7
24,-55.0
25,-64.0
26,-69.0
