frequency,pdr
11,-69.5555555556
12,-62.6
13,-59.875
14,-76.375
15,-69.5
16,-64.3
17,-67.0
18,-65.0
19,-66.9
20,-67.0
21,-71.1
22,-58.3
23,-65.0
24,-62.5555555556
25,-69.2
26,-64.0
