frequency,pdr
11,-76.3333333333
12,-67.3
13,-64.0
14,-58.2222222222
15,-65.8
16,-67.0
17,-73.1
18,-71.0
19,-67.2
20,-66.4
21,-73.3
22,-62.0
23,-62.0
24,-73.0
25,-65.0
26,-65.1
