frequency,pdr
11,-52.0
12,-61.9
13,-71.25
14,-65.5454545455
15,-61.0
16,-58.0
17,-55.0
18,-49.9
19,-49.0
20,-69.6
21,-62.6
22,-55.9
23,-62.0
24,-67.4444444444
25,-49.3
26,-52.0
