frequency,pdr
11,-75.6666666667
12,-55.5
13,-60.8888888889
14,-62.1111111111
15,-61.2
16,-68.9
17,-60.2
18,-61.0
19,-58.7
20,-65.9
21,-64.0
22,-81.1
23,-64.1
24,-66.1
25,-74.9
26,-62.6
