frequency,pdr
11,-67.2
12,-67.3
13,-71.625
14,-71.4444444444
15,-61.7
16,-67.8
17,-64.0
18,-66.8
19,-55.3
20,-65.4
21,-59.4
22,-72.4
23,-66.4
24,-72.4444444444
25,-58.0
26,-62.4
