frequency,pdr
11,-64.0
12,-63.9
13,-70.2222222222
14,-60.6666666667
15,-57.0
16,-73.0
17,-71.4
18,-63.5
19,-72.5
20,-61.0
21,-64.1
22,-65.4
23,-61.1
24,-68.3333333333
25,-58.0
26,-57.7
