frequency,pdr
11,-79.0
12,-79.0
13,-76.7
14,-73.8
15,-73.2
16,-75.9
17,-76.25
18,-77.1111111111
19,-79.0
20,-81.2
21,-82.0
22,-81.4
23,-81.1111111111
24,-79.3
25,-79.0
26,-79.0
