frequency,pdr
11,-82.0
12,-83.2222222222
13,-84.2
14,-87.5555555556
15,-87.7
16,-85.9
17,-85.8
18,-90.2
19,-91.0
20,-91.0
21,-91.0
22,-91.0
23,-91.0
24,-91.0
