frequency,pdr
11,-80.9
12,-82.7
13,-84.7777777778
14,-83.8
15,-87.1
16,-90.3333333333
17,-87.1428571429
18,-86.2222222222
19,-86.1
20,-86.9
21,-86.8888888889
23,-86.7777777778
24,-86.5555555556
25,-85.2
26,-85.9
