frequency,pdr
11,-85.8571428571
12,-86.8888888889
13,-85.8888888889
14,-88.3
15,-87.7
16,-87.5
17,-87.7
18,-86.2
19,-85.0
20,-86.6
21,-89.9
26,-91.0
