frequency,pdr
11,-89.4
12,-85.5
13,-89.3333333333
14,-87.9
15,-88.1
16,-91.0
18,-91.0
19,-91.0
20,-89.9
21,-89.7777777778
22,-91.0
23,-91.0
24,-91.0
25,-91.0
26,-91.0
