frequency,pdr
11,-86.0
12,-90.0
13,-86.2222222222
14,-86.3
15,-84.0
16,-82.0
17,-82.0
18,-84.1
19,-85.4
20,-87.9
21,-88.7
22,-87.2
23,-88.8888888889
24,-89.5
25,-90.0
26,-89.4
