frequency,pdr
11,-89.25
12,-89.0
13,-89.7777777778
14,-88.9
15,-88.0
16,-87.9
17,-88.125
18,-89.8888888889
19,-90.8181818182
20,-90.5555555556
21,-91.0
23,-91.0
24,-91.0
25,-91.0
26,-91.0
