frequency,pdr
11,-68.0
12,-67.7777777778
13,-69.4444444444
14,-70.0
15,-70.0
16,-70.0
17,-73.0
18,-77.8
19,-77.0
20,-75.5
21,-75.0
22,-77.3
23,-79.0
24,-73.0
25,-76.0
26,-80.1
