frequency,pdr
11,-91.0
12,-90.5
13,-90.2222222222
14,-90.2857142857
15,-91.0
16,-89.7777777778
17,-91.0
18,-91.0
