frequency,pdr
11,-87.25
12,-85.5555555556
13,-85.4444444444
14,-85.0
15,-82.3
16,-84.0
17,-86.9
18,-85.3
19,-85.8
20,-88.9
21,-90.2
22,-90.3333333333
23,-91.0
24,-91.0
25,-91.0
26,-91.0
