frequency,pdr
11,-91.0
12,-91.0
13,-90.4285714286
14,-88.0
15,-89.0
16,-89.8571428571
17,-89.8333333333
18,-90.875
19,-90.8888888889
20,-91.0
21,-91.0
24,-91.0
