frequency,pdr
12,-88.3
13,-81.9
14,-81.5
15,-83.8
16,-86.1111111111
17,-87.8888888889
18,-85.0
19,-83.1
20,-82.1
21,-82.4
22,-83.9
23,-85.0
24,-85.1
25,-85.0
26,-87.5
