frequency,pdr
11,-57.3
12,-49.0
13,-60.1111111111
14,-64.0
15,-55.4
16,-62.3
17,-62.8
18,-58.0
19,-55.5
20,-53.7
21,-55.0
22,-66.7
23,-56.6
24,-65.3333333333
25,-56.8
26,-58.0
