frequency,pdr
11,-49.0
12,-57.8888888889
13,-60.2
14,-64.3
15,-54.8
16,-56.0909090909
17,-58.0
18,-56.1
19,-49.1
20,-55.1
21,-52.2
22,-56.2
23,-63.9
24,-66.5555555556
25,-55.6
26,-53.8
