frequency,pdr
11,-61.0
12,-68.7777777778
13,-55.0
14,-59.0
15,-62.4
16,-60.4444444444
17,-68.0
18,-56.9
19,-61.8
20,-64.0
21,-66.3
22,-74.0
23,-60.8
24,-59.6
25,-58.9
26,-64.0
