frequency,pdr
11,-58.0
12,-55.3
13,-65.8888888889
14,-56.7
15,-55.0
16,-64.4444444444
17,-69.2
18,-65.0
19,-57.6
20,-57.6
21,-55.4
22,-55.0
23,-57.6
24,-64.4444444444
25,-58.0
26,-65.3
