frequency,pdr
11,-64.3
12,-58.5555555556
13,-61.0
14,-67.2
15,-54.3
16,-66.7
17,-55.0
18,-56.4
19,-58.5
20,-62.1
21,-55.0
22,-61.8
23,-55.0
24,-51.7777777778
25,-57.9
26,-59.0
