frequency,pdr
11,-52.0
12,-54.9
13,-55.0
14,-55.0
15,-54.7
16,-58.2
17,-63.1818181818
18,-58.7
19,-52.0
20,-48.6
21,-54.7
22,-61.0
23,-70.3333333333
24,-67.5555555556
25,-59.7
26,-55.0
