frequency,pdr
11,-55.0
12,-52.3333333333
13,-54.5555555556
14,-53.2
15,-59.4
16,-65.3333333333
17,-52.9
18,-59.2
19,-58.2
20,-63.0
21,-74.5
22,-56.6
23,-55.0
24,-64.0
25,-67.9
26,-63.4
