frequency,pdr
11,-49.0
12,-52.2222222222
13,-51.9
14,-55.0
15,-49.0
16,-58.3333333333
17,-55.0
18,-61.0
19,-49.0
20,-49.0
21,-52.0
22,-55.0
23,-60.6
24,-51.6
25,-52.0
26,-66.3
