frequency,pdr
11,-72.1111111111
12,-60.6666666667
13,-55.8888888889
14,-60.2
15,-60.0
16,-62.6
17,-61.0
18,-60.1
19,-70.0
20,-61.0
21,-61.0
22,-55.0
23,-65.6
24,-62.3333333333
25,-55.0
26,-72.2
