frequency,pdr
11,-55.0
12,-55.2222222222
13,-57.1111111111
14,-57.7
15,-71.7
16,-55.1
17,-51.0
18,-50.3
19,-51.3
20,-47.7
21,-49.3
22,-49.0
23,-52.1
24,-54.9
25,-52.0
26,-52.0
