frequency,pdr
11,-60.8888888889
12,-54.5555555556
13,-56.8888888889
14,-63.6
15,-63.6
16,-55.0
17,-59.6
18,-52.0
19,-55.2
20,-53.0
21,-63.0
22,-58.0
23,-65.9
24,-53.0
25,-58.0
26,-67.4
