frequency,pdr
11,-55.0
12,-68.1
13,-58.1111111111
14,-59.8
15,-55.0
16,-52.0
17,-71.6
18,-54.8
19,-55.0
20,-53.8
21,-51.7
22,-58.5
23,-68.6
24,-75.2222222222
25,-55.3
26,-51.7
