frequency,pdr
11,-61.1111111111
12,-58.3333333333
13,-59.4444444444
14,-55.3
15,-56.7
16,-48.5
17,-64.2
18,-53.8
19,-61.0
20,-49.6
21,-53.2
22,-65.7
23,-52.3
24,-61.6
25,-54.9
26,-54.3
