frequency,pdr
11,-60.4
12,-62.3
13,-57.2222222222
14,-52.1
15,-58.3
16,-58.1
17,-62.7
18,-61.7
19,-47.6
20,-52.0
21,-53.5
22,-62.0
23,-60.5
24,-64.5555555556
25,-71.9
26,-64.4
