frequency,pdr
11,-61.0
12,-63.1111111111
13,-57.4444444444
14,-58.8
15,-48.1
16,-46.9
17,-51.7
18,-52.2
19,-55.3
20,-56.7
21,-58.0
22,-49.2
23,-46.0
24,-46.0
25,-49.0
26,-46.3
