frequency,pdr
11,-55.0
12,-52.0
13,-53.5555555556
14,-65.4
15,-64.5
16,-59.4444444444
17,-63.6
18,-52.0
19,-49.0
20,-50.0
21,-52.0
22,-49.0
23,-52.0
24,-54.9
25,-52.7
26,-49.0
