frequency,pdr
11,-59.6
12,-53.7
13,-72.1111111111
14,-59.9
15,-60.9
16,-71.6666666667
17,-58.0
18,-66.4
19,-54.1
20,-55.0
21,-74.0
22,-54.9
23,-54.8
24,-55.7
25,-56.2
26,-67.3
