frequency,pdr
11,-63.5
12,-59.4444444444
13,-60.2222222222
14,-59.6
15,-53.5
16,-55.1
17,-49.3
18,-50.1
19,-50.0
20,-54.6
21,-67.3
22,-65.3
23,-58.0
24,-55.2222222222
25,-53.0
26,-55.0
