frequency,pdr
11,-66.875
12,-56.7777777778
13,-62.8888888889
14,-66.5
15,-71.9
16,-65.5
17,-67.0
18,-77.7
19,-62.1
20,-61.0
21,-70.6
22,-63.4
23,-61.0
24,-62.6
25,-61.0
26,-62.5
