frequency,pdr
11,-54.2
12,-54.8888888889
13,-59.6666666667
14,-65.1
15,-54.2
16,-51.5
17,-55.6
18,-56.0
19,-53.5
20,-46.0
21,-48.7
22,-54.5
23,-49.0
24,-50.8
25,-64.7
26,-52.5
