frequency,pdr
11,-59.2857142857
12,-66.2222222222
13,-74.6666666667
14,-66.9
15,-59.8
16,-76.2
17,-70.0
18,-64.4
19,-78.6
20,-67.0
21,-64.2
22,-69.4444444444
23,-67.0
24,-64.0
25,-67.0
26,-72.2
