frequency,pdr
11,-49.1
12,-63.5555555556
13,-66.2222222222
14,-55.0
15,-49.0
16,-44.4
17,-46.0
18,-55.0
19,-55.0
20,-49.0
21,-44.4
22,-47.7
23,-46.0
24,-54.1
25,-50.0
26,-51.3
