frequency,pdr
11,-53.7
12,-58.0
13,-57.8888888889
14,-69.1
15,-64.0
16,-61.8
17,-65.8
18,-61.4
19,-78.9
20,-72.8
21,-74.7
22,-78.8888888889
23,-82.2857142857
24,-67.0
25,-61.0
26,-64.2
