frequency,pdr
11,-58.75
12,-59.25
13,-68.6666666667
14,-73.3
15,-64.1
16,-72.3
17,-63.7
18,-65.1
19,-69.1818181818
20,-62.0
21,-64.0
22,-67.0
23,-60.0
24,-72.7
25,-61.2
26,-58.0
