frequency,pdr
11,-66.5714285714
12,-60.5
13,-59.8888888889
14,-67.0
15,-56.9
16,-70.0
17,-61.2
18,-59.6
19,-56.9
20,-62.9
21,-62.0
22,-61.0
23,-58.0
24,-69.0
25,-59.6
26,-55.8
