frequency,pdr
11,-69.8888888889
12,-63.6666666667
13,-58.5555555556
14,-58.0
15,-55.0
16,-54.4
17,-55.5
18,-58.0
19,-49.0
20,-51.0
21,-55.0
22,-49.0
23,-53.9
24,-59.4
25,-60.8
26,-49.0
