frequency,pdr
11,-51.7
12,-65.6666666667
13,-60.6666666667
14,-70.8
15,-72.5
16,-54.1
17,-55.0
18,-59.0
19,-56.9
20,-58.9
21,-71.7
22,-54.0
23,-56.0
24,-52.0
25,-54.0
26,-54.0
