frequency,pdr
11,-72.7142857143
12,-55.0
13,-57.4444444444
14,-61.0
15,-66.0
16,-55.0
17,-59.0
18,-60.6
19,-59.4
20,-58.0
21,-67.1
22,-59.9
23,-62.4
24,-64.0
25,-67.0
26,-65.7
