frequency,pdr
11,-68.8571428571
12,-54.9
13,-59.7777777778
14,-76.5555555556
15,-55.0
16,-69.2
17,-67.0
18,-66.2
19,-55.0
20,-64.0
21,-62.0
22,-63.0
23,-62.1
24,-61.1
25,-67.0
26,-58.0
