frequency,pdr
11,-63.4
12,-63.1111111111
13,-57.4444444444
14,-57.5
15,-67.0
16,-68.0
17,-61.1
18,-63.4
19,-66.1
20,-67.4
21,-59.5
22,-60.0
23,-55.6
24,-79.7
25,-66.1
26,-61.0
