frequency,pdr
11,-65.5555555556
12,-67.0
13,-63.7777777778
14,-64.0
15,-64.0
16,-61.5
17,-75.5
18,-67.0
19,-60.7
20,-68.8
21,-67.0
22,-65.9
23,-65.3
24,-65.4
25,-68.6
26,-68.0
