frequency,pdr
11,-57.0
12,-69.6666666667
13,-61.1111111111
14,-57.9
15,-55.0
16,-55.7
17,-59.9
18,-58.1
19,-58.0
20,-64.0
21,-71.0
22,-58.0
23,-62.5
24,-63.8
25,-58.8
26,-64.3
