frequency,pdr
11,-60.875
12,-63.6666666667
13,-61.3333333333
14,-67.0909090909
15,-68.7
16,-58.4
17,-57.9
18,-59.2
19,-68.6
20,-63.7
21,-66.4
22,-66.5
23,-66.3
24,-63.6
25,-61.3
26,-64.0
