frequency,pdr
11,-66.7
12,-70.875
13,-59.5
14,-72.8888888889
15,-72.2
16,-56.1
17,-64.0
18,-67.0
19,-63.4
20,-64.0
21,-74.8333333333
22,-74.5
23,-62.1
24,-61.0
25,-59.6
26,-64.0
