frequency,pdr
11,-64.0
12,-63.4444444444
13,-67.6666666667
14,-73.0
15,-67.0
16,-61.8
17,-63.2
18,-66.3
19,-65.2
20,-83.1
21,-69.7
22,-65.7
23,-65.3
24,-81.9
25,-63.2
26,-59.6
