frequency,pdr
11,-58.6666666667
12,-57.8888888889
13,-63.125
14,-62.5
15,-63.6
16,-60.5
17,-57.1
18,-58.0
19,-59.4
20,-61.1
21,-58.0
22,-64.0
23,-65.8
24,-67.0
25,-57.4
26,-67.0
