frequency,pdr
11,-67.8571428571
12,-58.2222222222
13,-61.5
14,-67.0
15,-64.0
16,-67.0
17,-59.0
18,-68.8
19,-63.1
20,-81.5
21,-65.2
22,-69.5
23,-67.1
24,-68.5
25,-71.9
26,-70.0
