frequency,pdr
11,-65.3333333333
12,-54.8888888889
13,-52.0
14,-55.0
15,-53.9
16,-55.0
17,-55.0
18,-55.0
19,-62.0
20,-64.3
21,-69.7
22,-59.3
23,-61.8
24,-64.8
25,-67.3
26,-67.0
