frequency,pdr
11,-61.0
12,-59.2222222222
13,-63.375
14,-64.0
15,-64.0
16,-69.1818181818
17,-64.2
18,-67.0
19,-68.2
20,-67.9
21,-61.0
22,-70.2
23,-70.7
24,-61.0
25,-65.2
26,-61.1
