frequency,pdr
11,-65.5714285714
12,-61.3333333333
13,-51.8888888889
14,-58.0
15,-49.0
16,-53.1
17,-66.8
18,-60.5
19,-54.5454545455
20,-53.2
21,-55.6
22,-58.6
23,-62.7
24,-67.0
25,-64.0
26,-61.0
