frequency,pdr
11,-65.2222222222
12,-65.7777777778
13,-73.375
14,-67.0
15,-72.1
16,-64.1
17,-64.0
18,-66.0
19,-68.4
20,-61.0
21,-66.9
22,-62.0
23,-70.1
24,-64.2
25,-75.8
26,-61.1
