frequency,pdr
11,-62.6
12,-52.8888888889
13,-60.75
14,-60.9
15,-60.0
16,-62.2
17,-61.0
18,-62.4
19,-71.6363636364
20,-57.2
21,-54.4
22,-63.5
23,-55.3
24,-58.9
25,-63.8
26,-58.0
