frequency,pdr
11,-88.2222222222
12,-87.7777777778
13,-85.875
14,-85.9
15,-87.6
16,-85.0
17,-85.1111111111
18,-85.6666666667
19,-87.7
20,-88.0
21,-87.8888888889
22,-90.5
23,-91.0
24,-88.0
25,-88.1
26,-89.0
