frequency,pdr
11,-73.0
12,-73.0
13,-74.8
14,-74.2
15,-73.0
16,-72.0
17,-73.0
18,-73.6
19,-76.0
20,-78.5
21,-81.9
22,-88.6666666667
23,-89.8571428571
24,-84.7
25,-85.0
26,-86.2
