frequency,pdr
11,-91.0
12,-91.0
14,-91.0
15,-91.0
16,-91.0
17,-86.8888888889
18,-86.0
19,-85.0
20,-87.2
21,-88.0
22,-89.8333333333
23,-91.0
24,-91.0
25,-89.0
26,-85.0
