frequency,pdr
11,-84.5
12,-88.2857142857
14,-91.0
15,-89.8
16,-90.0
17,-91.0
18,-91.0
19,-88.8
20,-89.0
21,-91.0
22,-90.5714285714
23,-88.7
24,-86.0
25,-88.0
26,-90.5
