frequency,pdr
11,-87.4545454545
12,-85.0
13,-85.6666666667
14,-87.25
15,-91.0
16,-89.3
17,-89.6666666667
18,-91.0
19,-87.8
20,-82.7
21,-82.0
22,-82.6666666667
23,-84.8571428571
24,-87.375
25,-88.0
26,-87.3
