frequency,pdr
11,-89.3
12,-90.3333333333
13,-90.5
14,-91.0
21,-91.0
23,-91.0
24,-89.5714285714
