frequency,pdr
11,-88.6666666667
12,-86.8888888889
13,-86.0
14,-89.0
15,-91.0
16,-88.9
17,-87.5
18,-91.0
23,-91.0
26,-91.0
