frequency,pdr
11,-87.6666666667
12,-85.8888888889
13,-86.1111111111
14,-86.0
15,-88.4
16,-90.9
17,-91.0
18,-91.0
19,-90.0
20,-88.8
21,-89.1111111111
22,-91.0
23,-89.8571428571
24,-84.2222222222
25,-82.9
26,-83.3
