frequency,pdr
11,-79.1
12,-79.3
13,-79.0
14,-78.2
15,-79.0
16,-79.0
17,-79.0
18,-79.0
19,-78.4
20,-78.4
21,-79.0
22,-80.1111111111
23,-79.5714285714
24,-79.0
25,-79.0
26,-79.0
