frequency,pdr
11,-79.1111111111
12,-79.0
13,-78.5555555556
14,-78.0
15,-79.0
16,-79.1
17,-81.7
18,-81.3
19,-80.2
20,-79.4
21,-79.25
22,-83.1428571429
23,-91.0
24,-86.0
25,-82.0
26,-82.0
