frequency,pdr
11,-89.2857142857
12,-89.0
13,-91.0
14,-90.4444444444
15,-90.1
16,-90.7
17,-91.0
20,-91.0
24,-91.0
25,-89.7
26,-89.9
