frequency,pdr
11,-70.0
12,-70.0
13,-70.4
14,-72.5
15,-73.1
16,-78.3333333333
17,-84.5
18,-83.8888888889
19,-79.0
20,-79.0
21,-78.9
22,-76.2222222222
23,-73.0
24,-72.5
25,-73.0
26,-75.6
