frequency,pdr
11,-86.0
12,-86.2222222222
13,-87.1111111111
14,-86.0
15,-84.2
16,-85.0
17,-85.0
18,-84.2
19,-83.7
20,-84.0
21,-84.2
22,-84.1
23,-84.9
24,-84.2
25,-84.0
26,-83.2
