frequency,pdr
11,-90.0
12,-89.8888888889
13,-89.1111111111
14,-89.2222222222
15,-89.2
16,-88.2
17,-88.4
18,-88.6666666667
19,-89.4
20,-91.0
21,-90.2
22,-88.75
23,-88.3
24,-89.2
25,-91.0
