frequency,pdr
11,-87.8571428571
12,-90.6666666667
13,-88.7777777778
14,-87.625
15,-89.0
16,-86.7
17,-89.7
18,-90.1111111111
19,-85.0
20,-82.0
21,-80.3
22,-80.1
23,-81.2
24,-81.4
25,-82.0
26,-85.0
