frequency,pdr
11,-90.0
12,-89.6666666667
13,-87.0
14,-86.2222222222
15,-82.0
16,-84.0
17,-82.4
18,-81.8888888889
19,-82.0
20,-81.0
21,-81.7
22,-83.3333333333
23,-84.4
24,-85.0
25,-87.0
26,-89.2
