frequency,pdr
11,-89.1428571429
12,-88.8888888889
13,-91.0
14,-91.0
15,-91.0
16,-91.0
18,-91.0
19,-90.0
20,-89.9
21,-90.0
22,-89.4285714286
23,-86.7
24,-83.0
25,-82.0
26,-83.0
