frequency,pdr
11,-85.0
12,-88.1111111111
13,-91.0
14,-90.0
15,-86.4
16,-84.1
17,-80.3
18,-79.0
19,-80.2
20,-84.4
21,-85.6
22,-86.7777777778
23,-89.2
24,-86.7
25,-86.1
26,-85.9
