frequency,pdr
11,-80.4
12,-90.8571428571
13,-85.2857142857
14,-80.1
15,-76.6
16,-75.5
17,-75.2
18,-75.25
19,-73.4444444444
20,-73.0
21,-73.0
22,-73.0
23,-72.8
24,-70.4
25,-70.0
26,-70.4
