frequency,pdr
11,-78.0
12,-79.8888888889
13,-79.0
14,-79.5555555556
15,-83.0
16,-79.0
17,-74.4
18,-72.6
19,-72.0
20,-73.0
21,-76.0
22,-74.0
23,-70.0
24,-67.2
25,-67.0
26,-67.0
