frequency,pdr
11,-85.4
12,-85.9
13,-86.0
14,-87.0
15,-89.0
16,-90.1428571429
17,-91.0
18,-90.875
19,-91.0
20,-91.0
21,-91.0
22,-90.0
23,-90.8571428571
24,-90.1
25,-87.7
26,-86.9
