frequency,pdr
11,-88.0
12,-85.7777777778
13,-86.2222222222
14,-89.7777777778
15,-91.0
16,-91.0
17,-91.0
18,-91.0
19,-91.0
20,-88.9
21,-90.0
23,-91.0
24,-88.9
25,-85.0
26,-81.4
