frequency,pdr
11,-87.5714285714
12,-87.8888888889
13,-89.0
14,-88.6666666667
15,-87.3
16,-90.8
17,-91.0
18,-91.0
19,-91.0
23,-91.0
24,-91.0
