frequency,pdr
11,-81.0
12,-81.2222222222
13,-79.0
14,-77.7
15,-76.5
16,-76.3
17,-76.1
18,-76.2222222222
19,-78.4
20,-79.7
21,-82.0
22,-82.5
23,-82.2
24,-85.3
25,-86.4
26,-85.0
