frequency,pdr
11,-66.7777777778
12,-60.8
13,-64.5555555556
14,-67.8
15,-73.3
16,-61.0
17,-71.5555555556
18,-63.8
19,-61.7
20,-66.1
21,-69.1
22,-60.9
23,-61.0
24,-67.4
25,-58.1
26,-68.7
