frequency,pdr
11,-57.7
12,-52.6
13,-53.6
14,-46.0
15,-51.9
16,-53.1818181818
17,-48.7
18,-47.7
19,-49.0
20,-55.0
21,-65.2
22,-59.2727272727
23,-49.2
24,-49.8
25,-67.6
26,-50.4
