frequency,pdr
11,-59.2
12,-55.0
13,-61.0
14,-71.3333333333
15,-59.3
16,-60.9
17,-62.4
18,-58.0
19,-81.7777777778
20,-58.0
21,-58.0
22,-61.0
23,-67.8
24,-58.1
25,-60.8
26,-63.9
