frequency,pdr
11,-49.0
12,-45.9
13,-48.8888888889
14,-47.9090909091
15,-46.6
16,-49.0
17,-51.8
18,-52.1
19,-52.3
20,-53.4
21,-53.4
22,-46.0
23,-51.8
24,-52.0
25,-49.0
26,-53.9
