frequency,pdr
11,-54.9
12,-51.7777777778
13,-57.7777777778
14,-55.0
15,-52.6
16,-55.0
17,-52.0
18,-46.6
19,-48.9
20,-56.8
21,-54.9
22,-44.7
23,-47.1
24,-43.0
25,-44.8
26,-43.0
