frequency,pdr
11,-58.5
12,-55.0
13,-64.3333333333
14,-55.0
15,-52.0
16,-49.9
17,-51.7
18,-49.4
19,-63.7
20,-60.7
21,-54.5
22,-68.5555555556
23,-58.0
24,-65.3
25,-52.0
26,-60.1
