frequency,pdr
11,-54.9
12,-46.4
13,-54.5555555556
14,-55.9
15,-52.0
16,-65.9
17,-60.5
18,-49.0
19,-50.7
20,-56.2
21,-56.3
22,-56.1
23,-55.0
24,-56.3636363636
25,-52.6
26,-51.5
