frequency,pdr
11,-60.6
12,-61.5555555556
13,-60.6666666667
14,-64.9
15,-66.3
16,-67.7
17,-69.2
18,-58.4
19,-61.0
20,-69.9
21,-62.3
22,-64.0
23,-59.8
24,-61.2
25,-61.2
26,-59.7
