frequency,pdr
11,-67.0
12,-62.4444444444
13,-61.0
14,-67.0
15,-67.0
16,-68.7
17,-62.9090909091
18,-61.0
19,-72.0
20,-61.0
21,-67.0
22,-67.0
23,-77.4285714286
24,-64.4
25,-76.6
26,-63.9
