frequency,pdr
11,-60.0
12,-55.6666666667
13,-55.1111111111
14,-74.5
15,-63.3
16,-59.6
17,-60.4
18,-60.6
19,-60.0
20,-58.0
21,-58.0
22,-61.2
23,-66.2
24,-63.0
25,-70.0
26,-64.0
