frequency,pdr
11,-64.1
12,-63.2222222222
13,-66.6666666667
14,-65.2
15,-55.0
16,-50.3
17,-51.8
18,-46.4
19,-50.2
20,-47.2
21,-57.0
22,-57.7
23,-52.0
24,-57.5
25,-49.1
26,-50.9
