frequency,pdr
11,-67.0
12,-61.7777777778
13,-58.6666666667
14,-69.8
15,-72.0
16,-67.0
17,-68.0
18,-71.2
19,-64.0
20,-70.9
21,-70.9
22,-67.1
23,-61.0
24,-64.0
25,-67.0
26,-72.0
