frequency,pdr
11,-52.8888888889
12,-51.1111111111
13,-57.3333333333
14,-52.0
15,-50.0
16,-49.4
17,-59.0
18,-52.3
19,-53.0
20,-53.4
21,-55.0
22,-57.5
23,-57.6
24,-52.5
25,-49.5
26,-49.6
