frequency,pdr
11,-52.4
12,-52.2222222222
13,-49.1111111111
14,-48.8
15,-57.9
16,-54.9
17,-49.0
18,-48.7
19,-73.6
20,-49.0
21,-49.0
22,-55.0
23,-53.0
24,-68.1
25,-66.5
26,-60.9
