frequency,pdr
11,-76.6666666667
12,-61.0
13,-60.5555555556
14,-61.6
15,-69.8
16,-60.6
17,-69.1
18,-71.8
19,-65.7
20,-58.0
21,-61.0
22,-61.0
23,-62.1
24,-68.1
25,-66.6
26,-66.4
