frequency,pdr
11,-68.5
12,-67.5555555556
13,-59.3333333333
14,-63.3
15,-61.1
16,-61.2
17,-65.9
18,-60.8
19,-68.3
20,-58.1
21,-55.0
22,-61.0
23,-55.0
24,-59.8
25,-62.7
26,-61.0
