frequency,pdr
11,-90.6666666667
13,-90.6666666667
14,-89.3
15,-90.0
16,-91.0
17,-88.1
18,-84.3
19,-83.8
20,-85.4
21,-87.5
22,-88.0
23,-91.0
24,-91.0
25,-91.0
26,-91.0
