frequency,pdr
11,-83.6
12,-85.0
13,-82.0
14,-82.6
15,-85.0
16,-85.7777777778
17,-89.0
18,-89.8
19,-89.6666666667
20,-91.0
22,-88.3333333333
23,-89.3333333333
24,-86.375
25,-85.0
26,-85.0
