frequency,pdr
11,-89.1111111111
12,-87.4285714286
13,-86.5714285714
14,-88.0
15,-89.9
16,-90.0
17,-90.9
18,-91.0
19,-91.0
20,-90.0
21,-91.0
23,-91.0
24,-91.0
25,-88.9
26,-88.6
