frequency,pdr
11,-79.8
12,-79.375
13,-80.375
14,-83.1
15,-88.3
16,-88.0
17,-88.8571428571
18,-89.2
19,-87.8888888889
20,-86.625
21,-87.2222222222
22,-87.1428571429
23,-86.375
24,-86.0
25,-91.0
26,-91.0
