frequency,pdr
11,-86.3
12,-84.6666666667
13,-82.0
14,-83.0
15,-86.9
16,-89.125
18,-90.8333333333
19,-86.9
20,-85.7777777778
21,-91.0
22,-90.0
23,-84.7142857143
24,-82.0
25,-84.7
26,-84.3
