frequency,pdr
11,-85.0
12,-84.2
13,-86.8888888889
14,-91.0
15,-87.0
16,-83.3
17,-82.0
18,-79.1
19,-79.0
20,-82.0
21,-87.4
22,-89.1666666667
23,-86.9
24,-86.9
25,-82.6
26,-84.0
