frequency,pdr
11,-82.3333333333
12,-83.1666666667
13,-82.0
14,-82.0
15,-82.0
16,-82.2
17,-85.3333333333
18,-88.8
19,-89.8
20,-87.0
21,-85.0
22,-85.0
23,-86.875
24,-90.875
25,-88.4
26,-87.6
