frequency,pdr
11,-89.8
12,-88.6
13,-86.8888888889
14,-89.0
15,-88.7
16,-90.5
17,-91.0
18,-90.2
19,-90.0
20,-90.8
22,-89.0
23,-86.8888888889
24,-85.125
25,-86.0
26,-86.4
