frequency,pdr
11,-67.0
12,-61.7777777778
13,-68.875
14,-62.0
15,-66.0
16,-68.6
17,-62.4
18,-65.8
19,-55.4
20,-68.0
21,-67.2
22,-65.4
23,-72.4444444444
24,-76.7
25,-57.8
26,-65.1
