frequency,pdr
11,-58.0
12,-58.7
13,-55.1111111111
14,-61.0
15,-75.3
16,-66.6
17,-58.0
18,-58.0
19,-73.0
20,-62.5
21,-61.8
22,-61.7
23,-58.0
24,-61.0
25,-73.4545454545
26,-64.9
