frequency,pdr
11,-62.7
12,-57.9
13,-57.8888888889
14,-55.0
15,-61.0
16,-67.2
17,-72.3
18,-67.0
19,-64.0
20,-62.1
21,-60.3
22,-74.9
23,-72.8
24,-66.8
25,-77.7777777778
26,-68.4
