frequency,pdr
11,-60.1
12,-68.5
13,-66.375
14,-61.0
15,-60.1
16,-79.4
17,-57.5
18,-58.0
19,-57.9
20,-58.0
21,-66.3
22,-80.6666666667
23,-65.6
24,-60.9
25,-79.5555555556
26,-66.3
