frequency,pdr
11,-49.5
12,-47.9
13,-51.8888888889
14,-53.8
15,-47.9
16,-48.5
17,-48.0
18,-50.0
19,-52.0
20,-48.0
21,-52.4
22,-49.0
23,-49.0
24,-52.0
25,-53.1111111111
26,-53.7
