frequency,pdr
11,-69.6
12,-66.4444444444
13,-61.3333333333
14,-66.8
15,-67.0
16,-67.2
17,-67.0
18,-65.9
19,-65.8
20,-65.8
21,-64.0
22,-69.8
23,-71.3
24,-67.0
25,-63.5
26,-73.2
