frequency,pdr
11,-67.1
12,-69.3333333333
13,-69.6666666667
14,-71.4
15,-69.7
16,-61.7
17,-60.0
18,-64.0
19,-67.0
20,-72.9
21,-60.7
22,-61.0
23,-55.0
24,-62.2
25,-73.1
26,-67.3
