frequency,pdr
11,-61.6
12,-58.9
13,-57.5555555556
14,-63.5
15,-59.4
16,-66.5
17,-63.8
18,-59.9
19,-63.8
20,-68.5
21,-64.2
22,-72.8
23,-64.4
24,-59.8
25,-74.5555555556
26,-69.8
