frequency,pdr
11,-66.6
12,-75.1111111111
13,-65.5555555556
14,-64.0
15,-67.0
16,-81.2
17,-67.0
18,-71.7
19,-80.0
20,-65.5
21,-69.5
22,-71.1
23,-67.0
24,-74.2
25,-63.8
26,-67.9
