frequency,pdr
11,-65.4
12,-64.4545454545
13,-60.8888888889
14,-58.0
15,-66.0
16,-66.8
17,-58.6
18,-61.0
19,-59.9
20,-57.3
21,-61.0
22,-61.9
23,-60.7
24,-67.0
25,-63.9
26,-64.0
