frequency,pdr
11,-56.8
12,-68.7777777778
13,-68.25
14,-66.2
15,-63.3
16,-61.3
17,-67.0
18,-61.0
19,-63.3
20,-65.2
21,-68.3
22,-68.6
23,-61.0
24,-62.2
25,-64.7777777778
26,-75.5
