frequency,pdr
11,-55.0
12,-66.1111111111
13,-63.7777777778
14,-52.0
15,-64.0
16,-59.6
17,-52.0
18,-52.0
19,-55.5
20,-60.3
21,-57.1
22,-54.0
23,-71.3
24,-56.5
25,-58.8
26,-62.0
