frequency,pdr
11,-64.0
12,-57.2222222222
13,-55.0
14,-63.2
15,-67.0
16,-55.0
17,-60.3
18,-66.2
19,-72.9
20,-64.1
21,-68.8
22,-73.2
23,-61.1
24,-66.1
25,-65.5555555556
26,-64.0
