frequency,pdr
11,-52.9
12,-57.2222222222
13,-51.8888888889
14,-56.8
15,-56.1
16,-52.0
17,-54.6
18,-49.0
19,-52.9
20,-67.0
21,-55.0
22,-55.0
23,-55.1
24,-58.0
25,-51.0
26,-52.0
