frequency,pdr
11,-62.6
12,-68.5555555556
13,-77.125
14,-64.0
15,-61.0
16,-60.7
17,-68.5
18,-70.1
19,-67.0
20,-72.7
21,-72.3
22,-63.9
23,-67.7
24,-63.4
25,-73.6666666667
26,-76.9
