frequency,pdr
11,-67.0
12,-58.1
13,-64.8888888889
14,-77.1
15,-60.4
16,-62.8
17,-65.6
18,-66.4
19,-67.6363636364
20,-61.0
21,-67.0
22,-61.0
23,-67.0
24,-75.4
25,-68.0
26,-64.0
