frequency,pdr
11,-50.2
12,-51.4
13,-52.6666666667
14,-49.0
15,-49.0
16,-52.6
17,-55.0
18,-49.0
19,-49.0
20,-50.1
21,-52.0
22,-52.0
23,-65.3
24,-58.0
25,-60.2222222222
26,-52.1
