frequency,pdr
11,-50.6
12,-63.1111111111
13,-62.8888888889
14,-51.7
15,-56.1
16,-52.4
17,-49.3
18,-52.3
19,-45.7
20,-47.1
21,-46.0
22,-49.0
23,-56.5
24,-60.8
25,-58.0
26,-55.0
