frequency,pdr
11,-53.0
12,-64.9090909091
13,-54.6666666667
14,-48.4
15,-47.0
16,-48.9
17,-50.3
18,-58.1
19,-54.3
20,-46.0
21,-44.5
22,-57.4
23,-55.2
24,-46.0
25,-45.7
26,-49.0
