frequency,pdr
11,-62.5
12,-52.2222222222
13,-51.2222222222
14,-61.8
15,-66.0
16,-55.0
17,-61.0
18,-55.0
19,-61.8
20,-50.9
21,-51.3
22,-58.0
23,-63.3
24,-61.2
25,-58.0
26,-60.2
