frequency,pdr
11,-73.5
12,-72.1111111111
13,-67.875
14,-69.4
15,-62.0
16,-66.5
17,-70.8
18,-61.0
19,-77.3
20,-63.2
21,-79.0
22,-60.9
23,-70.0
24,-61.3
25,-71.3333333333
26,-67.0
