frequency,pdr
11,-67.0
12,-63.1111111111
13,-67.0
14,-65.8
15,-57.2
16,-59.0
17,-58.1
18,-67.2
19,-67.0
20,-60.4
21,-66.6
22,-59.0
23,-61.0
24,-63.4
25,-73.2222222222
26,-72.9
