frequency,pdr
11,-53.6
12,-53.9
13,-54.8888888889
14,-51.4
15,-52.0
16,-53.5
17,-55.0
18,-52.7
19,-56.5
20,-52.6
21,-49.0
22,-49.0
23,-49.0
24,-57.0
25,-57.3333333333
26,-55.0
