frequency,pdr
11,-52.0
12,-58.7777777778
13,-50.6666666667
14,-47.2
15,-51.5
16,-58.9
17,-51.4
18,-46.0
19,-66.5
20,-67.5
21,-55.0
22,-59.3
23,-53.2
24,-50.0
25,-54.5
26,-49.0
