frequency,pdr
11,-57.9
12,-59.4444444444
13,-57.8888888889
14,-48.4
15,-49.1
16,-51.8
17,-54.8
18,-60.8
19,-52.7
20,-52.4
21,-48.8
22,-49.0
23,-47.6
24,-49.0
25,-59.8
26,-58.1
