frequency,pdr
11,-63.7
12,-61.8888888889
13,-60.8888888889
14,-63.2
15,-60.2
16,-61.0
17,-59.9
18,-64.0
19,-57.6
20,-59.0
21,-59.5
22,-64.0
23,-61.7
24,-58.8
25,-59.6
26,-69.3
