frequency,pdr
11,-62.4
12,-68.1111111111
13,-61.9
14,-60.7
15,-67.0
16,-58.2
17,-58.0
18,-65.6
19,-60.0
20,-62.7
21,-63.3
22,-61.1
23,-72.9
24,-58.7
25,-62.4444444444
26,-72.3
