frequency,pdr
11,-53.0
12,-55.6666666667
13,-52.1
14,-62.6
15,-55.7777777778
16,-51.0
17,-49.0
18,-72.7
19,-52.8
20,-62.0
21,-52.0
22,-57.8
23,-67.0909090909
24,-50.5
25,-49.0
26,-52.7
