frequency,pdr
11,-46.0
12,-61.4444444444
13,-54.1111111111
14,-48.8
15,-49.0
16,-47.8
17,-50.9
18,-47.4
19,-46.9
20,-51.6
21,-46.5
22,-45.9
23,-57.4
24,-63.1
25,-65.8
26,-68.3
