frequency,pdr
11,-46.1
12,-49.4
13,-50.7777777778
14,-59.0
15,-56.7777777778
16,-52.0
17,-53.6
18,-49.0
19,-52.0
20,-53.6
21,-49.0
22,-50.7
23,-54.9
24,-48.0
25,-46.1
26,-52.7
