frequency,pdr
11,-51.8
12,-53.3333333333
13,-66.7272727273
14,-55.1
15,-55.0
16,-58.7
17,-57.0
18,-55.8
19,-62.6
20,-52.6
21,-48.5
22,-52.7
23,-48.0
24,-52.5
25,-49.0
26,-54.5
