frequency,pdr
11,-49.0
12,-55.0
13,-74.4444444444
14,-54.8
15,-54.6666666667
16,-55.0
17,-67.0
18,-58.0
19,-58.0
20,-56.4
21,-54.3
22,-59.6
23,-64.7
24,-55.2
25,-55.0
26,-55.0
