frequency,pdr
11,-49.0
12,-55.0
13,-67.7777777778
14,-57.5
15,-55.1111111111
16,-55.0
17,-55.0
18,-55.0
19,-55.4545454545
20,-48.1
21,-53.6
22,-49.0
23,-53.7
24,-55.0
25,-64.5
26,-61.0
