frequency,pdr
11,-51.5
12,-43.6
13,-48.9
14,-54.2
15,-52.4444444444
16,-49.0
17,-46.0
18,-49.0
19,-52.7
20,-63.7272727273
21,-48.7
22,-50.0
23,-54.8
24,-56.3
25,-50.4
26,-52.0
