frequency,pdr
11,-70.4444444444
12,-67.0
13,-62.2
14,-60.9
15,-63.4444444444
16,-73.2
17,-61.0
18,-62.1
19,-61.0
20,-67.0
21,-63.7
22,-67.0
23,-69.2222222222
24,-64.7
25,-64.3
26,-61.0
