frequency,pdr
11,-48.9090909091
12,-45.9
13,-47.0
14,-45.1
15,-52.8888888889
16,-52.4
17,-49.4
18,-63.6
19,-49.1
20,-52.0
21,-49.0
22,-62.7
23,-63.0
24,-46.0
25,-43.4
26,-44.0
