frequency,pdr
11,-49.1
12,-65.3333333333
13,-57.8
14,-62.3
15,-55.8888888889
16,-51.8
17,-48.3
18,-64.9
19,-59.6
20,-55.0
21,-54.9
22,-54.9
23,-57.8
24,-55.0
25,-55.0
26,-61.0
