frequency,pdr
11,-55.0
12,-59.7777777778
13,-44.7
14,-46.6
15,-47.5555555556
16,-49.0
17,-50.9
18,-61.0
19,-55.0
20,-58.6
21,-50.8
22,-55.0
23,-50.8
24,-46.0
25,-48.2
26,-49.0
