frequency,pdr
11,-56.2
12,-62.7777777778
13,-67.0
14,-69.0
15,-70.3333333333
16,-69.2
17,-61.9
18,-67.0
19,-64.0
20,-65.9
21,-60.9
22,-61.0
23,-64.0
24,-55.0
25,-61.7
26,-55.0
