frequency,pdr
11,-68.7
12,-61.1111111111
13,-67.2222222222
14,-65.2
15,-71.8
16,-64.0
17,-63.5
18,-59.2
19,-65.3
20,-64.3
21,-61.9
22,-72.6
23,-64.0
24,-62.6
25,-66.9
26,-67.0
