frequency,pdr
11,-61.0
12,-58.1
13,-58.5
14,-68.2222222222
15,-67.6666666667
16,-55.0
17,-61.6
18,-62.2
19,-71.1
20,-62.8
21,-61.8
22,-60.7
23,-64.6
24,-67.0
25,-63.0
26,-61.0
