frequency,pdr
11,-61.0
12,-66.6666666667
13,-70.4444444444
14,-65.0
15,-55.0
16,-63.9
17,-67.0
18,-64.0
19,-65.0
20,-73.6
21,-65.4
22,-58.0
23,-64.0
24,-67.0
25,-61.0
26,-62.1
