frequency,pdr
11,-67.0
12,-64.6666666667
13,-63.3636363636
14,-82.2222222222
15,-63.3
16,-65.5
17,-64.9
18,-71.2
19,-67.0
20,-58.0
21,-67.5
22,-65.4
23,-61.0
24,-61.5
25,-64.0
26,-61.0
