frequency,pdr
11,-67.6
12,-62.3333333333
13,-65.5
14,-71.7
15,-59.7777777778
16,-62.2
17,-56.1
18,-71.3
19,-60.1
20,-64.0
21,-58.0
22,-55.0
23,-58.0
24,-62.4
25,-77.1
26,-70.9
