frequency,pdr
11,-49.0
12,-48.3
13,-60.4444444444
14,-62.1
15,-56.1818181818
16,-49.5
17,-52.7
18,-51.1
19,-55.7
20,-55.0
21,-55.0
22,-55.0
23,-61.0
24,-52.0
25,-46.0
26,-51.1
