frequency,pdr
11,-69.2222222222
12,-52.0
13,-59.4444444444
14,-51.0
15,-51.4444444444
16,-54.8
17,-53.9
18,-53.4
19,-63.9
20,-51.9
21,-49.9
22,-50.9
23,-52.0
24,-56.6
25,-59.8
26,-49.0
