frequency,pdr
11,-55.1
12,-60.9
13,-65.5555555556
14,-69.8
15,-70.1
16,-61.3
17,-58.5
18,-54.7
19,-65.3
20,-68.1
21,-64.7
22,-66.2
23,-71.8888888889
24,-57.6
25,-70.1
26,-70.0
