frequency,pdr
11,-57.2
12,-53.1111111111
13,-60.6666666667
14,-54.6
15,-64.1111111111
16,-49.0
17,-60.6
18,-53.0
19,-51.4
20,-49.0
21,-53.6
22,-64.0
23,-56.2
24,-59.1
25,-58.0
26,-53.0
