frequency,pdr
11,-67.7
12,-56.0
13,-52.0
14,-69.7777777778
15,-55.0
16,-61.6
17,-51.9
18,-54.7
19,-69.1818181818
20,-65.5
21,-61.0
22,-71.0
23,-61.4
24,-58.2
25,-55.0
26,-55.0
