frequency,pdr
11,-70.7777777778
12,-55.0
13,-50.9090909091
14,-55.0
15,-51.2
16,-46.0
17,-54.0
18,-49.0
19,-49.6
20,-51.0
21,-49.9
22,-46.0
23,-45.8
24,-46.0
25,-52.0
26,-56.1
