frequency,pdr
11,-55.1
12,-53.9090909091
13,-49.0
14,-63.3
15,-52.8888888889
16,-47.3
17,-54.9
18,-60.1
19,-51.9
20,-55.0
21,-54.3
22,-52.2
23,-63.7
24,-49.0
25,-63.4
26,-75.8
