frequency,pdr
11,-58.1
12,-51.9
13,-46.0
14,-49.0
15,-51.3333333333
16,-48.5
17,-49.9
18,-48.0
19,-55.9
20,-66.6
21,-50.0
22,-58.5
23,-51.5454545455
24,-54.1
25,-52.0
26,-52.0
