frequency,pdr
11,-84.0
12,-84.8
13,-85.7
14,-87.1
15,-90.0
16,-91.0
17,-91.0
18,-90.9
19,-91.0
20,-90.8
21,-91.0
22,-89.0
23,-88.1111111111
24,-88.7142857143
25,-89.1
26,-89.9
