frequency,pdr
11,-64.0
12,-64.9
13,-66.1
14,-67.0
15,-67.8
16,-69.1
17,-70.0
18,-71.3
19,-73.0
20,-75.3
21,-78.0
22,-79.7142857143
23,-79.0
24,-79.8571428571
25,-82.0
26,-84.1
