frequency,pdr
11,-89.0
12,-90.7777777778
13,-91.0
15,-91.0
16,-91.0
17,-90.5555555556
18,-90.0
19,-90.5
20,-90.2
21,-91.0
23,-91.0
24,-91.0
25,-91.0
26,-91.0
