frequency,pdr
11,-86.0
12,-86.0
13,-86.125
14,-88.4
15,-89.0
16,-89.0
17,-90.2857142857
18,-89.2222222222
19,-89.2
20,-90.9
21,-91.0
25,-91.0
26,-90.0
