frequency,pdr
11,-82.0
12,-82.0
13,-81.4
14,-79.9
15,-79.0
16,-79.0
17,-79.0
18,-81.0
19,-83.8
20,-84.0
21,-83.8888888889
22,-83.8571428571
23,-85.0
24,-84.3
25,-82.0
26,-82.4
