frequency,pdr
11,-78.2
12,-77.3
13,-76.0
14,-76.9
15,-79.0
16,-79.0
17,-80.0
18,-79.3
19,-79.0
20,-80.0
21,-82.0
22,-83.7142857143
23,-88.2222222222
24,-91.0
25,-91.0
26,-91.0
