frequency,pdr
11,-85.8
12,-85.8888888889
13,-88.625
14,-90.8
15,-91.0
16,-91.0
17,-91.0
18,-91.0
19,-91.0
20,-91.0
21,-91.0
22,-89.7142857143
23,-91.0
