frequency,pdr
11,-55.0
12,-55.0
13,-55.0
14,-60.3
15,-55.0
16,-52.6666666667
17,-55.0
18,-57.5555555556
19,-60.1111111111
20,-65.0
21,-61.0
22,-61.2
23,-63.0
24,-61.0
25,-59.3
26,-55.6
