frequency,pdr
11,-66.6
12,-61.4444444444
13,-55.0
14,-55.8888888889
15,-58.0
16,-55.0
17,-55.0
18,-55.0
19,-58.0
20,-61.0
21,-61.2
22,-58.0
23,-57.1
24,-55.0
25,-53.4
26,-52.4
