frequency,pdr
11,-54.2222222222
12,-55.0
13,-61.0
14,-55.2222222222
15,-52.0
16,-49.0
17,-49.0
18,-55.0
19,-63.5555555556
20,-58.3
21,-55.0
22,-55.0
23,-53.7
24,-55.0
25,-54.8
26,-56.4
