frequency,pdr
11,-63.6666666667
12,-67.0
13,-64.0
14,-67.0
15,-72.9
16,-70.2222222222
17,-74.1
18,-73.875
19,-67.0
20,-69.7
21,-67.0
22,-61.0
23,-55.9
24,-56.1
25,-59.3
26,-61.0
