frequency,pdr
11,-60.1111111111
12,-58.0
13,-57.6
14,-61.8888888889
15,-55.0
16,-52.0
17,-52.0
18,-52.9
19,-53.1
20,-54.0
21,-55.0
22,-54.0
23,-53.9
24,-52.0
25,-55.0
26,-58.5
