frequency,pdr
11,-60.8181818182
12,-73.7777777778
13,-62.8
14,-62.2222222222
15,-58.0
16,-55.0
17,-55.0
18,-63.125
19,-67.0
20,-64.0
21,-60.2
22,-58.9
23,-60.3
24,-61.1
25,-59.9
26,-58.0
