frequency,pdr
11,-81.2222222222
12,-65.4
13,-61.0
14,-58.0
15,-55.0
16,-55.0
17,-58.0
18,-60.6666666667
19,-58.3333333333
20,-55.0
21,-55.0
22,-55.2
23,-55.5
24,-55.0
25,-55.4
26,-55.0
