frequency,pdr
11,-57.9
12,-57.5555555556
13,-58.0
14,-57.7777777778
15,-52.0
16,-52.0
17,-58.7
18,-58.7777777778
19,-63.6666666667
20,-55.0
21,-54.0
22,-55.0
23,-47.0
24,-46.0
25,-49.0
26,-49.0
