frequency,pdr
11,-52.0
12,-54.7
13,-58.0
14,-58.8
15,-64.6
16,-62.7
17,-58.1
18,-60.7777777778
19,-66.7777777778
20,-63.2
21,-58.0
22,-52.9
23,-53.5
24,-58.2
25,-61.0
26,-70.6
