frequency,pdr
11,-56.1111111111
12,-57.8888888889
13,-64.7
14,-61.0
15,-59.7
16,-63.4444444444
17,-67.0
18,-60.9
19,-67.0
20,-61.0
21,-60.8
22,-64.0
23,-67.0
24,-84.3
25,-67.0
26,-69.6
