frequency,pdr
11,-52.1
12,-52.0
13,-60.7
14,-60.9
15,-66.4
16,-64.0
17,-66.0
18,-57.6666666667
19,-64.6666666667
20,-61.0
21,-52.0
22,-52.0
23,-59.7
24,-67.0
25,-64.0
26,-58.6
