frequency,pdr
11,-54.3333333333
12,-55.0
13,-55.0
14,-55.0
15,-55.2
16,-58.0
17,-61.7
18,-63.75
19,-59.4444444444
20,-55.9
21,-58.0
22,-52.0
23,-49.5
24,-49.0
25,-49.0
26,-50.0
