frequency,pdr
11,-58.0
12,-61.5
13,-61.0
14,-62.1
15,-58.8
16,-61.0
17,-64.0
18,-64.0
19,-69.7777777778
20,-73.0
21,-75.1
22,-68.9
23,-67.0
24,-67.6363636364
25,-64.0
26,-64.0
