frequency,pdr
11,-57.3333333333
12,-67.0
13,-78.9
14,-62.0
15,-58.0
16,-55.5
17,-60.0
18,-61.25
19,-55.2222222222
20,-57.6
21,-58.8
22,-66.9
23,-68.2
24,-72.5
25,-71.9
26,-62.6
