frequency,pdr
11,-73.7777777778
12,-61.2222222222
13,-64.4444444444
14,-62.7
15,-74.4
16,-64.0
17,-70.0
18,-63.5
19,-55.2
20,-55.0
21,-58.7
22,-61.8
23,-62.0
24,-67.1
25,-60.5
26,-66.4
