frequency,pdr
11,-58.0
12,-67.1
13,-68.4444444444
14,-52.0
15,-55.0
16,-60.5
17,-53.1
18,-55.5
19,-55.0
20,-58.0
21,-51.5454545455
22,-49.0
23,-52.8
24,-58.0
25,-52.0
26,-70.7
