frequency,pdr
11,-69.6
12,-67.4
13,-63.6666666667
14,-55.0
15,-65.0
16,-58.0
17,-69.6
18,-58.0
19,-71.3333333333
20,-59.0
21,-53.5
22,-53.2
23,-54.5
24,-67.0
25,-60.9
26,-65.7
