frequency,pdr
11,-61.1
12,-60.1111111111
13,-55.0
14,-49.0
15,-55.0
16,-65.2
17,-54.3
18,-52.0
19,-49.0
20,-58.0
21,-66.8888888889
22,-54.3
23,-55.0
24,-50.5
25,-48.9
26,-52.0
