frequency,pdr
11,-45.3
12,-53.8888888889
13,-56.3333333333
14,-46.7
15,-43.0
16,-46.0
17,-43.0
18,-49.0
19,-46.0
20,-48.9
21,-48.5
22,-55.0
23,-54.3
24,-44.0
25,-45.4
26,-50.9
