frequency,pdr
11,-55.0
12,-55.0
13,-53.5555555556
14,-58.8
15,-57.8
16,-63.7
17,-60.9
18,-55.0
19,-57.3
20,-62.0
21,-61.0
22,-58.0
23,-68.8
24,-59.5555555556
25,-58.0
26,-58.0
