frequency,pdr
11,-48.9
12,-48.8888888889
13,-58.2
14,-48.0
15,-46.0
16,-62.0
17,-54.3
18,-49.2
19,-55.0
20,-58.0
21,-49.1
22,-49.0
23,-50.7
24,-71.7777777778
25,-46.3
26,-47.5
