frequency,pdr
11,-44.7
12,-49.0
13,-54.1111111111
14,-49.0
15,-46.0
16,-54.7
17,-50.8
18,-46.1
19,-55.0
20,-54.8
21,-46.0
22,-49.0
23,-49.7
24,-45.7
25,-54.8888888889
26,-69.4
