frequency,pdr
11,-77.4444444444
12,-66.3333333333
13,-64.3333333333
14,-67.1
15,-58.6
16,-58.0
17,-58.9
18,-64.0
19,-70.5
20,-73.0
21,-74.5
22,-68.6
23,-61.0
24,-62.3
25,-67.3
26,-74.9
