frequency,pdr
11,-48.3
12,-46.2222222222
13,-46.0
14,-46.1
15,-47.7
16,-45.5
17,-49.0
18,-52.1
19,-47.0
20,-52.0
21,-56.3
22,-55.1
23,-55.0
24,-56.4444444444
25,-55.0
26,-61.3
