frequency,pdr
11,-62.8
12,-66.3333333333
13,-56.2222222222
14,-63.5
15,-63.1
16,-63.1
17,-58.0
18,-61.0
19,-64.6
20,-55.0
21,-64.7
22,-61.0
23,-59.6
24,-68.6666666667
25,-63.7
26,-55.0
