frequency,pdr
11,-59.3
12,-64.5555555556
13,-69.9
14,-73.0
15,-75.5555555556
16,-64.8
17,-61.0
18,-65.8
19,-61.0
20,-55.0
21,-60.8
22,-62.5
23,-71.5
24,-67.6
25,-68.8
26,-61.0
