frequency,pdr
11,-61.8
12,-59.2222222222
13,-58.0
14,-63.6
15,-60.0
16,-58.8
17,-68.5
18,-59.6
19,-56.4
20,-59.9
21,-64.1
22,-68.3
23,-71.8
24,-68.3333333333
25,-59.0909090909
26,-55.0
