frequency,pdr
11,-59.9
12,-52.3333333333
13,-50.5
14,-46.4
15,-51.5
16,-46.0
17,-52.0
18,-71.3333333333
19,-61.0
20,-54.0
21,-52.0
22,-46.5
23,-49.0
24,-51.9
25,-52.0
26,-52.7
