frequency,pdr
11,-53.5
12,-55.0
13,-66.2222222222
14,-67.0
15,-60.6
16,-44.8
17,-46.0
18,-49.0
19,-58.0
20,-52.0
21,-55.3
22,-52.7
23,-51.9
24,-50.8888888889
25,-54.7
26,-50.6
