frequency,pdr
11,-57.8
12,-60.8888888889
13,-60.9
14,-60.4
15,-59.5454545455
16,-70.7
17,-60.1
18,-52.0
19,-67.0
20,-67.0
21,-67.4
22,-66.0
23,-67.0
24,-69.2222222222
25,-67.0
26,-66.0
