frequency,pdr
11,-55.0
12,-57.5
13,-65.5555555556
14,-61.0
15,-59.3
16,-52.4
17,-53.7
18,-61.0
19,-63.4
20,-70.5
21,-59.1
22,-68.2
23,-65.3
24,-64.2222222222
25,-60.4545454545
26,-68.2
