frequency,pdr
11,-61.9
12,-59.2222222222
13,-49.2
14,-52.1
15,-46.0
16,-49.0
17,-46.0
18,-54.8
19,-52.0
20,-61.3
21,-49.0
22,-58.0
23,-50.8
24,-55.9
25,-66.4444444444
26,-50.0
