frequency,pdr
11,-63.6
12,-65.0
13,-56.7777777778
14,-56.9
15,-58.0
16,-62.6
17,-57.8
18,-58.2
19,-60.5
20,-61.0
21,-63.7
22,-64.1
23,-65.0
24,-63.8888888889
25,-66.2222222222
26,-68.9
