frequency,pdr
11,-67.8
12,-68.7777777778
13,-67.8888888889
14,-54.2
15,-68.5
16,-72.9
17,-58.0
18,-58.0
19,-57.2
20,-56.6
21,-67.0
22,-69.5
23,-66.5
24,-59.3
25,-59.8
26,-73.8
