frequency,pdr
11,-67.9
12,-68.2222222222
13,-58.1111111111
14,-54.7
15,-64.1
16,-59.2
17,-62.9
18,-60.8
19,-63.6
20,-75.5
21,-74.7
22,-58.5
23,-67.7
24,-63.1111111111
25,-64.3
26,-61.0
