frequency,pdr
11,-53.6
12,-69.4444444444
13,-60.4444444444
14,-61.0
15,-67.7
16,-63.5
17,-60.2
18,-52.0
19,-49.3
20,-60.5
21,-62.1
22,-50.4
23,-50.9
24,-55.0
25,-54.7
26,-55.0
