frequency,pdr
11,-56.4
12,-63.8888888889
13,-76.8333333333
14,-65.4
15,-62.3
16,-67.0
17,-74.2
18,-70.2
19,-62.1
20,-64.0
21,-76.3
22,-69.0
23,-64.8
24,-67.0
25,-67.1
26,-74.8
