frequency,pdr
11,-52.0
12,-52.0
13,-68.3
14,-56.0
15,-52.0
16,-64.1
17,-59.0
18,-57.7
19,-52.0
20,-55.4
21,-61.1
22,-58.3
23,-61.0
24,-60.5555555556
25,-59.3333333333
26,-59.9
