frequency,pdr
11,-61.5555555556
12,-61.0
13,-67.6666666667
14,-64.7
15,-66.3636363636
16,-67.2
17,-58.7
18,-73.5
19,-78.8
20,-64.1
21,-62.7
22,-65.6
23,-69.1
24,-65.8
25,-65.3333333333
26,-59.6
