frequency,pdr
11,-85.8888888889
12,-86.8888888889
13,-87.0
14,-88.875
15,-90.1
16,-91.0
17,-91.0
18,-90.1
19,-91.0
20,-91.0
21,-91.0
23,-90.2222222222
24,-88.0
25,-86.5
26,-88.0
