frequency,pdr
11,-88.2
12,-83.5
13,-80.1
14,-79.0
15,-79.0
16,-79.0
17,-79.0
18,-81.6666666667
19,-85.0
20,-88.3
21,-86.875
22,-86.4285714286
23,-87.0
24,-86.1
25,-85.5
26,-82.0
