frequency,pdr
11,-86.4444444444
12,-90.875
13,-91.0
14,-90.5714285714
15,-89.1
16,-86.8
17,-82.9
18,-82.0
19,-84.9
20,-87.1
21,-89.1
23,-86.0
24,-86.0
25,-87.0
26,-87.1
