frequency,pdr
11,-89.875
12,-89.375
13,-88.6666666667
14,-90.1
15,-91.0
17,-91.0
18,-91.0
19,-91.0
20,-91.0
21,-90.8
23,-90.5555555556
24,-91.0
25,-91.0
26,-91.0
