frequency,pdr
11,-90.1111111111
12,-90.5555555556
13,-87.5555555556
14,-89.0
15,-91.0
16,-91.0
17,-91.0
19,-91.0
20,-88.5
21,-90.0
22,-91.0
23,-91.0
24,-91.0
25,-86.0
26,-87.6
