frequency,pdr
11,-77.3636363636
12,-76.0
13,-76.0
14,-73.2
15,-73.0
16,-75.2
17,-79.0
18,-85.0
19,-82.0
20,-82.0
21,-84.1
22,-85.4285714286
23,-89.7777777778
24,-91.0
25,-85.9
26,-84.6363636364
