frequency,pdr
11,-79.0
12,-78.7142857143
13,-79.1
14,-81.0
15,-79.5
16,-80.1111111111
17,-86.2222222222
18,-91.0
19,-91.0
20,-88.3
21,-82.875
22,-81.6666666667
23,-81.6666666667
24,-89.8
25,-82.0
26,-87.0
