frequency,pdr
11,-85.3333333333
12,-89.6666666667
13,-91.0
14,-88.0
15,-84.7
16,-85.0
17,-90.6
18,-89.0
19,-88.0
20,-82.0
21,-79.0
22,-79.0
23,-78.6
24,-79.0
25,-79.0
26,-83.3
