frequency,pdr
11,-90.4285714286
12,-88.3333333333
13,-83.2222222222
14,-82.5714285714
15,-86.0
16,-82.0
17,-87.0
18,-85.0
19,-80.2
20,-78.3
21,-78.0
22,-77.9
23,-76.7777777778
24,-80.8
25,-85.0
26,-91.0
