frequency,pdr
11,-88.0
12,-89.25
13,-90.0
14,-91.0
15,-91.0
16,-90.5555555556
17,-89.0
18,-89.2
19,-91.0
20,-90.0
21,-89.0
22,-85.6666666667
23,-88.0
24,-90.0
25,-90.5
26,-91.0
