frequency,pdr
11,-73.0
12,-72.5
13,-73.0
14,-73.9
15,-74.0
16,-73.0
17,-72.1428571429
18,-71.2222222222
19,-74.0
20,-79.8
21,-85.8
22,-85.0
23,-82.0
24,-87.8
25,-91.0
26,-88.5
