frequency,pdr
11,-79.0
12,-86.1111111111
13,-79.0
14,-80.0
15,-77.0
16,-77.0
17,-76.0
18,-73.0
19,-74.4
20,-76.0
21,-76.0
22,-78.0
23,-78.7777777778
24,-79.0
25,-80.8
26,-81.0
