frequency,pdr
11,-88.4444444444
12,-88.125
13,-85.6666666667
14,-86.8
15,-90.8
16,-91.0
17,-89.6
18,-90.0
19,-91.0
21,-88.6
22,-85.5
23,-85.0
24,-86.6
25,-86.2
26,-87.6
