frequency,pdr
11,-84.0
12,-83.8333333333
13,-82.7777777778
14,-83.4
15,-84.0
16,-84.5
17,-85.0
18,-87.8
19,-90.3
20,-90.5
21,-91.0
23,-90.8
24,-91.0
25,-89.7
26,-89.3
