frequency,pdr
13,-91.0
14,-91.0
15,-91.0
16,-91.0
17,-90.4444444444
18,-89.8571428571
19,-91.0
20,-90.7
21,-91.0
26,-91.0
