frequency,pdr
11,-81.8333333333
12,-82.0
13,-87.0
14,-88.0
15,-90.0
16,-91.0
17,-88.0
18,-85.1428571429
19,-85.0
20,-83.5
21,-83.5
22,-84.5
23,-85.0
24,-85.3
25,-85.1
26,-85.0
