frequency,pdr
11,-74.5714285714
12,-77.0
13,-84.3333333333
14,-84.375
15,-86.5
16,-82.0
17,-79.0
18,-76.1
19,-73.4
20,-71.0
21,-70.5
22,-71.5
23,-71.1
24,-70.0
25,-70.2
26,-70.0
