frequency,pdr
11,-65.1111111111
12,-61.0
13,-59.3
14,-55.0
15,-55.0
16,-54.0
17,-52.7
18,-53.0
19,-54.8
20,-56.6363636364
21,-63.0
22,-80.2
23,-69.8
24,-64.0
25,-58.0
26,-55.0
