frequency,pdr
11,-66.7777777778
12,-59.0
13,-55.0
14,-54.5555555556
15,-52.0
16,-49.0
17,-52.0
18,-59.3333333333
19,-65.1
20,-58.7
21,-52.0
22,-50.2
23,-52.0
24,-64.8
25,-59.0
26,-52.0
