frequency,pdr
11,-58.0
12,-61.0
13,-60.1111111111
14,-55.2222222222
15,-55.0
16,-55.0
17,-55.0
18,-56.6
19,-55.0
20,-55.0
21,-58.0
22,-58.7
23,-58.0
24,-55.0
25,-56.7
26,-71.0
