frequency,pdr
11,-58.6666666667
12,-58.0
13,-56.1111111111
14,-57.8571428571
15,-58.0
16,-57.8
17,-55.0
18,-55.0
19,-56.6
20,-58.0
21,-58.0
22,-58.0
23,-58.0
24,-58.0
25,-59.3
26,-62.6
