frequency,pdr
11,-63.1111111111
12,-62.9
13,-62.875
14,-61.6666666667
15,-59.9
16,-58.0
17,-64.0
18,-64.0
19,-67.0
20,-67.0
21,-67.0
22,-64.0
23,-64.0
24,-64.1
25,-62.0
26,-62.0
