frequency,pdr
11,-64.1111111111
12,-60.8
13,-62.5
14,-81.75
15,-66.4444444444
16,-61.1
17,-58.6
18,-58.0
19,-55.6
20,-58.0
21,-63.8888888889
22,-64.0
23,-61.1
24,-58.2
25,-58.0
26,-61.0
