frequency,pdr
11,-58.0
12,-66.4444444444
13,-60.3333333333
14,-57.4444444444
15,-55.0
16,-58.0
17,-55.0
18,-55.5
19,-55.0
20,-54.0
21,-53.7
22,-55.0
23,-60.0
24,-58.8
25,-58.0
26,-58.0
