frequency,pdr
11,-65.9
12,-67.1111111111
13,-66.9
14,-77.875
15,-73.0
16,-67.0
17,-64.0
18,-68.7777777778
19,-59.6
20,-58.0
21,-60.0
22,-58.0
23,-58.0
24,-59.4
25,-59.8
26,-59.0
