frequency,pdr
11,-51.3333333333
12,-52.0
13,-55.0
14,-56.5714285714
15,-60.0
16,-55.0
17,-54.5
18,-54.9
19,-55.0
20,-61.0
21,-59.7
22,-58.1
23,-76.1
24,-58.0
25,-55.0
26,-55.0
