frequency,pdr
11,-57.1111111111
12,-59.2222222222
13,-61.0
14,-65.375
15,-73.0
16,-70.0
17,-65.0
18,-61.0
19,-61.0
20,-64.0
21,-61.2
22,-64.0
23,-68.2
24,-67.0
25,-64.7
26,-65.1
