frequency,pdr
11,-49.7
12,-49.0
13,-50.5555555556
14,-57.5555555556
15,-61.0
16,-63.1
17,-61.0
18,-57.7
19,-60.1
20,-60.2
21,-72.5555555556
22,-67.2
23,-67.0
24,-65.5
25,-58.0
26,-52.0
