frequency,pdr
11,-85.7142857143
12,-83.7777777778
13,-82.0
14,-81.9
15,-81.8
16,-81.0
17,-81.1
18,-82.0
19,-85.2
20,-90.2
21,-90.0
23,-90.9
24,-90.4
25,-89.7
26,-89.1
