frequency,pdr
11,-90.6666666667
12,-91.0
13,-90.8888888889
14,-91.0
15,-91.0
16,-91.0
19,-91.0
21,-91.0
23,-88.1111111111
24,-88.7
25,-88.7
26,-89.9
