frequency,pdr
11,-85.1111111111
12,-85.7777777778
13,-86.3333333333
14,-88.7
15,-90.8
16,-89.4
17,-90.3
18,-91.0
19,-91.0
20,-91.0
21,-91.0
23,-91.0
24,-91.0
25,-89.0
26,-88.9
