frequency,pdr
11,-81.25
12,-79.0
13,-79.0
14,-79.4285714286
15,-86.1
16,-91.0
17,-91.0
18,-87.1
19,-83.6
20,-83.7272727273
21,-84.8
22,-85.7777777778
23,-86.375
24,-84.7
25,-81.9
26,-79.2
