frequency,pdr
11,-74.625
12,-74.5555555556
13,-76.0
14,-76.0
15,-76.8
16,-80.6
17,-79.0
18,-82.0
19,-91.0
20,-89.0
21,-85.1
22,-84.7777777778
23,-81.25
24,-79.0
25,-79.0
26,-82.0
