frequency,pdr
11,-78.8
12,-62.5555555556
13,-58.9
14,-64.7
15,-63.0
16,-72.9
17,-58.0
18,-61.0
19,-67.0
20,-65.5
21,-65.6
22,-65.8
23,-64.9
24,-59.1
25,-69.1818181818
26,-67.0
