frequency,pdr
11,-52.0
12,-53.8888888889
13,-57.2
14,-66.4
15,-58.6666666667
16,-63.2
17,-59.0
18,-58.0
19,-59.9
20,-68.2
21,-62.6
22,-60.2
23,-55.0
24,-57.0
25,-55.0
26,-53.0
