frequency,pdr
11,-64.1
12,-62.2222222222
13,-57.9
14,-55.0
15,-75.2222222222
16,-68.1
17,-58.0
18,-62.1
19,-67.4
20,-61.5
21,-64.0
22,-61.2
23,-55.1
24,-58.0
25,-66.9
26,-61.1
