frequency,pdr
11,-62.6666666667
12,-62.8888888889
13,-61.0
14,-64.4
15,-55.9
16,-55.0
17,-58.0
18,-61.0
19,-61.0
20,-64.0
21,-73.1
22,-71.6
23,-65.5
24,-65.6
25,-64.0
26,-64.4
