frequency,pdr
11,-69.5555555556
12,-75.7777777778
13,-61.6
14,-66.9
15,-71.1111111111
16,-61.1
17,-58.0
18,-59.9
19,-60.9
20,-61.4
21,-70.6
22,-61.0
23,-69.8
24,-67.7
25,-63.8
26,-65.5
