frequency,pdr
11,-64.0
12,-65.3333333333
13,-62.3
14,-63.3
15,-62.2727272727
16,-64.0
17,-61.3
18,-61.0
19,-67.0
20,-69.8
21,-68.5
22,-63.2
23,-72.2
24,-61.0
25,-64.0
26,-67.0
