frequency,pdr
11,-58.0
12,-67.6666666667
13,-62.7
14,-62.1
15,-54.1111111111
16,-58.0
17,-63.7
18,-52.0
19,-60.4
20,-49.8
21,-49.0
22,-55.5
23,-51.8
24,-50.8
25,-49.0
26,-52.0
