frequency,pdr
11,-63.6666666667
12,-63.2727272727
13,-54.9
14,-57.1
15,-56.3333333333
16,-49.0
17,-47.9090909091
18,-47.7
19,-45.5
20,-43.0
21,-42.3
22,-45.4
23,-46.0
24,-46.0
25,-46.0
26,-44.8
