frequency,pdr
11,-50.1
12,-64.6666666667
13,-61.0
14,-52.5
15,-49.0
16,-56.8
17,-53.8
18,-58.0
19,-68.2
20,-55.0
21,-47.1
22,-52.7
23,-68.6666666667
24,-53.3
25,-46.0
26,-51.3
