frequency,pdr
11,-62.5555555556
12,-61.0
13,-56.8
14,-67.0
15,-71.1111111111
16,-64.7
17,-61.5
18,-67.0
19,-68.1
20,-58.0
21,-73.7
22,-64.3
23,-65.3
24,-64.0
25,-65.8
26,-72.9
