frequency,pdr
11,-68.7777777778
12,-54.5555555556
13,-55.0
14,-62.7
15,-62.4
16,-55.0
17,-55.0
18,-50.1
19,-52.8
20,-54.3
21,-57.0
22,-55.0
23,-51.7
24,-59.6
25,-55.0
26,-64.2
