frequency,pdr
11,-55.0
12,-54.7777777778
13,-60.3
14,-58.3
15,-77.5555555556
16,-57.5
17,-61.0
18,-55.0
19,-63.9
20,-57.5
21,-56.3
22,-55.0
23,-69.0
24,-59.4
25,-60.3
26,-56.0
