frequency,pdr
11,-55.0
12,-61.1111111111
13,-52.0
14,-51.4
15,-48.7777777778
16,-52.2
17,-61.0
18,-46.1
19,-46.0
20,-46.9
21,-47.8
22,-47.2
23,-46.0
24,-49.0
25,-50.4
26,-66.5
