frequency,pdr
11,-74.6666666667
12,-78.8
13,-65.8
14,-61.5
15,-63.4444444444
16,-76.6
17,-65.7
18,-70.0
19,-64.0
20,-70.4
21,-68.4
22,-69.4
23,-68.7
24,-66.6
25,-70.0
26,-67.0
