frequency,pdr
11,-67.6
12,-67.5555555556
13,-67.7
14,-66.2
15,-69.8888888889
16,-67.0
17,-71.0
18,-65.4
19,-69.5
20,-58.0
21,-63.9
22,-63.4
23,-61.3
24,-67.5
25,-60.9
26,-65.3
