frequency,pdr
11,-73.6666666667
12,-73.6
13,-63.2
14,-60.2
15,-58.0
16,-58.3
17,-61.2
18,-64.2
19,-61.2
20,-70.0
21,-61.0
22,-60.5
23,-73.2222222222
24,-55.2
25,-58.0
26,-67.0
