frequency,pdr
11,-64.6
12,-55.4444444444
13,-67.4545454545
14,-55.0
15,-55.0
16,-60.8
17,-58.0
18,-61.0
19,-60.7
20,-64.0
21,-69.3
22,-55.5
23,-68.5
24,-67.8
25,-59.6
26,-66.8
