frequency,pdr
11,-70.3
12,-66.4444444444
13,-58.0
14,-63.8
15,-64.0
16,-63.5
17,-57.7
18,-72.0
19,-61.0
20,-63.7
21,-65.6
22,-60.0
23,-62.7777777778
24,-62.0
25,-63.6
26,-55.1
