frequency,pdr
11,-67.0
12,-66.5555555556
13,-64.8
14,-65.9
15,-76.3333333333
16,-62.0
17,-65.6
18,-65.7
19,-67.0
20,-61.0
21,-66.5454545455
22,-67.0
23,-61.7
24,-66.2
25,-64.0
26,-82.2
