frequency,pdr
11,-64.2
12,-74.0
13,-61.0
14,-58.0
15,-69.5555555556
16,-59.8
17,-63.8
18,-67.2
19,-70.0
20,-68.5
21,-72.7
22,-70.0
23,-70.4444444444
24,-67.0
25,-70.0
26,-73.4
