frequency,pdr
11,-67.5555555556
12,-66.3333333333
13,-65.9
14,-68.6666666667
15,-65.9
16,-72.1
17,-64.0
18,-68.0
19,-62.6
20,-67.0
21,-68.2
22,-74.5
23,-73.0
24,-70.0
25,-81.7
26,-71.1
