frequency,pdr
11,-57.5
12,-62.3333333333
13,-75.6
14,-60.7
15,-56.2222222222
16,-58.4
17,-63.8
18,-55.3
19,-52.9
20,-61.0
21,-64.6
22,-59.6
23,-65.2
24,-67.9
25,-55.0
26,-60.8
