frequency,pdr
11,-63.9
12,-70.9
13,-78.8888888889
14,-68.8
15,-65.7
16,-69.8
17,-62.3
18,-73.2
19,-61.0
20,-65.3
21,-67.1
22,-74.4444444444
23,-67.0
24,-69.9
25,-64.0
26,-58.0
