frequency,pdr
11,-61.3
12,-69.1
13,-67.0
14,-67.2
15,-76.6666666667
16,-64.3
17,-60.2
18,-58.0
19,-65.4
20,-61.0
21,-66.7
22,-73.7777777778
23,-69.8
24,-67.0
25,-67.0
26,-70.0
