frequency,pdr
11,-57.2222222222
12,-57.5454545455
13,-55.0
14,-61.5
15,-68.1111111111
16,-61.0
17,-52.6
18,-55.6
19,-68.4
20,-59.7
21,-55.2
22,-61.0
23,-65.1
24,-64.5
25,-73.8
26,-66.4
