frequency,pdr
11,-65.4
12,-72.6
13,-68.0
14,-67.5
15,-68.4444444444
16,-58.0
17,-67.4545454545
18,-67.0
19,-72.1
20,-73.3
21,-67.0
22,-67.5
23,-65.0
24,-64.7
25,-66.2
26,-77.5
