frequency,pdr
11,-69.1111111111
12,-52.5
13,-59.9
14,-57.7
15,-60.7777777778
16,-51.0
17,-52.0
18,-55.0
19,-52.0
20,-46.4
21,-55.0
22,-69.5
23,-68.3
24,-55.0
25,-55.0
26,-55.0
