frequency,pdr
11,-69.7
12,-60.3
13,-63.8888888889
14,-63.3
15,-66.2
16,-65.5555555556
17,-74.1
18,-69.2
19,-61.6
20,-67.2
21,-77.1
22,-61.0
23,-61.1
24,-67.0
25,-79.4
26,-65.0
