frequency,pdr
11,-57.1
12,-43.0
13,-43.1
14,-49.0
15,-50.1
16,-64.2222222222
17,-60.8
18,-54.5
19,-52.0
20,-50.3
21,-53.9
22,-64.1111111111
23,-50.2
24,-48.8
25,-54.8
26,-52.0
