frequency,pdr
11,-67.0
12,-57.7777777778
13,-59.3333333333
14,-55.1
15,-66.7
16,-57.9
17,-59.4
18,-59.1
19,-61.0
20,-67.9
21,-61.0
22,-61.0
23,-61.0
24,-58.2
25,-53.2
26,-52.0
