frequency,pdr
11,-48.2
12,-51.3333333333
13,-61.7777777778
14,-52.3
15,-55.0
16,-53.8
17,-46.9
18,-52.0
19,-52.0
20,-57.5
21,-49.0
22,-51.4
23,-52.6
24,-50.0
25,-68.1
26,-67.8
