frequency,pdr
11,-58.5555555556
12,-47.8888888889
13,-53.7
14,-54.9
15,-50.0
16,-48.0
17,-50.2
18,-51.0
19,-52.0
20,-58.4
21,-51.1
22,-52.0
23,-57.7
24,-59.4
25,-56.4
26,-49.0
