frequency,pdr
11,-58.0
12,-53.3333333333
13,-61.5555555556
14,-49.0
15,-49.8
16,-49.6
17,-49.0
18,-56.9
19,-49.0
20,-49.0
21,-55.0
22,-56.1
23,-68.8
24,-55.6
25,-50.9
26,-55.0
