frequency,pdr
11,-55.0
12,-64.8
13,-57.3333333333
14,-67.9090909091
15,-64.3
16,-58.0
17,-57.0
18,-62.9
19,-55.0
20,-50.9
21,-51.6
22,-66.8
23,-55.0
24,-55.0
25,-61.0
26,-55.0
