frequency,pdr
11,-69.7777777778
12,-49.3
13,-54.9
14,-52.0
15,-49.0
16,-47.4
17,-65.4545454545
18,-54.6
19,-57.8
20,-52.0
21,-62.3
22,-55.0
23,-49.0
24,-46.0
25,-47.5
26,-58.3
