frequency,pdr
11,-61.1
12,-63.2222222222
13,-59.2222222222
14,-49.8
15,-49.0
16,-49.0
17,-49.9
18,-45.3
19,-49.0
20,-49.0
21,-47.9
22,-53.9
23,-46.0
24,-48.7
25,-47.0
26,-47.0
