frequency,pdr
11,-64.2
12,-67.0
13,-57.7777777778
14,-58.0
15,-61.5
16,-60.4444444444
17,-55.0
18,-61.0
19,-72.4
20,-69.4
21,-61.0
22,-56.1
23,-58.2
24,-61.0
25,-61.0
26,-63.1
