frequency,pdr
11,-62.2
12,-63.1111111111
13,-57.8888888889
14,-61.0
15,-62.4
16,-64.0
17,-61.9
18,-63.9
19,-60.7
20,-64.1
21,-68.2
22,-66.2
23,-74.2
24,-60.9
25,-64.0
26,-61.0
