frequency,pdr
11,-54.7272727273
12,-56.7
13,-54.9
14,-55.0
15,-61.0
16,-52.0
17,-58.0
18,-53.5
19,-50.9
20,-61.1
21,-59.7
22,-55.0
23,-55.0
24,-55.0
25,-60.9
26,-53.3636363636
