frequency,pdr
11,-66.5
12,-65.3333333333
13,-61.0
14,-53.1
15,-57.2
16,-62.3333333333
17,-64.3
18,-50.5
19,-52.5
20,-49.0
21,-50.0
22,-49.0
23,-52.0
24,-53.6
25,-66.1
26,-58.5
