frequency,pdr
11,-53.1
12,-60.3333333333
13,-55.1111111111
14,-61.0
15,-67.0
16,-55.0
17,-55.0
18,-55.0
19,-53.8
20,-52.3
21,-50.0
22,-52.0
23,-56.6
24,-54.6
25,-56.4
26,-55.0
