frequency,pdr
11,-62.4444444444
12,-66.5555555556
13,-45.9
14,-43.0
15,-43.0
16,-43.0
17,-44.5
18,-43.1
19,-43.0
20,-45.8
21,-45.8
22,-45.4
23,-50.5
24,-52.0
25,-47.2
26,-43.0
