frequency,pdr
11,-51.7
12,-54.6666666667
13,-69.4444444444
14,-68.5
15,-55.0
16,-51.0
17,-52.0
18,-63.6
19,-55.0
20,-55.0
21,-57.5
22,-60.8
23,-54.6
24,-66.6
25,-54.5
26,-52.0
