frequency,pdr
11,-55.0
12,-61.3333333333
13,-58.3333333333
14,-52.0
15,-55.0
16,-55.0
17,-55.2
18,-55.0
19,-54.1
20,-61.0
21,-66.0
22,-61.1
23,-67.0
24,-63.2
25,-62.9
26,-64.9
