frequency,pdr
11,-59.9
12,-57.7777777778
13,-65.1111111111
14,-55.0
15,-68.5
16,-56.2
17,-58.0
18,-56.6
19,-52.0
20,-52.0
21,-53.9
22,-55.8
23,-58.0
24,-58.3
25,-54.1
26,-55.0
