frequency,pdr
11,-54.4
12,-58.7777777778
13,-55.1111111111
14,-55.0
15,-53.8
16,-56.9
17,-55.0
18,-55.0
19,-55.5
20,-53.5
21,-53.0
22,-58.0
23,-54.0
24,-66.7
25,-57.1
26,-55.0
