frequency,pdr
11,-52.1
12,-52.0
13,-63.6666666667
14,-55.5
15,-49.4
16,-54.9
17,-56.5
18,-75.4
19,-60.8
20,-63.7272727273
21,-65.9
22,-56.2
23,-52.0
24,-54.9
25,-57.4
26,-52.0
