frequency,pdr
11,-63.2
12,-66.6666666667
13,-57.6666666667
14,-52.0
15,-62.2
16,-51.3
17,-54.4
18,-55.0
19,-55.0
20,-52.2
21,-55.0
22,-55.0
23,-52.0
24,-46.0
25,-51.8
26,-55.0
