frequency,pdr
11,-71.8888888889
12,-73.4444444444
13,-67.0
14,-61.0
15,-63.1
16,-60.3
17,-73.6666666667
18,-71.0
19,-67.1
20,-64.1
21,-60.5
22,-70.0
23,-73.3
24,-61.3
25,-79.1
26,-62.3
