frequency,pdr
11,-64.0
12,-66.8888888889
13,-60.2222222222
14,-63.6
15,-61.5
16,-69.2
17,-61.0
18,-64.0
19,-73.0
20,-60.9
21,-57.0
22,-58.0
23,-61.0
24,-57.5
25,-64.0
26,-64.5
