frequency,pdr
11,-52.7
12,-60.8888888889
13,-51.2
14,-50.6
15,-65.1
16,-46.9
17,-48.4545454545
18,-50.4
19,-52.7
20,-49.0
21,-52.0
22,-46.0
23,-46.1
24,-46.0
25,-46.7
26,-43.1
