frequency,pdr
11,-47.6
12,-48.0
13,-59.7777777778
14,-44.4
15,-43.5
16,-46.0
17,-47.5
18,-53.3
19,-48.8
20,-55.0
21,-46.3636363636
22,-49.0
23,-50.9
24,-48.8
25,-50.3
26,-46.0
