frequency,pdr
11,-55.0
12,-54.3333333333
13,-66.6
14,-61.0
15,-59.9
16,-62.3
17,-71.0
18,-66.3
19,-62.1
20,-60.8
21,-57.9
22,-65.8
23,-76.8888888889
24,-68.1
25,-58.0
26,-57.6
