frequency,pdr
11,-62.3
12,-57.8
13,-56.0
14,-64.0
15,-77.6666666667
16,-59.3
17,-66.1
18,-60.9
19,-72.5714285714
20,-61.0
21,-73.7
22,-67.8
23,-61.0
24,-58.9
25,-59.6
26,-70.0
