frequency,pdr
11,-58.9
12,-66.7
13,-71.6666666667
14,-61.0
15,-57.2
16,-70.0
17,-70.3
18,-67.0
19,-61.0
20,-75.9
21,-67.4
22,-71.9
23,-61.3
24,-62.4
25,-58.4
26,-60.7272727273
