frequency,pdr
11,-54.3
12,-57.3333333333
13,-52.3
14,-61.0
15,-51.2
16,-53.5
17,-45.7
18,-47.7
19,-48.8181818182
20,-44.4
21,-53.2
22,-48.0
23,-54.2
24,-69.9
25,-53.2
26,-53.7
