frequency,pdr
11,-69.1818181818
12,-61.0
13,-63.5555555556
14,-64.0
15,-59.6
16,-59.7
17,-65.5
18,-72.0
19,-58.2
20,-61.7
21,-55.0
22,-61.5
23,-59.6
24,-62.4
25,-60.7
26,-62.4
