frequency,pdr
11,-63.1111111111
12,-61.1111111111
13,-64.0
14,-61.5
15,-55.0
16,-71.4
17,-49.1
18,-51.2
19,-55.7
20,-60.3
21,-67.7
22,-52.7
23,-56.6
24,-54.6
25,-52.0
26,-54.0
