frequency,pdr
11,-66.7777777778
12,-69.2222222222
13,-65.9
14,-63.8
15,-61.1
16,-70.4
17,-63.6
18,-61.5
19,-61.0
20,-68.0
21,-67.2
22,-76.75
23,-67.0
24,-71.2
25,-67.0
26,-64.0
