frequency,pdr
11,-49.9
12,-54.1
13,-61.4444444444
14,-72.6666666667
15,-54.5
16,-55.0
17,-52.1
18,-57.7
19,-55.0
20,-55.0
21,-55.7
22,-53.0
23,-63.4
24,-53.0
25,-52.8
26,-52.0
