frequency,pdr
11,-55.5
12,-51.6666666667
13,-54.9
14,-50.9
15,-55.2727272727
16,-49.0
17,-49.0
18,-55.0
19,-49.0
20,-49.0
21,-55.0
22,-46.1
23,-50.2
24,-49.8
25,-49.0
26,-64.3
