frequency,pdr
11,-71.5555555556
12,-58.0
13,-66.3
14,-59.0
15,-56.5
16,-64.0
17,-75.7777777778
18,-67.0
19,-61.0
20,-75.6
21,-62.7
22,-61.0
23,-71.7
24,-70.8
25,-67.1
26,-71.6
