frequency,pdr
11,-89.7777777778
12,-88.0
13,-87.0
14,-90.1111111111
15,-91.0
16,-91.0
17,-89.8888888889
18,-89.375
19,-86.9
20,-86.3
21,-87.2222222222
22,-88.375
23,-88.1428571429
24,-86.9
25,-89.8
26,-91.0
