frequency,pdr
11,-90.0
12,-88.4
13,-89.8888888889
14,-89.625
15,-90.9
16,-90.4
17,-90.875
18,-89.6666666667
19,-91.0
21,-91.0
22,-91.0
23,-91.0
24,-91.0
25,-91.0
26,-91.0
