frequency,pdr
11,-59.4
12,-58.1111111111
13,-55.0
14,-64.1
15,-67.0
16,-54.8
17,-61.3
18,-66.3
19,-55.5
20,-53.3
21,-52.8
22,-55.0
23,-65.3
24,-60.6666666667
25,-55.0
26,-53.9
