frequency,pdr
11,-58.0
12,-64.0
13,-72.2222222222
14,-62.8888888889
15,-67.9
16,-66.1
17,-64.7
18,-56.1
19,-57.5
20,-62.5
21,-59.7
22,-57.1
23,-63.3
24,-55.0
25,-55.8
26,-64.0
