frequency,pdr
11,-70.3333333333
12,-60.6
13,-54.6
14,-60.6
15,-56.8
16,-66.9
17,-60.4
18,-64.0
19,-56.3
20,-69.1
21,-58.0
22,-58.0
23,-65.7
24,-64.0
25,-70.8571428571
26,-55.0
