frequency,pdr
11,-65.3
12,-61.6666666667
13,-58.6666666667
14,-62.3
15,-63.3
16,-63.9
17,-59.9
18,-64.0
19,-63.1
20,-65.7
21,-54.0
22,-59.0
23,-66.1
24,-64.2222222222
25,-67.3
26,-64.0
