frequency,pdr
11,-67.0
12,-60.9
13,-59.6
14,-66.4444444444
15,-67.9
16,-60.6
17,-66.7
18,-61.0
19,-58.7
20,-55.0
21,-60.0
22,-55.0
23,-60.6
24,-67.2222222222
25,-64.4
26,-67.3
