frequency,pdr
11,-50.0
12,-52.0
13,-56.2222222222
14,-57.1111111111
15,-49.9
16,-57.9
17,-53.0
18,-55.0
19,-52.0
20,-52.3
21,-47.3
22,-49.0
23,-55.0
24,-55.0
25,-63.3
26,-54.0
