frequency,pdr
11,-66.4444444444
12,-66.6666666667
13,-55.0
14,-58.2
15,-60.4
16,-69.0
17,-55.0
18,-55.0
19,-65.6
20,-58.0
21,-61.0
22,-55.0
23,-65.9
24,-54.9
25,-64.2
26,-55.0
