frequency,pdr
11,-63.2
12,-56.3333333333
13,-55.0
14,-52.3333333333
15,-49.0
16,-51.0
17,-58.9
18,-55.0
19,-49.8
20,-46.6
21,-49.0
22,-54.5
23,-67.7
24,-53.2
25,-49.8
26,-62.5
