frequency,pdr
11,-55.3
12,-58.1111111111
13,-58.1
14,-57.8
15,-57.3
16,-64.5
17,-58.9
18,-56.9
19,-65.1
20,-68.3
21,-66.0
22,-58.0
23,-55.0
24,-56.5555555556
25,-61.1
26,-60.0
