frequency,pdr
11,-80.5555555556
12,-63.9
13,-71.7777777778
14,-57.3
15,-65.3636363636
16,-64.0
17,-58.8
18,-52.7
19,-60.8
20,-65.5
21,-61.6
22,-61.0
23,-58.0
24,-72.9
25,-61.0
26,-62.0
