frequency,pdr
11,-60.8
12,-67.0
13,-54.7777777778
14,-59.2222222222
15,-66.1
16,-72.8888888889
17,-62.1
18,-53.6
19,-58.5
20,-62.5
21,-68.1
22,-54.9
23,-55.5
24,-53.7
25,-61.0
26,-70.7
