frequency,pdr
11,-69.9
12,-64.2
13,-79.2222222222
14,-64.1111111111
15,-66.9
16,-72.8
17,-59.0
18,-55.0
19,-69.0
20,-55.5
21,-58.1
22,-80.2727272727
23,-65.2
24,-60.3
25,-65.9
26,-67.0
