frequency,pdr
11,-63.3
12,-71.2
13,-65.8888888889
14,-59.3333333333
15,-52.3
16,-55.0
17,-71.1
18,-52.0
19,-54.2
20,-64.2
21,-58.1
22,-59.9
23,-55.0
24,-57.8
25,-67.0
26,-61.0
