frequency,pdr
11,-58.0
12,-62.2222222222
13,-62.4444444444
14,-66.8888888889
15,-59.8
16,-77.5
17,-61.9
18,-59.2
19,-60.3
20,-55.0
21,-62.6
22,-60.7
23,-56.0
24,-60.9090909091
25,-68.1
26,-61.0
