frequency,pdr
11,-68.5555555556
12,-64.0
13,-67.0
14,-67.5555555556
15,-58.1
16,-67.0
17,-55.0
18,-62.6
19,-73.5
20,-61.0
21,-61.0
22,-63.8
23,-64.4
24,-64.5
25,-65.9
26,-64.0
