frequency,pdr
11,-58.2
12,-59.8
13,-68.5
14,-73.4444444444
15,-64.0
16,-72.2
17,-62.9
18,-64.4
19,-66.8
20,-61.0
21,-64.0
22,-67.0
23,-59.0
24,-71.7777777778
25,-61.0
26,-55.9
