frequency,pdr
11,-62.3
12,-58.7777777778
13,-55.0
14,-55.1
15,-61.0
16,-55.0
17,-55.0
18,-54.5
19,-66.4
20,-58.0
21,-60.1
22,-65.0
23,-59.1
24,-58.8888888889
25,-64.3
26,-55.0
