frequency,pdr
11,-53.4
12,-55.3333333333
13,-68.6666666667
14,-66.4444444444
15,-63.5
16,-50.0
17,-52.0
18,-51.6
19,-58.5
20,-62.1
21,-60.6
22,-67.0
23,-58.0
24,-63.6
25,-58.0
26,-58.6
