frequency,pdr
11,-69.5555555556
12,-65.8888888889
13,-60.4444444444
14,-76.0
15,-63.3
16,-60.0
17,-58.0
18,-63.9
19,-67.0
20,-69.4
21,-66.1
22,-62.0
23,-62.2
24,-64.7777777778
25,-66.0
26,-56.6
