frequency,pdr
11,-55.6
12,-66.3
13,-71.8888888889
14,-55.1111111111
15,-55.1
16,-61.0
17,-59.5
18,-61.0
19,-64.7
20,-60.2
21,-61.0
22,-61.8
23,-63.9
24,-55.0
25,-61.0
26,-68.1
