frequency,pdr
11,-46.6
12,-57.6666666667
13,-51.0
14,-53.7272727273
15,-52.0
16,-55.0
17,-61.2
18,-52.2
19,-53.2
20,-54.5
21,-52.0
22,-49.0
23,-55.0
24,-48.2
25,-45.9
26,-51.1
