frequency,pdr
11,-55.2
12,-55.0
13,-61.4444444444
14,-54.0
15,-55.3
16,-52.0
17,-69.1
18,-58.0
19,-57.0
20,-54.1
21,-57.3
22,-63.8
23,-64.0
24,-52.2
25,-53.0
26,-56.0909090909
