frequency,pdr
11,-63.8888888889
12,-66.1
13,-69.3333333333
14,-61.0
15,-71.5
16,-58.9
17,-50.8
18,-58.2
19,-57.4
20,-62.2
21,-77.0
22,-54.0
23,-59.9
24,-57.9
25,-52.3
26,-57.2
