frequency,pdr
11,-70.7777777778
12,-64.0
13,-67.0
14,-59.2222222222
15,-61.0
16,-57.7
17,-58.3
18,-63.2
19,-58.8
20,-63.8
21,-61.0
22,-66.4
23,-67.0
24,-65.4444444444
25,-65.6
26,-61.0
