frequency,pdr
11,-62.6
12,-60.4
13,-66.8888888889
14,-71.0
15,-71.1
16,-55.0
17,-60.2
18,-61.4
19,-66.1
20,-64.7
21,-61.2
22,-65.7
23,-65.4
24,-64.8888888889
25,-55.0
26,-57.6
