frequency,pdr
11,-66.3
12,-68.0
13,-71.2222222222
14,-59.6
15,-56.0909090909
16,-64.0
17,-57.7
18,-59.5
19,-56.5
20,-56.2
21,-61.0
22,-71.1
23,-60.6
24,-57.5555555556
25,-62.7
26,-64.0
