frequency,pdr
11,-59.1
12,-62.2222222222
13,-75.4444444444
14,-60.4444444444
15,-60.4
16,-57.0
17,-60.6
18,-61.0
19,-62.8
20,-66.5
21,-58.0
22,-67.7
23,-61.8
24,-59.6
25,-55.9
26,-64.3
