frequency,pdr
11,-58.5
12,-65.5555555556
13,-54.3
14,-56.1
15,-58.1
16,-63.6
17,-55.0
18,-71.3
19,-61.0
20,-69.9
21,-67.7
22,-66.6
23,-74.7777777778
24,-55.0
25,-62.6
26,-62.9
