frequency,pdr
11,-55.2
12,-58.4444444444
13,-57.6666666667
14,-65.3333333333
15,-60.9
16,-58.0
17,-55.0
18,-55.0
19,-71.4
20,-55.0
21,-57.8
22,-57.8
23,-59.2
24,-58.9
25,-55.0
26,-55.0
