frequency,pdr
11,-60.5
12,-66.3333333333
13,-63.5
14,-56.7
15,-58.0
16,-59.6
17,-64.1
18,-57.9
19,-55.0
20,-58.0
21,-71.4
22,-56.3
23,-68.6
24,-61.1111111111
25,-71.4
26,-69.0
