frequency,pdr
11,-52.0
12,-56.2222222222
13,-60.5555555556
14,-54.7777777778
15,-70.4
16,-54.3
17,-69.4
18,-61.2
19,-64.3
20,-68.2
21,-70.0
22,-67.8
23,-62.2
24,-58.0
25,-78.7
26,-71.8
