frequency,pdr
11,-63.8
12,-72.8888888889
13,-67.7777777778
14,-65.6
15,-62.5
16,-64.1
17,-64.0
18,-59.1
19,-61.8
20,-63.2
21,-65.0
22,-59.9
23,-73.6
24,-64.3
25,-58.1
26,-68.5
