frequency,pdr
11,-60.0
12,-63.1111111111
13,-62.8888888889
14,-58.0
15,-59.4
16,-55.0
17,-61.0
18,-66.9
19,-58.0
20,-60.7
21,-76.4
22,-63.0
23,-62.2
24,-63.5
25,-67.5
26,-74.3
