frequency,pdr
11,-58.5
12,-62.6666666667
13,-57.5
14,-63.4444444444
15,-62.0
16,-67.0
17,-58.3
18,-58.0
19,-61.4
20,-59.2
21,-58.0
22,-58.0
23,-72.8
24,-58.4
25,-73.2
26,-62.7
