frequency,pdr
11,-54.7
12,-58.7777777778
13,-57.0
14,-51.1111111111
15,-45.8
16,-51.1
17,-49.8
18,-49.0
19,-54.4
20,-52.0
21,-57.7
22,-59.8
23,-58.0
24,-60.8
25,-53.1
26,-54.5
