frequency,pdr
11,-65.7
12,-56.7777777778
13,-61.5
14,-55.0
15,-52.0
16,-56.3
17,-55.1
18,-56.1
19,-61.6
20,-70.8
21,-68.2
22,-59.6
23,-56.5
24,-61.7777777778
25,-58.0
26,-52.1
