frequency,pdr
11,-58.7
12,-66.3333333333
13,-66.8
14,-68.2222222222
15,-66.1
16,-73.0
17,-59.0
18,-67.1
19,-68.8
20,-66.7
21,-64.0
22,-61.4
23,-65.5
24,-60.9
25,-66.3
26,-75.0
