frequency,pdr
11,-67.6
12,-64.2222222222
13,-60.2
14,-56.6666666667
15,-61.0
16,-61.0
17,-60.6
18,-57.9
19,-57.6
20,-62.2
21,-66.5
22,-66.1
23,-61.9
24,-66.8888888889
25,-65.2
26,-66.2
