frequency,pdr
11,-63.9
12,-55.2222222222
13,-60.8888888889
14,-61.2
15,-63.8
16,-75.1
17,-68.2
18,-62.4
19,-56.3
20,-59.2
21,-61.1
22,-64.1
23,-58.0
24,-58.6666666667
25,-60.8
26,-68.0
