frequency,pdr
11,-58.0
12,-60.2222222222
13,-61.0
14,-68.8
15,-66.0
16,-61.0
17,-76.4545454545
18,-62.2
19,-59.1
20,-68.3
21,-58.2
22,-61.9
23,-57.1
24,-60.8
25,-55.0
26,-60.8
