frequency,pdr
11,-67.8
12,-61.0
13,-70.2222222222
14,-70.4444444444
15,-67.3
16,-67.7
17,-62.3
18,-59.6
19,-55.8
20,-64.6
21,-57.2
22,-64.3
23,-63.2
24,-57.8
25,-61.2
26,-58.0
