frequency,pdr
11,-59.2
12,-55.6666666667
13,-60.2222222222
14,-66.5
15,-56.9
16,-69.9
17,-64.5
18,-67.0
19,-60.3
20,-58.0
21,-59.5
22,-53.0
23,-55.6
24,-62.4444444444
25,-61.9
26,-58.4
