frequency,pdr
11,-53.9
12,-55.1111111111
13,-64.6666666667
14,-57.5
15,-55.3
16,-55.0
17,-53.0
18,-58.0
19,-58.7
20,-53.0
21,-60.3
22,-56.9
23,-55.5
24,-60.9
25,-58.0
26,-65.2
