frequency,pdr
11,-46.4
12,-48.6666666667
13,-52.9
14,-57.3333333333
15,-46.0
16,-50.4
17,-49.0
18,-53.7
19,-49.0
20,-58.0
21,-60.1
22,-52.0
23,-58.7
24,-51.9
25,-52.0
26,-49.0
