frequency,pdr
11,-54.8
12,-60.4
13,-55.0
14,-67.7777777778
15,-54.6
16,-60.2
17,-69.9
18,-64.2
19,-60.8
20,-60.8
21,-64.0
22,-66.1
23,-70.7
24,-61.6666666667
25,-58.0
26,-55.0
