frequency,pdr
11,-67.4
12,-55.0
13,-61.0
14,-61.6
15,-61.0
16,-67.0
17,-61.0
18,-66.4545454545
19,-55.8
20,-64.1
21,-67.0
22,-66.2
23,-61.7
24,-59.3333333333
25,-65.8
26,-63.7
