frequency,pdr
11,-58.0
12,-60.3333333333
13,-60.6666666667
14,-64.0
15,-55.2
16,-56.6
17,-55.4
18,-63.8
19,-64.1
20,-78.2
21,-59.7
22,-63.8
23,-64.9
24,-64.9
25,-73.9
26,-63.0
