frequency,pdr
11,-59.8
12,-68.0
13,-62.3333333333
14,-68.6666666667
15,-59.9
16,-61.8
17,-54.9
18,-64.4
19,-59.0
20,-66.0
21,-67.4
22,-61.9
23,-72.0
24,-61.9
25,-62.0
26,-70.0
