frequency,pdr
11,-55.0
12,-63.4444444444
13,-64.7777777778
14,-55.0
15,-60.7
16,-55.0
17,-60.8
18,-70.0
19,-55.0
20,-61.8
21,-67.9
22,-60.5
23,-67.0
24,-60.8
25,-59.0
26,-62.9
