frequency,pdr
11,-58.2
12,-58.5
13,-69.7
14,-60.6666666667
15,-57.1
16,-61.4
17,-66.2
18,-55.0
19,-65.0
20,-62.7
21,-57.5
22,-61.0
23,-64.0
24,-70.1111111111
25,-61.3
26,-64.5
