frequency,pdr
11,-61.7777777778
12,-58.0
13,-56.6666666667
14,-59.5555555556
15,-61.6
16,-61.0
17,-58.0
18,-56.9
19,-55.0
20,-52.0
21,-55.0
22,-50.1
23,-56.6
24,-51.5
25,-52.0
26,-55.0
