frequency,pdr
11,-60.1
12,-56.7777777778
13,-55.0
14,-58.3333333333
15,-61.9
16,-66.6
17,-58.0
18,-59.7
19,-68.7
20,-68.9
21,-64.2
22,-61.7
23,-55.0
24,-57.2222222222
25,-61.3
26,-63.3
