frequency,pdr
11,-49.0
12,-49.0
13,-59.7777777778
14,-66.4444444444
15,-57.6
16,-65.3
17,-68.9
18,-61.0
19,-56.6
20,-52.0
21,-51.6
22,-56.5
23,-51.6
24,-58.6666666667
25,-65.2
26,-60.5
