frequency,pdr
11,-54.6
12,-51.8
13,-67.7777777778
14,-52.5555555556
15,-65.2
16,-60.0
17,-58.0
18,-52.0
19,-64.3
20,-58.4
21,-61.0
22,-64.0
23,-61.4
24,-52.0
25,-49.4
26,-61.6
