frequency,pdr
11,-52.0
12,-56.9
13,-55.1111111111
14,-55.0
15,-59.5
16,-67.3
17,-70.2
18,-67.5
19,-61.2
20,-74.3
21,-72.7
22,-57.6
23,-55.6
24,-62.2222222222
25,-68.2
26,-60.6
