frequency,pdr
11,-65.2
12,-60.8888888889
13,-56.3333333333
14,-61.1111111111
15,-57.8
16,-55.0
17,-58.0
18,-62.7
19,-60.8
20,-61.4
21,-58.0
22,-61.0
23,-64.1
24,-67.0
25,-55.0
26,-54.6
