frequency,pdr
11,-62.9090909091
12,-67.0
13,-67.0
14,-66.7
15,-61.2
16,-61.0
17,-52.0
18,-61.2
19,-64.0
20,-58.0
21,-60.8
22,-58.0
23,-57.2
24,-67.5555555556
25,-60.2
26,-62.4
