frequency,pdr
11,-79.0
12,-79.0
13,-79.0
14,-79.0
15,-79.0
16,-79.0
17,-79.0
18,-80.0909090909
19,-79.0
20,-81.0
21,-82.0
22,-83.6
23,-84.8571428571
24,-83.1
25,-82.9
26,-83.1
