frequency,pdr
11,-88.5555555556
12,-91.0
14,-88.25
15,-83.9
16,-82.1
17,-82.5
18,-83.0
19,-83.9
20,-84.9
21,-86.2222222222
22,-85.6666666667
23,-88.0
24,-90.0
25,-91.0
26,-90.1
