frequency,pdr
11,-87.125
12,-87.4285714286
13,-88.2857142857
14,-88.25
15,-89.6
16,-90.1
17,-90.8333333333
18,-91.0
19,-91.0
20,-91.0
21,-91.0
23,-91.0
24,-91.0
25,-91.0
