frequency,pdr
11,-82.0
12,-82.0
13,-82.7
14,-85.1
15,-86.1
16,-86.1
17,-88.3
18,-90.9
19,-91.0
20,-91.0
21,-90.2857142857
22,-89.75
23,-88.7142857143
24,-86.1
25,-85.0
26,-87.8
