frequency,pdr
11,-87.2
12,-89.2222222222
13,-87.6666666667
14,-86.4
15,-86.0
16,-87.8
17,-88.8571428571
18,-90.75
19,-91.0
20,-91.0
21,-91.0
23,-91.0
24,-91.0
25,-91.0
26,-91.0
