frequency,pdr
11,-80.0
12,-80.0
13,-81.0
14,-81.0
15,-81.8
16,-82.0
17,-84.5
18,-86.1
19,-87.9
20,-88.6
21,-89.4444444444
22,-88.8571428571
23,-90.7142857143
24,-90.9
25,-90.7
26,-90.0
