frequency,pdr
11,-90.2222222222
12,-91.0
13,-90.875
14,-90.0
15,-90.8
16,-90.5
17,-90.4444444444
18,-90.8888888889
19,-91.0
20,-91.0
21,-90.8571428571
22,-88.5
23,-90.0
24,-90.0
25,-91.0
26,-91.0
