frequency,pdr
11,-88.5
12,-88.7
13,-89.0
14,-88.7
15,-87.0
16,-85.0
17,-85.0
18,-85.8
19,-86.0
20,-86.5
21,-86.5555555556
22,-87.25
23,-87.5714285714
24,-88.0
25,-90.0
26,-90.7
