frequency,pdr
11,-89.3333333333
12,-88.4444444444
13,-88.4444444444
14,-89.1
15,-90.8
16,-91.0
17,-91.0
18,-91.0
19,-91.0
20,-91.0
21,-91.0
23,-91.0
24,-91.0
25,-91.0
26,-91.0
