frequency,pdr
11,-69.125
12,-61.2222222222
13,-64.0
14,-63.5
15,-68.9
16,-80.0
17,-64.0
18,-64.0
19,-64.0
20,-70.6
21,-61.0
22,-64.0
23,-67.9
24,-58.2
25,-67.8
26,-75.8888888889
