frequency,pdr
11,-63.7777777778
12,-61.7777777778
13,-58.1
14,-57.5
15,-60.7
16,-70.0
17,-66.4
18,-58.5
19,-67.0
20,-60.4
21,-61.4
22,-58.2
23,-65.3
24,-68.3
25,-62.0
26,-66.1
