frequency,pdr
11,-72.1111111111
12,-72.7777777778
13,-81.6
14,-70.0
15,-66.0
16,-76.8
17,-71.9
18,-70.8
19,-64.9
20,-64.6
21,-69.7
22,-61.6
23,-64.0
24,-58.3
25,-65.5
26,-61.0
