frequency,pdr
11,-69.1818181818
12,-60.7777777778
13,-69.6
14,-61.0
15,-61.0
16,-61.0
17,-61.0
18,-64.0
19,-66.1
20,-68.5
21,-68.6
22,-61.6
23,-64.4
24,-65.6
25,-70.9
26,-63.0
