frequency,pdr
11,-75.5
12,-63.5
13,-57.9
14,-64.0
15,-67.3
16,-56.1
17,-67.6
18,-58.0
19,-55.0
20,-65.4
21,-65.8
22,-66.6363636364
23,-60.5
24,-56.9
25,-58.0
26,-79.3333333333
