frequency,pdr
11,-62.8
12,-63.4444444444
13,-70.2
14,-62.1
15,-69.3
16,-68.7
17,-65.0
18,-62.3
19,-67.0
20,-67.0
21,-65.0
22,-63.2
23,-66.2
24,-77.4
25,-70.0
26,-74.3333333333
