frequency,pdr
11,-65.8888888889
12,-63.0
13,-58.2
14,-63.4
15,-69.3
16,-64.0
17,-61.0
18,-65.0
19,-59.0
20,-65.2
21,-60.0
22,-67.8
23,-69.5
24,-60.2
25,-61.0
26,-71.4444444444
