frequency,pdr
11,-64.0
12,-57.8
13,-64.0
14,-70.0
15,-58.0
16,-58.0
17,-61.5
18,-71.0
19,-58.9
20,-64.0
21,-62.0
22,-58.0
23,-64.0
24,-63.2
25,-82.6666666667
26,-77.2222222222
