frequency,pdr
11,-65.0
12,-58.0
13,-61.2
14,-62.5555555556
15,-62.4
16,-66.7
17,-70.0
18,-59.7
19,-58.4
20,-61.9
21,-62.7
22,-58.0
23,-69.2
24,-63.7
25,-64.6
26,-73.3333333333
