frequency,pdr
11,-60.0
12,-67.8571428571
13,-64.5
14,-69.3333333333
15,-71.8
16,-61.1
17,-69.8333333333
18,-69.7
19,-68.6666666667
20,-58.0
21,-55.7
22,-59.8
23,-64.3
24,-72.6
25,-66.4
26,-65.1
