frequency,pdr
11,-52.0
12,-54.0
13,-63.3
14,-57.9
15,-58.6
16,-58.0
17,-57.4444444444
18,-58.1111111111
19,-56.0
20,-61.0
21,-70.0
22,-67.0
23,-65.4
24,-58.0
25,-67.0
26,-65.0
