frequency,pdr
11,-67.5
12,-71.8571428571
13,-67.0
14,-70.0
15,-65.5
16,-66.7
17,-67.0
18,-67.2222222222
19,-64.0
20,-59.3
21,-60.6
22,-56.8
23,-58.0
24,-57.0
25,-58.0
26,-63.1
