frequency,pdr
11,-52.3333333333
12,-45.6666666667
13,-44.4
14,-46.0
15,-55.9
16,-51.8
17,-46.0
18,-46.0
19,-46.0
20,-57.7
21,-54.6
22,-47.0
23,-49.0
24,-52.0
25,-52.0
26,-46.1
