frequency,pdr
11,-55.0
12,-55.0
13,-60.6666666667
14,-63.3333333333
15,-64.0
16,-64.0
17,-64.4444444444
18,-58.7
19,-63.8
20,-61.2
21,-62.1
22,-63.2
23,-70.2
24,-56.5
25,-54.1
26,-60.9
