frequency,pdr
11,-55.0
12,-54.8
13,-56.1111111111
14,-60.4
15,-68.2
16,-77.0
17,-64.0
18,-67.1111111111
19,-63.9
20,-65.0
21,-61.0
22,-61.0
23,-63.0
24,-59.4
25,-55.0
26,-63.4
