frequency,pdr
11,-53.1
12,-55.125
13,-52.0
14,-54.8
15,-67.5
16,-55.0
17,-58.8888888889
18,-61.0
19,-58.1111111111
20,-52.0
21,-54.6
22,-53.3
23,-47.7
24,-49.0
25,-49.0
26,-48.3
