frequency,pdr
11,-67.0
12,-65.5
13,-61.0
14,-68.2222222222
15,-67.0
16,-61.0
17,-61.0
18,-59.2
19,-75.1111111111
20,-62.3
21,-55.0
22,-55.0
23,-55.0
24,-58.0
25,-66.7
26,-69.6
