frequency,pdr
11,-58.6
12,-58.2857142857
13,-56.0
14,-57.9090909091
15,-58.0
16,-57.5
17,-67.0
18,-63.8
19,-67.5
20,-79.2
21,-65.1
22,-61.0
23,-69.6
24,-66.4
25,-63.6
26,-58.0
