frequency,pdr
11,-58.1111111111
12,-53.2222222222
13,-54.9
14,-55.0
15,-55.0
16,-55.0
17,-46.0
18,-44.7
19,-51.0
20,-51.0
21,-48.0
22,-47.0
23,-50.3
24,-60.5
25,-47.1
26,-45.9
