frequency,pdr
11,-59.7
12,-54.5714285714
13,-51.7777777778
14,-51.6666666667
15,-52.6
16,-53.5
17,-52.0
18,-50.4
19,-49.0
20,-49.1
21,-52.2
22,-59.7
23,-70.0
24,-62.5
25,-58.0
26,-53.9
