frequency,pdr
11,-61.625
12,-67.3333333333
13,-60.5
14,-56.6
15,-60.7
16,-65.4
17,-61.8888888889
18,-65.6
19,-66.9
20,-72.1
21,-66.7
22,-61.4
23,-64.4
24,-67.4
25,-67.0
26,-67.0
