frequency,pdr
11,-55.9
12,-70.7142857143
13,-68.4444444444
14,-55.0
15,-52.0
16,-51.1
17,-49.0
18,-52.0
19,-55.1
20,-64.1
21,-69.3
22,-64.1
23,-55.1
24,-55.0
25,-53.9
26,-52.1
