frequency,pdr
11,-57.6
12,-48.8333333333
13,-44.1
14,-43.0
15,-43.1
16,-46.0
17,-47.4
18,-52.1111111111
19,-55.0
20,-57.4
21,-57.1
22,-52.4
23,-48.9
24,-47.1
25,-46.1
26,-49.0
