frequency,pdr
11,-57.1111111111
12,-58.8
13,-58.0
14,-54.7
15,-56.5
16,-65.8
17,-69.6666666667
18,-60.9
19,-63.6
20,-61.0
21,-64.0
22,-58.0
23,-58.3
24,-58.6
25,-60.2
26,-63.4
