frequency,pdr
11,-70.1111111111
12,-71.8571428571
13,-70.25
14,-64.2222222222
15,-61.0
16,-56.4
17,-56.6
18,-60.6
19,-66.8888888889
20,-82.8
21,-67.0
22,-77.3
23,-70.2
24,-64.6
25,-65.6
26,-60.2
