frequency,pdr
11,-56.1111111111
12,-54.5555555556
13,-53.4
14,-55.0
15,-58.0
16,-55.2
17,-56.5
18,-55.0
19,-55.0
20,-55.0
21,-55.0
22,-55.7
23,-58.0
24,-58.4
25,-58.1
26,-60.9
