frequency,pdr
11,-46.1111111111
12,-48.6666666667
13,-46.0
14,-46.1111111111
15,-46.1
16,-46.0
17,-46.0
18,-46.2
19,-46.0
20,-46.0
21,-48.4
22,-49.0
23,-47.6
24,-48.9
25,-48.7
26,-49.0
