frequency,pdr
11,-46.0
12,-46.0
13,-46.1
14,-47.8888888889
15,-49.0
16,-50.0
17,-51.3333333333
18,-49.3
19,-51.8
20,-50.0
21,-50.0
22,-52.0
23,-52.0
24,-52.3
25,-55.0
26,-55.0
