frequency,pdr
11,-61.0
12,-55.8181818182
13,-59.7777777778
14,-55.0
15,-55.0
16,-59.8
17,-60.0
18,-64.1
19,-72.2
20,-55.0
21,-56.3
22,-69.2
23,-61.3
24,-68.4
25,-62.2
26,-58.0
