frequency,pdr
11,-58.0
12,-60.5555555556
13,-59.2222222222
14,-55.0
15,-65.3
16,-62.1
17,-66.1
18,-61.0
19,-56.0
20,-60.9
21,-64.2
22,-66.6
23,-60.9
24,-64.0
25,-66.7
26,-63.5
