frequency,pdr
11,-56.0
12,-62.7777777778
13,-65.7272727273
14,-69.9
15,-62.7
16,-61.0
17,-68.6
18,-64.0
19,-63.6
20,-64.0
21,-85.0
22,-64.1
23,-67.1
24,-64.0
25,-66.6
26,-64.0
