frequency,pdr
11,-52.0
12,-49.6666666667
13,-58.4444444444
14,-49.0
15,-55.9
16,-68.7
17,-55.0
18,-61.1
19,-59.9
20,-51.7
21,-54.9
22,-48.6
23,-46.0
24,-46.0
25,-45.0
26,-43.0
