frequency,pdr
11,-55.1
12,-60.6
13,-62.6666666667
14,-63.3
15,-65.3
16,-67.0
17,-70.2
18,-74.3
19,-62.2
20,-67.0
21,-67.3
22,-67.0
23,-64.3
24,-69.5
25,-67.0
26,-66.4545454545
