frequency,pdr
11,-64.0
12,-65.5555555556
13,-64.0
14,-69.0
15,-65.9
16,-66.1
17,-59.0
18,-72.3
19,-74.8
20,-64.0
21,-63.7
22,-65.0
23,-74.5555555556
24,-64.0
25,-72.2727272727
26,-67.0
