frequency,pdr
11,-55.8
12,-73.875
13,-61.8888888889
14,-61.0
15,-53.9
16,-56.0
17,-49.0
18,-52.5
19,-51.0
20,-46.0
21,-44.0
22,-51.8
23,-62.9
24,-64.7
25,-57.9
26,-65.7272727273
