frequency,pdr
11,-43.0
12,-49.0
13,-56.8888888889
14,-67.1
15,-57.3
16,-55.0
17,-50.7
18,-46.0
19,-55.0
20,-49.0
21,-53.4
22,-48.8
23,-55.6
24,-56.0909090909
25,-54.7
26,-55.0
