frequency,pdr
11,-46.0
12,-46.0
13,-53.4
14,-53.5
15,-56.0909090909
16,-55.0
17,-55.0
18,-52.0
19,-49.0
20,-52.0
21,-53.5
22,-49.0
23,-52.0
24,-54.3
25,-53.2727272727
26,-52.0
