frequency,pdr
11,-53.4
12,-58.2222222222
13,-50.8888888889
14,-55.0
15,-53.8
16,-53.9
17,-55.3
18,-57.1
19,-51.9
20,-53.5
21,-75.2
22,-56.5
23,-68.7
24,-58.3
25,-54.0
26,-50.0
