frequency,pdr
11,-55.1
12,-69.3333333333
13,-55.8888888889
14,-64.2
15,-63.1
16,-57.9
17,-71.6
18,-60.8
19,-60.3
20,-77.0
21,-58.9
22,-65.0
23,-52.0
24,-52.0
25,-52.0
26,-59.7
