frequency,pdr
11,-62.9
12,-62.7777777778
13,-62.7272727273
14,-67.0
15,-60.0
16,-55.0
17,-61.0
18,-69.9
19,-72.4
20,-58.1
21,-61.1
22,-68.6
23,-60.8
24,-55.0
25,-60.9
26,-70.4
