frequency,pdr
11,-61.0
12,-62.8888888889
13,-71.0
14,-61.3
15,-57.3
16,-63.3
17,-64.0
18,-62.0
19,-62.6
20,-71.3
21,-70.4
22,-61.0
23,-71.5555555556
24,-61.8
25,-63.0
26,-68.5
