frequency,pdr
11,-55.0
12,-55.6666666667
13,-49.3
14,-55.2
15,-58.3636363636
16,-50.7
17,-47.0
18,-51.4
19,-53.0
20,-56.7
21,-57.9
22,-49.1
23,-49.0
24,-58.8
25,-59.7
26,-51.2
