frequency,pdr
11,-68.5
12,-59.6666666667
13,-58.5555555556
14,-57.7
15,-64.0
16,-64.0
17,-66.0
18,-63.7
19,-66.0
20,-70.1
21,-70.0
22,-69.4
23,-64.0
24,-61.0
25,-63.1
26,-70.0
