frequency,pdr
11,-64.0
12,-66.5555555556
13,-64.8888888889
14,-64.0
15,-70.0
16,-71.3
17,-59.0
18,-65.2
19,-58.0
20,-65.4
21,-70.0
22,-60.0
23,-64.0
24,-67.0
25,-68.5
26,-66.6
