frequency,pdr
11,-47.4
12,-61.7777777778
13,-68.875
14,-57.2
15,-53.9
16,-61.2
17,-51.6
18,-55.9
19,-59.2
20,-54.8
21,-69.6666666667
22,-59.5
23,-55.0
24,-67.5
25,-66.9
26,-51.7
