frequency,pdr
11,-55.2
12,-59.4444444444
13,-60.3333333333
14,-61.0
15,-69.7
16,-64.1
17,-66.9
18,-58.1
19,-55.0
20,-58.2
21,-58.0
22,-62.2
23,-61.1
24,-61.0
25,-68.9090909091
26,-70.3
