frequency,pdr
11,-64.0
12,-65.2222222222
13,-65.4444444444
14,-63.8
15,-67.0
16,-67.0
17,-70.0
18,-70.0
19,-64.8
20,-68.1
21,-70.0
22,-71.1
23,-63.1
24,-67.0
25,-63.0
26,-68.5
