frequency,pdr
11,-69.5
12,-64.6666666667
13,-65.7777777778
14,-58.0
15,-63.6
16,-63.1111111111
17,-63.3
18,-63.5
19,-78.3
20,-81.1
21,-70.9
22,-61.2
23,-55.0
24,-56.0
25,-59.3
26,-65.6
