frequency,pdr
11,-63.8
12,-63.8888888889
13,-71.8888888889
14,-66.0
15,-65.2
16,-61.0
17,-60.3
18,-64.0
19,-71.4
20,-61.3
21,-63.0
22,-60.8
23,-62.1
24,-67.0
25,-65.0
26,-73.0
