frequency,pdr
11,-75.8
12,-62.1111111111
13,-61.0
14,-65.1
15,-68.7
16,-62.8888888889
17,-59.5
18,-58.0
19,-60.0
20,-59.3
21,-64.6
22,-63.7
23,-64.5
24,-62.8
25,-58.0
26,-55.9
