frequency,pdr
11,-59.3
12,-64.4444444444
13,-60.8888888889
14,-66.5
15,-67.0
16,-64.1
17,-70.0
18,-72.9
19,-61.3
20,-64.0
21,-66.1
22,-69.6
23,-63.2
24,-62.4
25,-76.6
26,-64.5
