frequency,pdr
11,-54.9
12,-56.7777777778
13,-53.0
14,-48.9
15,-55.0
16,-56.8
17,-55.7
18,-55.0
19,-54.6
20,-55.7
21,-55.0
22,-56.3636363636
23,-55.0
24,-55.0
25,-55.0
26,-55.0
