frequency,pdr
11,-61.0
12,-61.1111111111
13,-67.4444444444
14,-69.1
15,-60.5
16,-57.5
17,-67.0
18,-66.8
19,-69.4
20,-69.5
21,-65.7
22,-69.1
23,-66.0
24,-75.7
25,-67.0
26,-69.6
