frequency,pdr
11,-53.8
12,-55.4444444444
13,-54.8
14,-52.4
15,-56.9
16,-57.1
17,-57.2
18,-57.7
19,-58.8
20,-62.1
21,-55.0
22,-54.2
23,-59.0
24,-61.0
25,-56.9
26,-70.8888888889
