frequency,pdr
11,-51.9
12,-66.5454545455
13,-50.8888888889
14,-52.0
15,-49.0
16,-55.0
17,-58.5
18,-54.9
19,-55.2
20,-54.8
21,-55.1
22,-55.0
23,-61.0
24,-67.6
25,-67.1
26,-60.8
