frequency,pdr
11,-69.2222222222
12,-60.3333333333
13,-62.625
14,-64.0
15,-71.6
16,-65.5555555556
17,-66.9
18,-61.2
19,-64.4
20,-64.6
21,-72.5
22,-76.6666666667
23,-61.0
24,-64.0
25,-65.4
26,-69.6
