frequency,pdr
11,-57.8
12,-71.1111111111
13,-73.5
14,-64.3
15,-67.0
16,-62.5555555556
17,-70.0
18,-67.5
19,-61.4
20,-62.4
21,-59.9
22,-63.6
23,-63.5
24,-70.6
25,-70.0
26,-65.3
