frequency,pdr
11,-49.0
12,-57.5555555556
13,-53.2
14,-59.9
15,-52.2
16,-55.7
17,-50.2
18,-47.5
19,-62.5
20,-57.4
21,-47.5
22,-54.6
23,-76.3333333333
24,-62.3
25,-65.6
26,-60.7
