frequency,pdr
11,-53.0
12,-55.1111111111
13,-56.5555555556
14,-55.0
15,-58.1
16,-67.0
17,-58.0
18,-63.5
19,-59.0
20,-66.3
21,-55.0
22,-71.0
23,-57.9
24,-55.0
25,-53.2
26,-55.0
