frequency,pdr
11,-60.4
12,-60.0
13,-58.4444444444
14,-57.1
15,-74.6
16,-67.0
17,-69.5
18,-61.0
19,-61.0
20,-60.9
21,-60.9
22,-69.3
23,-64.0
24,-66.2
25,-68.8
26,-80.3333333333
