frequency,pdr
11,-55.0
12,-62.6666666667
13,-60.3333333333
14,-55.0
15,-67.2
16,-52.4
17,-51.8
18,-55.5
19,-59.8
20,-52.0
21,-49.1
22,-52.3
23,-45.6
24,-49.0
25,-49.3
26,-57.9
