frequency,pdr
11,-71.9
12,-72.4444444444
13,-61.3333333333
14,-65.0
15,-68.3
16,-60.6666666667
17,-64.0
18,-66.1
19,-63.2
20,-65.1
21,-71.3
22,-64.0
23,-64.3
24,-68.4
25,-71.3
26,-75.9
