frequency,pdr
11,-61.4444444444
12,-52.0
13,-55.0
14,-54.0
15,-55.5
16,-70.7777777778
17,-59.9
18,-59.8
19,-56.4
20,-55.0
21,-64.1
22,-61.6
23,-55.0
24,-62.9
25,-58.0
26,-61.0
