frequency,pdr
11,-53.0
12,-61.2
13,-55.0
14,-68.7
15,-55.7
16,-60.5555555556
17,-68.9
18,-84.0
19,-55.0
20,-65.2
21,-58.0
22,-56.2
23,-56.1
24,-63.9
25,-60.0
26,-56.0909090909
