frequency,pdr
11,-57.9
12,-58.3333333333
13,-63.8888888889
14,-69.9
15,-58.0
16,-61.0
17,-61.0
18,-60.9
19,-63.2
20,-74.3
21,-64.7
22,-58.2
23,-63.9
24,-67.0
25,-71.1
26,-60.6
