frequency,pdr
11,-72.3333333333
12,-66.8888888889
13,-61.0
14,-67.0
15,-58.1
16,-59.6666666667
17,-69.5555555556
18,-60.6
19,-65.1
20,-58.1
21,-58.0
22,-55.1
23,-58.0
24,-62.0
25,-66.3
26,-59.6
