frequency,pdr
11,-48.9
12,-55.6666666667
13,-49.8
14,-55.8
15,-53.0
16,-52.3
17,-59.6
18,-50.0
19,-52.0
20,-49.0
21,-65.2222222222
22,-56.0
23,-48.6
24,-43.0
25,-56.2
26,-50.4
