frequency,pdr
15,-91.0
16,-90.9
17,-91.0
18,-90.0
19,-87.0
20,-89.0
21,-89.8
22,-87.4285714286
23,-89.1111111111
24,-89.4
25,-88.9
26,-90.0
