frequency,pdr
11,-80.4444444444
12,-80.1111111111
13,-80.2222222222
14,-83.125
15,-90.4
16,-90.9
17,-84.5
18,-82.0
19,-81.8
20,-82.9
21,-86.0
22,-90.0
24,-91.0
25,-88.0
26,-87.7
