frequency,pdr
11,-91.0
12,-91.0
13,-90.5555555556
14,-91.0
15,-91.0
16,-90.7
17,-90.2857142857
18,-90.75
19,-91.0
21,-91.0
24,-91.0
25,-91.0
26,-91.0
