frequency,pdr
11,-74.8
12,-79.3333333333
13,-79.0
14,-76.7
15,-76.8
16,-79.0
17,-80.0
18,-84.5
19,-90.3
20,-90.0
21,-87.4545454545
22,-86.1111111111
23,-85.1
24,-85.0
25,-84.1
26,-83.9
