frequency,pdr
11,-86.2
12,-83.0
13,-83.1
14,-84.1
15,-85.0
16,-87.9
17,-91.0
19,-91.0
20,-90.2
21,-89.8
22,-88.3333333333
23,-89.4444444444
24,-91.0
25,-90.8
26,-89.6
