frequency,pdr
11,-91.0
12,-90.4285714286
13,-85.1111111111
14,-84.3333333333
15,-87.2
16,-87.3
17,-83.1
18,-81.8
19,-81.2
20,-83.1
21,-89.0
22,-88.1428571429
23,-86.0
24,-85.1
25,-90.1
26,-87.1
