frequency,pdr
11,-89.0
12,-90.1111111111
13,-89.8888888889
14,-90.3
15,-91.0
16,-91.0
17,-89.3333333333
18,-87.0
19,-90.0
21,-90.7142857143
22,-90.8333333333
23,-91.0
24,-91.0
25,-91.0
26,-91.0
