frequency,pdr
11,-83.0
12,-83.6666666667
13,-85.0
14,-83.4444444444
15,-85.2
16,-87.0
17,-89.1
19,-89.6
20,-87.0
21,-89.0
22,-89.375
23,-91.0
24,-88.3
25,-86.7
26,-87.5
