frequency,pdr
11,-89.1428571429
12,-88.1111111111
13,-87.7
14,-86.9
15,-88.4
16,-90.1
17,-91.0
18,-91.0
19,-91.0
20,-91.0
21,-91.0
23,-91.0
24,-91.0
