frequency,pdr
11,-77.9
12,-81.6363636364
13,-82.6666666667
14,-80.0
15,-82.0
16,-90.1
17,-91.0
18,-88.0
19,-91.0
20,-85.8
21,-82.9
22,-80.2
23,-79.0
24,-80.0
25,-80.0
26,-77.1
