frequency,pdr
11,-82.1428571429
12,-76.0
13,-72.6666666667
14,-71.8
15,-73.0
16,-76.0
17,-73.0
18,-70.0
19,-69.7
20,-69.0
21,-68.0
22,-67.0
23,-67.0
24,-69.9
25,-72.6
26,-73.0
