frequency,pdr
12,-91.0
13,-90.8333333333
14,-89.4
15,-88.8
16,-88.2
17,-88.6666666667
18,-90.0
19,-91.0
20,-90.5
21,-91.0
