frequency,pdr
11,-67.2
12,-70.1111111111
13,-77.6666666667
14,-76.5
15,-68.8
16,-64.9
17,-64.0
18,-62.6
19,-61.2
20,-61.0
21,-61.2
22,-64.0
23,-67.0
24,-77.1
25,-66.8
26,-61.6
