frequency,pdr
11,-88.25
12,-91.0
13,-91.0
14,-88.3
15,-87.0
16,-88.9
17,-89.3333333333
18,-89.8888888889
19,-87.0
20,-84.9
21,-87.2
22,-87.9
23,-90.2
24,-87.3
25,-85.0
26,-90.0
