frequency,pdr
11,-87.625
12,-87.8888888889
13,-90.1428571429
14,-91.0
15,-91.0
16,-90.0
17,-88.2222222222
18,-85.0
19,-85.0
20,-86.3636363636
21,-88.0
23,-90.8571428571
24,-91.0
