frequency,pdr
11,-75.9
12,-81.3333333333
13,-85.2857142857
14,-83.9
15,-86.9
16,-86.0
17,-88.6666666667
18,-85.5
19,-82.0
20,-79.9
21,-77.9
22,-78.0
23,-82.0
24,-89.6
25,-91.0
26,-91.0
