frequency,pdr
11,-87.0
12,-87.7142857143
13,-88.5555555556
14,-89.0
15,-89.6
16,-90.8
17,-91.0
18,-91.0
24,-91.0
25,-91.0
26,-91.0
