frequency,pdr
11,-90.6666666667
12,-91.0
13,-91.0
14,-90.0
15,-90.0
16,-88.3
17,-87.5555555556
18,-86.8
19,-88.1
20,-88.0
21,-90.9
23,-90.8888888889
24,-90.3
25,-91.0
