frequency,pdr
11,-89.0
12,-87.0
13,-86.8571428571
14,-87.8888888889
15,-89.9
16,-89.2
17,-88.1
18,-90.0
19,-91.0
20,-91.0
21,-91.0
23,-86.3
24,-86.0
25,-88.1
26,-91.0
