frequency,pdr
12,-89.8571428571
13,-84.875
14,-85.0
15,-84.1
16,-84.9
17,-85.0
18,-86.1
19,-90.0
20,-89.0
21,-86.2
22,-84.0
23,-86.8888888889
24,-87.4
25,-88.0
26,-88.5
