frequency,pdr
11,-81.7777777778
12,-82.0
13,-82.0
14,-82.0
15,-82.6
16,-85.3
17,-86.6
18,-85.0
19,-86.0
20,-87.0
21,-86.2727272727
22,-85.4
23,-86.1
24,-88.0
25,-88.1
26,-89.9
