frequency,pdr
11,-62.8
12,-62.0
13,-62.8888888889
14,-61.0
15,-61.0
16,-61.0
17,-61.0
18,-61.0
19,-61.0
20,-63.7272727273
21,-63.1
22,-64.0
23,-63.9
24,-64.0
25,-65.8
26,-67.0
