frequency,pdr
11,-85.875
12,-85.0
13,-84.5555555556
14,-85.9
15,-89.0
16,-91.0
17,-91.0
18,-90.6666666667
19,-90.0
20,-89.2
21,-90.4
23,-91.0
24,-91.0
26,-91.0
