frequency,pdr
11,-80.5
12,-81.1111111111
13,-82.0
14,-81.2
15,-79.5
16,-79.0
17,-79.0
18,-79.1
19,-77.9
20,-76.1
21,-77.0
22,-78.7777777778
23,-81.7
24,-82.0
25,-85.0
26,-87.9
