frequency,pdr
13,-91.0
14,-91.0
15,-89.1
16,-89.0
17,-90.3333333333
18,-90.8888888889
19,-89.9
20,-88.0
21,-86.25
23,-87.0
24,-88.5
25,-88.9
26,-88.8
