frequency,pdr
11,-79.8
12,-81.0
13,-83.2222222222
14,-91.0
15,-85.6
16,-88.4
17,-89.6666666667
18,-86.6
19,-82.1
20,-83.1
21,-80.2
22,-79.0
23,-78.7
24,-79.0
25,-81.0
26,-80.0
