frequency,pdr
11,-76.9
12,-81.3333333333
13,-84.6666666667
14,-80.3
15,-80.9
16,-90.0
17,-82.125
18,-81.875
19,-80.7
20,-79.1
21,-85.9
23,-90.8
25,-90.0
26,-86.8
