frequency,pdr
11,-70.1
12,-73.2222222222
13,-78.1111111111
14,-76.1
15,-73.0
16,-74.0
17,-76.0
18,-73.0
19,-73.0
20,-72.7
21,-74.7
22,-77.0
23,-81.0
24,-86.5
25,-87.2
26,-82.6
