frequency,pdr
11,-88.3
12,-89.2857142857
13,-91.0
15,-91.0
16,-90.9
17,-90.2222222222
18,-91.0
19,-91.0
20,-91.0
21,-91.0
23,-91.0
24,-91.0
