frequency,pdr
11,-58.0
12,-59.1111111111
13,-59.8
14,-61.0
15,-63.8
16,-67.0
17,-70.0
18,-81.5
19,-70.0
20,-67.0
21,-69.6
22,-80.9090909091
23,-71.9
24,-67.0
25,-67.0
26,-64.0
