frequency,pdr
11,-84.6
12,-84.3
13,-88.5
14,-88.9
15,-85.4
16,-84.2
17,-86.7777777778
18,-89.8888888889
19,-90.9
20,-91.0
23,-91.0
