frequency,pdr
11,-88.0
12,-88.0
13,-89.6666666667
14,-88.4444444444
15,-91.0
16,-86.1
17,-84.5
18,-85.0
19,-82.0
20,-79.0
21,-77.9
22,-78.1
23,-79.0
24,-79.0
25,-79.0
26,-80.7
