frequency,pdr
11,-90.5555555556
12,-90.0
13,-90.0
14,-91.0
16,-89.2857142857
17,-85.25
18,-84.4285714286
19,-85.1
20,-88.75
21,-91.0
22,-88.1
23,-82.0
24,-82.0
25,-84.0
26,-84.9
