frequency,pdr
11,-88.2857142857
12,-89.0
13,-89.3
14,-88.0
15,-87.2
16,-86.8
17,-85.5555555556
18,-85.0
19,-85.0
20,-85.5
21,-86.6
22,-87.5
23,-89.7
24,-89.2
25,-89.6
26,-88.9
