frequency,pdr
11,-84.0
12,-88.2857142857
13,-90.75
14,-86.1
15,-85.7
16,-85.8
17,-87.0
18,-87.75
19,-85.0
20,-84.4
21,-86.375
22,-89.4
23,-90.7777777778
24,-91.0
25,-91.0
26,-89.5
