frequency,pdr
11,-87.1111111111
12,-91.0
14,-91.0
15,-89.5
16,-91.0
17,-90.5
18,-89.8333333333
19,-91.0
21,-91.0
22,-91.0
23,-91.0
24,-91.0
25,-91.0
26,-91.0
