frequency,pdr
11,-64.5
12,-61.7
13,-59.8888888889
14,-77.8
15,-63.4
16,-59.3
17,-63.6
18,-60.8
19,-65.0
20,-66.8
21,-58.1
22,-58.6
23,-63.4
24,-63.4444444444
25,-64.0
26,-61.6
