frequency,pdr
11,-66.1111111111
12,-58.8888888889
13,-55.0
14,-59.4
15,-59.9
16,-66.9
17,-63.3
18,-61.0
19,-66.1
20,-67.0
21,-67.4
22,-70.8
23,-64.0
24,-67.1111111111
25,-70.0
26,-70.0
