frequency,pdr
11,-52.0
12,-61.9090909091
13,-60.8888888889
14,-58.5
15,-58.8
16,-58.0
17,-49.0
18,-51.1
19,-50.8
20,-50.9
21,-56.2
22,-57.8
23,-48.1
24,-53.3
25,-59.3
26,-56.2
