frequency,pdr
11,-52.0
12,-52.7
13,-55.1111111111
14,-52.0
15,-48.9
16,-48.1
17,-54.0
18,-58.0
19,-66.0
20,-59.0
21,-59.3
22,-55.0
23,-51.9
24,-50.5555555556
25,-50.5
26,-50.4
