frequency,pdr
11,-65.7777777778
12,-65.6666666667
13,-61.8888888889
14,-66.4
15,-66.5
16,-68.7
17,-69.0
18,-58.8
19,-67.6
20,-62.0
21,-64.0
22,-61.0
23,-64.0
24,-60.5
25,-65.3
26,-67.0
