frequency,pdr
11,-46.0
12,-66.6
13,-51.8888888889
14,-48.5
15,-43.0
16,-54.5
17,-58.3
18,-47.8
19,-45.7
20,-45.8
21,-50.1
22,-49.1
23,-50.4
24,-58.3333333333
25,-52.8
26,-49.0
