frequency,pdr
11,-52.3
12,-52.5555555556
13,-48.3333333333
14,-49.0
15,-49.0
16,-56.6
17,-55.0
18,-55.0
19,-57.0
20,-56.2
21,-51.0
22,-57.9
23,-52.2
24,-54.8
25,-54.6
26,-49.0
