frequency,pdr
11,-52.2
12,-57.7777777778
13,-57.5
14,-60.5
15,-55.0
16,-57.3
17,-58.0
18,-59.6
19,-51.3
20,-52.0
21,-55.0
22,-66.8
23,-66.8
24,-60.4444444444
25,-49.0
26,-54.4
