frequency,pdr
11,-57.9
12,-70.5555555556
13,-58.0
14,-64.0
15,-64.0
16,-63.9
17,-64.6
18,-56.3
19,-67.0
20,-67.0
21,-55.0
22,-55.0
23,-57.5
24,-59.7777777778
25,-62.0
26,-59.1
