frequency,pdr
11,-61.0
12,-60.8571428571
13,-61.2222222222
14,-61.0
15,-58.0
16,-57.1
17,-58.0
18,-66.3
19,-67.3333333333
20,-66.9
21,-75.6
22,-64.1
23,-61.0
24,-67.0
25,-70.0
26,-65.9
