frequency,pdr
11,-67.0
12,-71.7142857143
13,-78.8888888889
14,-76.0
15,-79.0
16,-70.0
17,-69.3
18,-73.0
19,-70.0
20,-67.0
21,-64.6
22,-64.0
23,-67.0
24,-67.7
25,-67.0
26,-62.8
