frequency,pdr
11,-58.0
12,-65.7142857143
13,-58.3333333333
14,-51.8888888889
15,-52.0
16,-52.0
17,-55.0
18,-58.0
19,-55.6
20,-61.0
21,-58.0
22,-54.4
23,-55.2
24,-55.0
25,-55.0
26,-59.4
