frequency,pdr
11,-64.6
12,-63.7777777778
13,-63.4444444444
14,-68.2857142857
15,-67.0
16,-64.0
17,-58.0
18,-57.4
19,-61.0
20,-58.2
21,-59.1
22,-65.5
23,-64.0
24,-61.3
25,-64.7
26,-70.1
