frequency,pdr
11,-69.7
12,-67.0
13,-64.4444444444
14,-57.6666666667
15,-58.0
16,-58.0
17,-61.0
18,-67.0
19,-70.1
20,-67.0
21,-70.0
22,-70.0
23,-70.0
24,-69.1
25,-67.0
26,-67.0
