frequency,pdr
11,-62.4
12,-61.0
13,-58.6666666667
14,-62.2857142857
15,-66.4
16,-67.1
17,-70.0
18,-78.7
19,-79.0
20,-74.9
21,-74.0
22,-67.0
23,-67.0
24,-64.7
25,-67.0
26,-70.3
