frequency,pdr
11,-59.2
12,-60.6
13,-66.7777777778
14,-68.7777777778
15,-67.0
16,-67.4
17,-64.0
18,-55.8
19,-61.0
20,-59.7
21,-68.9
22,-58.0
23,-56.6
24,-55.1
25,-61.2
26,-67.0
