frequency,pdr
11,-68.3333333333
12,-59.4
13,-60.375
14,-68.375
15,-64.5555555556
16,-67.0
17,-63.8
18,-67.0
19,-66.0
20,-69.8
21,-64.6
22,-61.1
23,-71.0
24,-70.6
25,-84.6
26,-81.0
