frequency,pdr
11,-56.6
12,-43.9
13,-50.8
14,-55.2222222222
15,-46.2222222222
16,-42.4
17,-42.0
18,-42.8
19,-50.5
20,-46.0
21,-47.0
22,-46.0
23,-49.0
24,-58.9
25,-52.6
26,-46.5
