frequency,pdr
11,-75.2222222222
12,-58.0
13,-63.6
14,-63.8888888889
15,-61.8888888889
16,-68.1
17,-76.1
18,-71.7
19,-73.6
20,-63.9
21,-55.0
22,-59.5
23,-73.6
24,-67.0
25,-71.6
26,-73.6
