frequency,pdr
11,-55.0
12,-66.9
13,-67.7777777778
14,-76.0
15,-57.1111111111
16,-62.2
17,-61.0
18,-80.8
19,-59.1
20,-62.5
21,-68.0
22,-66.9
23,-69.3
24,-72.5
25,-62.4
26,-66.0
