frequency,pdr
11,-67.4444444444
12,-61.0
13,-63.3333333333
14,-64.7777777778
15,-63.3
16,-65.6
17,-55.0
18,-71.3
19,-60.6
20,-58.0
21,-61.0
22,-56.5
23,-58.1
24,-64.0
25,-69.6
26,-61.0
