frequency,pdr
11,-66.3
12,-59.1
13,-67.375
14,-68.2222222222
15,-58.1818181818
16,-69.0
17,-67.0
18,-62.3
19,-61.0
20,-67.0
21,-68.7
22,-61.6
23,-66.3
24,-63.3
25,-65.9
26,-67.0
