frequency,pdr
11,-55.0
12,-58.0
13,-56.0
14,-63.1111111111
15,-76.7777777778
16,-59.9
17,-60.4
18,-62.8
19,-63.1
20,-64.0
21,-70.0
22,-72.4
23,-60.5
24,-54.9
25,-62.1
26,-63.8
