frequency,pdr
11,-55.0
12,-60.8
13,-58.0
14,-57.8888888889
15,-54.4444444444
16,-58.2
17,-55.0
18,-64.4
19,-58.0
20,-61.0
21,-61.2
22,-59.9
23,-55.0
24,-59.3
25,-58.7
26,-67.0
