frequency,pdr
11,-63.2222222222
12,-67.0
13,-68.25
14,-71.8888888889
15,-67.0
16,-65.7
17,-61.0
18,-66.2
19,-68.2
20,-58.0
21,-60.0
22,-64.9
23,-81.3333333333
24,-69.5
25,-74.0
26,-73.7
