frequency,pdr
11,-57.6
12,-59.7
13,-60.8
14,-67.6666666667
15,-71.7777777778
16,-60.0
17,-51.8
18,-61.3
19,-60.1
20,-62.7
21,-55.0
22,-62.5454545455
23,-70.0
24,-61.0
25,-65.5
26,-61.8
