frequency,pdr
11,-69.1111111111
12,-56.9
13,-56.1111111111
14,-55.5555555556
15,-58.8888888889
16,-58.9
17,-63.8181818182
18,-55.0
19,-55.0
20,-58.0
21,-58.3
22,-58.4
23,-63.0
24,-61.9
25,-55.3
26,-55.0
