frequency,pdr
11,-64.4
12,-61.9
13,-64.875
14,-64.4444444444
15,-72.6
16,-67.0
17,-64.0
18,-57.6
19,-64.0
20,-62.1
21,-75.3
22,-67.0
23,-80.25
24,-63.5
25,-69.1818181818
26,-64.1
