frequency,pdr
11,-59.0
12,-60.5
13,-56.0909090909
14,-57.7777777778
15,-57.5555555556
16,-66.2
17,-61.0
18,-61.0
19,-64.0
20,-70.6
21,-78.1
22,-62.6
23,-57.3
24,-64.0
25,-60.8
26,-61.0
