frequency,pdr
11,-67.0
12,-58.4
13,-64.1111111111
14,-63.8888888889
15,-74.5555555556
16,-59.0
17,-67.0
18,-67.1
19,-73.2
20,-55.0
21,-60.5
22,-68.1
23,-53.9
24,-54.6
25,-61.0
26,-67.0
