frequency,pdr
11,-61.0
12,-68.7
13,-75.5
14,-57.8888888889
15,-57.6666666667
16,-66.8
17,-65.7
18,-62.3
19,-67.0
20,-68.7
21,-67.0
22,-66.7
23,-66.6
24,-67.7
25,-58.2
26,-58.0
