frequency,pdr
11,-67.0
12,-60.1
13,-56.7777777778
14,-59.1111111111
15,-66.1111111111
16,-61.0
17,-64.8
18,-64.0
19,-70.0
20,-69.8
21,-66.5
22,-63.1
23,-61.1818181818
24,-59.9
25,-60.4
26,-68.4
