frequency,pdr
11,-61.3
12,-66.3
13,-57.375
14,-60.3333333333
15,-55.0
16,-62.4
17,-70.5
18,-61.0
19,-68.3
20,-64.3
21,-64.0
22,-78.7777777778
23,-65.3
24,-65.8
25,-71.0
26,-67.0
