frequency,pdr
11,-54.3
12,-55.1
13,-53.4444444444
14,-56.7777777778
15,-55.0
16,-50.4
17,-51.0
18,-51.7
19,-61.0
20,-62.6
21,-55.0
22,-47.1
23,-49.0
24,-55.0
25,-54.2
26,-51.1
