frequency,pdr
11,-63.5
12,-62.6
13,-61.6666666667
14,-63.3333333333
15,-67.0
16,-61.0
17,-71.4
18,-61.5
19,-55.2
20,-58.0
21,-54.7
22,-62.6
23,-58.6
24,-68.7
25,-72.0
26,-64.7
