frequency,pdr
11,-64.3333333333
12,-64.3
13,-70.0
14,-80.7777777778
15,-72.1111111111
16,-68.1
17,-62.5
18,-61.0
19,-64.8
20,-67.0
21,-61.0
22,-71.5
23,-64.0
24,-58.0
25,-60.4
26,-60.2
