frequency,pdr
11,-53.0
12,-55.0
13,-63.3333333333
14,-60.2222222222
15,-52.0
16,-52.0
17,-53.9
18,-78.9
19,-58.3
20,-55.0
21,-53.9
22,-55.0
23,-61.0
24,-46.6
25,-51.4
26,-55.0
