frequency,pdr
11,-74.3
12,-61.0
13,-71.75
14,-55.1111111111
15,-58.8888888889
16,-58.5
17,-71.3
18,-66.0
19,-61.0
20,-61.0
21,-72.6
22,-62.2
23,-60.0
24,-62.4
25,-62.9
26,-62.9
