frequency,pdr
11,-55.0
12,-55.0
13,-60.3333333333
14,-68.8888888889
15,-63.5
16,-64.0
17,-63.0
18,-66.5
19,-60.0
20,-55.0
21,-65.7
22,-58.0
23,-66.7
24,-67.8
25,-59.8
26,-58.0
