frequency,pdr
11,-61.0
12,-58.0
13,-63.2222222222
14,-59.7777777778
15,-61.1818181818
16,-67.3
17,-59.7
18,-61.0
19,-59.0
20,-64.3
21,-61.9
22,-69.0
23,-63.1
24,-71.5
25,-70.0
26,-69.8
