frequency,pdr
11,-61.0
12,-71.3
13,-63.2222222222
14,-74.375
15,-63.7777777778
16,-61.7
17,-62.0
18,-57.8
19,-64.0
20,-74.4
21,-62.8
22,-68.8
23,-69.3
24,-67.0
25,-67.0
26,-73.3
