frequency,pdr
11,-55.7
12,-63.9
13,-62.7777777778
14,-72.1111111111
15,-62.3333333333
16,-61.0
17,-60.0
18,-59.0
19,-64.0
20,-67.0
21,-66.0
22,-60.3
23,-58.5
24,-61.0
25,-61.0
26,-59.9
