frequency,pdr
11,-65.6666666667
12,-58.0
13,-67.0
14,-61.7777777778
15,-64.8888888889
16,-61.3
17,-64.4
18,-64.8
19,-64.0
20,-60.1
21,-63.6
22,-74.6
23,-68.4
24,-59.0
25,-58.0
26,-66.8
