frequency,pdr
11,-63.6
12,-68.0
13,-52.7
14,-53.2222222222
15,-59.7777777778
16,-61.0
17,-55.0
18,-53.3
19,-52.0
20,-46.0
21,-47.4
22,-47.9
23,-49.0
24,-43.9
25,-44.2
26,-49.6
