frequency,pdr
11,-52.0
12,-52.2
13,-68.5
14,-59.7777777778
15,-70.3333333333
16,-62.2
17,-52.7
18,-62.6
19,-59.9
20,-55.2
21,-52.0
22,-57.2727272727
23,-62.6
24,-58.6
25,-58.8
26,-73.1
