frequency,pdr
11,-64.3333333333
12,-64.1
13,-65.25
14,-61.3333333333
15,-55.0
16,-69.2
17,-64.9
18,-55.2
19,-58.1
20,-58.5
21,-50.4
22,-54.4
23,-67.0
24,-71.4
25,-61.0
26,-62.9
