frequency,pdr
11,-66.2
12,-64.2
13,-62.1111111111
14,-57.8888888889
15,-62.4444444444
16,-58.0
17,-63.8
18,-62.4
19,-62.6
20,-66.5
21,-67.5
22,-62.5
23,-72.3
24,-67.0
25,-66.4
26,-71.0
