frequency,pdr
11,-57.9
12,-55.0
13,-55.1
14,-52.1111111111
15,-66.6666666667
16,-60.3
17,-64.0
18,-67.0
19,-59.8
20,-59.8
21,-61.0
22,-63.0
23,-55.5
24,-66.4
25,-58.7
26,-55.0
