frequency,pdr
11,-55.0
12,-55.0
13,-60.25
14,-65.0
15,-55.7777777778
16,-64.9
17,-61.0
18,-61.5
19,-62.4
20,-59.3
21,-62.3
22,-70.7777777778
23,-58.0
24,-58.9
25,-61.0
26,-76.8
