frequency,pdr
11,-68.4444444444
12,-64.0
13,-67.0
14,-63.5555555556
15,-60.3333333333
16,-59.1
17,-62.0
18,-57.8
19,-55.0
20,-58.0
21,-63.1
22,-68.6
23,-69.9
24,-59.7
25,-55.0
26,-65.0
