frequency,pdr
11,-72.0
12,-58.0
13,-64.0
14,-62.4444444444
15,-67.3333333333
16,-58.8
17,-72.9
18,-65.6
19,-66.5
20,-63.4
21,-65.0
22,-67.3
23,-66.9
24,-58.0
25,-63.9
26,-68.1
