frequency,pdr
11,-55.6
12,-60.4
13,-66.2222222222
14,-59.4444444444
15,-58.0
16,-78.9
17,-61.0
18,-63.4
19,-58.1
20,-60.1
21,-69.6
22,-61.5
23,-64.0
24,-72.3
25,-67.8
26,-61.6
