frequency,pdr
11,-61.0
12,-67.1
13,-67.0
14,-66.3333333333
15,-56.3333333333
16,-60.6
17,-70.3
18,-62.1
19,-59.9
20,-73.1
21,-63.0
22,-60.4
23,-67.0
24,-70.8
25,-68.0
26,-74.9
