frequency,pdr
11,-60.2
12,-64.6
13,-62.7777777778
14,-63.8888888889
15,-64.6666666667
16,-68.4
17,-72.6
18,-67.4
19,-63.0
20,-67.0
21,-58.0
22,-58.0
23,-64.6
24,-72.8
25,-61.9
26,-63.8
