frequency,pdr
11,-65.9
12,-68.8
13,-55.1111111111
14,-61.5555555556
15,-64.0
16,-68.7
17,-68.4
18,-64.8
19,-67.0
20,-64.0
21,-61.0
22,-65.0
23,-59.3
24,-64.7
25,-71.8
26,-69.3
