frequency,pdr
11,-54.9
12,-63.8
13,-66.8888888889
14,-60.3333333333
15,-64.0
16,-58.9
17,-64.5
18,-62.8
19,-64.8
20,-77.3
21,-72.1
22,-60.9
23,-60.3
24,-64.0
25,-67.2
26,-66.5
