frequency,pdr
11,-63.1111111111
12,-67.0
13,-58.0
14,-62.8888888889
15,-63.0909090909
16,-59.9
17,-58.0
18,-61.1
19,-61.0
20,-73.8
21,-67.3
22,-58.0
23,-59.2
24,-62.7
25,-61.0
26,-67.0
