frequency,pdr
11,-49.9
12,-53.1
13,-52.625
14,-57.3333333333
15,-54.1111111111
16,-61.1
17,-69.1818181818
18,-52.5
19,-63.2
20,-64.6
21,-53.1
22,-55.5
23,-61.0
24,-65.4
25,-70.1
26,-63.8
