frequency,pdr
11,-75.5555555556
12,-62.0
13,-70.25
14,-67.8888888889
15,-64.0
16,-66.8
17,-78.7
18,-59.8
19,-64.0
20,-61.0
21,-61.0
22,-64.0
23,-56.7
24,-79.0
25,-67.9
26,-64.0
