frequency,pdr
11,-53.3
12,-73.4
13,-63.2222222222
14,-56.1111111111
15,-54.9
16,-60.4
17,-58.0
18,-53.2
19,-52.0
20,-61.0
21,-55.0
22,-65.8
23,-58.4
24,-74.6
25,-63.2
26,-55.0
