frequency,pdr
11,-70.0
12,-64.0
13,-68.6666666667
14,-54.9
15,-61.8888888889
16,-62.2
17,-64.0
18,-60.3
19,-67.7
20,-67.0
21,-63.9
22,-64.1818181818
23,-56.8
24,-60.8
25,-66.9
26,-67.0
