frequency,pdr
11,-63.1
12,-55.0
13,-55.4444444444
14,-50.0
15,-62.5555555556
16,-62.2
17,-56.4
18,-53.2
19,-57.7
20,-61.0
21,-61.0
22,-61.8
23,-56.2
24,-59.5
25,-60.3
26,-74.2
