frequency,pdr
11,-55.1
12,-58.0
13,-67.125
14,-54.6666666667
15,-59.3333333333
16,-72.3
17,-62.1
18,-76.4
19,-60.9
20,-57.4
21,-55.5
22,-69.9
23,-69.1
24,-62.9
25,-64.1
26,-66.9
