frequency,pdr
11,-58.0
12,-55.0
13,-55.3
14,-56.2222222222
15,-57.1111111111
16,-64.0
17,-56.0
18,-65.1
19,-64.0
20,-73.1
21,-72.5
22,-64.0
23,-72.1
24,-74.25
25,-61.0
26,-63.9
