frequency,pdr
11,-61.0
12,-56.5
13,-60.4444444444
14,-70.1111111111
15,-55.0
16,-59.3
17,-64.1
18,-55.5
19,-67.0
20,-58.8
21,-58.8
22,-64.0
23,-71.0
24,-70.1818181818
25,-56.5
26,-63.9
