frequency,pdr
11,-69.2222222222
12,-61.8
13,-59.1111111111
14,-60.8888888889
15,-52.8181818182
16,-65.8
17,-64.6
18,-60.6
19,-61.0
20,-58.0
21,-63.8
22,-69.5
23,-67.6
24,-58.0
25,-58.1
26,-62.1
