frequency,pdr
11,-58.0
12,-58.8
13,-62.0
14,-59.1111111111
15,-63.3333333333
16,-61.0
17,-58.0
18,-56.2
19,-55.0
20,-66.3
21,-59.3
22,-58.0
23,-67.0
24,-61.2
25,-64.0
26,-59.0
