frequency,pdr
11,-67.1
12,-77.7
13,-68.8888888889
14,-70.0
15,-65.5555555556
16,-69.7
17,-67.0
18,-63.8
19,-66.0
20,-67.3
21,-80.4
22,-67.4
23,-67.0
24,-65.1
25,-61.8
26,-64.0
