frequency,pdr
11,-64.1111111111
12,-55.2
13,-55.0
14,-60.8
15,-61.1111111111
16,-58.0
17,-61.0
18,-58.8
19,-61.7
20,-58.5
21,-70.7
22,-60.8
23,-59.4
24,-67.2
25,-63.4
26,-67.0
