frequency,pdr
11,-57.0
12,-62.7
13,-67.0
14,-68.7777777778
15,-55.1111111111
16,-55.0
17,-55.0
18,-61.4
19,-80.4
20,-76.7
21,-63.9
22,-61.4
23,-62.2
24,-62.8
25,-58.0
26,-55.4
