frequency,pdr
11,-67.0
12,-63.6
13,-55.3
14,-66.8888888889
15,-62.1111111111
16,-73.3
17,-66.9
18,-67.0
19,-63.9
20,-61.7
21,-67.0
22,-68.6
23,-69.5
24,-60.5
25,-62.4
26,-61.5
