frequency,pdr
11,-55.0
12,-55.0
13,-64.5555555556
14,-66.3333333333
15,-61.1111111111
16,-55.0
17,-55.0
18,-59.1
19,-61.0
20,-58.0
21,-64.5
22,-59.4
23,-74.0
24,-68.9
25,-58.6
26,-58.2
