frequency,pdr
11,-65.3
12,-58.2
13,-58.9
14,-65.3333333333
15,-70.6666666667
16,-59.6
17,-60.9
18,-61.0
19,-68.5
20,-61.2
21,-56.6
22,-58.3
23,-63.0
24,-59.3
25,-71.7
26,-63.3
