frequency,pdr
11,-67.0
12,-74.2
13,-62.7777777778
14,-65.3333333333
15,-55.0
16,-56.3
17,-57.1
18,-58.0
19,-61.0
20,-66.4
21,-66.2
22,-56.4
23,-61.9
24,-65.3
25,-67.0
26,-62.8
