frequency,pdr
11,-61.0
12,-73.1
13,-62.125
14,-66.5555555556
15,-66.4444444444
16,-63.8
17,-64.7
18,-61.0
20,-58.0
21,-64.0
22,-61.4
23,-67.8
24,-67.0
25,-67.0
26,-68.2
