frequency,pdr
11,-64.0
12,-61.0
13,-59.8888888889
14,-69.8888888889
15,-76.4444444444
16,-58.7
17,-58.0
18,-71.8
19,-73.0
20,-66.0
21,-64.0
22,-66.4
23,-64.0
24,-62.8
25,-71.0
26,-70.0
