frequency,pdr
11,-61.4
12,-63.2
13,-54.8888888889
14,-58.1111111111
15,-60.5
16,-61.2
17,-62.2
18,-63.6
19,-58.0
20,-63.6
21,-66.4
22,-58.0
23,-55.6
24,-65.5
25,-65.2
26,-69.5
