frequency,pdr
11,-62.4
12,-67.8
13,-61.6666666667
14,-72.6666666667
15,-67.0
16,-78.7
17,-61.0
18,-66.0
19,-62.2
20,-62.5
21,-74.3
22,-67.9
23,-68.9
24,-64.8
25,-70.1
26,-69.6
