frequency,pdr
11,-66.9
12,-62.5
13,-67.0
14,-65.2222222222
15,-57.1818181818
16,-59.1
17,-58.0
18,-68.4
19,-67.0
20,-60.9
21,-66.1
22,-59.1
23,-61.1
24,-63.1
25,-74.5
26,-73.6
