frequency,pdr
11,-55.1
12,-57.1
13,-65.25
14,-59.2222222222
15,-56.4444444444
16,-55.0
17,-66.8
18,-57.9
19,-67.5
20,-66.0
21,-58.0
22,-67.7
23,-76.2
24,-67.0
25,-66.5
26,-62.0
