frequency,pdr
11,-64.1111111111
12,-69.3
13,-59.7777777778
14,-61.0
15,-61.0
16,-60.4
17,-69.2
18,-70.5
19,-60.3
20,-67.0
21,-64.0
22,-64.2
23,-55.0
24,-60.0
25,-65.2
26,-62.5
