frequency,pdr
11,-66.4444444444
12,-71.8
13,-66.875
14,-70.4444444444
15,-62.6
16,-58.0
17,-61.2
18,-67.8
19,-68.3
20,-68.0
21,-63.8
22,-67.0
23,-76.1
24,-74.8
25,-66.9
26,-72.2
