frequency,pdr
11,-79.0
12,-79.0
13,-79.0
14,-79.4
15,-81.1
16,-82.6
17,-88.3333333333
19,-81.9
20,-77.1
21,-76.0
22,-72.5
23,-77.7142857143
24,-87.625
25,-91.0
26,-91.0
