frequency,pdr
12,-91.0
13,-91.0
14,-91.0
15,-91.0
16,-90.8571428571
17,-91.0
18,-91.0
19,-91.0
21,-91.0
22,-90.5
23,-89.2857142857
24,-91.0
25,-91.0
26,-91.0
