frequency,pdr
11,-77.125
12,-77.5
13,-76.0
14,-74.2222222222
15,-73.0
16,-73.0
17,-75.1
18,-76.0
19,-81.9
20,-80.5
21,-69.8
22,-64.3333333333
23,-63.7777777778
24,-64.0
25,-66.0
26,-67.0
