frequency,pdr
11,-67.7
12,-69.2222222222
13,-69.9090909091
14,-74.0
15,-66.5
16,-64.1
17,-82.3
18,-68.7
19,-67.9
20,-68.4
21,-67.0
22,-63.0
23,-73.6
24,-72.1
25,-79.2
26,-64.7
