frequency,pdr
11,-70.9
12,-69.5555555556
13,-71.0
14,-64.0
15,-67.7
16,-68.6
17,-77.4
18,-70.6
19,-70.0
20,-72.6
21,-64.5
22,-77.5555555556
23,-61.0
24,-65.0
25,-80.0
26,-74.2
