frequency,pdr
11,-57.6
12,-63.2222222222
13,-61.4444444444
14,-58.2
15,-64.9
16,-58.8
17,-54.6
18,-64.9
19,-61.1
20,-60.8
21,-70.6
22,-63.7
23,-61.8
24,-64.0
25,-66.4
26,-70.5
