frequency,pdr
11,-65.8
12,-66.3333333333
13,-60.6666666667
14,-67.9
15,-60.9
16,-67.0
17,-67.0
18,-59.6
19,-58.5
20,-57.8
21,-62.8
22,-72.0
23,-66.1
24,-70.2
25,-72.2
26,-61.5
