frequency,pdr
11,-76.6
12,-65.8
13,-60.4545454545
14,-71.7
15,-63.6
16,-66.6
17,-71.9090909091
18,-61.0
19,-65.8
20,-55.6
21,-60.6
22,-62.5
23,-66.0
24,-72.8
25,-66.2
26,-68.1
