frequency,pdr
11,-67.0
12,-67.1111111111
13,-64.5555555556
14,-61.0
15,-60.0
16,-81.4
17,-63.4
18,-66.4
19,-55.5
20,-61.9
21,-66.9
22,-63.7
23,-66.9
24,-67.3
25,-67.0
26,-66.6
