frequency,pdr
11,-62.5
12,-58.3333333333
13,-69.8888888889
14,-55.0
15,-55.0
16,-55.0
17,-62.2
18,-53.9
19,-55.4
20,-63.3
21,-67.0
22,-68.4
23,-57.7
24,-64.9
25,-61.0
26,-68.3
