frequency,pdr
11,-62.7
12,-64.5555555556
13,-66.1111111111
14,-74.2
15,-58.7
16,-67.0
17,-73.1
18,-67.0
19,-68.6
20,-66.8
21,-75.1
22,-77.8333333333
23,-67.1
24,-59.4
25,-58.2
26,-56.6
