frequency,pdr
11,-66.0
12,-69.5555555556
13,-58.4444444444
14,-69.1
15,-67.0
16,-62.6
17,-71.3
18,-67.0
19,-79.0
20,-61.0
21,-67.0
22,-67.0
23,-67.0
24,-67.0
25,-69.5
26,-74.3
