frequency,pdr
11,-69.1
12,-65.6666666667
13,-78.2222222222
14,-68.1
15,-65.1
16,-58.2
17,-61.0
18,-72.3
19,-78.3
20,-64.0
21,-64.0
22,-62.2
23,-67.0
24,-90.0
25,-65.0
26,-63.6
