frequency,pdr
11,-64.2
12,-64.0
13,-76.5714285714
14,-63.0
15,-74.9
16,-64.0
17,-71.0
18,-63.9
19,-58.0
20,-55.0
21,-59.8
22,-62.4
23,-66.3636363636
24,-67.4
25,-61.0
26,-66.8
