frequency,pdr
11,-60.1
12,-74.1666666667
13,-66.9
14,-62.8
15,-61.2
16,-57.6
17,-67.0
18,-67.0
19,-71.4
20,-67.0
21,-80.2
22,-83.2857142857
23,-66.0
24,-64.0
25,-77.5
26,-63.0
