frequency,pdr
11,-62.8888888889
12,-55.5555555556
13,-59.6666666667
14,-55.0
15,-58.8
16,-55.8
17,-63.4
18,-62.4
19,-55.0
20,-54.0
21,-58.1
22,-55.0
23,-55.0
24,-63.2
25,-58.6
26,-61.6
