frequency,pdr
11,-70.6363636364
12,-73.0
13,-61.6666666667
14,-58.6
15,-55.9
16,-63.4
17,-65.0
18,-61.0
19,-64.0
20,-62.9
21,-55.0
22,-57.0
23,-61.0
24,-58.0
25,-63.8
26,-68.0
