frequency,pdr
11,-59.6666666667
12,-48.9
13,-50.6666666667
14,-67.3333333333
15,-71.6
16,-58.0
17,-57.6
18,-54.1
19,-52.8
20,-53.5
21,-53.5
22,-53.5
23,-66.0
24,-58.0
25,-61.6
26,-67.3
