frequency,pdr
11,-70.2
12,-64.5555555556
13,-70.6666666667
14,-65.2
15,-72.4
16,-64.1
17,-64.0
18,-59.3
19,-61.0
20,-65.6
21,-61.0
22,-71.1
23,-74.5
24,-70.0
25,-66.4
26,-64.4
