frequency,pdr
11,-66.5
12,-65.1111111111
13,-63.75
14,-72.1
15,-64.0
16,-68.2
17,-69.4
18,-64.2
19,-70.0
20,-67.0
21,-71.1
22,-69.4
23,-70.7272727273
24,-66.9
25,-58.0
26,-66.2
