frequency,pdr
11,-52.1
12,-55.0
13,-53.3333333333
14,-49.4
15,-46.0
16,-48.7
17,-57.0
18,-49.0
19,-52.8
20,-58.2
21,-62.7
22,-52.1
23,-56.0909090909
24,-57.4
25,-51.6
26,-61.4
