frequency,pdr
11,-63.2222222222
12,-62.4444444444
13,-63.7777777778
14,-67.0
15,-55.3
16,-67.0
17,-64.8
18,-66.0
19,-64.0
20,-68.1
21,-63.0
22,-69.9
23,-70.3
24,-64.0
25,-64.0
26,-65.6
