frequency,pdr
11,-61.3333333333
12,-75.9
13,-76.3333333333
14,-66.6
15,-67.6
16,-67.0
17,-82.2
18,-67.0
19,-65.8
20,-67.8
21,-68.9
22,-63.7
23,-64.5
24,-69.0
25,-64.0
26,-67.3
