frequency,pdr
11,-74.1111111111
12,-62.4444444444
13,-65.0
14,-66.9
15,-60.0
16,-61.8
17,-61.8
18,-67.7
19,-63.8
20,-64.0
21,-71.5
22,-67.0
23,-67.0
24,-67.0
25,-67.7
26,-66.1
