frequency,pdr
11,-64.9
12,-59.5555555556
13,-63.5555555556
14,-61.0
15,-60.8
16,-82.3
17,-71.0
18,-64.7
19,-61.0
20,-66.2
21,-63.8
22,-68.5
23,-59.8
24,-65.9
25,-65.4
26,-67.4
