frequency,pdr
11,-55.1
12,-71.3333333333
13,-70.2222222222
14,-55.0
15,-58.0
16,-58.3
17,-63.8
18,-67.3
19,-64.0
20,-61.0
21,-59.4
22,-55.0
23,-71.6666666667
24,-60.4
25,-60.2
26,-58.0
