frequency,pdr
11,-73.1111111111
12,-56.7777777778
13,-63.5555555556
14,-65.4
15,-61.2
16,-65.1
17,-65.9
18,-65.0
19,-69.1
20,-65.8
21,-65.8
22,-59.4
23,-58.0
24,-59.5
25,-60.7
26,-57.8
