frequency,pdr
11,-61.6
12,-64.6666666667
13,-78.5555555556
14,-70.0
15,-63.9
16,-66.8
17,-60.9
18,-64.7
19,-76.0
20,-66.7
21,-68.1
22,-72.2
23,-69.0
24,-64.1
25,-67.9
26,-61.0
