frequency,pdr
11,-57.1
12,-53.2222222222
13,-55.5555555556
14,-55.0
15,-55.0
16,-59.0
17,-48.8
18,-57.3
19,-55.0
20,-69.8
21,-52.0
22,-61.5
23,-60.9
24,-55.0
25,-55.0
26,-70.0
