frequency,pdr
11,-66.9090909091
12,-71.2222222222
13,-67.8
14,-63.7
15,-63.2
16,-73.7
17,-64.4
18,-66.0
19,-69.5
20,-67.0
21,-82.9
22,-66.6
23,-77.6
24,-67.0
25,-67.0
26,-60.7
