frequency,pdr
11,-63.5
12,-71.3333333333
13,-58.4444444444
14,-71.3
15,-64.0
16,-71.4
17,-62.1
18,-61.0
19,-64.7
20,-71.4
21,-58.0
22,-61.3
23,-65.7
24,-68.4
25,-61.9
26,-67.0
