frequency,pdr
11,-71.2
12,-70.8888888889
13,-63.4444444444
14,-76.3
15,-61.4
16,-63.5
17,-66.8
18,-61.0
19,-58.8
20,-59.0
21,-65.7
22,-61.3
23,-67.0
24,-64.0
25,-66.1
26,-66.8
