frequency,pdr
11,-57.7
12,-66.3333333333
13,-64.4444444444
14,-58.4
15,-61.0
16,-63.7
17,-69.8
18,-72.1
19,-61.2
20,-58.0
21,-59.2
22,-69.6
23,-63.1
24,-66.7
25,-58.0
26,-75.9
