frequency,pdr
11,-61.2
12,-69.3333333333
13,-66.4444444444
14,-64.2
15,-64.2
16,-77.8
17,-65.2
18,-67.0
19,-69.6
20,-64.0
21,-67.2
22,-67.0
23,-68.0
24,-72.2
25,-64.0
26,-64.3
