frequency,pdr
11,-73.2222222222
12,-61.8888888889
13,-55.6666666667
14,-68.1
15,-66.6
16,-67.0
17,-63.9
18,-74.8
19,-73.9
20,-64.0
21,-58.0
22,-69.6
23,-61.4
24,-59.4
25,-56.2
26,-78.1
