frequency,pdr
11,-68.5555555556
12,-70.1111111111
13,-61.8888888889
14,-73.4
15,-69.5
16,-63.3
17,-65.2
18,-66.7
19,-66.2
20,-82.5
21,-66.2
22,-64.7
23,-68.0
24,-67.0
25,-75.4
26,-70.5
