frequency,pdr
11,-66.9
12,-67.3333333333
13,-66.8888888889
14,-62.2
15,-60.4
16,-61.0
17,-64.0
18,-63.5
19,-62.8
20,-64.1
21,-67.4
22,-73.3
23,-65.9
24,-61.0
25,-72.5
26,-67.5
