frequency,pdr
11,-66.6
12,-65.8888888889
13,-62.3333333333
14,-67.4
15,-67.2
16,-70.8
17,-67.0
18,-70.4
19,-64.0
20,-61.0
21,-61.0
22,-76.0
23,-69.9
24,-67.0
25,-68.6
26,-67.0
