frequency,pdr
11,-62.1
12,-65.3333333333
13,-57.7777777778
14,-68.4
15,-64.7
16,-76.1
17,-68.5
18,-78.4
19,-70.8
20,-64.1
21,-63.0
22,-60.8
23,-67.0
24,-64.0
25,-65.1
26,-68.3
