frequency,pdr
11,-71.4444444444
12,-67.6666666667
13,-63.2222222222
14,-67.0
15,-67.1
16,-64.8
17,-63.3
18,-58.0
19,-60.8
20,-64.0
21,-67.4
22,-65.8
23,-65.8
24,-80.1
25,-71.5
26,-70.0
