frequency,pdr
11,-65.1111111111
12,-61.3333333333
13,-51.3
14,-55.5
15,-55.6
16,-64.7
17,-63.8
18,-58.2
19,-64.1
20,-66.3
21,-61.0
22,-65.4
23,-58.0
24,-68.4
25,-63.0
26,-62.6
