frequency,pdr
11,-65.2
12,-64.4
13,-61.4444444444
14,-75.4444444444
15,-61.0
16,-68.4
17,-59.7
18,-59.8
19,-63.2
20,-62.7
21,-67.0
22,-62.0
23,-67.0
24,-64.0
25,-67.0
26,-61.0
