frequency,pdr
11,-63.6
12,-66.3333333333
13,-63.7777777778
14,-59.5
15,-62.5
16,-67.0
17,-63.9
18,-64.9
19,-67.0
20,-67.7
21,-61.0
22,-67.5
23,-67.0
24,-69.0
25,-68.7
26,-67.0
