frequency,pdr
11,-71.0
12,-68.8888888889
13,-64.8888888889
14,-60.8
15,-78.5
16,-67.6
17,-70.0
18,-80.2
19,-71.6
20,-71.4
21,-73.0
22,-67.0
23,-67.9
24,-70.0
25,-71.6
26,-67.0
