frequency,pdr
11,-59.7
12,-64.4444444444
13,-60.7777777778
14,-60.3
15,-69.6
16,-61.8
17,-63.1
18,-70.2
19,-70.0
20,-61.1
21,-59.8
22,-66.3
23,-70.0
24,-78.0
25,-63.8
26,-65.3
