frequency,pdr
11,-78.0
12,-66.3333333333
13,-73.8888888889
14,-71.3333333333
15,-73.5
16,-68.7
17,-61.0
18,-66.2
19,-73.2
20,-70.0
21,-65.5
22,-69.4
23,-70.0
24,-65.8
25,-67.6
26,-65.6
