frequency,pdr
11,-59.0
12,-58.0
13,-60.6666666667
14,-59.5
15,-66.9
16,-67.0
17,-63.5
18,-69.7
19,-69.1818181818
20,-61.0
21,-55.0
22,-60.9
23,-67.0
24,-69.7
25,-71.2
26,-68.3
