frequency,pdr
11,-62.7
12,-67.0
13,-64.1111111111
14,-66.2222222222
15,-61.0
16,-73.8
17,-62.2
18,-72.0
19,-64.6
20,-79.3
21,-67.4
22,-61.0
23,-58.2
24,-63.7
25,-61.1
26,-61.1
