frequency,pdr
11,-68.4444444444
12,-64.0
13,-55.0
14,-59.7
15,-69.6
16,-75.6
17,-55.3
18,-58.0
19,-55.0
20,-66.1
21,-59.1
22,-62.9
23,-76.3
24,-59.1
25,-70.7272727273
26,-69.8
