frequency,pdr
11,-69.4444444444
12,-58.0
13,-55.0
14,-57.8
15,-56.5
16,-55.1
17,-56.0
18,-55.0
19,-57.3
20,-59.7
21,-63.3
22,-62.0
23,-56.8
24,-56.0
25,-66.2727272727
26,-62.9
