frequency,pdr
11,-63.4
12,-64.0
13,-58.3333333333
14,-63.9
15,-63.1
16,-58.0
17,-57.1
18,-58.0
19,-61.9
20,-61.0
21,-62.3
22,-71.1
23,-63.7272727273
24,-67.3
25,-59.0
26,-65.6
