frequency,pdr
11,-58.6666666667
12,-66.1
13,-64.0
14,-63.4
15,-61.2
16,-64.1
17,-61.4
18,-79.8
19,-65.2
20,-78.0
21,-68.2
22,-69.3333333333
23,-70.0
24,-67.0
25,-67.0
26,-67.0
