frequency,pdr
11,-62.6666666667
12,-52.0
13,-66.5
14,-61.6
15,-64.0
16,-54.2
17,-55.0
18,-56.0
19,-53.0
20,-51.2
21,-53.4
22,-55.7
23,-54.1818181818
24,-52.6
25,-54.4
26,-55.0
