frequency,pdr
11,-55.1
12,-64.0
13,-60.9
14,-66.8888888889
15,-72.3
16,-72.9
17,-62.6
18,-64.0
19,-67.9
20,-65.0
21,-66.4
22,-70.6
23,-67.6
24,-76.1
25,-69.0
26,-69.1818181818
