frequency,pdr
11,-63.6666666667
12,-59.4
13,-58.7777777778
14,-58.0
15,-61.5
16,-65.3
17,-67.2
18,-60.6
19,-72.7
20,-62.8
21,-67.2
22,-69.1
23,-58.4
24,-56.8
25,-65.7
26,-62.0
