frequency,pdr
11,-59.5
12,-71.0
13,-63.3333333333
14,-72.9
15,-59.0
16,-55.0
17,-63.3
18,-71.5
19,-70.9
20,-59.9
21,-69.6
22,-72.4
23,-56.0909090909
24,-63.8
25,-62.7
26,-67.0
