frequency,pdr
11,-70.1111111111
12,-65.4
13,-59.2222222222
14,-63.9
15,-60.8
16,-69.1
17,-67.0
18,-64.1
19,-68.8
20,-62.6
21,-67.4
22,-59.6
23,-58.7
24,-63.7
25,-61.7
26,-66.9
