frequency,pdr
11,-67.1111111111
12,-61.0
13,-60.1111111111
14,-65.9
15,-61.0
16,-58.0
17,-58.0
18,-72.7
19,-70.0
20,-67.0
21,-64.0
22,-64.9
23,-66.4
24,-61.0
25,-63.4
26,-62.6
