frequency,pdr
11,-67.0
12,-63.3
13,-62.6666666667
14,-65.7272727273
15,-55.0
16,-66.4
17,-71.7
18,-66.8
19,-61.0
20,-61.0
21,-70.0
22,-61.0
23,-66.0
24,-68.8
25,-61.6
26,-63.5
