frequency,pdr
11,-68.4444444444
12,-73.0
13,-66.5555555556
14,-62.1
15,-70.4
16,-70.4
17,-66.3
18,-61.4
19,-67.0
20,-64.0
21,-67.4
22,-75.4
23,-69.5
24,-69.0
25,-72.5
26,-67.0
