frequency,pdr
11,-61.0
12,-61.1
13,-68.2222222222
14,-59.5
15,-69.6
16,-75.2
17,-73.0
18,-62.6
19,-60.7
20,-54.2
21,-68.7
22,-72.6666666667
23,-68.3
24,-61.0
25,-55.0
26,-52.1
