frequency,pdr
11,-66.7777777778
12,-61.0
13,-60.8888888889
14,-59.4
15,-58.0
16,-63.9
17,-61.0
18,-60.5
19,-64.7
20,-61.0
21,-64.0
22,-59.1
23,-60.5
24,-75.2
25,-66.9
26,-73.9
