frequency,pdr
11,-68.8888888889
12,-70.1
13,-69.1111111111
14,-55.7
15,-70.4
16,-74.6
17,-61.6363636364
18,-58.9
19,-58.0
20,-57.7
21,-67.0
22,-70.8
23,-67.0
24,-60.9
25,-60.6
26,-75.6
