frequency,pdr
11,-90.1428571429
12,-90.0
13,-91.0
14,-91.0
15,-89.8
16,-90.0
17,-90.8888888889
18,-91.0
21,-91.0
