frequency,pdr
11,-87.8571428571
12,-85.8571428571
13,-85.0
14,-85.7777777778
15,-89.0
16,-91.0
17,-91.0
18,-90.9
19,-91.0
20,-91.0
21,-87.9
22,-85.4444444444
23,-84.5
24,-84.0
25,-84.0
26,-85.0
