frequency,pdr
11,-88.4285714286
12,-87.5
13,-88.2222222222
14,-90.0
15,-91.0
16,-91.0
17,-91.0
18,-91.0
19,-91.0
20,-91.0
21,-91.0
