frequency,pdr
11,-88.8888888889
12,-81.8571428571
13,-79.0
14,-79.0
15,-79.0
16,-79.0
17,-78.4
18,-78.9
19,-79.0
20,-82.1
21,-81.7
22,-79.0
23,-79.0
24,-79.0
25,-80.6
26,-83.0
