frequency,pdr
11,-78.125
12,-73.4285714286
13,-72.5
14,-74.4444444444
15,-76.0
16,-77.9
17,-79.0
18,-79.0
19,-79.0
20,-76.7
21,-72.7
22,-70.0
23,-70.0
24,-68.5
25,-69.6
26,-70.0
