frequency,pdr
11,-68.8888888889
12,-58.5555555556
13,-65.7
14,-64.0
15,-66.8888888889
16,-70.3
17,-66.2
18,-65.2
19,-64.0
20,-62.4
21,-64.4
22,-61.4
23,-59.9
24,-60.4
25,-71.1
26,-64.0
