frequency,pdr
11,-49.0
12,-67.0
13,-49.0
14,-53.4
15,-54.6666666667
16,-58.0
17,-54.9
18,-52.0
19,-51.5
20,-52.0
21,-56.4
22,-72.1666666667
23,-61.0
24,-52.0
25,-59.0
26,-55.3
