frequency,pdr
11,-63.5
12,-63.8
13,-59.0
14,-66.6
15,-62.3333333333
16,-62.5
17,-70.5
18,-63.3
19,-67.1
20,-64.0
21,-61.7
22,-61.0
23,-77.5555555556
24,-75.9
25,-67.0
26,-67.0
