frequency,pdr
11,-63.2222222222
12,-55.7
13,-64.2
14,-67.0
15,-59.8
16,-70.3333333333
17,-68.1
18,-67.0
19,-66.8
20,-63.8
21,-67.0
22,-64.0
23,-73.3333333333
24,-72.0
25,-67.8
26,-63.7
