frequency,pdr
11,-70.6666666667
12,-70.7777777778
13,-69.5
14,-64.1
15,-65.5
16,-63.0
17,-62.2
18,-60.3
19,-61.2
20,-61.0
21,-63.6
22,-65.5
23,-74.0
24,-64.6
25,-71.0
26,-69.3
