frequency,pdr
11,-67.0
12,-59.4444444444
13,-67.0
14,-58.3
15,-55.8888888889
16,-54.4444444444
17,-63.6
18,-63.0
19,-61.5
20,-66.9
21,-60.1
22,-59.2
23,-61.0
24,-63.9
25,-61.8
26,-65.3
