frequency,pdr
11,-55.0
12,-59.5555555556
13,-61.0
14,-55.0
15,-54.8888888889
16,-51.6
17,-53.0
18,-55.0
19,-50.5
20,-55.6
21,-51.0
22,-50.9
23,-52.0
24,-52.9
25,-55.0
26,-49.0
