frequency,pdr
11,-54.6
12,-51.2222222222
13,-55.7
14,-57.5
15,-60.6666666667
16,-58.1
17,-55.8
18,-63.4
19,-59.5
20,-60.6
21,-52.0
22,-49.0
23,-46.1
24,-49.0
25,-49.0
26,-55.7
