frequency,pdr
11,-55.0
12,-55.3333333333
13,-49.9
14,-52.1
15,-59.1111111111
16,-57.0
17,-55.0
18,-55.0
19,-53.3
20,-55.6
21,-52.0
22,-52.0
23,-52.0
24,-55.0
25,-67.8
26,-55.0
