frequency,pdr
11,-52.0
12,-54.1111111111
13,-48.9
14,-56.6
15,-52.1111111111
16,-49.0
17,-55.6
18,-51.2
19,-53.2
20,-61.0
21,-53.1
22,-66.1
23,-56.4
24,-57.3
25,-62.4
26,-56.3
