frequency,pdr
11,-51.0
12,-54.7
13,-52.0
14,-49.9
15,-53.1111111111
16,-70.1111111111
17,-64.3
18,-61.0
19,-60.0
20,-69.9
21,-51.5
22,-51.6
23,-60.0
24,-55.0
25,-59.0
26,-53.0
