frequency,pdr
11,-60.6
12,-66.1111111111
13,-60.1
14,-70.3
15,-61.2
16,-70.4444444444
17,-68.3
18,-61.0
19,-71.4
20,-75.0
21,-70.6
22,-61.0
23,-62.5
24,-69.2
25,-67.3
26,-68.6363636364
