frequency,pdr
11,-66.7
12,-65.4444444444
13,-64.0
14,-66.8
15,-61.2222222222
16,-60.2
17,-70.0
18,-58.3
19,-59.6
20,-64.4
21,-70.2
22,-62.3
23,-70.0
24,-63.3
25,-74.1
26,-69.5
