frequency,pdr
11,-61.5
12,-58.1111111111
13,-59.0
14,-55.0
15,-72.6666666667
16,-55.0
17,-62.5
18,-61.4
19,-55.0
20,-59.9
21,-60.9
22,-66.9
23,-58.0
24,-67.6
25,-63.0
26,-67.2
