frequency,pdr
11,-59.8
12,-67.1111111111
13,-64.0
14,-62.5
15,-71.1111111111
16,-61.1
17,-61.0
18,-70.4
19,-59.5
20,-67.0
21,-68.6
22,-68.7
23,-67.0
24,-67.0
25,-60.5
26,-80.0
