frequency,pdr
11,-66.9
12,-68.4
13,-70.5454545455
14,-61.0
15,-57.2222222222
16,-65.1
17,-67.8
18,-65.8
19,-58.0
20,-67.8
21,-72.1
22,-65.5
23,-58.0
24,-60.1
25,-60.1
26,-62.8
