frequency,pdr
11,-76.2222222222
12,-66.3333333333
13,-60.8
14,-64.2
15,-74.5
16,-68.4444444444
17,-77.0
18,-82.7
19,-63.8
20,-70.3
21,-67.0
22,-64.0
23,-63.7
24,-73.7
25,-69.1
26,-61.0
