frequency,pdr
11,-64.4
12,-64.8888888889
13,-61.0
14,-67.0
15,-65.6666666667
16,-67.0
17,-55.0
18,-67.8
19,-65.3
20,-66.8
21,-67.2
22,-81.1666666667
23,-67.0
24,-80.8
25,-66.9
26,-69.0
