frequency,pdr
11,-61.3
12,-55.3333333333
13,-55.3
14,-61.4
15,-53.4444444444
16,-53.8
17,-52.5
18,-48.8
19,-52.0
20,-55.8
21,-52.0
22,-64.0
23,-47.8
24,-48.0
25,-48.7
26,-55.0
