frequency,pdr
11,-61.4
12,-67.7777777778
13,-61.0
14,-65.0
15,-61.2222222222
16,-55.0
17,-67.5
18,-58.0
19,-62.0
20,-58.0
21,-70.1
22,-72.4
23,-66.3
24,-67.7
25,-63.9
26,-59.3
