frequency,pdr
11,-64.3
12,-65.3333333333
13,-69.9
14,-67.6
15,-70.2222222222
16,-67.7
17,-64.0
18,-64.0
19,-75.8
20,-64.6
21,-61.0
22,-61.4
23,-69.0
24,-67.0
25,-67.0
26,-64.8
