frequency,pdr
11,-67.1818181818
12,-70.8888888889
13,-65.7
14,-64.0
15,-72.7777777778
16,-70.0
17,-67.0
18,-68.9
19,-67.0
20,-71.4
21,-67.6
22,-67.5
23,-61.2
24,-71.7
25,-67.0
26,-64.4
