frequency,pdr
11,-61.7
12,-65.4444444444
13,-55.0
14,-59.5
15,-50.1111111111
16,-61.4
17,-55.6
18,-51.0
19,-63.4
20,-52.0
21,-52.2
22,-62.8
23,-58.1
24,-53.9
25,-55.2
26,-53.3
