frequency,pdr
11,-64.0
12,-69.6
13,-61.2222222222
14,-70.2222222222
15,-67.5
16,-69.6
17,-71.4
18,-77.3
19,-64.0
20,-67.0
21,-87.9
22,-64.0
23,-69.8
24,-73.0
25,-73.0
26,-62.3
