frequency,pdr
11,-65.6363636364
12,-63.2
13,-58.7
14,-71.2222222222
15,-71.5
16,-56.8
17,-63.0
18,-64.2
19,-67.0
20,-66.3
21,-64.0
22,-67.0
23,-66.7
24,-66.3
25,-57.1
26,-60.2
