frequency,pdr
11,-55.6
12,-61.6
13,-60.8888888889
14,-58.1
15,-49.0
16,-50.6363636364
17,-48.2
18,-49.0
19,-55.0
20,-53.3
21,-56.3
22,-49.0
23,-58.6
24,-49.9
25,-48.9
26,-52.0
