frequency,pdr
11,-61.4444444444
12,-71.9
13,-61.6
14,-74.1111111111
15,-67.0
16,-67.0
17,-68.8
18,-65.0
19,-61.0
20,-61.0
21,-64.0
22,-58.0
23,-64.0
24,-66.9
25,-67.0
26,-64.0
