frequency,pdr
11,-68.2
12,-49.0
13,-45.3
14,-60.2222222222
15,-52.2
16,-56.4
17,-72.1111111111
18,-56.1
19,-53.9
20,-55.8
21,-47.3
22,-48.5
23,-49.0
24,-53.8
25,-56.4
26,-66.5
