frequency,pdr
11,-59.2
12,-61.5
13,-58.5
14,-65.7777777778
15,-58.0
16,-68.7
17,-62.0
18,-62.1
19,-62.6
20,-64.0
21,-59.3
22,-57.9
23,-71.7777777778
24,-64.7
25,-65.9
26,-62.9
