frequency,pdr
11,-62.5
12,-64.5
13,-56.5
14,-62.5555555556
15,-58.0
16,-68.6
17,-63.5454545455
18,-61.8
19,-80.3
20,-67.1
21,-70.2
22,-64.0
23,-58.0
24,-60.4
25,-61.1
26,-58.0
