frequency,pdr
11,-64.9
12,-61.0
13,-66.7
14,-62.3333333333
15,-68.5
16,-60.0
17,-56.6
18,-61.0
19,-59.9
20,-65.7
21,-62.4
22,-73.5555555556
23,-58.9
24,-61.0
25,-58.0
26,-73.4
