frequency,pdr
11,-52.0
12,-53.2
13,-57.4
14,-54.4444444444
15,-52.0
16,-67.6666666667
17,-51.0
18,-64.2
19,-49.0
20,-50.7
21,-52.0
22,-49.0
23,-54.9
24,-67.1
25,-60.6
26,-58.3
