frequency,pdr
11,-66.8888888889
12,-58.0
13,-61.7
14,-55.2222222222
15,-61.0
16,-71.4
17,-60.9
18,-62.7
19,-62.4
20,-65.7
21,-63.9
22,-55.0
23,-61.0
24,-64.8
25,-67.0
26,-62.2
