frequency,pdr
11,-63.1
12,-66.4
13,-57.9
14,-60.7777777778
15,-58.2
16,-71.5555555556
17,-55.7
18,-60.9
19,-62.5
20,-62.7
21,-58.0
22,-58.0
23,-55.2
24,-63.6
25,-55.0
26,-61.0
