frequency,pdr
11,-90.8333333333
12,-91.0
13,-91.0
14,-89.4444444444
15,-89.1
16,-89.9
17,-91.0
18,-91.0
19,-91.0
20,-91.0
21,-91.0
23,-91.0
24,-91.0
25,-91.0
