frequency,pdr
11,-85.8888888889
12,-87.8888888889
13,-89.7777777778
15,-91.0
16,-88.4
17,-86.0
18,-85.1
19,-86.2
20,-88.1
21,-91.0
23,-91.0
25,-91.0
26,-90.1
