frequency,pdr
11,-86.8571428571
12,-88.3
13,-90.0
14,-90.4
15,-90.0
16,-90.8
17,-91.0
19,-91.0
20,-90.0
21,-88.9
22,-86.6666666667
23,-88.7
24,-89.0
25,-91.0
26,-91.0
