frequency,pdr
11,-89.4
12,-89.4444444444
13,-90.7777777778
14,-91.0
15,-91.0
19,-91.0
21,-91.0
22,-91.0
23,-91.0
24,-91.0
25,-91.0
26,-91.0
