frequency,pdr
11,-79.25
12,-75.0
13,-74.0
14,-74.8
15,-76.0
16,-79.0
17,-81.9
18,-80.0
19,-78.2
20,-80.2
21,-83.9
22,-84.2857142857
23,-86.5555555556
24,-90.8
25,-91.0
26,-88.0
