frequency,pdr
11,-91.0
12,-91.0
13,-90.6666666667
14,-88.0
15,-85.0
16,-85.0
17,-86.7
18,-86.8
19,-86.0
20,-84.8
21,-84.0
22,-83.3333333333
23,-84.8
24,-86.0
25,-88.2
26,-90.9
