frequency,pdr
11,-86.8888888889
12,-88.8888888889
13,-91.0
14,-91.0
15,-91.0
16,-89.1
17,-89.9
18,-91.0
19,-91.0
20,-89.0
21,-86.0
22,-86.6
23,-85.0
24,-85.0
25,-86.0
26,-89.3
