frequency,pdr
11,-82.0
12,-80.4444444444
13,-79.7142857143
14,-81.25
15,-82.0
16,-83.8
17,-83.125
18,-85.0
19,-86.8
20,-87.9
21,-89.4
23,-89.1111111111
24,-90.5
25,-91.0
26,-91.0
