frequency,pdr
15,-91.0
16,-91.0
17,-91.0
18,-91.0
19,-91.0
20,-90.2222222222
21,-89.4
22,-88.4444444444
23,-89.2
24,-90.1
25,-90.9
26,-91.0
