frequency,pdr
11,-82.7777777778
12,-83.4444444444
13,-84.0
14,-86.0
15,-86.4
16,-88.3
17,-91.0
18,-91.0
19,-90.0
20,-87.4
21,-84.9
22,-83.0
23,-83.2
24,-83.1
25,-84.6
26,-87.0
