frequency,pdr
11,-53.8
12,-56.3333333333
13,-53.5
14,-58.5
15,-55.5454545455
16,-48.0909090909
17,-53.7
18,-46.0
19,-48.0
20,-52.5
21,-49.7
22,-49.0
23,-59.9
24,-55.6
25,-57.7
26,-61.0
