frequency,pdr
11,-57.3333333333
12,-66.0
13,-62.0
14,-64.6
15,-66.1111111111
16,-67.0
17,-82.0
18,-65.0
19,-64.0
20,-67.0
21,-67.3
22,-61.0
23,-63.0
24,-68.0
25,-61.3
26,-67.0
