frequency,pdr
11,-59.1
12,-68.6666666667
13,-54.6
14,-52.0
15,-52.7777777778
16,-61.0
17,-52.2
18,-52.9
19,-55.9
20,-65.4
21,-58.0
22,-71.9
23,-68.2222222222
24,-50.5
25,-49.0
26,-54.2
