frequency,pdr
11,-47.0
12,-50.6666666667
13,-52.0
14,-47.0
15,-46.1111111111
16,-50.9
17,-49.0
18,-50.6
19,-53.9
20,-53.6
21,-53.8
22,-57.0
23,-54.1
24,-56.3
25,-55.6
26,-61.5
