frequency,pdr
11,-52.0
12,-52.0
13,-54.0
14,-55.0
15,-54.0909090909
16,-57.6
17,-60.3
18,-55.2
19,-52.5
20,-49.8
21,-53.1
22,-50.2
23,-53.1818181818
24,-61.7
25,-58.0
26,-57.8
