frequency,pdr
11,-50.0
12,-65.6666666667
13,-56.5
14,-56.8
15,-54.4
16,-59.8
17,-54.1
18,-47.9
19,-46.0
20,-56.3
21,-74.3333333333
22,-52.0
23,-50.5
24,-56.4
25,-62.9
26,-50.9
