frequency,pdr
11,-62.4444444444
12,-52.1
13,-55.0
14,-55.0
15,-55.5555555556
16,-55.0
17,-55.0
18,-55.0
19,-56.0
20,-55.7
21,-58.2
22,-60.8
23,-62.8
24,-55.2
25,-54.7
26,-55.0
