frequency,pdr
11,-65.5
12,-57.8888888889
13,-59.0
14,-55.5
15,-57.6
16,-58.0
17,-58.9
18,-53.0
19,-54.7
20,-54.3
21,-54.1
22,-51.6
23,-69.3333333333
24,-70.7
25,-52.2
26,-53.8
