frequency,pdr
11,-55.0
12,-59.4
13,-52.3
14,-57.7
15,-60.3636363636
16,-55.0
17,-52.0
18,-55.6
19,-66.4
20,-60.1
21,-55.0
22,-65.4
23,-74.2222222222
24,-64.0
25,-64.4
26,-64.9
