frequency,pdr
11,-61.2222222222
12,-57.1111111111
13,-62.0
14,-64.2
15,-58.0
16,-61.6
17,-61.1
18,-65.4
19,-62.5
20,-74.8
21,-69.5
22,-64.1
23,-58.1
24,-58.7
25,-66.7
26,-63.0
