frequency,pdr
11,-56.0
12,-54.1
13,-58.0
14,-57.3
15,-59.2222222222
16,-56.0
17,-55.0
18,-61.3
19,-67.0
20,-63.3
21,-60.7272727273
22,-53.0
23,-52.0
24,-63.3
25,-63.6
26,-61.0
