frequency,pdr
11,-74.6666666667
12,-69.0909090909
13,-64.0
14,-80.7
15,-61.0
16,-72.1
17,-60.4
18,-55.0
19,-59.7
20,-61.0
21,-61.7
22,-75.5
23,-61.1
24,-61.6
25,-55.0
26,-55.0
