frequency,pdr
11,-56.8
12,-51.9090909091
13,-59.2
14,-55.0
15,-48.3333333333
16,-46.0
17,-46.0
18,-46.0
19,-50.4
20,-49.5
21,-48.1
22,-49.0
23,-55.1
24,-58.9
25,-56.4
26,-52.0
