frequency,pdr
11,-55.0
12,-67.2222222222
13,-58.0
14,-55.1
15,-58.0
16,-50.1
17,-54.7
18,-60.4
19,-61.2
20,-59.7
21,-51.3
22,-49.0
23,-52.9
24,-54.5
25,-54.7
26,-53.3636363636
