frequency,pdr
11,-52.8
12,-49.3636363636
13,-66.7
14,-55.0
15,-50.4444444444
16,-48.0
17,-47.0
18,-46.0
19,-49.9
20,-55.0
21,-46.0
22,-55.0
23,-63.2
24,-65.6
25,-55.0
26,-49.8
