frequency,pdr
11,-55.9
12,-49.0
13,-49.0
14,-49.5
15,-51.5555555556
16,-55.0
17,-49.0
18,-46.0
19,-60.9
20,-55.1
21,-49.0
22,-66.6666666667
23,-61.0
24,-52.0
25,-55.0
26,-55.0
