frequency,pdr
11,-70.0
12,-63.7777777778
13,-77.375
14,-68.7
15,-58.5
16,-55.0
17,-61.0
18,-64.4
19,-59.6
20,-74.3
21,-61.6
22,-59.2
23,-58.0
24,-64.7777777778
25,-65.7777777778
26,-59.6
