frequency,pdr
11,-52.0
12,-50.9
13,-51.7777777778
14,-56.7
15,-55.8
16,-66.5555555556
17,-55.4
18,-56.5
19,-50.8
20,-55.0
21,-48.5
22,-46.0
23,-46.0
24,-46.3
25,-43.0
26,-47.5
