frequency,pdr
11,-61.0
12,-59.5
13,-55.1111111111
14,-65.0
15,-58.6
16,-66.1111111111
17,-65.1
18,-55.0
19,-58.4
20,-58.8
21,-61.4
22,-55.4
23,-58.3
24,-54.9
25,-66.4
26,-66.8
