frequency,pdr
11,-58.2
12,-53.1111111111
13,-47.6
14,-49.0
15,-65.1
16,-55.0
17,-56.5
18,-64.1
19,-66.4
20,-62.7
21,-58.4
22,-51.9
23,-51.6
24,-52.0
25,-51.1111111111
26,-52.0
