frequency,pdr
11,-64.4
12,-59.5555555556
13,-70.375
14,-57.6
15,-72.4
16,-58.9
17,-72.9
18,-64.5
19,-58.0
20,-59.9
21,-69.0
22,-68.4
23,-57.6
24,-58.8888888889
25,-65.6
26,-62.0
