frequency,pdr
11,-68.1
12,-57.9
13,-62.1111111111
14,-74.2
15,-67.0
16,-61.5555555556
17,-61.8
18,-60.5
19,-65.7
20,-73.1
21,-64.0
22,-66.1
23,-61.0
24,-59.0
25,-70.0
26,-67.0
