frequency,pdr
11,-50.6
12,-57.2222222222
13,-62.4444444444
14,-55.0
15,-62.8
16,-54.9
17,-55.0
18,-52.0
19,-55.0
20,-55.1
21,-62.2
22,-60.3
23,-55.0
24,-55.0
25,-54.4
26,-58.0
