frequency,pdr
11,-59.9
12,-59.6
13,-56.3333333333
14,-53.4
15,-46.0
16,-47.3
17,-46.0
18,-47.0
19,-56.5
20,-55.0
21,-52.5
22,-52.1
23,-54.0
24,-53.7
25,-70.1111111111
26,-64.5
