frequency,pdr
11,-65.0
12,-62.5555555556
13,-63.875
14,-72.6666666667
15,-83.0
16,-72.6
17,-64.0
18,-59.0
19,-74.1
20,-66.0
21,-59.0
22,-67.0
23,-71.8
24,-62.8888888889
25,-63.8
26,-66.8
