frequency,pdr
11,-61.4
12,-55.4
13,-62.2222222222
14,-55.1
15,-65.3
16,-54.9
17,-55.0
18,-58.6
19,-67.0
20,-56.5
21,-70.1
22,-55.0
23,-61.0
24,-55.0
25,-62.1111111111
26,-73.6
