frequency,pdr
11,-57.9
12,-60.6
13,-56.2222222222
14,-54.5
15,-57.4
16,-72.7777777778
17,-60.9
18,-49.0
19,-49.0
20,-49.0
21,-56.8
22,-53.1
23,-55.0
24,-57.8
25,-54.6
26,-55.0
