frequency,pdr
11,-49.0
12,-54.3333333333
13,-57.1111111111
14,-53.2
15,-49.2
16,-49.1
17,-56.8
18,-55.0
19,-48.1
20,-66.8
21,-54.9
22,-53.8
23,-46.0
24,-47.3
25,-48.8
26,-56.9
