frequency,pdr
11,-56.3
12,-57.1111111111
13,-54.4444444444
14,-54.1
15,-52.6
16,-52.0
17,-64.5
18,-69.2
19,-61.0
20,-55.0
21,-51.0
22,-53.3636363636
23,-66.8
24,-58.625
25,-57.8888888889
26,-53.7
