frequency,pdr
11,-66.3333333333
12,-62.1111111111
13,-57.2222222222
14,-58.4
15,-48.7
16,-44.6
17,-46.0
18,-47.0
19,-49.6363636364
20,-43.1
21,-48.4
22,-47.9
23,-48.3
24,-54.9
25,-56.8
26,-63.3
