frequency,pdr
11,-52.8
12,-52.8888888889
13,-57.9
14,-53.6
15,-53.3
16,-60.4444444444
17,-52.0
18,-58.2
19,-52.0
20,-50.7
21,-67.4
22,-54.8
23,-52.0
24,-58.0
25,-67.1111111111
26,-60.7
