frequency,pdr
11,-49.6
12,-57.8888888889
13,-47.3333333333
14,-54.2
15,-58.0
16,-58.6666666667
17,-61.4
18,-55.0
19,-54.0
20,-54.3
21,-58.7
22,-49.6
23,-49.0
24,-49.7
25,-48.9
26,-61.8
