frequency,pdr
11,-56.7
12,-58.8888888889
13,-56.1111111111
14,-49.0
15,-55.1
16,-52.0
17,-59.4
18,-49.7
19,-66.2
20,-55.6
21,-52.0
22,-57.4
23,-50.9
24,-55.125
25,-57.8
26,-57.4
