frequency,pdr
11,-55.5
12,-50.0
13,-70.5555555556
14,-49.6
15,-49.0
16,-64.0
17,-54.9
18,-54.9
19,-65.4
20,-54.2
21,-62.4
22,-55.1
23,-55.0
24,-59.2
25,-64.7777777778
26,-58.9
