frequency,pdr
11,-52.8
12,-60.9
13,-71.7777777778
14,-57.7
15,-55.5454545455
16,-52.0
17,-55.0
18,-55.2
19,-54.0
20,-59.8
21,-60.7
22,-53.3
23,-55.0
24,-61.0
25,-65.5555555556
26,-62.1
