frequency,pdr
11,-69.1111111111
12,-59.5555555556
13,-57.7
14,-61.0
15,-68.7
16,-60.9
17,-70.3
18,-63.8
19,-61.0
20,-61.5
21,-68.6
22,-67.0
23,-67.0
24,-67.75
25,-65.4
26,-62.0
