frequency,pdr
11,-63.3
12,-55.0
13,-60.4444444444
14,-59.9
15,-64.0
16,-77.3
17,-64.0
18,-62.8
19,-63.1
20,-67.0
21,-64.0
22,-65.9
23,-72.4444444444
24,-70.2
25,-57.8
26,-60.1
