frequency,pdr
11,-59.7
12,-51.2222222222
13,-52.7
14,-53.5
15,-49.0
16,-59.9
17,-51.9
18,-52.0
19,-49.1
20,-65.3
21,-50.5
22,-50.9
23,-67.0
24,-52.7777777778
25,-49.5
26,-52.0
