frequency,pdr
11,-55.0
12,-55.0
13,-55.0
14,-59.7
15,-52.0
16,-54.2222222222
17,-59.0
18,-67.0
19,-69.5
20,-57.1
21,-61.0
22,-66.7
23,-60.1
24,-66.6363636364
25,-63.8
26,-69.3
