frequency,pdr
11,-52.0
12,-53.9
13,-57.7777777778
14,-66.7
15,-58.5
16,-55.0
17,-59.3
18,-55.0
19,-52.0
20,-59.9
21,-50.2
22,-51.0
23,-54.8
24,-66.3333333333
25,-53.1
26,-51.4
