frequency,pdr
11,-50.1
12,-52.0
13,-47.9
14,-48.2
15,-54.3
16,-56.1
17,-55.0
18,-50.7
19,-54.6
20,-53.1
21,-60.0
22,-67.0
23,-52.2
24,-63.3333333333
25,-57.5555555556
26,-54.7
