frequency,pdr
11,-62.0
12,-63.1111111111
13,-59.9
14,-58.0
15,-64.5
16,-61.2
17,-64.0
18,-61.0
19,-58.0
20,-59.7
21,-60.6
22,-65.1
23,-60.5
24,-64.6666666667
25,-81.5555555556
26,-72.2
