frequency,pdr
11,-49.0
12,-58.2
13,-59.0
14,-52.0
15,-51.5
16,-64.1
17,-49.0
18,-58.0
19,-61.0
20,-61.3
21,-50.0
22,-63.3
23,-53.8
24,-52.4444444444
25,-56.4444444444
26,-49.0
