frequency,pdr
11,-56.4
12,-61.8888888889
13,-64.8888888889
14,-69.5
15,-55.0
16,-55.0
17,-55.0
18,-61.0
19,-58.1
20,-55.0
21,-61.0
22,-69.6666666667
23,-60.3
24,-59.6
25,-65.4444444444
26,-55.0
