frequency,pdr
11,-49.1
12,-53.0
13,-57.1111111111
14,-55.0
15,-57.1
16,-55.0
17,-57.1
18,-59.5
19,-55.0
20,-55.0
21,-59.1
22,-57.4
23,-55.0
24,-73.3333333333
25,-60.3333333333
26,-52.0
