frequency,pdr
11,-55.4444444444
12,-52.0
13,-53.6666666667
14,-47.0
15,-49.0
16,-49.0
17,-65.5
18,-58.0
19,-67.0
20,-66.0
21,-68.3
22,-66.6
23,-65.4
24,-64.0
25,-58.6666666667
26,-59.2
