frequency,pdr
11,-46.0
12,-56.6666666667
13,-57.0
14,-58.8
15,-68.0
16,-56.5
17,-52.0
18,-48.6
19,-45.2
20,-50.8
21,-50.6363636364
22,-50.2
23,-52.0
24,-55.0
25,-62.2222222222
26,-55.0
