frequency,pdr
11,-69.5555555556
12,-61.1111111111
13,-67.0
14,-60.0
15,-61.0
16,-63.9
17,-61.0
18,-58.0
19,-61.0
20,-66.9
21,-61.0
22,-62.0
23,-67.0
24,-65.2222222222
25,-60.2222222222
26,-61.7
