frequency,pdr
11,-48.7
12,-53.5555555556
13,-55.3
14,-49.0
15,-45.7
16,-49.0
17,-50.7
18,-51.7
19,-55.0
20,-52.0
21,-54.0
22,-52.0
23,-46.5
24,-54.7777777778
25,-53.5555555556
26,-47.0
