frequency,pdr
11,-52.6
12,-49.2222222222
13,-51.5
14,-50.2
15,-53.4
16,-52.4
17,-65.0
18,-64.4
19,-49.0
20,-49.0
21,-64.0
22,-63.2
23,-53.0
24,-59.8888888889
25,-46.9
26,-47.4
