frequency,pdr
11,-65.875
12,-58.2
13,-55.7777777778
14,-69.9
15,-73.2
16,-55.0
17,-61.9
18,-57.9
19,-53.0
20,-64.9
21,-58.0
22,-55.0
23,-56.8
24,-60.9
25,-64.1111111111
26,-58.0
