frequency,pdr
11,-51.8
12,-56.6666666667
13,-53.1111111111
14,-55.0
15,-54.8
16,-58.0
17,-55.0
18,-52.0
19,-55.0
20,-55.0
21,-55.0
22,-49.4
23,-53.0
24,-58.0
25,-60.0
26,-67.9
