frequency,pdr
11,96.6666666667
12,93.8095238095
13,97.9365079365
14,98.8888888889
15,99.8412698413
16,94.9206349206
17,100.0
18,89.2063492063
19,89.6825396825
20,98.253968254
21,98.5714285714
22,99.6825396825
23,99.6825396825
24,100.0
25,100.0
26,100.0
