frequency,pdr
11,97.619047619
12,100.0
13,85.7142857143
14,98.5714285714
15,98.5714285714
16,88.253968254
17,88.7301587302
18,87.3015873016
19,90.9523809524
20,97.9365079365
21,99.2063492063
22,100.0
23,100.0
24,100.0
25,99.8412698413
26,99.8412698413
