frequency,pdr
11,94.4444444444
12,93.4920634921
13,92.6984126984
14,93.3333333333
15,99.5238095238
16,74.6031746032
17,95.2380952381
18,93.3333333333
19,98.253968254
20,99.3650793651
21,99.0476190476
22,100.0
23,100.0
24,100.0
25,100.0
26,98.7301587302
