frequency,pdr
11,86.9841269841
12,55.7142857143
13,66.0317460317
14,79.3650793651
15,99.0476190476
16,91.9047619048
17,70.3174603175
18,83.9682539683
19,100.0
20,99.5238095238
21,99.3650793651
22,100.0
23,100.0
24,100.0
25,100.0
26,100.0
