frequency,pdr
11,62.2222222222
12,56.5079365079
13,85.0793650794
14,74.4444444444
15,99.6825396825
16,95.873015873
17,83.6507936508
18,82.6984126984
19,90.4761904762
20,97.9365079365
21,96.5079365079
22,98.0952380952
23,100.0
24,100.0
25,100.0
26,100.0
