frequency,pdr
11,84.2857142857
12,78.7301587302
13,77.1428571429
14,83.1746031746
15,99.3650793651
16,76.5079365079
17,90.0
18,73.4920634921
19,100.0
20,99.0476190476
21,99.8412698413
22,99.5238095238
23,100.0
24,100.0
25,100.0
26,100.0
