frequency,pdr
11,-63.7
12,-76.8888888889
13,-64.0
14,-64.5555555556
15,-61.0
16,-66.6
17,-67.0
18,-68.6
19,-69.6
20,-67.0
21,-69.5
22,-70.0
23,-80.1
24,-67.9
25,-65.3
26,-63.6
