frequency,pdr
11,-72.4444444444
12,-63.1
13,-65.5555555556
14,-73.75
15,-73.0
16,-76.2
17,-64.0
18,-68.9
19,-70.0
20,-74.8
21,-64.0
22,-67.1
23,-64.8
24,-60.1
25,-65.2
26,-72.4444444444
