frequency,pdr
11,-64.0
12,-62.7
13,-60.6666666667
14,-60.7777777778
15,-65.8
16,-66.9
17,-75.0
18,-60.0
19,-61.8
20,-64.3
21,-65.3
22,-61.0
23,-61.0
24,-68.2
25,-66.3
26,-58.1
