frequency,pdr
11,-61.0
12,-68.8888888889
13,-60.1
14,-66.0
15,-67.0
16,-70.0
17,-70.4
18,-70.9
19,-71.5
20,-63.4
21,-70.0
22,-74.6
23,-68.4
24,-64.0
25,-64.3
26,-66.8888888889
