frequency,pdr
11,-61.8888888889
12,-71.7
13,-71.375
14,-72.1111111111
15,-67.0
16,-66.3
17,-73.4
18,-75.6
19,-76.8
20,-73.0
21,-66.5
22,-67.0
23,-70.0
24,-78.0
25,-72.5
26,-70.0
