frequency,pdr
11,-63.9
12,-69.8
13,-67.0
14,-66.1111111111
15,-61.0
16,-67.0
17,-63.4
18,-63.4
19,-61.0
20,-70.0
21,-66.2
22,-73.2
23,-82.6666666667
24,-71.1
25,-64.0
26,-68.2
