frequency,pdr
11,-68.1
12,-76.1111111111
13,-66.5555555556
14,-77.6
15,-74.1
16,-67.0
17,-71.6
18,-67.9
19,-64.0
20,-64.0
21,-66.8
22,-70.0
23,-80.5
24,-74.3
25,-82.0
26,-71.0
