frequency,pdr
11,-59.6666666667
12,-69.4444444444
13,-68.8
14,-67.0
15,-69.7
16,-76.7
17,-61.3
18,-64.0
19,-61.0
20,-67.0
21,-61.0
22,-61.4
23,-56.0
24,-63.0
25,-64.8
26,-60.9
