frequency,pdr
11,-60.0
12,-58.1
13,-61.5555555556
14,-71.5555555556
15,-70.3
16,-67.0
17,-65.5
18,-67.0
19,-61.0
20,-67.6
21,-67.0
22,-59.1
23,-64.2
24,-64.0
25,-68.9
26,-63.9
