frequency,pdr
11,-68.5555555556
12,-62.0
13,-57.3333333333
14,-61.0
15,-65.2
16,-75.8
17,-62.2
18,-63.0
19,-74.0
20,-67.0
21,-67.0
22,-72.6
23,-67.0
24,-69.3
25,-59.1
26,-73.9
