frequency,pdr
11,-65.1111111111
12,-68.1
13,-77.8888888889
14,-80.4444444444
15,-69.2
16,-73.1
17,-68.3
18,-73.5
19,-67.2
20,-70.7
21,-67.5
22,-77.5555555556
23,-71.2
24,-64.8
25,-67.0
26,-67.0
