frequency,pdr
11,-54.6
12,-54.3
13,-55.0
14,-62.3333333333
15,-54.4
16,-50.9
17,-53.3636363636
18,-53.0
19,-54.6
20,-58.8
21,-65.4
22,-58.0
23,-55.0
24,-61.0
25,-66.3
26,-61.6
