frequency,pdr
11,-69.8888888889
12,-71.6
13,-60.4444444444
14,-66.6666666667
15,-70.8
16,-70.1
17,-64.2
18,-58.5
19,-74.2
20,-67.0
21,-69.0
22,-70.0
23,-67.4
24,-71.2
25,-61.6
26,-67.0
