frequency,pdr
11,-61.0
12,-65.0
13,-64.0
14,-64.3333333333
15,-73.9
16,-64.0
17,-61.0
18,-60.6
19,-65.6
20,-69.3
21,-67.0
22,-76.7777777778
23,-67.0
24,-67.0
25,-63.6
26,-61.2
