frequency,pdr
11,-67.3333333333
12,-67.0
13,-66.4444444444
14,-71.4444444444
15,-62.0
16,-67.0
17,-69.9
18,-71.9
19,-66.7
20,-74.1
21,-67.3
22,-63.9
23,-76.8
24,-77.4
25,-67.0
26,-80.0
