frequency,pdr
11,-79.875
12,-67.6
13,-63.375
14,-74.8888888889
15,-70.4
16,-70.0
17,-70.6
18,-67.0
19,-64.0
20,-67.0
21,-67.0
22,-67.8
23,-73.6
24,-78.2
25,-66.8
26,-78.4444444444
