frequency,pdr
11,-64.7
12,-67.1111111111
13,-76.0
14,-61.3333333333
15,-62.5
16,-64.0
17,-66.0
18,-76.6
19,-71.9
20,-69.1
21,-67.0
22,-64.0
23,-78.1111111111
24,-78.5
25,-67.0
26,-64.6
