frequency,pdr
11,-67.0
12,-65.4444444444
13,-61.7777777778
14,-68.4444444444
15,-65.7
16,-65.1
17,-73.0
18,-69.0
19,-78.9
20,-69.1
21,-64.0
22,-66.5
23,-73.1
24,-62.2
25,-61.6
26,-69.3
