frequency,pdr
11,-68.2
12,-65.4444444444
13,-64.0
14,-67.0
15,-65.8
16,-66.4545454545
17,-68.9
18,-64.0
19,-67.0
20,-66.7
21,-75.5
22,-68.7
23,-64.0
24,-70.0
25,-68.9
26,-60.9
