frequency,pdr
11,-64.375
12,-66.3333333333
13,-59.4
14,-59.8888888889
15,-61.8
16,-61.9
17,-81.8
18,-64.9
19,-64.0
20,-63.3
21,-68.3
22,-60.1
23,-65.9
24,-80.3
25,-69.8
26,-66.5
