frequency,pdr
11,-61.0
12,-60.3333333333
13,-58.0
14,-68.3333333333
15,-61.0
16,-64.0
17,-64.0
18,-76.2
19,-62.1
20,-57.7
21,-65.2
22,-61.0
23,-58.0
24,-67.0
25,-77.0
26,-61.0
