frequency,pdr
11,-60.4
12,-74.1111111111
13,-65.6666666667
14,-81.75
15,-72.9
16,-68.0
17,-74.3
18,-65.7
19,-64.2
20,-65.3
21,-69.4
22,-70.1
23,-72.4
24,-69.4
25,-75.1
26,-70.2
