frequency,pdr
11,-62.2
12,-66.3333333333
13,-66.2
14,-67.3
15,-70.0
16,-64.0
17,-67.0
18,-72.1
19,-61.1
20,-61.0
21,-69.5
22,-64.0
23,-75.3
24,-67.3
25,-80.8
26,-77.2222222222
