frequency,pdr
11,-67.0
12,-64.0
13,-63.7777777778
14,-66.6666666667
15,-72.6
16,-74.0
17,-67.0
18,-73.8
19,-70.9
20,-73.7
21,-64.0
22,-65.7
23,-76.1
24,-67.0
25,-64.0
26,-67.0
