frequency,pdr
11,-76.25
12,-70.1111111111
13,-67.0
14,-61.6363636364
15,-67.0
16,-68.7
17,-66.4
18,-80.9
19,-70.4
20,-64.0
21,-78.5
22,-67.0
23,-66.9
24,-71.0
25,-67.0
26,-74.5555555556
