frequency,pdr
11,-63.4285714286
12,-71.3
13,-61.875
14,-60.8888888889
15,-67.0
16,-63.0
17,-65.1
18,-67.0
19,-81.4
20,-64.7
21,-67.5
22,-73.8
23,-74.8
24,-69.1
25,-70.7
26,-68.4
