frequency,pdr
11,-78.2222222222
12,-65.8888888889
13,-68.5
14,-60.9
15,-68.7
16,-69.0
17,-70.7
18,-70.0
19,-66.3
20,-75.5
21,-61.5
22,-61.2
23,-59.9
24,-68.9
25,-64.1
26,-64.0
