frequency,pdr
11,-64.1
12,-61.0
13,-70.0
14,-64.2222222222
15,-82.4444444444
16,-90.0
17,-73.0
18,-73.3
19,-67.0
20,-63.5
21,-64.0
22,-73.1818181818
23,-64.0
24,-72.5
25,-70.0
26,-71.6
