frequency,pdr
11,-63.2
12,-58.7
13,-73.125
14,-69.3333333333
15,-69.6
16,-70.1
17,-66.0
18,-70.0
19,-65.7
20,-64.9
21,-68.9
22,-62.3
23,-60.4
24,-64.8
25,-63.3
26,-77.4444444444
