frequency,pdr
11,-60.0
12,-63.2222222222
13,-71.5555555556
14,-61.0
15,-67.0
16,-64.0
17,-65.0
18,-68.2
19,-67.1
20,-69.0
21,-64.8
22,-61.0
23,-61.0
24,-68.3
25,-67.0
26,-69.1
