frequency,pdr
11,-61.8
12,-80.6
13,-63.6666666667
14,-65.7777777778
15,-64.0
16,-77.0
17,-73.0
18,-74.8
19,-69.0
20,-69.6
21,-68.1
22,-64.0
23,-73.7
24,-69.4
25,-67.9
26,-65.3
