frequency,pdr
11,-62.4444444444
12,-68.3333333333
13,-64.0
14,-70.3
15,-72.7
16,-66.1
17,-68.1
18,-73.6
19,-61.0
20,-68.7
21,-70.0
22,-69.7
23,-66.4
24,-64.0
25,-70.5
26,-78.1
