frequency,pdr
11,-65.9
12,-71.5
13,-72.5555555556
14,-62.5555555556
15,-60.9
16,-68.4
17,-62.2
18,-55.6
19,-64.9
20,-61.0
21,-67.0
22,-68.1
23,-60.9
24,-64.0
25,-67.0
26,-61.0
