frequency,pdr
11,-65.2
12,-61.4444444444
13,-64.0
14,-67.5
15,-63.9
16,-65.3
17,-61.0
18,-63.9
19,-67.0
20,-65.3
21,-69.2
22,-64.0
23,-65.5
24,-63.7
25,-61.0
26,-76.5555555556
