frequency,pdr
11,-63.4
12,-61.8888888889
13,-67.2222222222
14,-71.0
15,-62.7
16,-70.8
17,-65.9
18,-58.0
19,-62.2
20,-67.0
21,-70.8
22,-56.8
23,-60.3
24,-65.0
25,-69.1
26,-65.6
