frequency,pdr
11,-64.4
12,-67.4444444444
13,-59.8
14,-64.8888888889
15,-58.0
16,-64.2
17,-64.9
18,-61.0
19,-67.5
20,-68.9
21,-64.0
22,-73.9
23,-64.0
24,-63.0
25,-70.0
26,-67.0
