frequency,pdr
11,-61.4
12,-65.3333333333
13,-65.6666666667
14,-69.0
15,-64.3
16,-60.2
17,-66.7
18,-74.0
19,-76.5
20,-63.5
21,-62.3
22,-61.0
23,-61.0
24,-71.4
25,-61.0
26,-66.9
