frequency,pdr
11,-62.7
12,-58.1111111111
13,-64.0
14,-59.8888888889
15,-67.0
16,-60.0
17,-61.0
18,-65.8
19,-58.0
20,-69.3
21,-70.0
22,-65.7
23,-63.0
24,-62.3
25,-64.0
26,-68.3
