frequency,pdr
11,-63.3
12,-72.1111111111
13,-67.0
14,-76.4444444444
15,-67.0
16,-64.0
17,-60.8
18,-61.9
19,-65.0
20,-64.0
21,-66.7
22,-61.0
23,-72.6
24,-61.0
25,-64.4
26,-69.5
