frequency,pdr
11,-68.125
12,-65.2222222222
13,-78.4444444444
14,-68.4444444444
15,-68.4
16,-64.0
17,-64.0
18,-69.9
19,-69.3
20,-68.0
21,-63.0
22,-64.0
23,-60.8
24,-63.7
25,-63.3
26,-62.5
