frequency,pdr
11,-78.1111111111
12,-77.2222222222
13,-67.0
14,-66.8888888889
15,-70.0
16,-74.3
17,-67.0
18,-64.0
19,-78.2
20,-75.9
21,-79.0
22,-73.9
23,-67.2
24,-64.3
25,-72.5
26,-78.1111111111
