frequency,pdr
11,-69.7777777778
12,-64.3333333333
13,-62.4444444444
14,-67.0
15,-67.0
16,-81.7
17,-68.0
18,-61.0
19,-62.3
20,-73.4
21,-65.1
22,-70.4
23,-67.0
24,-70.0
25,-67.0
26,-70.6
