frequency,pdr
11,-61.625
12,-58.0
13,-68.8888888889
14,-56.7777777778
15,-58.0
16,-64.9
17,-58.2
18,-67.0
19,-58.4
20,-76.5
21,-59.1
22,-64.1
23,-62.9
24,-55.0
25,-63.0
26,-66.9
