frequency,pdr
11,-72.5555555556
12,-67.2222222222
13,-64.7777777778
14,-63.7777777778
15,-69.2
16,-76.2
17,-59.1
18,-60.8
19,-56.0
20,-63.0
21,-72.7
22,-67.3
23,-59.4
24,-61.0
25,-62.0
26,-66.0
