frequency,pdr
11,-69.2222222222
12,-73.0
13,-69.125
14,-61.4444444444
15,-67.0
16,-64.0
17,-66.3
18,-69.2
19,-67.0
20,-67.0
21,-67.0
22,-65.4
23,-62.7
24,-67.0
25,-67.0
26,-65.1
