frequency,pdr
11,-66.8888888889
12,-74.2
13,-72.8888888889
14,-66.8888888889
15,-66.7
16,-61.0
17,-57.7
18,-61.0
19,-68.3
20,-63.1
21,-58.2
22,-61.2
23,-59.3
24,-60.8
25,-67.0
26,-82.5555555556
