frequency,pdr
11,-78.1111111111
12,-72.1
13,-64.0
14,-60.6666666667
15,-61.0
16,-72.5
17,-61.0
18,-60.4
19,-74.0
20,-61.0
21,-65.6
22,-64.0
23,-68.6
24,-74.4
25,-76.7
26,-74.8888888889
