frequency,pdr
11,-63.0
12,-68.5555555556
13,-70.0
14,-75.8888888889
15,-78.4
16,-66.3
17,-67.0
18,-70.6
19,-69.6
20,-69.6
21,-69.5
22,-72.3
23,-69.7
24,-67.0
25,-81.7
26,-66.6
