frequency,pdr
11,-66.4285714286
12,-68.7777777778
13,-69.8888888889
14,-67.0
15,-67.3
16,-67.0
17,-62.1
18,-73.6
19,-63.0
20,-67.0
21,-73.7
22,-66.1
23,-82.3
24,-70.0
25,-74.4
26,-67.0
