frequency,pdr
11,-63.8888888889
12,-64.7
13,-58.0
14,-65.6666666667
15,-63.6
16,-78.3
17,-76.1
18,-71.3
19,-62.8
20,-76.3
21,-65.5
22,-78.8
23,-62.0
24,-64.0
25,-75.7
26,-61.8
