frequency,pdr
11,-70.3333333333
12,-65.4444444444
13,-58.8
14,-61.0
15,-69.2
16,-69.0
17,-77.2
18,-73.0
19,-63.8
20,-70.9
21,-63.2
22,-61.0
23,-61.0
24,-60.4
25,-58.0
26,-65.0
