frequency,pdr
11,-59.0
12,-68.9
13,-74.1111111111
14,-66.8888888889
15,-60.2
16,-61.0
17,-56.9
18,-79.8
19,-61.0
20,-65.5
21,-65.5
22,-59.3
23,-65.3
24,-67.0
25,-65.4
26,-60.8
