frequency,pdr
11,-60.4
12,-61.1111111111
13,-58.0
14,-57.8888888889
15,-55.4
16,-64.0
17,-58.3
18,-67.8
19,-67.0
20,-67.0
21,-67.2
22,-69.3
23,-64.0
24,-72.1
25,-55.0
26,-67.0
