frequency,pdr
11,-68.7
12,-67.8888888889
13,-64.4444444444
14,-67.8888888889
15,-67.0
16,-68.1
17,-76.0
18,-68.6
19,-73.4
20,-67.0
21,-81.5
22,-68.3
23,-69.5
24,-70.0
25,-64.5
26,-64.0
