frequency,pdr
11,-60.9
12,-58.0
13,-70.5555555556
14,-68.3333333333
15,-60.0
16,-69.5
17,-65.5
18,-64.0
19,-72.9
20,-79.6
21,-65.0
22,-64.0
23,-62.0
24,-64.4
25,-60.1
26,-69.6
