frequency,pdr
11,-69.125
12,-61.0
13,-74.6666666667
14,-63.2222222222
15,-55.0
16,-55.6
17,-55.9
18,-61.4
19,-63.9
20,-70.0
21,-67.0
22,-61.0
23,-66.5
24,-61.0
25,-58.1
26,-61.0
