frequency,pdr
11,-72.5555555556
12,-64.7777777778
13,-67.0
14,-59.7
15,-64.3
16,-71.0
17,-70.5
18,-67.4
19,-68.2
20,-67.0
21,-71.7
22,-68.1
23,-61.0
24,-69.8
25,-68.6
26,-70.0
