frequency,pdr
11,-74.2222222222
12,-71.4444444444
13,-74.5
14,-66.0
15,-64.0
16,-61.0
17,-67.7
18,-62.9
19,-61.3
20,-69.8
21,-62.0
22,-67.0
23,-69.0
24,-71.2
25,-70.1
26,-64.1
