frequency,pdr
11,-52.0
12,-58.4444444444
13,-54.7777777778
14,-56.4
15,-58.0
16,-50.8
17,-55.5
18,-54.1
19,-46.0
20,-51.9
21,-54.9
22,-67.4
23,-58.5
24,-55.6
25,-61.1
26,-62.0
