frequency,pdr
11,-52.5
12,-71.8888888889
13,-50.8
14,-52.0
15,-51.6666666667
16,-51.3
17,-51.9
18,-46.0
19,-46.0
20,-50.9090909091
21,-60.0
22,-58.4
23,-53.4
24,-46.0
25,-52.6
26,-49.0
