frequency,pdr
11,-55.0
12,-62.3333333333
13,-53.1
14,-54.1818181818
15,-54.0
16,-51.8
17,-67.3
18,-58.1
19,-55.0
20,-55.1
21,-58.0
22,-56.9
23,-60.8
24,-55.0
25,-55.0
26,-70.4
