frequency,pdr
11,-60.9
12,-60.5
13,-72.7272727273
14,-58.2222222222
15,-58.0
16,-66.9
17,-68.3
18,-67.0
19,-72.3
20,-65.0
21,-65.8
22,-64.0
23,-70.6
24,-62.2
25,-62.0
26,-57.4
