frequency,pdr
11,-63.7
12,-57.3333333333
13,-51.8
14,-60.7777777778
15,-49.5
16,-51.1
17,-53.0
18,-52.9
19,-56.4
20,-63.6
21,-55.0
22,-56.2
23,-52.4
24,-52.5
25,-52.0
26,-51.4
