frequency,pdr
11,-45.1
12,-46.0
13,-46.0
14,-48.1111111111
15,-49.7777777778
16,-49.8
17,-61.8
18,-52.8
19,-61.2
20,-58.1
21,-56.3
22,-49.5
23,-50.9
24,-52.9
25,-52.0
26,-62.0
