frequency,pdr
11,-57.0
12,-53.2222222222
13,-48.6
14,-57.6
15,-53.3636363636
16,-49.0
17,-51.0
18,-52.5
19,-51.0
20,-60.3
21,-48.0
22,-54.8
23,-54.7
24,-60.9
25,-49.4
26,-46.5
