frequency,pdr
11,-70.5
12,-58.0
13,-65.8888888889
14,-66.2727272727
15,-67.0
16,-60.6
17,-61.5
18,-63.5
19,-52.0
20,-55.9
21,-52.0
22,-60.4
23,-62.1
24,-62.0
25,-66.1
26,-62.7
