frequency,pdr
11,-55.1
12,-54.7
13,-65.4444444444
14,-64.2
15,-63.8888888889
16,-61.0
17,-58.9
18,-59.6
19,-57.0
20,-66.4
21,-61.0
22,-53.5
23,-55.0
24,-73.1111111111
25,-70.2
26,-62.9
