frequency,pdr
11,-52.0
12,-55.0
13,-55.0
14,-50.1111111111
15,-53.1111111111
16,-55.0
17,-51.1
18,-51.9
19,-51.9
20,-64.1
21,-67.4
22,-63.6
23,-60.7
24,-57.7
25,-60.5
26,-61.0
