frequency,pdr
11,-64.7
12,-58.3
13,-58.4
14,-60.2222222222
15,-58.8888888889
16,-58.3
17,-59.7
18,-55.6
19,-57.7
20,-54.1
21,-64.8
22,-55.0
23,-54.9
24,-68.5
25,-62.8
26,-56.4
