frequency,pdr
11,-52.0
12,-53.9
13,-52.8
14,-53.4444444444
15,-56.1111111111
16,-51.5
17,-53.3
18,-51.7
19,-58.0
20,-55.2
21,-56.2
22,-55.0
23,-61.2
24,-62.9
25,-56.4
26,-54.6
