frequency,pdr
11,-58.2
12,-60.1111111111
13,-51.9
14,-49.9
15,-52.7777777778
16,-55.3
17,-52.5
18,-56.4
19,-62.7
20,-58.8
21,-56.8
22,-48.0
23,-51.4
24,-63.4
25,-51.7
26,-62.6
