frequency,pdr
11,-55.0
12,-54.5
13,-57.7
14,-63.0
15,-59.5555555556
16,-55.0
17,-59.2
18,-63.4545454545
19,-65.2
20,-52.0
21,-53.3
22,-58.8
23,-52.1
24,-52.0
25,-57.7
26,-58.2
