frequency,pdr
11,-66.625
12,-52.1111111111
13,-52.3333333333
14,-52.3
15,-56.9
16,-52.3
17,-55.0
18,-67.0
19,-74.1
20,-62.4
21,-71.8
22,-58.2
23,-57.1
24,-62.2
25,-58.0
26,-66.2
