frequency,pdr
11,-55.0
12,-56.7
13,-59.0
14,-58.4444444444
15,-54.8888888889
16,-56.1
17,-59.6
18,-57.9
19,-51.6
20,-55.8
21,-59.5
22,-62.2
23,-53.9
24,-49.2
25,-54.4
26,-53.4
