frequency,pdr
11,-56.5
12,-50.2
13,-57.0
14,-56.1111111111
15,-57.6666666667
16,-53.4
17,-62.2
18,-61.4
19,-67.3
20,-58.0
21,-59.3
22,-66.5
23,-55.0
24,-58.0
25,-57.6
26,-63.3
