frequency,pdr
11,-62.3
12,-55.8888888889
13,-56.8888888889
14,-55.0
15,-59.4
16,-55.0
17,-55.0
18,-59.5
19,-55.8
20,-52.0
21,-65.0
22,-54.7
23,-53.4
24,-56.4
25,-57.4
26,-67.9
