frequency,pdr
11,-49.2
12,-52.7777777778
13,-58.3
14,-58.2222222222
15,-58.0
16,-55.0
17,-65.7
18,-62.5
19,-58.0
20,-55.0
21,-67.4
22,-52.6
23,-56.8
24,-55.2
25,-59.2
26,-58.7
