frequency,pdr
11,-49.4
12,-64.4
13,-55.0
14,-51.3333333333
15,-49.3
16,-58.0
17,-55.6
18,-55.0
19,-55.0
20,-60.7272727273
21,-55.0
22,-55.3
23,-50.9
24,-55.0
25,-73.3
26,-53.0
