frequency,pdr
11,-55.0
12,-69.2222222222
13,-52.1
14,-55.0
15,-50.6666666667
16,-55.0
17,-46.0
18,-49.0
19,-43.0
20,-46.0
21,-49.0
22,-47.0
23,-53.0
24,-52.8
25,-54.5
26,-46.0
