frequency,pdr
11,-56.5
12,-60.7777777778
13,-56.1111111111
14,-65.6666666667
15,-56.4444444444
16,-57.3
17,-55.0
18,-52.0
19,-52.0
20,-55.0
21,-49.0
22,-57.2
23,-60.8
24,-56.9
25,-52.0
26,-59.5
