frequency,pdr
11,-67.0
12,-64.5555555556
13,-54.9
14,-63.3333333333
15,-55.8888888889
16,-54.2
17,-67.0
18,-55.0
19,-49.0
20,-49.0
21,-49.0
22,-61.8
23,-60.4
24,-61.0
25,-61.9
26,-63.2
