frequency,pdr
11,-45.9
12,-45.0
13,-56.6666666667
14,-49.0
15,-56.1111111111
16,-50.5
17,-55.0
18,-46.0
19,-51.7
20,-48.1
21,-51.1
22,-56.2
23,-52.0
24,-59.6
25,-49.0
26,-51.0
