frequency,pdr
11,-59.5555555556
12,-60.5555555556
13,-62.8
14,-54.9
15,-57.1
16,-55.0
17,-55.0
18,-55.0
19,-69.1
20,-55.0
21,-63.5
22,-63.3
23,-73.0
24,-58.0
25,-55.0
26,-66.3
