frequency,pdr
11,-49.9
12,-63.3
13,-52.2
14,-53.1111111111
15,-57.6666666667
16,-55.1
17,-57.4
18,-56.2
19,-54.2
20,-54.9
21,-46.0
22,-46.0
23,-52.5
24,-55.0
25,-62.6
26,-63.0
