frequency,pdr
11,-49.3
12,-47.6
13,-53.3
14,-56.1111111111
15,-62.3
16,-67.2
17,-59.7
18,-53.0
19,-72.4285714286
20,-56.6
21,-59.1
22,-56.2
23,-62.6
24,-56.0
25,-55.0
26,-58.0
