frequency,pdr
11,-55.7
12,-52.1
13,-60.2222222222
14,-52.0
15,-66.4444444444
16,-55.9
17,-55.0
18,-54.1
19,-54.8
20,-55.8
21,-54.9
22,-63.4
23,-55.0
24,-66.8
25,-55.5
26,-52.0
