frequency,pdr
11,-64.0
12,-61.5555555556
13,-61.2
14,-66.7777777778
15,-55.8
16,-54.9
17,-65.3
18,-64.0
19,-60.1
20,-61.0
21,-57.2
22,-55.0
23,-55.0909090909
24,-65.3
25,-63.9
26,-72.9
