frequency,pdr
11,-50.7
12,-53.1
13,-65.8888888889
14,-59.2222222222
15,-55.0
16,-49.2
17,-46.0
18,-49.0
19,-48.9
20,-53.7
21,-49.0
22,-52.5
23,-61.4
24,-63.4
25,-54.7
26,-50.0
