frequency,pdr
11,-61.0
12,-56.8
13,-55.2222222222
14,-52.1
15,-49.1
16,-58.6
17,-64.8
18,-50.0
19,-47.9
20,-52.4
21,-54.7
22,-53.8
23,-50.7272727273
24,-50.6
25,-54.5
26,-55.2
