frequency,pdr
11,-64.9
12,-60.8888888889
13,-61.5
14,-59.5
15,-56.0
16,-62.5
17,-56.4545454545
18,-58.9
19,-55.3
20,-74.5
21,-68.1
22,-60.5
23,-64.0
24,-61.5
25,-81.3
26,-65.7
