frequency,pdr
11,-52.6
12,-58.0
13,-54.3333333333
14,-57.6666666667
15,-52.0
16,-54.5
17,-60.0
18,-50.1
19,-49.0
20,-59.3
21,-52.0
22,-58.0
23,-56.5
24,-55.0
25,-55.0
26,-52.0
