frequency,pdr
11,-46.0
12,-66.1428571429
13,-52.8
14,-54.4444444444
15,-49.0
16,-49.3
17,-50.1
18,-56.6
19,-52.3
20,-46.1
21,-51.3
22,-58.0
23,-57.9
24,-66.4
25,-65.2
26,-55.0
