frequency,pdr
11,-70.8888888889
12,-55.5555555556
13,-52.0
14,-67.7777777778
15,-61.0
16,-55.0
17,-52.0
18,-51.8
19,-61.9
20,-54.8
21,-58.4
22,-62.9
23,-64.3
24,-55.2
25,-51.7
26,-52.4
