frequency,pdr
11,-61.0
12,-65.3333333333
13,-68.6363636364
14,-65.5555555556
15,-68.4444444444
16,-58.3
17,-66.1
18,-65.5
19,-64.0
20,-60.8
21,-62.8
22,-68.1
23,-58.0
24,-57.7
25,-58.0
26,-64.2
