frequency,pdr
11,-52.0
12,-54.9
13,-61.7777777778
14,-58.0
15,-55.0
16,-56.5
17,-56.2
18,-55.0
19,-55.0
20,-60.3
21,-64.9
22,-74.5555555556
23,-61.0
24,-59.8
25,-58.5
26,-68.4
