frequency,pdr
11,-70.4444444444
12,-61.3333333333
13,-52.9
14,-55.0
15,-54.9
16,-55.0
17,-53.8
18,-56.4
19,-55.0
20,-54.9
21,-52.0
22,-55.3
23,-55.0
24,-54.2
25,-61.7
26,-50.0
