frequency,pdr
11,-58.3
12,-52.4
13,-50.1
14,-56.4444444444
15,-59.3
16,-64.1
17,-60.5
18,-58.0
19,-62.6
20,-52.0
21,-53.1
22,-53.4545454545
23,-50.8
24,-54.8
25,-57.5
26,-49.6
