frequency,pdr
11,-59.0
12,-61.7777777778
13,-58.8888888889
14,-53.6666666667
15,-50.6363636364
16,-55.0
17,-55.0
18,-61.0
19,-69.9
20,-55.0
21,-61.3
22,-63.0
23,-63.2
24,-64.0
25,-63.4
26,-62.4
