frequency,pdr
11,-63.2222222222
12,-75.5555555556
13,-64.1
14,-68.8
15,-62.2222222222
16,-70.2
17,-58.7
18,-66.0
19,-68.3
20,-67.0
21,-66.6
22,-66.9
23,-69.8
24,-67.1
25,-71.3
26,-69.7
