frequency,pdr
11,-63.9
12,-60.4444444444
13,-57.1
14,-55.3
15,-53.1111111111
16,-51.3
17,-49.4
18,-49.4
19,-52.0
20,-55.0
21,-57.9
22,-57.8
23,-63.1
24,-59.3
25,-62.4
26,-50.6
