frequency,pdr
11,-49.9
12,-62.8888888889
13,-52.6
14,-58.0
15,-61.1111111111
16,-49.1
17,-49.0
18,-55.0
19,-55.0
20,-58.5
21,-69.0
22,-63.3
23,-55.1
24,-66.8
25,-51.8
26,-51.2
