frequency,pdr
11,-52.0
12,-71.6666666667
13,-60.6
14,-48.6
15,-55.6666666667
16,-54.1
17,-47.6
18,-48.2
19,-49.0
20,-62.4
21,-58.0
22,-58.0
23,-51.5
24,-52.2
25,-59.1
26,-61.0
