frequency,pdr
11,-57.2
12,-55.5555555556
13,-48.5
14,-53.3333333333
15,-55.0
16,-53.3
17,-55.0
18,-48.2
19,-50.4
20,-53.4
21,-56.0
22,-53.4
23,-47.1
24,-52.0
25,-53.7
26,-56.2
