frequency,pdr
11,-57.9
12,-65.1111111111
13,-65.4545454545
14,-73.6666666667
15,-62.1111111111
16,-55.0
17,-68.1
18,-52.0
19,-58.0
20,-55.0
21,-63.0
22,-64.7
23,-56.0
24,-61.0
25,-61.0
26,-62.3
