frequency,pdr
11,-52.6
12,-60.4444444444
13,-55.0
14,-51.9
15,-53.3333333333
16,-52.1
17,-59.3
18,-63.3
19,-61.3
20,-59.1
21,-57.3
22,-58.0
23,-55.2
24,-60.5
25,-62.4
26,-60.9
