frequency,pdr
11,-52.6
12,-61.7777777778
13,-52.7
14,-49.6666666667
15,-54.5555555556
16,-57.5
17,-55.9
18,-57.0
19,-58.2
20,-53.3636363636
21,-53.4
22,-55.0
23,-53.9
24,-55.0
25,-68.0
26,-52.0
