frequency,pdr
11,-77.1111111111
12,-67.3333333333
13,-64.5
14,-67.0
15,-65.1
16,-75.3
17,-67.3
18,-66.1
19,-65.8
20,-66.2
21,-66.1
22,-73.8
24,-67.0
25,-64.0
26,-65.0
