frequency,pdr
11,-66.8888888889
12,-61.0
13,-60.4444444444
14,-62.5
15,-69.2
16,-73.1
17,-67.0
18,-61.0
19,-59.4
20,-63.5
21,-70.0
22,-66.8
23,-72.8
24,-67.0
25,-67.0
26,-70.9
