frequency,pdr
11,-64.7
12,-66.6666666667
13,-61.0
14,-72.8888888889
15,-66.0
16,-73.8
17,-61.4
18,-61.5
19,-58.0
20,-61.6
21,-69.3
22,-67.8181818182
23,-61.6
24,-67.0
25,-67.0
26,-67.0
