frequency,pdr
11,-56.7
12,-55.8888888889
13,-65.7777777778
14,-49.7
15,-55.6
16,-51.5
17,-52.3
18,-53.7
19,-49.0
20,-49.0
21,-47.7
22,-51.2
23,-46.0
24,-54.3
25,-55.0
26,-51.8
