frequency,pdr
11,-71.2222222222
12,-72.2
13,-64.5
14,-68.0
15,-77.9
16,-63.7
17,-60.4
18,-78.1
19,-64.2
20,-61.0
21,-72.1
22,-66.8
23,-57.9
24,-59.4
25,-74.3333333333
26,-79.5
