frequency,pdr
11,-66.7777777778
12,-64.1111111111
13,-69.9
14,-67.0
15,-67.0
16,-67.0
17,-67.0
18,-76.0
19,-68.4
20,-67.3
21,-68.7
22,-62.3
23,-62.2
24,-67.5
25,-67.0
26,-67.0
