frequency,pdr
11,-58.3333333333
12,-70.0
13,-61.3333333333
14,-62.7
15,-56.6
16,-61.1
17,-67.6
18,-52.5
19,-57.8
20,-55.0
21,-58.0
22,-61.6
23,-52.0
24,-53.7
25,-57.9090909091
26,-59.2
