frequency,pdr
11,-59.7777777778
12,-58.0
13,-52.3
14,-47.6
15,-57.1
16,-55.0
17,-54.7
18,-52.0
19,-62.4
20,-57.3
21,-72.5
22,-49.0
23,-49.0
24,-49.0
25,-51.1111111111
26,-58.1
