frequency,pdr
11,-61.0
12,-58.1111111111
13,-54.7
14,-76.8888888889
15,-56.1
16,-65.5
17,-61.4
18,-64.4
19,-51.8
20,-51.8
21,-54.3
22,-53.4
23,-59.9
24,-52.0
25,-51.7
26,-67.1
