frequency,pdr
11,-60.3333333333
12,-67.0
13,-58.3
14,-60.8
15,-63.2
16,-59.8
17,-62.2
18,-61.0
19,-62.2
20,-55.3
21,-70.2
22,-61.3
23,-58.0
24,-63.0
25,-64.3333333333
26,-61.3
