frequency,pdr
11,-70.7777777778
12,-66.6666666667
13,-69.0
14,-60.8
15,-65.0
16,-64.0
17,-64.0
18,-73.1
19,-63.3
20,-67.0
21,-78.2
22,-65.2
23,-61.1
24,-59.0
25,-60.6
26,-64.0
