frequency,pdr
11,-68.9
12,-71.1111111111
13,-67.7777777778
14,-69.3
15,-69.8
16,-62.5
17,-65.8
18,-65.5
19,-68.9
20,-77.8
21,-64.1
22,-58.7
23,-61.0
24,-68.0
25,-66.5555555556
26,-64.7
