frequency,pdr
11,-55.0
12,-58.8888888889
13,-56.7
14,-65.1
15,-55.0
16,-54.1
17,-54.2
18,-65.0
19,-60.8
20,-63.3
21,-62.8
22,-55.2
23,-55.2
24,-53.8
25,-67.5555555556
26,-52.0
