frequency,pdr
11,-55.7
12,-65.6666666667
13,-59.3333333333
14,-49.0
15,-50.3
16,-50.3
17,-62.2
18,-52.6
19,-59.0
20,-58.2
21,-60.5
22,-66.1
23,-55.3
24,-67.0
25,-67.0
26,-60.9
