frequency,pdr
11,-73.4444444444
12,-77.3333333333
13,-66.2222222222
14,-70.9
15,-60.4
16,-65.2
17,-66.3
18,-74.1
19,-67.0
20,-73.0
21,-76.8
22,-68.3
23,-76.5555555556
24,-71.6
25,-73.0
26,-80.1
