frequency,pdr
11,-55.8
12,-64.1111111111
13,-49.0
14,-51.0
15,-54.1
16,-58.1
17,-51.0
18,-54.9
19,-59.0
20,-53.1
21,-55.0
22,-59.6
23,-55.1
24,-54.9
25,-60.7777777778
26,-61.0
