frequency,pdr
11,-55.4
12,-59.2222222222
13,-54.8
14,-55.8
15,-66.2
16,-54.8
17,-55.0
18,-52.0
19,-55.0
20,-60.8
21,-50.9
22,-60.0
23,-53.0
24,-59.5
25,-64.8888888889
26,-59.3
