frequency,pdr
11,-49.0
12,-55.0
13,-50.8
14,-61.0
15,-51.2
16,-55.0
17,-47.7
18,-49.6363636364
19,-52.0
20,-54.7
21,-58.5
22,-52.4
23,-47.0
24,-53.0
25,-64.2222222222
26,-52.0
