frequency,pdr
11,-72.2
12,-77.2222222222
13,-64.8888888889
14,-62.1
15,-65.5
16,-71.3
17,-67.0
18,-60.9
19,-65.3
20,-60.7
21,-60.8
22,-67.0
23,-64.0
24,-64.2
25,-62.2
26,-67.0
