frequency,pdr
11,-65.1
12,-79.3333333333
13,-78.2222222222
14,-70.0
15,-73.5
16,-64.0
17,-70.0
18,-67.0
19,-73.5
20,-70.0
21,-69.4
22,-64.0
23,-74.4
24,-78.8
25,-68.1
26,-65.4
