frequency,pdr
11,-61.0
12,-73.7777777778
13,-64.0
14,-72.1
15,-67.3
16,-68.4
17,-68.0
18,-70.0
19,-76.0
20,-74.9
21,-70.0
22,-66.2
23,-77.2222222222
24,-73.9
25,-64.0
26,-61.0
