frequency,pdr
11,-62.4444444444
12,-53.8888888889
13,-54.9
14,-58.5
15,-58.0
16,-62.7
17,-53.0
18,-58.0
19,-55.0
20,-52.6
21,-53.1
22,-59.9
23,-71.1
24,-62.4
25,-59.7272727273
26,-57.6
