frequency,pdr
11,-63.9
12,-62.5
13,-69.5555555556
14,-59.6
15,-60.2
16,-64.6
17,-74.3
18,-68.2
19,-65.9
20,-61.9
21,-73.7
22,-67.0
23,-64.0
24,-69.7
25,-63.1111111111
26,-68.3
