frequency,pdr
11,-61.0
12,-67.0
13,-61.1818181818
14,-67.9
15,-67.0
16,-70.0
17,-69.3
18,-67.0
19,-67.1
20,-71.1
21,-75.4
22,-67.0
23,-66.9
24,-60.4
25,-68.2222222222
26,-70.6
