frequency,pdr
11,-69.0
12,-63.3333333333
13,-65.9
14,-64.6363636364
15,-67.0
16,-63.5
17,-67.0
18,-73.2
19,-62.6
20,-64.6
21,-68.1
22,-67.0
23,-62.1
24,-66.3
25,-67.0
26,-67.0
