frequency,pdr
11,-69.1111111111
12,-61.0
13,-73.4
14,-70.9
15,-65.0
16,-71.4
17,-66.8
18,-67.1
19,-68.8
20,-73.5
21,-63.4
22,-70.0
23,-78.6666666667
24,-79.0
25,-67.0
26,-77.3
