frequency,pdr
11,-81.3636363636
12,-79.6
13,-80.0
14,-81.5
15,-82.0
16,-81.9
17,-79.625
18,-77.2
19,-76.0
20,-75.1
21,-75.9
22,-77.3636363636
23,-80.0
24,-82.0
25,-82.0
26,-79.3
