frequency,pdr
11,-89.0
12,-87.4285714286
13,-87.5714285714
14,-86.9
15,-84.3
16,-83.0
17,-85.0
18,-88.0
19,-87.4
20,-83.0
21,-82.0
22,-80.9
23,-79.9
24,-79.1
25,-79.0
26,-79.0
