frequency,pdr
11,-89.2222222222
12,-89.2857142857
13,-89.5
14,-89.1111111111
15,-89.0
16,-88.1
17,-87.2
18,-87.3
19,-88.3
20,-90.0
21,-91.0
23,-91.0
