frequency,pdr
11,-88.5555555556
12,-85.375
13,-84.5714285714
14,-83.8
15,-84.7
16,-87.5
17,-90.9
19,-91.0
20,-91.0
21,-91.0
23,-91.0
