frequency,pdr
11,-90.7142857143
12,-90.8888888889
13,-91.0
14,-91.0
15,-91.0
16,-91.0
17,-91.0
18,-91.0
23,-91.0
26,-91.0
