frequency,pdr
11,-80.6
12,-79.3333333333
13,-80.0
14,-83.0
15,-87.0
16,-91.0
18,-91.0
19,-91.0
20,-90.2
21,-87.0
22,-84.7142857143
23,-85.0
24,-84.0
25,-85.1
26,-87.7
