frequency,pdr
11,-78.7
12,-79.0
13,-79.0
14,-79.0
15,-85.8
16,-82.1111111111
17,-81.875
18,-81.5555555556
19,-79.0
20,-79.0
21,-81.1
22,-82.0
23,-82.0
24,-81.0
25,-79.7
26,-79.0
