frequency,pdr
11,-87.2222222222
12,-85.2222222222
13,-85.75
14,-83.3
15,-82.0
16,-82.0
17,-84.5555555556
18,-89.3333333333
19,-90.1
20,-89.5
21,-87.8
22,-86.0
23,-88.75
24,-88.0
25,-87.6
26,-86.4
