frequency,pdr
11,-85.0
12,-88.7142857143
13,-91.0
15,-90.7
16,-88.1111111111
17,-85.125
18,-85.1
19,-86.2222222222
20,-87.0
21,-88.6666666667
22,-84.5
23,-84.8571428571
24,-84.5
25,-85.0
26,-85.3
