frequency,pdr
11,-90.1111111111
12,-90.2222222222
13,-87.1
14,-85.0
15,-84.8
16,-85.1111111111
17,-86.2
18,-86.0
19,-86.0
20,-87.3
21,-88.0
22,-88.2222222222
23,-90.7777777778
24,-91.0
25,-91.0
26,-91.0
