frequency,pdr
11,-88.5555555556
12,-90.8
13,-91.0
14,-90.5
15,-89.0
16,-90.0
17,-88.4
18,-88.0
19,-90.4
20,-90.8
21,-90.0
22,-89.0
23,-88.2
24,-88.4
25,-90.0909090909
26,-90.2
