frequency,pdr
11,-90.8
12,-88.4444444444
13,-87.8
14,-87.0
15,-88.0
16,-89.875
17,-91.0
18,-90.0
19,-90.7777777778
21,-91.0
23,-91.0
24,-91.0
26,-91.0
