frequency,pdr
11,-88.0
12,-89.875
13,-90.7142857143
15,-91.0
16,-90.4285714286
17,-88.375
18,-87.875
19,-91.0
23,-91.0
24,-91.0
25,-91.0
26,-91.0
