frequency,pdr
11,-67.0
12,-69.4444444444
13,-67.0
14,-66.9
15,-67.0
16,-67.0
17,-66.9
18,-64.0
19,-64.1
20,-67.0
21,-67.0
22,-67.4
23,-72.7777777778
24,-73.0
25,-77.4
26,-80.7
