frequency,pdr
11,-88.0
12,-90.0
13,-91.0
15,-88.4
16,-89.0
17,-90.6
18,-90.0
19,-89.1
20,-89.3
21,-89.6
22,-87.4444444444
23,-84.7777777778
24,-81.3
25,-81.9
26,-82.1
