frequency,pdr
11,-90.0
12,-90.4285714286
13,-86.0
14,-84.0
15,-82.5
16,-82.0
17,-84.7
18,-85.0
19,-82.8
20,-83.0
21,-87.0
22,-87.5555555556
23,-86.1
24,-88.5
25,-91.0
26,-89.0
