frequency,pdr
11,-86.0
12,-89.0
13,-91.0
14,-91.0
15,-90.0
16,-86.8571428571
17,-86.1428571429
18,-87.125
19,-91.0
21,-91.0
