frequency,pdr
11,-55.1
12,-68.1111111111
13,-55.1
14,-65.3333333333
15,-56.0909090909
16,-55.0
17,-65.0
18,-65.8
19,-61.0
20,-65.9
21,-55.0
22,-63.5
23,-56.0
24,-59.5
25,-63.2
26,-55.2
