frequency,pdr
11,-76.0
12,-70.0
13,-64.2
14,-67.4444444444
15,-55.5
16,-58.0
17,-61.0
18,-61.0
19,-60.1
20,-66.7
21,-59.5
22,-62.9
23,-77.2222222222
24,-71.3
25,-65.5
26,-61.0
