frequency,pdr
11,-61.8
12,-70.6666666667
13,-59.5
14,-60.5555555556
15,-58.8
16,-67.4
17,-55.0
18,-58.0
19,-64.1
20,-64.0
21,-63.5
22,-62.6
23,-61.0
24,-58.0
25,-65.1
26,-56.9
