frequency,pdr
11,-74.5
12,-76.6666666667
13,-72.9
14,-64.4444444444
15,-64.0
16,-71.2
17,-70.7
18,-68.8
19,-61.2
20,-62.1
21,-61.2
22,-67.4
23,-68.4
24,-67.8
25,-67.0
26,-66.1
