frequency,pdr
11,-62.1818181818
12,-57.875
13,-58.0
14,-60.4444444444
15,-60.6
16,-55.0
17,-60.6
18,-57.1
19,-65.1
20,-60.4
21,-63.7
22,-57.9
23,-63.1
24,-58.0
25,-63.7
26,-69.0
