frequency,pdr
11,-66.6666666667
12,-62.8
13,-59.6
14,-65.7777777778
15,-64.0
16,-69.0
17,-60.0
18,-60.0
19,-67.5
20,-71.4
21,-66.4
22,-61.0
23,-62.7
24,-61.0
25,-62.5
26,-57.4
