frequency,pdr
11,-75.0
12,-71.8888888889
13,-68.4
14,-60.8888888889
15,-61.0
16,-61.1
17,-56.5
18,-56.5
19,-75.4
20,-64.4
21,-58.0
22,-58.7
23,-60.8
24,-59.0
25,-61.0
26,-58.0
