frequency,pdr
11,-63.4
12,-64.2222222222
13,-69.8
14,-66.8888888889
15,-58.0
16,-61.0
17,-58.0
18,-66.8
19,-66.7
20,-64.0
21,-61.7
22,-68.2
23,-66.2
24,-64.6
25,-55.8
26,-64.0
