frequency,pdr
11,-71.2222222222
12,-65.8888888889
13,-58.0
14,-57.8
15,-73.4545454545
16,-54.6
17,-64.3
18,-65.5
19,-58.0
20,-62.1
21,-61.0
22,-73.1
23,-55.4
24,-65.5
25,-66.6
26,-65.4
