frequency,pdr
11,-52.7
12,-52.2222222222
13,-70.2
14,-58.3333333333
15,-51.0
16,-50.9
17,-49.4
18,-58.5
19,-63.7
20,-56.1
21,-59.1
22,-55.2
23,-55.0
24,-57.7
25,-61.6
26,-66.0
