frequency,pdr
11,-61.0
12,-66.4444444444
13,-55.8
14,-60.3333333333
15,-58.7
16,-61.8
17,-78.7
18,-64.0
19,-62.6
20,-63.7272727273
21,-66.9
22,-74.5
23,-61.0
24,-63.2
25,-58.8
26,-62.7
