frequency,pdr
11,-67.8
12,-58.4444444444
13,-55.0
14,-57.5
15,-58.0
16,-55.0
17,-54.5
18,-55.0
19,-63.7
20,-69.4
21,-74.7
22,-60.8
23,-66.8181818182
24,-64.5
25,-62.9
26,-70.0
