frequency,pdr
11,-49.0
12,-51.9
13,-54.4
14,-51.7777777778
15,-63.7
16,-52.0
17,-57.5
18,-50.6363636364
19,-51.1
20,-50.0
21,-48.9
22,-55.0
23,-52.0
24,-52.0
25,-55.0
26,-55.0
