frequency,pdr
11,-56.2
12,-62.7777777778
13,-68.8
14,-55.1111111111
15,-63.2
16,-61.0
17,-57.7
18,-68.6
19,-74.4
20,-61.0
21,-58.0
22,-61.5
23,-70.1
24,-58.2
25,-55.3
26,-75.5
