frequency,pdr
11,-67.4
12,-69.1111111111
13,-62.6
14,-66.7777777778
15,-70.0
16,-64.0
17,-60.4
18,-55.0
19,-72.5
20,-61.0
21,-63.3
22,-61.0
23,-62.0
24,-62.7
25,-64.6
26,-67.5
