frequency,pdr
11,-55.0
12,-66.1111111111
13,-62.1
14,-63.8888888889
15,-67.0
16,-68.1
17,-62.0
18,-61.2
19,-61.0
20,-64.0
21,-66.0
22,-60.2
23,-55.0
24,-62.9
25,-68.6
26,-59.5
