frequency,pdr
11,-60.8
12,-55.6666666667
13,-49.3
14,-50.4444444444
15,-53.7
16,-51.2
17,-54.8
18,-49.0
19,-54.5
20,-67.2
21,-49.9
22,-51.4
23,-52.0
24,-58.3
25,-55.0
26,-55.0
