frequency,pdr
11,-60.7
12,-66.2222222222
13,-76.4
14,-67.4444444444
15,-55.0
16,-62.5
17,-66.7
18,-63.3
19,-62.3
20,-65.5
21,-67.0
22,-58.1
23,-62.4
24,-70.1
25,-62.7
26,-64.1
