frequency,pdr
11,-55.0
12,-62.0
13,-64.0
14,-64.8888888889
15,-58.0
16,-62.6666666667
17,-64.0
18,-70.0
19,-55.5
20,-58.0
21,-64.2
22,-55.6
23,-63.7
24,-55.0
25,-55.3
26,-58.0
