frequency,pdr
11,-63.4
12,-67.6666666667
13,-52.2
14,-57.9090909091
15,-47.0
16,-51.9
17,-48.4
18,-43.0
19,-48.1
20,-55.0
21,-52.0
22,-49.0
23,-50.2
24,-49.0
25,-54.3
26,-49.9
