frequency,pdr
11,-55.1
12,-57.1111111111
13,-66.6
14,-62.2222222222
15,-50.7
16,-51.9
17,-52.0
18,-50.0
19,-55.0
20,-54.5
21,-51.6
22,-55.0
23,-55.0
24,-69.5
25,-59.1
26,-65.2
