frequency,pdr
11,-49.3
12,-56.7777777778
13,-51.5
14,-58.7777777778
15,-49.2
16,-55.0
17,-52.0
18,-56.9
19,-59.7
20,-55.0
21,-52.0
22,-55.0
23,-52.0
24,-62.6
25,-55.2
26,-59.2
