frequency,pdr
11,-58.9
12,-54.1
13,-52.0
14,-49.7777777778
15,-47.1
16,-52.2
17,-58.6
18,-63.0
19,-55.0
20,-64.3
21,-49.0
22,-48.7
23,-52.4
24,-55.3
25,-69.6
26,-73.4444444444
