frequency,pdr
11,-54.7
12,-54.4444444444
13,-56.9
14,-61.2222222222
15,-60.4
16,-52.8
17,-55.0
18,-55.0
19,-55.1
20,-63.2
21,-66.5
22,-59.1
23,-64.4
24,-64.1
25,-64.0
26,-60.1
