frequency,pdr
11,-55.8
12,-56.5555555556
13,-52.0
14,-53.4444444444
15,-53.1
16,-51.7
17,-60.2
18,-60.1
19,-54.8
20,-52.4
21,-53.4
22,-49.6
23,-50.7
24,-61.0
25,-50.7
26,-50.3
