frequency,pdr
11,-71.8888888889
12,-60.0
13,-58.1
14,-59.4444444444
15,-56.5
16,-68.1111111111
17,-59.2
18,-55.0
19,-67.0
20,-66.5
21,-60.5
22,-63.4
23,-73.0
24,-77.2
25,-60.7
26,-67.7
