frequency,pdr
11,-60.4
12,-57.6666666667
13,-64.0
14,-60.8888888889
15,-58.0
16,-67.0
17,-63.9
18,-66.1
19,-67.0
20,-74.7
21,-70.5
22,-68.1
23,-64.0
24,-60.1
25,-60.7
26,-65.1
