frequency,pdr
11,-60.2
12,-68.1111111111
13,-62.5
14,-58.6
15,-60.0
16,-67.0
17,-73.0
18,-62.6
19,-68.8
20,-65.4
21,-58.2
22,-67.0
23,-76.8571428571
24,-72.8
25,-63.2
26,-69.8
