frequency,pdr
11,-55.0
12,-54.7777777778
13,-57.6
14,-55.0
15,-55.0
16,-65.5454545455
17,-66.0
18,-58.6
19,-52.0
20,-60.6
21,-67.0
22,-64.2
23,-62.0
24,-55.0
25,-54.2
26,-64.0
