frequency,pdr
11,-57.8
12,-70.5555555556
13,-59.3
14,-66.7777777778
15,-59.4
16,-53.0
17,-61.8
18,-60.5
19,-62.0
20,-61.0
21,-67.9
22,-63.3
23,-56.2
24,-52.0
25,-65.5
26,-65.8
