frequency,pdr
11,-60.0
12,-59.9
13,-69.4
14,-61.6666666667
15,-55.2
16,-64.7777777778
17,-60.9
18,-55.0
19,-75.3
20,-62.5
21,-59.0
22,-71.5
23,-64.0
24,-67.0
25,-55.0
26,-59.8
