frequency,pdr
11,-70.2222222222
12,-52.1
13,-55.0
14,-49.6666666667
15,-55.0
16,-62.4
17,-59.3
18,-60.6
19,-59.3
20,-55.2
21,-58.2
22,-58.0
23,-50.2
24,-54.6
25,-55.0
26,-58.0
