frequency,pdr
11,-59.2
12,-61.0
13,-65.9
14,-61.0
15,-62.6
16,-71.1111111111
17,-68.4
18,-67.0
19,-64.8
20,-59.3
21,-55.0
22,-74.1666666667
23,-66.1
24,-67.0
25,-58.0
26,-68.0
