frequency,pdr
11,-59.5
12,-65.3333333333
13,-63.3
14,-66.4444444444
15,-67.0
16,-64.4444444444
17,-60.7
18,-74.5
19,-64.0
20,-61.5
21,-70.8
22,-67.5
23,-66.2
24,-65.1
25,-61.0
26,-61.3
