frequency,pdr
11,-74.6
12,-66.9
13,-58.3
14,-60.4444444444
15,-64.0
16,-63.7777777778
17,-65.4
18,-61.0
19,-64.1
20,-66.3
21,-61.0
22,-61.0
23,-70.8
24,-64.0
25,-63.2
26,-61.0
