frequency,pdr
11,-47.0
12,-51.7777777778
13,-51.7
14,-59.7777777778
15,-45.5
16,-46.0
17,-46.4545454545
18,-59.2
19,-56.8
20,-51.6
21,-44.2
22,-49.9
23,-44.0
24,-43.0
25,-43.0
26,-48.7
