frequency,pdr
11,-62.5
12,-59.9
13,-65.9
14,-59.7777777778
15,-58.0
16,-61.3333333333
17,-61.0
18,-63.2
19,-65.0
20,-61.2
21,-68.6
22,-61.2
23,-62.8
24,-77.3
25,-69.6
26,-64.1
