frequency,pdr
11,-59.4
12,-66.7777777778
13,-59.5
14,-66.0
15,-63.2
16,-78.2222222222
17,-63.4
18,-60.5
19,-63.8
20,-55.0
21,-65.1
22,-67.0
23,-69.8
24,-58.0
25,-67.0
26,-70.3
