frequency,pdr
11,-72.2222222222
12,-60.7777777778
13,-73.4
14,-59.2222222222
15,-71.6
16,-66.2
17,-66.3
18,-65.4
19,-58.0
20,-64.2
21,-63.4
22,-61.2
23,-57.1
24,-55.8
25,-67.0
26,-71.2
