frequency,pdr
11,-55.5
12,-59.1
13,-68.6666666667
14,-56.1111111111
15,-62.1
16,-63.1
17,-61.0
18,-63.4
19,-55.0
20,-60.6
21,-65.6
22,-61.0
23,-58.0
24,-61.0
25,-60.2
26,-55.1
