frequency,pdr
11,-52.0
12,-57.5
13,-55.0
14,-63.1111111111
15,-62.0
16,-56.5
17,-54.5
18,-55.0
19,-59.5
20,-53.5454545455
21,-54.9
22,-55.0
23,-60.7
24,-55.0
25,-54.5
26,-52.0
