frequency,pdr
11,-77.8
12,-62.5
13,-70.1111111111
14,-58.7777777778
15,-67.0
16,-59.4
17,-62.2
18,-65.4
19,-60.2
20,-61.0
21,-61.0
22,-61.0
23,-71.0
24,-63.8
25,-72.0
26,-61.0
