frequency,pdr
11,-54.4
12,-57.6666666667
13,-57.3333333333
14,-64.4444444444
15,-64.1
16,-63.3
17,-51.0
18,-49.0
19,-59.4
20,-63.2
21,-65.3
22,-53.0
23,-53.1
24,-49.9
25,-52.0
26,-52.9
