frequency,pdr
11,-61.0
12,-65.2222222222
13,-55.0
14,-48.5
15,-50.0
16,-52.9
17,-49.0
18,-46.0
19,-49.0
20,-52.6
21,-46.7
22,-52.0
23,-56.7
24,-48.4
25,-49.0
26,-50.6363636364
