frequency,pdr
11,-61.0
12,-66.0
13,-60.8181818182
14,-59.1111111111
15,-63.9
16,-62.4
17,-64.6
18,-60.9
19,-59.4
20,-55.2
21,-52.0
22,-68.5
23,-55.0
24,-61.7
25,-61.7
26,-64.1
