frequency,pdr
11,-52.0
12,-61.0
13,-59.0
14,-52.0
15,-58.9
16,-50.0
17,-52.0
18,-67.0
19,-65.2
20,-67.3
21,-71.7
22,-69.1818181818
23,-58.0
24,-66.6666666667
25,-58.3
26,-58.0
