frequency,pdr
11,-55.2
12,-52.4444444444
13,-47.9
14,-46.6666666667
15,-56.8
16,-52.0
17,-52.0
18,-59.5
19,-49.0
20,-54.9
21,-62.8
22,-50.2
23,-51.2
24,-56.3
25,-58.0
26,-56.5
