frequency,pdr
11,-63.8
12,-61.2222222222
13,-58.0
14,-61.0
15,-55.0
16,-58.0
17,-61.6
18,-62.5
19,-66.2
20,-64.0
21,-64.7
22,-53.1
23,-57.2
24,-74.4444444444
25,-62.2
26,-68.2
