frequency,pdr
11,-50.3
12,-50.5
13,-53.7777777778
14,-45.1
15,-50.7
16,-43.0
17,-43.1
18,-49.7
19,-46.1
20,-43.0
21,-45.6
22,-50.3636363636
23,-55.5
24,-46.2
25,-47.4
26,-54.5
