frequency,pdr
11,-67.2
12,-53.2
13,-53.5555555556
14,-67.6666666667
15,-52.0
16,-59.9
17,-62.4
18,-52.0
19,-52.0
20,-50.0
21,-50.0
22,-46.0
23,-52.0
24,-60.7
25,-58.4
26,-60.6
