frequency,pdr
11,-61.0
12,-65.3
13,-77.7777777778
14,-61.7777777778
15,-56.6
16,-58.0
17,-63.3
18,-54.2
19,-64.2
20,-53.8
21,-62.3
22,-59.4
23,-63.0
24,-55.0
25,-60.0
26,-65.5
