frequency,pdr
11,-59.2
12,-54.3
13,-56.8888888889
14,-51.6666666667
15,-56.4
16,-61.0
17,-46.0
18,-43.0
19,-43.0
20,-49.0
21,-51.6
22,-49.0
23,-65.9
24,-53.5
25,-59.5
26,-60.8
