frequency,pdr
11,-65.0
12,-61.8888888889
13,-53.1
14,-55.4
15,-64.0
16,-55.0
17,-62.8
18,-52.8
19,-56.9
20,-51.0
21,-48.5
22,-54.3
23,-49.3
24,-60.5555555556
25,-52.0
26,-60.0
