frequency,pdr
11,-48.1
12,-52.0
13,-51.1111111111
14,-51.8888888889
15,-69.2
16,-57.8
17,-54.1
18,-53.2
19,-61.0
20,-49.1
21,-52.1
22,-54.6
23,-60.8
24,-55.0
25,-61.1
26,-59.7
