frequency,pdr
11,-49.8
12,-57.6666666667
13,-49.5
14,-57.1111111111
15,-50.0
16,-54.6
17,-49.8
18,-49.0
19,-52.5
20,-48.6
21,-58.4
22,-52.1
23,-49.0
24,-51.9
25,-53.8
26,-51.3
