frequency,pdr
11,-54.0
12,-55.3333333333
13,-49.0
14,-55.0
15,-51.5
16,-57.1
17,-48.9
18,-49.0
19,-53.2
20,-46.0
21,-49.0
22,-55.0
23,-56.4
24,-59.7777777778
25,-52.0
26,-60.6
