frequency,pdr
11,-47.9
12,-56.7777777778
13,-55.0
14,-56.8888888889
15,-55.5
16,-59.7
17,-52.0
18,-60.7
19,-52.0
20,-52.1
21,-52.0
22,-49.0
23,-52.1
24,-71.5
25,-59.7
26,-52.1
