frequency,pdr
11,-57.6
12,-55.1
13,-54.9
14,-56.1111111111
15,-49.0
16,-53.5
17,-55.1
18,-52.4
19,-62.7
20,-61.0
21,-55.6
22,-70.9
23,-58.0
24,-64.2222222222
25,-55.0
26,-55.0
