frequency,pdr
11,-61.0
12,-55.9
13,-70.4444444444
14,-68.7777777778
15,-54.5
16,-52.7
17,-52.0
18,-53.8
19,-48.0
20,-51.8
21,-46.0
22,-46.0
23,-45.7
24,-50.4
25,-49.0
26,-48.6
