frequency,pdr
11,-53.0
12,-60.3333333333
13,-55.0
14,-49.2
15,-49.0
16,-55.0
17,-52.0
18,-49.0
19,-50.9
20,-61.9
21,-51.0
22,-55.0
23,-52.5
24,-65.1111111111
25,-65.0
26,-57.5
