frequency,pdr
11,-46.0
12,-54.0
13,-55.1111111111
14,-58.4444444444
15,-55.4
16,-51.0
17,-55.9
18,-52.0
19,-63.9
20,-55.0
21,-52.3
22,-54.8
23,-59.4
24,-54.9
25,-58.2
26,-49.7
