frequency,pdr
11,-60.0
12,-56.2
13,-55.2222222222
14,-55.0
15,-57.0
16,-61.5
17,-55.0
18,-56.8
19,-54.5
20,-55.0
21,-55.0
22,-55.0
23,-55.0
24,-71.2222222222
25,-76.4
26,-56.9090909091
