frequency,pdr
11,-55.0
12,-69.1111111111
13,-55.1
14,-55.0
15,-53.4
16,-54.7
17,-55.5
18,-52.6
19,-53.0
20,-53.0
21,-47.0
22,-51.1
23,-55.0
24,-62.2222222222
25,-54.3
26,-56.0909090909
