frequency,pdr
11,-56.0
12,-63.7777777778
13,-51.6666666667
14,-54.6666666667
15,-49.0
16,-49.4
17,-62.6
18,-59.5
19,-64.7
20,-55.0
21,-51.2
22,-52.7
23,-55.2
24,-61.0
25,-50.0
26,-52.0
