frequency,pdr
11,-55.0
12,-54.4444444444
13,-55.6666666667
14,-55.3
15,-47.2
16,-46.0
17,-49.0
18,-51.0
19,-52.0
20,-52.0
21,-49.0
22,-49.0
23,-49.0
24,-51.0
25,-49.0
26,-52.5
