frequency,pdr
11,-60.2
12,-50.1
13,-62.0
14,-48.8
15,-46.0
16,-57.1
17,-46.0
18,-46.0
19,-50.1
20,-47.0
21,-46.0
22,-46.0
23,-52.0
24,-62.4444444444
25,-46.3
26,-50.6363636364
