frequency,pdr
11,-58.5
12,-61.3
13,-51.9
14,-52.6666666667
15,-61.1
16,-58.8
17,-63.0
18,-60.8
19,-53.7
20,-58.0
21,-61.0
22,-61.0
23,-66.8
24,-74.3333333333
25,-65.7
26,-65.0
