frequency,pdr
11,-56.0
12,-58.4444444444
13,-66.3
14,-63.1111111111
15,-54.0
16,-55.0
17,-59.2
18,-55.0
19,-51.8
20,-49.0
21,-55.3
22,-55.4
23,-55.0
24,-66.6666666667
25,-60.9
26,-54.3
