frequency,pdr
11,-55.0
12,-54.6666666667
13,-57.1111111111
14,-52.6
15,-55.6
16,-55.9
17,-65.3
18,-55.0
19,-57.8
20,-49.0
21,-55.0
22,-56.0909090909
23,-55.0
24,-54.2
25,-61.0
26,-65.6
