frequency,pdr
11,-66.2
12,-74.6666666667
13,-60.9
14,-62.5555555556
15,-68.0
16,-58.0
17,-58.9
18,-64.0
19,-61.0
20,-55.6
21,-58.5
22,-68.7
23,-59.6
24,-59.6
25,-55.0
26,-69.3
