frequency,pdr
11,-86.0
12,-81.625
13,-78.7777777778
14,-79.0
15,-80.9090909091
16,-79.2
17,-80.0
18,-82.6
19,-88.0
20,-88.7
21,-84.9
22,-81.8888888889
23,-82.0
24,-81.0
25,-80.0
26,-80.5
