frequency,pdr
11,-52.8
12,-52.0
13,-53.0
14,-55.0
15,-55.0
16,-55.0
17,-55.0
18,-56.3333333333
19,-58.0
20,-60.8
21,-61.1
22,-64.5555555556
23,-68.7
24,-70.0
25,-69.1
26,-66.4
