frequency,pdr
11,-74.6
12,-76.0
13,-79.0
14,-79.0
15,-77.1
16,-77.3
17,-78.0
18,-78.2222222222
19,-78.6
20,-79.0
21,-80.6
22,-81.9090909091
23,-79.1
24,-79.0
25,-79.0
26,-79.0
