frequency,pdr
11,-70.0
12,-71.1
13,-73.9
14,-77.1
15,-79.0
16,-76.3333333333
17,-76.0
18,-79.1111111111
19,-81.7777777778
20,-76.0
21,-73.9
22,-74.2
23,-73.0
24,-73.0
25,-73.0
26,-73.0
