frequency,pdr
15,-91.0
16,-91.0
17,-91.0
18,-90.8571428571
19,-91.0
20,-91.0
21,-91.0
22,-88.875
23,-89.8333333333
24,-91.0
25,-91.0
26,-91.0
