frequency,pdr
11,-86.9
12,-84.7777777778
13,-83.0
14,-85.9
15,-91.0
16,-91.0
17,-91.0
21,-90.8888888889
23,-91.0
24,-91.0
25,-90.2
26,-87.8
