frequency,pdr
11,-85.8
12,-90.0
13,-85.9
14,-84.0
15,-85.0
16,-86.0
17,-86.8888888889
18,-89.0
19,-90.0
20,-87.4
21,-85.7
22,-85.7777777778
23,-88.0
24,-90.0
25,-91.0
26,-91.0
