frequency,pdr
11,-79.0
12,-76.0
13,-79.0
14,-79.0
15,-79.0
16,-87.5555555556
17,-81.6363636364
18,-76.0
19,-73.0
20,-73.0
21,-73.4
22,-78.5
23,-79.0
24,-79.0
25,-79.0
26,-79.0
