frequency,pdr
12,-90.625
13,-86.75
14,-86.4
15,-87.9
16,-88.5
17,-88.2222222222
18,-89.4
19,-91.0
20,-91.0
21,-91.0
23,-89.6666666667
24,-88.0
25,-87.8
26,-89.9
