frequency,pdr
11,-73.2222222222
12,-74.2
13,-66.4
14,-63.7
15,-74.5
16,-71.1
17,-72.6
18,-64.0
19,-61.0
20,-65.1
21,-66.7
22,-67.0
23,-67.0
24,-81.9
25,-66.4545454545
26,-61.0
