frequency,pdr
11,-58.7
12,-70.3333333333
13,-68.8888888889
14,-59.0
15,-59.8
16,-62.0
17,-73.2
18,-56.5
19,-55.0
20,-59.0
21,-58.1
22,-59.4
23,-54.2
24,-54.6
25,-59.1
26,-63.2
