frequency,pdr
11,-49.0
12,-50.1
13,-48.6666666667
14,-65.2
15,-55.0
16,-52.1
17,-59.3
18,-55.2
19,-57.4
20,-55.0
21,-61.6
22,-77.3333333333
23,-55.0
24,-56.5
25,-66.3
26,-53.8
