frequency,pdr
11,-58.7777777778
12,-61.1
13,-57.8888888889
14,-59.5
15,-55.0
16,-58.2
17,-62.2
18,-61.0
19,-60.2
20,-58.0
21,-68.7
22,-69.2
23,-60.5
24,-59.0
25,-60.0
26,-59.6
