frequency,pdr
11,-55.0
12,-55.0
13,-69.7777777778
14,-63.6
15,-57.1
16,-58.0
17,-62.5
18,-56.3
19,-57.3
20,-73.7
21,-65.1
22,-67.0
23,-68.6666666667
24,-75.9
25,-68.6
26,-61.0
