frequency,pdr
11,-67.1111111111
12,-67.0
13,-59.6666666667
14,-58.0
15,-64.3
16,-69.5
17,-58.0
18,-58.7
19,-67.1
20,-58.8
21,-64.0
22,-57.4
23,-62.6
24,-58.2
25,-58.0
26,-66.5
