frequency,pdr
11,-62.5
12,-58.2
13,-55.2222222222
14,-61.2
15,-55.0
16,-55.0
17,-69.3
18,-60.2
19,-63.5
20,-58.0
21,-64.0
22,-67.0
23,-67.2222222222
24,-66.1
25,-62.9
26,-59.1
