frequency,pdr
11,-59.2222222222
12,-60.4
13,-58.0
14,-56.0
15,-55.3
16,-52.0
17,-52.7
18,-55.9
19,-64.6
20,-70.2
21,-65.3
22,-58.4
23,-63.7777777778
24,-59.7
25,-63.6
26,-55.0
