frequency,pdr
11,-63.4
12,-67.2
13,-63.5555555556
14,-68.7
15,-66.9
16,-73.9
17,-67.0
18,-67.8
19,-58.0
20,-58.3
21,-55.0
22,-64.0
23,-69.3333333333
24,-55.0
25,-61.0
26,-62.6
