frequency,pdr
11,-71.8888888889
12,-61.0
13,-65.2222222222
14,-73.8
15,-71.5
16,-60.8
17,-59.0
18,-71.4
19,-75.3
20,-64.0
21,-80.1
22,-61.0
23,-66.0
24,-64.0
25,-73.8
26,-72.1
