frequency,pdr
11,-84.9
12,-88.2
13,-89.9
14,-89.0
15,-87.0
16,-87.5
17,-88.4
18,-87.0
19,-85.0
20,-84.9
21,-85.0
22,-85.7777777778
23,-86.8888888889
24,-87.0
25,-88.2
26,-91.0
