frequency,pdr
11,-79.0
12,-79.8
13,-82.3
14,-84.8
15,-84.0
16,-82.9
17,-82.2
18,-81.9
19,-79.4
20,-80.9
21,-82.5
22,-83.1428571429
23,-81.3333333333
24,-79.4
25,-79.2
26,-82.0
