frequency,pdr
11,-86.625
12,-88.0
13,-89.1111111111
14,-91.0
15,-88.6
16,-86.2
17,-87.0
18,-90.2222222222
19,-91.0
20,-90.9
21,-89.0
22,-87.75
23,-86.875
24,-85.5
25,-83.3
26,-82.0
