frequency,pdr
11,-75.8
12,-74.9
13,-76.0
14,-76.0
15,-76.0
16,-77.0
17,-76.1
18,-76.4
19,-78.6
20,-79.2
21,-81.5714285714
22,-83.0
23,-83.8888888889
24,-86.1
25,-90.9
26,-88.7
