frequency,pdr
11,-76.0
12,-79.0
13,-79.2
14,-83.4
15,-88.0
16,-85.0
17,-81.0
18,-79.0
19,-79.0
20,-79.0
21,-79.0
22,-79.25
23,-79.3333333333
24,-81.7272727273
25,-83.0
26,-85.4
