frequency,pdr
11,-82.0
12,-89.0
13,-91.0
14,-90.1
15,-87.7
16,-86.2
17,-85.2222222222
18,-83.1111111111
19,-82.0
20,-82.0
21,-84.3
23,-91.0
24,-87.4
25,-83.3
26,-82.0
