frequency,pdr
11,-90.3333333333
13,-91.0
14,-91.0
15,-91.0
16,-90.4
17,-90.1
18,-90.75
19,-91.0
20,-90.6
21,-91.0
22,-89.8571428571
23,-90.5555555556
24,-90.4
25,-91.0
26,-91.0
