frequency,pdr
14,-91.0
15,-91.0
16,-91.0
17,-90.8
18,-88.4
19,-86.8
20,-86.3
21,-87.4
22,-86.5555555556
23,-84.9
24,-83.7272727273
25,-82.3
26,-84.0
