frequency,pdr
11,-82.0
12,-88.1111111111
13,-88.0
14,-82.0
15,-82.0
16,-82.6
17,-85.0
18,-89.1428571429
19,-91.0
20,-91.0
21,-91.0
23,-91.0
24,-88.4
25,-87.0
26,-88.9
