frequency,pdr
11,-90.0
12,-90.1111111111
13,-89.0
14,-89.0
15,-89.3
16,-89.0
17,-87.5
18,-84.6666666667
19,-83.0
20,-84.1
21,-87.1666666667
22,-89.0
23,-91.0
24,-90.625
25,-90.9
26,-91.0
