frequency,pdr
11,-87.3
12,-86.2222222222
13,-84.7
14,-85.0
15,-85.5454545455
16,-84.8
17,-85.2
18,-85.2
19,-85.6
20,-86.7
21,-88.8571428571
22,-90.0
23,-91.0
24,-91.0
25,-91.0
26,-91.0
