frequency,pdr
11,-85.8
12,-90.4444444444
13,-82.0
14,-79.0
15,-77.1
16,-78.2
17,-79.0
18,-82.7
19,-88.0
20,-85.0
21,-83.8333333333
23,-86.2222222222
24,-80.7777777778
25,-79.0
26,-79.0
