frequency,pdr
11,-61.4
12,-58.3
13,-62.1111111111
14,-65.1111111111
15,-65.5
16,-67.0
17,-65.5
18,-67.0
19,-68.8
20,-68.2
21,-61.0
22,-71.3
23,-71.7
24,-61.0
25,-66.3
26,-62.0
