frequency,pdr
11,-54.4
12,-55.1
13,-63.7777777778
14,-47.8888888889
15,-46.9
16,-62.4
17,-60.9
18,-64.0
19,-60.8
20,-61.8
21,-76.6
22,-68.0
23,-65.8
24,-55.0
25,-60.0
26,-58.2
