frequency,pdr
11,-62.4444444444
12,-61.3333333333
13,-67.0
14,-58.9
15,-61.0
16,-63.9
17,-60.7
18,-58.0
19,-60.5
20,-66.5
21,-60.1
22,-61.0
23,-67.0
24,-64.0
25,-59.8
26,-61.0
