frequency,pdr
11,-70.0
12,-66.4
13,-62.5555555556
14,-60.6666666667
15,-55.0
16,-58.5
17,-53.3
18,-61.2
19,-58.0
20,-75.4
21,-58.0
22,-62.9
23,-66.3
24,-59.6
25,-66.3
26,-58.0
