frequency,pdr
11,-58.0
12,-73.3333333333
13,-63.2222222222
14,-61.0
15,-60.0
16,-61.0
17,-64.0
18,-61.0
19,-64.4
20,-63.8
21,-58.0
22,-61.0
23,-55.0
24,-63.0
25,-58.0
26,-71.2
