frequency,pdr
11,-72.3333333333
12,-61.7
13,-63.2222222222
14,-66.7777777778
15,-74.8
16,-63.7
17,-58.3
18,-60.9
19,-64.0
20,-61.0
21,-62.0
22,-64.0
23,-64.1
24,-64.0
25,-66.6
26,-63.1
