frequency,pdr
11,-65.2
12,-75.1111111111
13,-61.1
14,-63.3333333333
15,-59.2
16,-62.4
17,-72.4
18,-60.7
19,-66.1
20,-61.6
21,-57.3
22,-63.9
23,-75.1
24,-64.0
25,-66.4
26,-66.4
