frequency,pdr
11,-59.3
12,-60.8888888889
13,-62.4
14,-68.3333333333
15,-55.0
16,-65.4
17,-64.0
18,-63.7
19,-61.0
20,-64.9
21,-64.0
22,-66.8
23,-64.2
24,-74.1
25,-70.0
26,-65.5
