frequency,pdr
11,-57.2
12,-70.8888888889
13,-64.7777777778
14,-60.4
15,-75.0
16,-65.7
17,-64.0
18,-61.5
19,-55.0
20,-56.7
21,-64.4
22,-61.0
23,-66.0
24,-59.5
25,-66.6
26,-69.0
