frequency,pdr
11,-55.0
12,-65.1818181818
13,-62.7777777778
14,-70.0
15,-64.0
16,-58.0
17,-58.0
18,-64.3
19,-58.0
20,-60.9
21,-68.2
22,-58.0
23,-64.7
24,-66.2
25,-68.6
26,-62.9
