frequency,pdr
11,-69.7777777778
12,-60.4
13,-64.0
14,-66.8888888889
15,-65.3
16,-63.7
17,-80.8
18,-66.9
19,-69.5
20,-75.0
21,-69.3
22,-68.2
23,-63.6
24,-67.0
25,-76.7
26,-61.0
