frequency,pdr
11,-63.2
12,-58.7777777778
13,-74.0
14,-59.4444444444
15,-64.0
16,-67.7777777778
17,-59.0
18,-68.1
19,-65.7
20,-68.1
21,-67.6
22,-67.0
23,-64.6
24,-67.0
25,-68.9
26,-73.4
