frequency,pdr
11,-59.8
12,-72.2222222222
13,-58.6
14,-71.3333333333
15,-62.0
16,-65.8
17,-66.3
18,-68.2
19,-80.2
20,-61.5
21,-61.8
22,-55.0
23,-57.8
24,-56.7
25,-59.6
26,-68.1
