frequency,pdr
11,-62.4
12,-64.3
13,-55.0
14,-56.6666666667
15,-65.8
16,-68.6666666667
17,-60.8
18,-70.0
19,-56.9
20,-71.9
21,-57.8
22,-70.9
23,-61.3
24,-61.3
25,-62.7
26,-69.7
