frequency,pdr
11,-74.3
12,-64.8
13,-59.7
14,-64.8888888889
15,-69.1
16,-63.1
17,-63.0909090909
18,-61.0
19,-72.7
20,-64.4
21,-64.6
22,-71.3
23,-65.0
24,-61.0
25,-63.3
26,-66.8
