frequency,pdr
11,-58.0
12,-54.0
13,-58.0
14,-62.6666666667
15,-58.0
16,-54.3636363636
17,-57.3
18,-62.8
19,-54.9
20,-59.3
21,-55.0
22,-59.5
23,-65.6
24,-66.2
25,-66.0
26,-68.0
