frequency,pdr
11,-52.0
12,-54.4444444444
13,-55.1
14,-69.2222222222
15,-58.3
16,-60.2
17,-63.5
18,-61.0
19,-64.0
20,-68.3
21,-64.9
22,-60.6
23,-66.3
24,-67.0
25,-65.5
26,-55.7
