frequency,pdr
11,-63.3
12,-62.4
13,-72.5555555556
14,-67.0
15,-68.0
16,-70.2222222222
17,-61.0
18,-66.0
19,-64.2
20,-76.1
21,-73.9
22,-61.3
23,-56.0
24,-67.0
25,-79.4
26,-74.4
