frequency,pdr
11,-71.5
12,-63.2222222222
13,-56.8888888889
14,-60.7
15,-61.0
16,-64.7
17,-56.8
18,-58.0
19,-65.4
20,-59.2
21,-64.6
22,-69.9
23,-67.0
24,-64.8
25,-70.7
26,-58.8
