frequency,pdr
11,-66.1
12,-61.0
13,-64.2222222222
14,-71.1111111111
15,-65.3
16,-68.6
17,-76.0
18,-75.4
19,-62.2
20,-74.1
21,-74.1
22,-69.1
23,-58.6
24,-64.0
25,-63.2
26,-65.4
