frequency,pdr
11,-59.2
12,-63.3
13,-64.1111111111
14,-63.5555555556
15,-63.4
16,-61.1
17,-62.4
18,-64.5
19,-61.5
20,-69.3
21,-63.5
22,-61.0
23,-61.0
24,-66.6
25,-55.0
26,-68.7
