frequency,pdr
11,-54.8
12,-65.6666666667
13,-63.5
14,-54.5555555556
15,-67.0
16,-54.7
17,-65.1
18,-65.8
19,-60.7
20,-66.7
21,-68.1
22,-60.0
23,-65.4
24,-58.0
25,-62.7
26,-52.2
