frequency,pdr
11,-57.8
12,-62.2222222222
13,-64.0
14,-69.3333333333
15,-71.4
16,-55.0
17,-67.0
18,-61.0
19,-61.8
20,-71.6666666667
21,-62.2
22,-64.0
23,-58.6
24,-61.0
25,-66.6
26,-70.5
