frequency,pdr
11,-64.5
12,-65.7777777778
13,-65.5555555556
14,-62.5555555556
15,-58.0
16,-61.0
17,-60.6
18,-58.0
19,-61.0
20,-59.9
21,-58.0
22,-58.1
23,-67.0
24,-67.0
25,-68.0
26,-67.0
