frequency,pdr
11,-64.0
12,-64.1111111111
13,-55.1
14,-63.3333333333
15,-58.0
16,-65.2
17,-65.9
18,-62.0
19,-61.0
20,-68.9
21,-68.2
22,-64.0
23,-67.6
24,-58.7
25,-61.5
26,-67.0
