frequency,pdr
11,-54.9
12,-52.0
13,-55.2222222222
14,-64.6666666667
15,-72.4
16,-72.5555555556
17,-64.9
18,-66.0909090909
19,-59.1
20,-70.1
21,-62.3
22,-69.4
23,-65.1
24,-54.5
25,-58.0
26,-65.5
