frequency,pdr
11,-58.1
12,-68.7777777778
13,-62.5
14,-62.6666666667
15,-65.3
16,-61.0
17,-74.0
18,-67.0
19,-67.0
20,-62.6
21,-75.9
22,-67.0
23,-65.2
24,-67.0
25,-64.0
26,-58.8
