frequency,pdr
11,-58.0
12,-60.4444444444
13,-67.0
14,-60.8
15,-68.3
16,-61.0
17,-67.0
18,-70.0
19,-65.7
20,-55.0
21,-61.4
22,-71.5555555556
23,-67.1
24,-59.3
25,-59.6
26,-61.3
