frequency,pdr
11,-49.0
12,-55.3333333333
13,-59.7
14,-63.8888888889
15,-73.9
16,-58.0
17,-62.4
18,-64.2
19,-59.0
20,-65.0
21,-57.6
22,-60.0
23,-68.1
24,-56.0
25,-55.0
26,-55.0
