frequency,pdr
11,-59.0
12,-68.1111111111
13,-55.3
14,-63.8888888889
15,-60.9
16,-52.4
17,-58.0
18,-63.4
19,-70.2
20,-67.0
21,-64.4
22,-60.8
23,-58.3
24,-68.8
25,-66.9
26,-64.0
