frequency,pdr
11,-63.6
12,-56.9
13,-77.2222222222
14,-63.6
15,-61.1
16,-66.8
17,-64.6
18,-68.5454545455
19,-59.6
20,-55.6
21,-58.0
22,-61.0
23,-64.1
24,-58.0
25,-68.4
26,-67.0
