frequency,pdr
11,-48.9
12,-48.4
13,-50.6363636364
14,-48.7777777778
15,-42.4
16,-40.1
17,-46.0
18,-54.7
19,-52.3
20,-45.7
21,-40.9
22,-49.0
23,-49.8
24,-69.8
25,-50.8
26,-51.3
