frequency,pdr
11,-78.8
12,-61.8
13,-63.2222222222
14,-64.7
15,-68.2
16,-58.6666666667
17,-61.0
18,-63.8
19,-60.9
20,-54.7
21,-58.0
22,-68.7
23,-58.3
24,-59.3
25,-60.1
26,-74.8
