frequency,pdr
11,-62.3333333333
12,-61.2222222222
13,-67.4444444444
14,-58.0
15,-59.0
16,-58.0
17,-60.2
18,-55.0
19,-61.0
20,-63.2
21,-55.0
22,-55.1
23,-72.0
24,-60.7
25,-62.5
26,-57.8
