frequency,pdr
11,-66.1
12,-59.3
13,-59.3
14,-62.1111111111
15,-70.0
16,-74.4444444444
17,-66.6
18,-60.6
19,-58.1
20,-62.4
21,-70.0
22,-66.2
23,-74.1
24,-68.0
25,-67.6
26,-72.2
