frequency,pdr
11,-60.9
12,-61.5555555556
13,-63.7777777778
14,-62.0
15,-56.4
16,-59.2
17,-58.2
18,-57.0
19,-63.7
20,-69.9
21,-63.8
22,-69.8
23,-78.5
24,-66.6
25,-61.0
26,-57.2
