frequency,pdr
11,-58.2
12,-61.4444444444
13,-58.0
14,-63.5555555556
15,-61.9
16,-66.6
17,-62.0
18,-64.4
19,-68.5
20,-68.6
21,-70.0
22,-73.9
23,-68.3
24,-61.0
25,-66.4545454545
26,-70.0
