frequency,pdr
11,-63.9
12,-71.2222222222
13,-63.9
14,-61.0
15,-58.0
16,-77.8888888889
17,-59.4
18,-61.0
19,-68.8
20,-63.6
21,-64.4
22,-60.8
23,-66.2
24,-73.6
25,-69.2
26,-61.2
