frequency,pdr
11,-54.2
12,-66.7777777778
13,-54.6666666667
14,-53.0
15,-51.0
16,-69.5555555556
17,-66.8
18,-55.0
19,-58.1
20,-48.8
21,-50.8
22,-58.0
23,-53.0
24,-55.0
25,-68.6
26,-55.0
