frequency,pdr
11,-58.3
12,-58.5555555556
13,-63.2222222222
14,-55.1111111111
15,-70.4444444444
16,-58.0
17,-55.0
18,-58.0
19,-55.0
20,-58.0
21,-57.9
22,-64.4
23,-56.9
24,-52.0
25,-61.2
26,-73.2
