frequency,pdr
11,-68.875
12,-54.2
13,-67.2222222222
14,-52.0
15,-55.0
16,-52.0
17,-60.9
18,-54.8
19,-59.3
20,-52.0
21,-55.0
22,-71.9
23,-66.5
24,-73.2
25,-65.5
26,-61.9090909091
