frequency,pdr
11,-54.7
12,-57.6666666667
13,-61.3333333333
14,-56.6666666667
15,-60.2
16,-63.5
17,-61.0
18,-61.0
19,-58.0
20,-61.0
21,-59.9
22,-72.1
23,-63.2
24,-55.0
25,-55.0
26,-58.9
