frequency,pdr
11,-62.7
12,-66.8888888889
13,-60.8888888889
14,-57.2222222222
15,-61.0
16,-63.5
17,-60.8
18,-61.0
19,-61.9
20,-61.0
21,-59.7
22,-57.0
23,-70.0
24,-61.1
25,-57.7
26,-60.7
