frequency,pdr
11,-55.0
12,-65.3333333333
13,-64.4444444444
14,-62.9
15,-64.0
16,-70.8888888889
17,-61.2
18,-63.6
19,-67.5
20,-60.0
21,-63.4
22,-61.1
23,-62.5
24,-69.9
25,-68.8
26,-70.3
