frequency,pdr
11,-61.0
12,-71.1111111111
13,-69.3333333333
14,-71.6666666667
15,-66.9
16,-65.0
17,-69.9
18,-65.1
19,-68.7
20,-63.7
21,-66.0
22,-70.8
23,-67.3
24,-69.1
25,-70.0
26,-64.0
