frequency,pdr
11,-65.3
12,-68.8888888889
13,-77.4444444444
14,-80.5555555556
15,-69.9
16,-73.8
17,-68.7
18,-73.8
19,-67.6
20,-70.4
21,-68.0
22,-77.4
23,-70.7
24,-64.4
25,-67.0
26,-67.2
