frequency,pdr
11,-60.9
12,-67.0
13,-58.2222222222
14,-58.1111111111
15,-75.0
16,-67.0
17,-60.9
18,-71.0
19,-63.0
20,-67.3
21,-60.8
22,-61.1
23,-55.2
24,-69.5
25,-67.0
26,-61.4
