frequency,pdr
11,-55.0
12,-54.9
13,-62.6
14,-63.1111111111
15,-61.0
16,-63.6666666667
17,-58.0
18,-57.9
19,-64.2
20,-67.8
21,-68.8
22,-63.6
23,-67.5
24,-56.4
25,-71.6
26,-71.3
