frequency,pdr
11,-67.0
12,-65.7777777778
13,-77.2222222222
14,-75.875
15,-76.0
16,-60.8
17,-60.9
18,-64.0
19,-78.0
20,-66.0
21,-67.0
22,-65.2
23,-69.1
24,-67.0
25,-64.0
26,-70.6
