frequency,pdr
11,-55.0
12,-64.4
13,-62.6666666667
14,-58.2222222222
15,-60.0
16,-55.1
17,-59.4
18,-67.3
19,-67.0
20,-63.2
21,-64.3
22,-65.5
23,-69.2
24,-68.9
25,-68.3
26,-67.0
