frequency,pdr
11,-56.1
12,-63.7
13,-55.2222222222
14,-64.7777777778
15,-55.8
16,-58.0
17,-67.0
18,-64.5
19,-77.3
20,-58.0
21,-63.9
22,-65.5
23,-61.7
24,-67.1
25,-68.6
26,-57.8
