frequency,pdr
11,-64.7
12,-58.0
13,-62.3333333333
14,-64.8888888889
15,-65.8
16,-61.0
17,-63.0
18,-63.3
19,-65.5
20,-56.6
21,-65.6
22,-58.0
23,-60.4
24,-55.0
25,-55.0
26,-55.5
