frequency,pdr
11,-58.0
12,-53.6666666667
13,-53.1
14,-55.1111111111
15,-58.2
16,-63.8
17,-61.0
18,-55.0
19,-52.3
20,-70.4
21,-67.0
22,-65.4
23,-59.4
24,-56.7
25,-55.0
26,-58.0
