frequency,pdr
11,-67.4
12,-72.3333333333
13,-58.8
14,-68.8888888889
15,-61.0
16,-73.8888888889
17,-64.0
18,-63.7
19,-59.9
20,-74.5
21,-58.0
22,-63.9
23,-68.3
24,-64.3
25,-66.1
26,-77.6
