frequency,pdr
11,-52.6
12,-52.0
13,-53.7777777778
14,-58.5555555556
15,-55.5
16,-54.9
17,-53.6
18,-55.0
19,-56.9
20,-58.3
21,-60.2
22,-61.4
23,-57.1
24,-53.0
25,-56.9
26,-59.2
