frequency,pdr
11,-67.2
12,-75.7777777778
13,-55.0
14,-62.6666666667
15,-67.0
16,-72.0
17,-62.6
18,-66.8
19,-67.0
20,-60.4
21,-65.1
22,-62.0
23,-57.1
24,-64.5
25,-67.0
26,-58.0
