frequency,pdr
11,-49.9
12,-54.9
13,-51.7777777778
14,-51.6666666667
15,-55.0
16,-48.0
17,-49.0
18,-49.4
19,-52.3
20,-52.6
21,-47.9
22,-44.6
23,-46.0
24,-52.2
25,-46.0
26,-57.0
