frequency,pdr
11,-61.3
12,-55.1111111111
13,-59.8
14,-60.8888888889
15,-58.1
16,-72.7777777778
17,-61.0
18,-69.7
19,-54.9
20,-61.0
21,-70.8
22,-83.75
23,-67.3
24,-63.7
25,-60.8
26,-58.1
