frequency,pdr
11,-55.0
12,-55.0
13,-62.0
14,-50.5555555556
15,-49.0
16,-57.1111111111
17,-55.0
18,-55.0
19,-52.0
20,-55.0
21,-61.7
22,-61.2
23,-60.7
24,-50.0
25,-55.0
26,-54.1
