frequency,pdr
11,-59.9
12,-64.5555555556
13,-67.3333333333
14,-59.7
15,-58.3
16,-69.3333333333
17,-72.3
18,-66.6
19,-65.3
20,-64.7
21,-68.3
22,-68.0
23,-65.6
24,-71.6
25,-67.2
26,-69.8
