frequency,pdr
11,-61.0
12,-65.4444444444
13,-60.1
14,-57.5555555556
15,-61.1
16,-71.8888888889
17,-67.0
18,-55.3
19,-54.2
20,-61.6
21,-67.0
22,-67.0
23,-70.6
24,-68.5
25,-59.0
26,-62.6
