frequency,pdr
11,-70.6666666667
12,-57.4444444444
13,-57.9
14,-71.0
15,-61.0
16,-61.9
17,-61.4
18,-68.5
19,-58.0
20,-64.0
21,-63.5
22,-69.2
23,-64.0
24,-65.5
25,-69.7
26,-64.1
