frequency,pdr
11,-55.0
12,-61.0909090909
13,-67.0
14,-65.7
15,-71.8
16,-57.8
17,-63.5
18,-61.0
19,-61.6363636364
20,-70.4
21,-68.7
22,-65.4
23,-61.0
24,-64.0
25,-62.0
26,-66.2
