frequency,pdr
11,-58.0
12,-66.8888888889
13,-65.6666666667
14,-60.7777777778
15,-59.9
16,-58.7
17,-65.0
18,-61.3
19,-67.4
20,-69.0
21,-64.0
22,-76.0
23,-69.8
24,-61.9
25,-61.0
26,-67.0
