frequency,pdr
11,-67.0
12,-62.0
13,-78.8888888889
14,-67.0
15,-67.0
16,-67.6
17,-65.7
18,-80.4285714286
19,-65.5
20,-66.6
21,-67.0
22,-64.0
23,-68.5
24,-70.3
25,-70.0
26,-68.5
