frequency,pdr
11,-81.5
12,-79.0
13,-79.3
14,-82.0
15,-82.0
16,-82.0
17,-82.0
18,-79.6
19,-79.8
20,-82.0
21,-84.7777777778
22,-85.0
23,-87.4444444444
24,-87.0
25,-88.0
26,-86.0
