frequency,pdr
11,-85.8
12,-89.8
13,-90.1
14,-89.9
15,-88.0
16,-88.1
17,-89.3
18,-87.8
19,-86.0
20,-85.2
21,-85.9
22,-86.1428571429
23,-87.8888888889
24,-87.9
25,-90.0
26,-91.0
