frequency,pdr
11,-83.7
12,-87.0
13,-87.0
14,-91.0
15,-91.0
16,-87.4
17,-86.0
18,-85.1
19,-86.0
20,-87.0
21,-84.0
22,-81.5555555556
23,-82.0
24,-81.8
25,-86.4545454545
26,-85.9
