frequency,pdr
11,-79.2
12,-84.3
13,-89.7
15,-90.3
16,-88.9
17,-88.3
18,-86.5555555556
19,-85.0
20,-82.8
21,-81.8888888889
22,-79.375
23,-77.5555555556
24,-76.4
25,-78.0
26,-78.2
