frequency,pdr
11,-76.0
12,-76.0
13,-77.4
14,-80.7272727273
15,-82.0
16,-82.0
17,-84.6
18,-89.1
19,-91.0
21,-90.875
22,-88.125
23,-89.7777777778
24,-90.9
25,-90.3
26,-91.0
