frequency,pdr
11,-87.6
12,-91.0
13,-91.0
14,-90.6
15,-91.0
17,-91.0
18,-85.1428571429
19,-83.8
20,-81.9
21,-81.625
22,-82.5714285714
23,-85.0
24,-87.0
25,-91.0
26,-91.0
