frequency,pdr
11,-80.5
12,-80.4
13,-84.6
14,-85.0
15,-86.5
16,-85.1
17,-83.5
18,-83.0
19,-83.2
20,-82.2
21,-81.6
22,-80.3333333333
23,-80.2857142857
24,-79.1
25,-79.0
26,-79.0
