frequency,pdr
11,-85.0
12,-84.9
13,-82.5
14,-82.1
15,-84.3
16,-86.4
17,-89.3333333333
18,-90.6666666667
19,-90.3
20,-90.0
21,-89.0
22,-88.125
23,-89.0
24,-88.3
25,-87.7
26,-87.1
