frequency,pdr
11,-85.2
12,-86.0
13,-83.6
14,-83.6
15,-83.7
16,-83.7
17,-85.0
18,-87.7142857143
19,-90.9
20,-88.8
21,-87.8
22,-87.2857142857
23,-88.6666666667
24,-88.0
25,-87.9
26,-88.8
