frequency,pdr
11,-58.1
12,-70.8888888889
13,-54.8
14,-58.0
15,-58.4444444444
16,-69.2
17,-55.0
18,-55.5
19,-62.1
20,-60.7
21,-60.5
22,-61.7
23,-55.0
24,-54.8
25,-54.4
26,-54.9
