frequency,pdr
11,-55.0
12,-54.7777777778
13,-59.3333333333
14,-55.0
15,-54.2222222222
16,-52.4
17,-58.0
18,-53.0
19,-55.0
20,-58.1
21,-58.4
22,-53.2
23,-55.2
24,-54.8888888889
25,-56.2
26,-56.8
