frequency,pdr
11,-64.0
12,-59.2222222222
13,-62.4444444444
14,-61.0
15,-70.4444444444
16,-52.0
17,-50.0
18,-58.0
19,-51.8
20,-58.0
21,-55.0
22,-51.5
23,-54.6
24,-58.5555555556
25,-69.4
26,-64.2
