frequency,pdr
11,-52.8
12,-66.1111111111
13,-57.8888888889
14,-58.2
15,-57.0
16,-61.0
17,-56.8
18,-51.0
19,-48.7
20,-58.6
21,-76.0
22,-55.0
23,-54.1
24,-58.8888888889
25,-63.3
26,-55.0
