frequency,pdr
11,-63.9
12,-64.0
13,-67.7777777778
14,-70.8
15,-60.7777777778
16,-65.5
17,-74.5
18,-65.7
19,-61.5
20,-64.1
21,-64.0
22,-59.3
23,-63.5
24,-73.7777777778
25,-64.0
26,-67.1
