frequency,pdr
11,-71.0
12,-66.7
13,-58.4
14,-71.4444444444
15,-67.8888888889
16,-61.0
17,-70.6363636364
18,-58.0
19,-55.2
20,-59.8
21,-59.7
22,-64.0
23,-74.0
24,-61.3333333333
25,-64.5
26,-65.1
