frequency,pdr
11,-59.9
12,-56.2
13,-54.6666666667
14,-59.8
15,-60.1111111111
16,-53.5
17,-53.7
18,-63.6
19,-60.4
20,-68.1
21,-57.9
22,-59.7
23,-53.1
24,-52.1
25,-57.7
26,-63.9
