frequency,pdr
11,-66.0
12,-64.0
13,-67.4444444444
14,-71.5454545455
15,-65.1111111111
16,-73.0
17,-65.1
18,-77.2
19,-68.4
20,-63.4
21,-65.4
22,-76.4
23,-63.9
24,-60.5
25,-65.0
26,-68.2
