frequency,pdr
11,-68.8
12,-56.6
13,-65.7777777778
14,-62.4
15,-56.4444444444
16,-50.8
17,-55.8
18,-58.6
19,-55.6
20,-69.7
21,-66.4545454545
22,-67.5
23,-52.0
24,-63.7
25,-55.0
26,-58.1
