frequency,pdr
11,-57.9
12,-68.625
13,-61.5555555556
14,-52.0
15,-58.2222222222
16,-63.9
17,-61.1
18,-64.0
19,-61.0
20,-64.6
21,-62.7
22,-59.6
23,-63.6
24,-60.1
25,-65.9
26,-64.0
