frequency,pdr
11,-59.2
12,-61.0
13,-66.7777777778
14,-53.5
15,-58.3333333333
16,-59.0
17,-63.2
18,-61.0
19,-64.3
20,-58.8
21,-58.5
22,-61.0
23,-64.0
24,-60.7
25,-57.7
26,-67.0
