frequency,pdr
11,-60.0
12,-58.0
13,-65.2222222222
14,-60.8
15,-63.5555555556
16,-66.5
17,-65.3
18,-63.3
19,-60.5
20,-73.2
21,-60.8
22,-74.6
23,-64.0
24,-68.5
25,-68.2
26,-69.4
