frequency,pdr
11,-69.2222222222
12,-67.3
13,-68.375
14,-72.8
15,-67.0
16,-67.0
17,-67.0
18,-66.3
19,-65.8
20,-66.2
21,-73.5
22,-67.0
23,-62.2
24,-75.4444444444
25,-70.4
26,-67.5
