frequency,pdr
11,-54.8
12,-59.2222222222
13,-62.5
14,-67.1
15,-58.8888888889
16,-54.5
17,-49.0
18,-48.7
19,-58.5
20,-55.4
21,-53.6
22,-55.0
23,-51.7
24,-51.4
25,-51.1
26,-48.7
