frequency,pdr
11,-61.0
12,-56.5
13,-65.9
14,-60.9
15,-69.8888888889
16,-67.0
17,-61.0
18,-67.0
19,-67.0
20,-72.9
21,-74.1
22,-67.0
23,-64.0
24,-73.2222222222
25,-65.0
26,-71.7
