frequency,pdr
11,-72.5555555556
12,-61.2
13,-68.0
14,-63.9
15,-55.0
16,-61.3
17,-61.0
18,-67.0
19,-73.0
20,-60.8
21,-65.9
22,-62.8
23,-62.0
24,-68.3333333333
25,-67.1
26,-59.0
