frequency,pdr
11,-59.7777777778
12,-62.8888888889
13,-59.8888888889
14,-61.0
15,-65.7777777778
16,-61.0
17,-62.0
18,-55.8
19,-56.0
20,-61.0
21,-55.1
22,-62.3
23,-67.0
24,-74.8
25,-68.1
26,-69.7
