frequency,pdr
11,-55.3
12,-55.0
13,-59.3333333333
14,-61.6
15,-51.6666666667
16,-46.4
17,-61.1
18,-53.1
19,-57.9
20,-62.4
21,-66.9
22,-49.0
23,-56.7
24,-59.7777777778
25,-58.0
26,-51.1
