frequency,pdr
11,-52.9
12,-65.8888888889
13,-66.0
14,-50.8
15,-50.6666666667
16,-52.0
17,-55.0
18,-55.0
19,-57.9
20,-47.4
21,-46.0
22,-49.6
23,-47.0
24,-50.6
25,-46.0
26,-52.0
