frequency,pdr
11,-59.7
12,-64.3333333333
13,-65.3
14,-55.0
15,-60.1111111111
16,-68.8
17,-58.5
18,-63.0
19,-56.2
20,-60.7
21,-54.8
22,-55.0
23,-62.0
24,-62.5
25,-63.4
26,-58.0
