frequency,pdr
11,-64.0
12,-67.0
13,-60.4444444444
14,-67.0
15,-64.7777777778
16,-74.6
17,-62.0
18,-66.7
19,-67.1
20,-64.4
21,-72.2
22,-70.0
23,-67.0
24,-63.0
25,-63.9
26,-61.6
