frequency,pdr
11,-43.7
12,-44.2
13,-55.6
14,-56.3
15,-51.8888888889
16,-47.9
17,-44.2
18,-43.8
19,-46.0
20,-50.0
21,-49.0
22,-43.0
23,-42.8
24,-52.6666666667
25,-44.0
26,-46.0
