frequency,pdr
11,-66.1111111111
12,-66.5555555556
13,-60.7777777778
14,-64.6
15,-64.1111111111
16,-65.2
17,-61.0
18,-64.1
19,-64.0
20,-69.1818181818
21,-57.4
22,-60.9
23,-67.1
24,-67.0
25,-71.0
26,-65.0
