frequency,pdr
11,-55.1
12,-52.3333333333
13,-58.1111111111
14,-59.6
15,-60.4444444444
16,-52.0
17,-58.0
18,-54.9
19,-65.4
20,-59.1
21,-61.5
22,-55.0
23,-58.5
24,-51.9
25,-63.9
26,-53.7
