frequency,pdr
11,-61.5
12,-76.9090909091
13,-59.3333333333
14,-64.0
15,-68.5555555556
16,-61.4
17,-55.0
18,-66.7
19,-64.5
20,-58.0
21,-61.0
22,-71.9
23,-68.5
24,-67.0
25,-62.1
26,-67.0
