frequency,pdr
11,-63.9
12,-69.8888888889
13,-70.0
14,-68.6
15,-63.0
16,-68.5
17,-61.0
18,-65.8
19,-74.5
20,-67.9
21,-71.9
22,-59.6
23,-61.4
24,-61.1
25,-64.0
26,-83.4444444444
