frequency,pdr
11,-54.0
12,-63.0
13,-52.2
14,-46.0
15,-50.1111111111
16,-49.0
17,-53.3
18,-52.0
19,-52.0
20,-52.0
21,-49.0
22,-58.9
23,-51.9
24,-62.6666666667
25,-52.2
26,-52.6
