frequency,pdr
11,-62.5
12,-56.6
13,-53.3
14,-52.0
15,-51.3333333333
16,-48.0
17,-48.9
18,-55.0
19,-61.4
20,-50.6363636364
21,-46.5
22,-48.8
23,-53.1
24,-55.0
25,-49.2
26,-49.0
