frequency,pdr
11,-52.2
12,-51.9
13,-70.4444444444
14,-55.1
15,-49.2222222222
16,-51.4
17,-59.7
18,-55.0
19,-53.9
20,-52.6
21,-55.7
22,-55.5
23,-49.9
24,-52.1111111111
25,-55.0
26,-47.1
