frequency,pdr
11,-64.2
12,-70.6
13,-62.5555555556
14,-66.7
15,-63.4444444444
16,-61.5
17,-69.7
18,-67.0
19,-55.0
20,-72.4
21,-60.0
22,-67.7
23,-62.6
24,-69.8
25,-67.0
26,-64.0
