frequency,pdr
11,-58.2
12,-50.2222222222
13,-55.2222222222
14,-54.0
15,-54.9
16,-64.7
17,-55.0
18,-58.8
19,-52.4
20,-64.8
21,-54.1
22,-58.7
23,-67.0
24,-55.8
25,-53.3
26,-65.1818181818
