frequency,pdr
11,-42.6
12,-43.2
13,-46.0
14,-54.6
15,-61.1111111111
16,-46.0
17,-51.8
18,-53.2
19,-43.0
20,-43.0
21,-43.0
22,-43.0
23,-47.5
24,-46.0
25,-55.9090909091
26,-46.0
