frequency,pdr
11,-52.3
12,-61.5555555556
13,-57.7777777778
14,-59.0
15,-56.0
16,-52.0
17,-54.4
18,-65.5
19,-59.6
20,-55.0
21,-48.3
22,-49.5
23,-54.4
24,-49.3
25,-46.6
26,-44.2
