frequency,pdr
11,-49.0
12,-50.9
13,-50.1111111111
14,-56.2
15,-57.1111111111
16,-54.0
17,-52.0
18,-61.0
19,-54.5
20,-52.4
21,-47.5
22,-46.0
23,-51.2
24,-54.1
25,-55.0
26,-58.1
