frequency,pdr
11,-49.0
12,-56.0
13,-60.4444444444
14,-55.3
15,-52.2222222222
16,-57.1
17,-51.9
18,-52.0
19,-50.5
20,-51.1
21,-54.0
22,-62.1
23,-57.6
24,-52.0
25,-55.0
26,-61.9
