frequency,pdr
11,-77.8888888889
12,-72.5555555556
13,-67.0
14,-64.0
15,-62.0
16,-66.5
17,-70.4
18,-72.5
19,-66.6
20,-66.2
21,-66.3
22,-61.0
23,-64.2
24,-63.9
25,-62.4
26,-67.0
