frequency,pdr
11,-63.1
12,-55.7
13,-46.6
14,-54.6
15,-56.2222222222
16,-50.0
17,-46.0
18,-57.5
19,-66.2
20,-47.1
21,-58.0
22,-62.7
23,-54.8
24,-64.2222222222
25,-64.3
26,-52.8
