frequency,pdr
11,-64.3
12,-64.0
13,-59.4444444444
14,-58.4
15,-67.3333333333
16,-70.0
17,-62.1
18,-65.0
19,-66.9
20,-68.0
21,-60.4
22,-61.0
23,-57.8
24,-81.6
25,-66.8
26,-61.1
