frequency,pdr
11,-52.0
12,-49.8
13,-57.8888888889
14,-61.9
15,-52.8888888889
16,-49.0
17,-46.0
18,-45.5
19,-52.0
20,-46.0
21,-46.0
22,-49.9
23,-52.0
24,-70.2222222222
25,-64.0
26,-58.3
