frequency,pdr
11,-67.1
12,-63.6666666667
13,-58.8
14,-60.6
15,-64.3333333333
16,-62.0
17,-62.2
18,-66.8
19,-67.3
20,-67.4
21,-67.1
22,-67.0
23,-67.0
24,-67.0
25,-72.9
26,-66.7
