frequency,pdr
11,-62.3
12,-60.7272727273
13,-61.7777777778
14,-57.8
15,-71.8888888889
16,-68.0
17,-61.2
18,-63.5
19,-61.0
20,-67.1
21,-67.9
22,-72.9
23,-61.0
24,-59.3
25,-70.1
26,-73.0
