frequency,pdr
11,-58.3
12,-55.0
13,-55.0
14,-62.1
15,-62.7777777778
16,-61.0
17,-61.1
18,-57.7
19,-55.0
20,-67.0
21,-58.4
22,-57.7
23,-61.0
24,-69.4444444444
25,-63.4
26,-70.6
