frequency,pdr
11,-64.7777777778
12,-64.2222222222
13,-64.0
14,-67.7777777778
15,-65.1111111111
16,-55.0
17,-52.0
18,-66.0
19,-57.8
20,-55.0
21,-66.1
22,-58.0
23,-67.0
24,-69.4
25,-60.9
26,-55.2
