frequency,pdr
11,-60.5
12,-54.7777777778
13,-55.8888888889
14,-55.0
15,-46.0
16,-51.2
17,-52.5
18,-53.0
19,-54.7
20,-55.0
21,-59.6
22,-55.0
23,-52.2
24,-54.9
25,-53.0
26,-46.0
