frequency,pdr
11,-57.9
12,-65.8888888889
13,-70.2222222222
14,-62.6
15,-61.0
16,-59.3
17,-64.1
18,-59.6
19,-61.0
20,-77.6
21,-68.5
22,-60.8
23,-63.8
24,-60.9
25,-70.0
26,-60.6
