frequency,pdr
11,-90.3333333333
12,-90.8888888889
13,-91.0
14,-91.0
15,-91.0
16,-90.5
17,-89.5555555556
18,-87.9
19,-87.6
20,-90.0
21,-90.9
22,-90.0
23,-91.0
24,-91.0
25,-91.0
26,-91.0
