frequency,pdr
11,-86.4285714286
12,-86.4444444444
14,-90.5
15,-91.0
16,-91.0
17,-91.0
18,-91.0
19,-91.0
20,-91.0
23,-91.0
24,-91.0
