frequency,pdr
11,-73.0
12,-74.8888888889
13,-76.0
14,-78.0
15,-79.0
16,-82.0
17,-83.8
18,-88.0
19,-82.5
20,-82.0
21,-82.0
22,-86.0
23,-82.6666666667
24,-79.1
25,-82.2
26,-82.0
