frequency,pdr
11,-90.1428571429
12,-84.25
13,-82.0
14,-79.8888888889
15,-79.0
16,-79.7
17,-84.5
18,-83.1
19,-91.0
20,-87.1
21,-84.0
22,-82.0
23,-84.0
24,-91.0
25,-87.0
26,-83.4
