frequency,pdr
11,-79.7777777778
12,-81.6363636364
13,-86.0
14,-87.0
15,-86.0
16,-86.0
17,-84.0
18,-84.2
19,-86.1
20,-89.1
21,-85.0
22,-83.0
23,-82.0
24,-82.4
25,-82.0
26,-82.0
