frequency,pdr
11,-90.0
12,-91.0
13,-90.7777777778
15,-90.6
16,-89.0
17,-90.0
18,-89.9
19,-91.0
20,-90.7777777778
21,-91.0
23,-91.0
24,-91.0
25,-91.0
