frequency,pdr
11,-86.375
12,-87.0
13,-88.2
14,-87.0
15,-87.1
16,-89.1
17,-91.0
18,-91.0
19,-91.0
20,-90.0
21,-86.9
22,-83.1111111111
23,-81.8888888889
24,-82.0
25,-81.7
26,-80.7
