frequency,pdr
11,-89.0
12,-90.625
13,-87.7777777778
14,-88.8888888889
15,-90.0
16,-91.0
17,-91.0
18,-90.9
19,-91.0
20,-88.0
21,-85.0
22,-83.2222222222
23,-83.8
24,-88.0
25,-88.0
26,-88.1
