frequency,pdr
11,-86.3333333333
12,-88.6666666667
13,-89.1
14,-89.875
15,-91.0
16,-91.0
17,-91.0
18,-91.0
19,-91.0
20,-91.0
21,-91.0
24,-91.0
25,-91.0
26,-91.0
