frequency,pdr
11,-88.4285714286
12,-87.3333333333
13,-89.3333333333
14,-89.7777777778
15,-91.0
16,-91.0
17,-90.4444444444
18,-87.3
19,-88.2
20,-86.4
21,-88.3
23,-91.0
24,-91.0
26,-91.0
