frequency,pdr
11,-87.8333333333
12,-86.875
13,-87.6666666667
14,-90.0
15,-89.4
16,-91.0
17,-91.0
18,-90.7
19,-90.3
20,-91.0
21,-91.0
25,-91.0
26,-91.0
