frequency,pdr
11,-81.5714285714
12,-81.3333333333
13,-82.0
14,-84.8888888889
15,-87.9
16,-85.8
17,-84.9
18,-90.1111111111
19,-90.1
20,-88.6
21,-91.0
23,-86.9
24,-83.8
25,-82.0
26,-81.0
