frequency,pdr
11,-89.2857142857
12,-91.0
13,-89.4444444444
14,-85.1111111111
15,-84.9
16,-86.3
17,-88.2
18,-88.0
19,-87.8
20,-89.0
21,-89.9
22,-89.375
23,-91.0
24,-89.9
25,-89.3
26,-89.0
