frequency,pdr
11,-84.875
12,-83.0
13,-85.1111111111
14,-88.4444444444
15,-89.5
16,-89.2
17,-89.9
19,-91.0
20,-91.0
21,-91.0
23,-90.1
24,-88.1
25,-85.7
26,-85.4
