frequency,pdr
11,-54.0
12,-55.0
13,-58.0
14,-76.6666666667
15,-58.0
16,-55.0
17,-55.0
18,-56.0
19,-58.0
20,-57.2
21,-55.0
22,-54.7
23,-52.0
24,-50.7
25,-53.1818181818
26,-52.8
