frequency,pdr
11,-57.9
12,-63.1
13,-57.6666666667
14,-66.3333333333
15,-61.0
16,-61.8
17,-61.5
18,-54.0
19,-51.0
20,-55.0
21,-55.5
22,-56.1
23,-67.0
24,-70.1
25,-58.0
26,-59.0
