frequency,pdr
11,-52.4545454545
12,-51.8888888889
13,-51.6666666667
14,-52.0
15,-55.0
16,-58.0
17,-55.1
18,-54.5
19,-54.4
20,-60.5
21,-60.9
22,-56.0
23,-62.4
24,-59.4
25,-61.0
26,-63.8
