frequency,pdr
11,-45.0
12,-52.6
13,-65.6666666667
14,-54.3333333333
15,-51.5
16,-49.0
17,-62.7
18,-51.0
19,-52.9
20,-59.6
21,-60.8
22,-64.8
23,-57.4
24,-56.4
25,-70.4
26,-61.0
