frequency,pdr
11,-67.4
12,-66.8888888889
13,-58.0
14,-60.3333333333
15,-61.0
16,-58.7
17,-66.3
18,-67.0
19,-64.5
20,-59.4
21,-69.3
22,-74.8
23,-59.9
24,-58.0
25,-72.1
26,-62.0
