frequency,pdr
11,-43.0
12,-51.6
13,-59.1
14,-49.6666666667
15,-47.3
16,-43.0
17,-44.2
18,-50.3
19,-49.5
20,-67.0909090909
21,-49.0
22,-44.8
23,-46.0
24,-40.0
25,-44.0
26,-44.3
