frequency,pdr
11,-59.9
12,-59.1111111111
13,-64.2222222222
14,-60.7
15,-65.1
16,-70.3
17,-78.5
18,-67.0
19,-67.0
20,-69.0
21,-71.1
22,-58.3
23,-67.0
24,-67.0
25,-67.0
26,-64.7
