frequency,pdr
11,-55.0
12,-56.3
13,-55.0
14,-62.4444444444
15,-55.3
16,-59.4
17,-62.9
18,-61.0
19,-60.6
20,-56.0909090909
21,-56.6
22,-55.9
23,-50.8
24,-53.8
25,-73.8
26,-60.9
