frequency,pdr
11,-51.6
12,-58.7777777778
13,-56.9090909091
14,-58.8888888889
15,-55.0
16,-49.6
17,-63.2
18,-52.0
19,-55.0
20,-59.2
21,-52.4
22,-47.4
23,-51.2
24,-69.3
25,-54.3
26,-63.0
