frequency,pdr
11,-49.0
12,-53.6666666667
13,-57.8888888889
14,-55.7
15,-56.9
16,-61.5
17,-67.4
18,-61.0
19,-55.3
20,-59.9
21,-55.6
22,-55.1
23,-52.2
24,-57.2
25,-60.3
26,-59.3
