frequency,pdr
11,-47.0
12,-52.3333333333
13,-61.5555555556
14,-52.0
15,-47.7
16,-53.9
17,-50.3
18,-52.9
19,-53.3
20,-52.0
21,-54.7
22,-70.4444444444
23,-54.8
24,-53.7
25,-55.0
26,-51.9
