frequency,pdr
11,-62.8
12,-61.6666666667
13,-66.1
14,-66.7777777778
15,-61.9
16,-61.0
17,-60.7
18,-58.0
19,-67.0
20,-67.0
21,-61.0
22,-68.8
23,-70.6
24,-75.1
25,-67.0
26,-69.9
