frequency,pdr
11,-54.8
12,-55.0
13,-58.8888888889
14,-64.0
15,-65.9
16,-59.6
17,-54.6
18,-60.2
19,-54.7
20,-54.5
21,-59.0
22,-58.0
23,-62.0
24,-61.5
25,-70.0
26,-69.7777777778
