frequency,pdr
11,-68.6666666667
12,-60.6
13,-59.8
14,-67.0
15,-77.6
16,-67.0
17,-59.2
18,-66.4
19,-60.5
20,-67.1
21,-61.0
22,-79.5555555556
23,-67.0
24,-61.0
25,-63.3
26,-59.0
