frequency,pdr
11,-53.1
12,-55.2
13,-62.7272727273
14,-56.5555555556
15,-52.0
16,-61.5
17,-58.0
18,-58.0
19,-64.5
20,-58.4
21,-55.0
22,-55.0
23,-53.5
24,-49.0
25,-52.0
26,-58.0
