frequency,pdr
11,-58.7
12,-58.8888888889
13,-64.1111111111
14,-68.6666666667
15,-55.0
16,-63.3
17,-58.0
18,-62.0
19,-55.5
20,-54.6
21,-60.9
22,-64.0
23,-54.6
24,-61.0
25,-62.7
26,-55.4
