frequency,pdr
11,-52.0
12,-57.3333333333
13,-65.0
14,-54.8888888889
15,-58.0
16,-55.3
17,-53.3
18,-58.5
19,-58.3
20,-64.7
21,-52.0
22,-61.0
23,-62.9
24,-66.6
25,-65.4
26,-60.4
