frequency,pdr
11,-67.0
12,-54.7777777778
13,-59.2727272727
14,-53.0
15,-54.4
16,-61.0
17,-54.2
18,-56.7
19,-49.0
20,-53.2
21,-58.0
22,-46.0
23,-46.0
24,-55.0
25,-52.0
26,-46.0
