frequency,pdr
11,-63.2222222222
12,-62.8888888889
13,-50.8
14,-62.5555555556
15,-55.0
16,-52.8
17,-49.4
18,-52.3
19,-54.9
20,-52.0
21,-53.4
22,-58.0
23,-58.4
24,-60.5
25,-55.0
26,-55.4
