frequency,pdr
11,-55.2
12,-60.8888888889
13,-58.0
14,-61.1111111111
15,-70.5
16,-65.9
17,-64.7
18,-71.7
19,-66.6
20,-65.1
21,-58.0
22,-67.6
23,-55.3
24,-74.6
25,-75.4
26,-69.1818181818
