frequency,pdr
11,-49.7
12,-64.2222222222
13,-51.6666666667
14,-45.9
15,-42.1
16,-46.0
17,-42.2
18,-48.0
19,-44.9
20,-49.0
21,-47.4
22,-52.1
23,-44.0
24,-48.5
25,-44.9
26,-43.0
