frequency,pdr
11,-43.0
12,-56.3333333333
13,-46.0
14,-54.1
15,-55.0
16,-44.1
17,-40.8
18,-54.0
19,-42.2
20,-44.0
21,-40.0
22,-56.7
23,-46.0
24,-68.8333333333
25,-43.0
26,-53.3
