frequency,pdr
11,-58.1
12,-63.6666666667
13,-71.5555555556
14,-55.7777777778
15,-55.0
16,-58.9
17,-58.0
18,-72.8
19,-66.1
20,-61.0
21,-58.8
22,-52.4
23,-58.9
24,-67.1
25,-60.8
26,-63.1
