frequency,pdr
11,-71.4444444444
12,-67.1
13,-77.5555555556
14,-66.0
15,-65.2
16,-64.0
17,-64.3
18,-63.9
19,-58.0
20,-67.0
21,-59.9
22,-63.9
23,-63.6
24,-76.3
25,-67.2
26,-68.5
