frequency,pdr
11,-58.8
12,-54.9
13,-52.0
14,-56.7777777778
15,-55.0
16,-56.9
17,-55.0
18,-52.0
19,-54.3
20,-53.3636363636
21,-51.0
22,-66.5
23,-59.7
24,-56.9
25,-58.0
26,-55.8
