frequency,pdr
11,-62.1
12,-65.4
13,-60.5555555556
14,-59.3333333333
15,-57.0
16,-65.1
17,-55.8
18,-60.4
19,-53.0
20,-64.3
21,-55.0
22,-58.7
23,-59.4
24,-54.5
25,-66.4
26,-69.4
