frequency,pdr
11,-55.0
12,-49.0
13,-56.2222222222
14,-66.3333333333
15,-55.0
16,-55.0
17,-53.0
18,-55.0
19,-78.6
20,-67.0
21,-55.0
22,-58.0
23,-53.6
24,-55.0
25,-47.9
26,-52.8
