frequency,pdr
11,-61.8
12,-58.0
13,-67.1111111111
14,-62.2222222222
15,-69.9
16,-65.9
17,-64.1
18,-59.1
19,-61.1
20,-64.2
21,-57.5
22,-66.0
23,-69.3
24,-75.1
25,-66.7
26,-60.8
