frequency,pdr
11,-64.4444444444
12,-49.8
13,-54.4
14,-59.8888888889
15,-54.6
16,-61.0
17,-51.4
18,-56.7
19,-56.2
20,-49.0
21,-46.0
22,-52.0
23,-49.0
24,-61.8
25,-48.4
26,-63.7
