frequency,pdr
11,-56.8
12,-56.1
13,-69.1111111111
14,-62.2222222222
15,-64.0
16,-69.4
17,-59.0
18,-75.2
19,-64.0
20,-60.1
21,-70.1
22,-67.6
23,-67.1
24,-65.5
25,-63.2
26,-68.0
