frequency,pdr
11,-66.4444444444
12,-61.1111111111
13,-62.3333333333
14,-67.1
15,-55.0
16,-64.6
17,-62.0
18,-64.0
19,-58.0
20,-62.0
21,-62.5
22,-70.9
23,-67.0
24,-66.9
25,-74.0
26,-56.9
