frequency,pdr
11,-85.1
12,-86.5
13,-86.1111111111
14,-79.0
15,-76.0
16,-73.2
17,-73.0
18,-72.4
19,-73.0
20,-73.0
21,-73.8
22,-76.4
23,-78.8888888889
24,-81.6
25,-85.8
26,-88.9
