frequency,pdr
11,-87.7
12,-88.7777777778
13,-90.6666666667
14,-91.0
15,-89.1
16,-85.9
17,-84.9
18,-85.4285714286
19,-86.1
20,-88.5
21,-91.0
23,-88.8
24,-87.0
25,-87.6
26,-86.1
