frequency,pdr
11,-85.1
12,-88.125
13,-90.75
14,-88.375
15,-86.8181818182
16,-85.0
17,-83.8
18,-82.2
19,-82.0
20,-82.0
21,-83.1818181818
22,-83.4444444444
23,-83.0
24,-83.0
25,-83.0
26,-82.0
