frequency,pdr
11,-86.3
12,-88.2222222222
13,-86.5555555556
14,-87.9
15,-88.0
16,-86.2
17,-85.75
18,-85.6666666667
19,-86.0
20,-86.1
21,-87.8
23,-89.0
24,-90.4
25,-91.0
