frequency,pdr
12,-90.0
13,-91.0
14,-91.0
15,-91.0
16,-89.4
17,-87.8888888889
18,-89.7777777778
19,-91.0
21,-91.0
23,-91.0
24,-91.0
26,-91.0
