frequency,pdr
11,-91.0
12,-89.875
13,-89.75
14,-91.0
15,-90.1
16,-91.0
17,-90.5555555556
18,-89.5
19,-90.0
21,-91.0
22,-91.0
23,-90.2222222222
24,-90.1
25,-90.9
26,-91.0
