frequency,pdr
11,-80.5
12,-80.2222222222
13,-76.0
14,-76.0
15,-79.0
16,-78.0
17,-74.0
18,-73.8888888889
19,-75.6
20,-75.3
21,-77.0
22,-76.9
23,-80.0
24,-86.1
25,-85.0
26,-82.5
