frequency,pdr
11,-79.375
12,-78.6
13,-76.2
14,-75.8
15,-76.0
16,-78.6
17,-79.0
18,-79.0
19,-80.0
20,-79.0
21,-81.1111111111
22,-83.2857142857
23,-82.75
24,-83.7777777778
25,-81.5
26,-82.1
