frequency,pdr
11,-90.8
12,-89.1
13,-87.9
14,-88.9
15,-91.0
16,-88.3
17,-85.0
18,-85.9
19,-89.1
20,-91.0
21,-91.0
22,-89.8571428571
23,-90.6666666667
24,-91.0
25,-91.0
