frequency,pdr
11,-91.0
12,-90.4285714286
13,-90.0
14,-87.1
15,-87.0
16,-89.5555555556
17,-89.1111111111
18,-91.0
19,-91.0
20,-91.0
21,-91.0
23,-90.0
24,-90.5
25,-90.5
26,-90.9
