frequency,pdr
11,-90.875
12,-87.0
13,-88.75
14,-84.9
15,-85.1
16,-83.5
17,-80.625
18,-79.3333333333
19,-78.0
20,-76.0
21,-78.4444444444
22,-79.0
23,-81.7
24,-81.5555555556
25,-81.5
26,-90.1
