frequency,pdr
11,-79.5
12,-80.75
13,-80.0
14,-79.3
15,-79.0
16,-80.1111111111
17,-79.2222222222
18,-80.4444444444
19,-82.9
20,-83.9
21,-82.1
23,-85.25
24,-90.4
26,-89.2
