frequency,pdr
11,-79.0
12,-80.0
13,-79.0
14,-79.0
15,-78.1
16,-79.0
17,-83.0
18,-85.125
19,-87.0
20,-91.0
21,-89.0
22,-82.3333333333
23,-84.2222222222
24,-81.4444444444
25,-79.8
26,-81.9
