frequency,pdr
11,-85.625
12,-82.0
13,-82.2
14,-83.3
15,-84.6
16,-85.875
17,-87.3
18,-88.75
19,-84.0
20,-82.0
21,-85.6666666667
22,-89.2857142857
23,-91.0
25,-90.1
26,-85.4
