frequency,pdr
11,-79.8
12,-79.0
13,-79.4
14,-80.7
15,-82.0
16,-81.2222222222
17,-79.1111111111
18,-79.0
19,-76.4
20,-75.9
21,-76.0
22,-77.5
23,-79.1
24,-82.0
25,-81.3
26,-79.0
