frequency,pdr
11,-91.0
12,-90.7777777778
13,-90.5714285714
14,-89.5
15,-88.4
16,-87.6
17,-87.5555555556
18,-88.0
19,-89.3
20,-90.5
21,-91.0
23,-91.0
