frequency,pdr
11,-75.9
12,-77.6
13,-76.0
14,-74.0
15,-73.0
16,-72.9
17,-73.0
18,-75.7777777778
19,-79.0
20,-82.9
21,-91.0
22,-85.1428571429
23,-80.8
24,-79.0
25,-78.0
26,-79.0
