frequency,pdr
11,-88.4
12,-86.6
13,-84.7
14,-83.2
15,-82.0
16,-82.0
17,-82.4444444444
18,-84.6666666667
19,-82.9
20,-80.9
21,-79.3
22,-79.125
23,-79.6
24,-80.8
25,-82.0
26,-82.5
