frequency,pdr
11,1.5873015873
12,0.793650793651
13,1.42857142857
14,1.42857142857
15,1.42857142857
16,1.42857142857
17,1.11111111111
18,1.42857142857
19,1.42857142857
20,0.952380952381
21,0.47619047619
22,1.42857142857
23,1.5873015873
24,1.5873015873
25,1.5873015873
26,1.5873015873
