frequency,pdr
12,-91.0
13,-90.375
15,-91.0
16,-91.0
17,-91.0
18,-90.1111111111
19,-89.8
20,-89.3
21,-86.0
22,-86.1428571429
23,-89.0
24,-91.0
25,-91.0
26,-91.0
