frequency,pdr
11,-84.2
12,-83.75
13,-83.5
14,-83.8888888889
15,-85.0
16,-86.0
17,-84.0
18,-84.3
19,-86.8
20,-85.2
21,-85.0
22,-84.4444444444
23,-84.7
24,-84.0
25,-83.5
26,-83.1
