frequency,pdr
11,-87.5555555556
12,-86.1111111111
13,-86.0
14,-85.5555555556
15,-87.9
16,-91.0
17,-91.0
18,-91.0
19,-91.0
20,-91.0
21,-91.0
22,-89.0
23,-88.0
24,-85.0
25,-83.1
26,-85.0
