frequency,pdr
11,-76.0
12,-77.8888888889
13,-79.9
14,-78.7142857143
15,-79.0
16,-80.8
17,-83.2
18,-86.8571428571
19,-85.0
20,-83.3
21,-82.0
22,-81.0
23,-82.0
24,-83.5
25,-86.7
26,-90.0
