frequency,pdr
11,-84.8888888889
12,-88.0
13,-90.1111111111
14,-87.7142857143
15,-85.0
16,-84.6
17,-87.0
18,-88.0
19,-90.0
20,-90.1
21,-91.0
23,-91.0
24,-91.0
25,-91.0
26,-88.7
