frequency,pdr
11,-91.0
12,-89.9
13,-89.2222222222
14,-90.4285714286
15,-91.0
16,-91.0
19,-91.0
20,-90.0
21,-89.0
23,-90.9
24,-91.0
25,-91.0
