frequency,pdr
11,-80.8888888889
12,-80.9
13,-79.6666666667
14,-79.0
15,-79.0
16,-82.0
17,-85.1
18,-89.1111111111
19,-91.0
20,-90.0
21,-86.9
22,-83.5
23,-82.0
24,-79.9
25,-79.0
26,-80.2
