frequency,pdr
11,-89.2222222222
12,-90.7777777778
13,-91.0
14,-91.0
15,-91.0
16,-91.0
17,-91.0
18,-91.0
19,-91.0
20,-91.0
21,-91.0
22,-89.8
23,-89.8888888889
24,-88.0
25,-87.1
26,-87.2
