frequency,pdr
11,-80.8
12,-81.4444444444
13,-82.2222222222
14,-84.0
15,-85.9
16,-87.6
17,-90.5
18,-91.0
19,-88.4
20,-88.3
21,-89.9
23,-91.0
24,-91.0
25,-86.6
26,-83.4
