frequency,pdr
11,-89.0
12,-87.1111111111
13,-88.1111111111
14,-87.875
15,-86.0
16,-85.5
17,-86.2
18,-88.9
19,-91.0
20,-89.0
21,-88.0
22,-88.7
23,-89.6
24,-86.0
25,-85.2
26,-87.4
