frequency,pdr
11,-85.0
12,-90.8888888889
13,-86.6666666667
14,-88.25
15,-85.0
16,-82.0
17,-81.0
18,-79.2
19,-79.0
20,-78.6
21,-77.0
22,-78.1
23,-79.6
24,-79.0
25,-79.0
26,-78.8
