frequency,pdr
11,-80.1111111111
12,-82.0
13,-85.0
14,-82.4285714286
15,-81.0
16,-79.0
17,-79.0
18,-79.0
19,-79.0
20,-81.3
21,-83.1
22,-84.25
23,-82.0
24,-81.4
25,-81.2
26,-81.9
