frequency,pdr
11,-90.0
12,-90.0
13,-90.0
14,-90.0
15,-90.3
16,-91.0
17,-91.0
18,-91.0
19,-91.0
20,-90.0
21,-90.0
22,-88.6666666667
23,-88.1111111111
24,-89.0
25,-90.0
26,-90.9
