frequency,pdr
11,-81.0
12,-82.1
13,-82.0
14,-80.0
15,-79.0
16,-79.0
17,-81.4
18,-83.5
19,-86.7
20,-89.0
21,-87.9
22,-84.5555555556
23,-82.8888888889
24,-82.0
25,-82.0
26,-83.4
