frequency,pdr
11,-88.875
12,-89.2222222222
13,-89.3333333333
14,-91.0
15,-91.0
16,-91.0
17,-91.0
18,-90.3
19,-90.1
20,-90.9
21,-91.0
23,-91.0
24,-90.9
25,-90.1
26,-90.0
