frequency,pdr
11,-87.9
12,-89.0
13,-89.7777777778
14,-90.0
15,-90.0
16,-89.8
17,-90.625
18,-90.8888888889
19,-91.0
20,-89.8
21,-89.7777777778
23,-88.1
24,-87.7
25,-88.2
26,-89.0
