frequency,pdr
11,-87.1
12,-89.0
13,-91.0
14,-90.5555555556
15,-89.0
16,-88.7
17,-88.875
18,-86.8571428571
19,-85.0
20,-85.0
21,-85.6
22,-86.0
23,-85.7777777778
24,-85.7777777778
25,-85.2
26,-86.9
