frequency,pdr
11,-91.0
12,-91.0
13,-91.0
14,-91.0
15,-91.0
16,-91.0
17,-90.8333333333
18,-90.875
19,-90.9
20,-90.0
21,-89.1111111111
22,-88.1666666667
23,-90.0
24,-91.0
25,-91.0
