frequency,pdr
11,-55.6
12,-73.5555555556
13,-62.3333333333
14,-59.8
15,-58.8
16,-62.3
17,-64.0
18,-70.4
19,-78.1
20,-61.0
21,-58.0
22,-55.0
23,-59.0
24,-62.0
25,-61.1
26,-61.0
