frequency,pdr
11,-63.8888888889
12,-60.6666666667
13,-53.5
14,-46.0
15,-52.0
16,-54.1
17,-63.4
18,-71.6
19,-56.0
20,-52.5
21,-56.6
22,-53.4
23,-51.9
24,-52.0
25,-53.8
26,-52.8
