frequency,pdr
11,-67.1111111111
12,-56.7777777778
13,-55.4
14,-47.2
15,-46.0
16,-45.6
17,-47.0
18,-52.0
19,-53.5
20,-47.0
21,-50.0
22,-52.0
23,-49.0
24,-49.0
25,-46.0
26,-45.4
