frequency,pdr
11,-59.5
12,-61.1111111111
13,-66.2222222222
14,-57.0
15,-57.1
16,-64.4
17,-54.7
18,-49.0
19,-52.7
20,-67.9
21,-52.0
22,-55.6
23,-52.1
24,-52.0
25,-52.0
26,-52.0
