frequency,pdr
11,-55.0
12,-58.0
13,-61.3636363636
14,-58.9
15,-61.9
16,-55.0
17,-63.4
18,-58.2
19,-67.7
20,-57.1
21,-66.9
22,-55.0
23,-58.3
24,-58.0
25,-69.3636363636
26,-66.5
