frequency,pdr
11,-63.8888888889
12,-56.6666666667
13,-55.1111111111
14,-58.0
15,-65.2
16,-62.0
17,-61.0
18,-65.4
19,-61.3
20,-59.3
21,-62.2
22,-65.6
23,-73.0
24,-67.5
25,-61.7272727273
26,-68.7
