frequency,pdr
11,-59.1111111111
12,-45.9
13,-51.1818181818
14,-46.4
15,-46.0
16,-52.4
17,-53.8
18,-46.0
19,-43.0
20,-46.0
21,-49.0
22,-53.5
23,-58.0
24,-55.0
25,-55.0
26,-58.0
