frequency,pdr
11,-45.3
12,-60.4444444444
13,-51.7
14,-59.0
15,-52.0
16,-47.0
17,-58.4285714286
18,-43.0
19,-43.2
20,-49.0
21,-50.8
22,-51.1
23,-46.0
24,-68.1
25,-47.7
26,-46.0
