frequency,pdr
11,-46.3
12,-48.5
13,-50.7777777778
14,-51.3
15,-54.3
16,-49.8
17,-68.0
18,-55.0
19,-55.0
20,-63.6
21,-54.6
22,-64.4
23,-67.7777777778
24,-55.5
25,-58.2
26,-57.3
