frequency,pdr
11,-55.0
12,-60.4444444444
13,-59.5
14,-62.6
15,-58.0
16,-61.0909090909
17,-66.0
18,-58.4
19,-62.9
20,-61.0
21,-60.4
22,-71.9
23,-61.8
24,-70.0
25,-70.4
26,-67.0
