frequency,pdr
11,-58.7777777778
12,-54.8888888889
13,-49.2
14,-49.0
15,-49.5
16,-52.0
17,-57.7
18,-54.0
19,-53.7
20,-49.3
21,-49.0
22,-58.1
23,-54.3
24,-55.6
25,-52.5
26,-52.0
