frequency,pdr
11,1.11111111111
12,1.26984126984
13,0.793650793651
14,0.634920634921
15,1.42857142857
16,1.5873015873
17,1.26984126984
18,1.42857142857
19,1.26984126984
20,1.74603174603
21,1.5873015873
22,1.5873015873
23,1.5873015873
24,1.5873015873
25,1.5873015873
26,1.5873015873
