frequency,pdr
11,-86.5
12,-79.4444444444
13,-82.5555555556
14,-82.0
15,-84.0
16,-84.0
17,-89.3333333333
18,-89.8571428571
19,-91.0
20,-91.0
21,-91.0
23,-91.0
24,-90.2222222222
25,-91.0
26,-91.0
