frequency,pdr
11,-55.0
12,-54.2
13,-53.1
14,-55.0
15,-59.0
16,-64.7
17,-72.4
18,-70.0
19,-67.0
20,-64.0
21,-63.7777777778
22,-67.0
23,-72.2857142857
24,-67.7
25,-67.0
26,-64.0
