frequency,pdr
11,-90.5
13,-91.0
14,-87.1
15,-85.0
16,-85.1428571429
17,-89.7777777778
18,-90.0
19,-86.3333333333
20,-90.6666666667
21,-90.75
23,-88.5
24,-87.3333333333
25,-91.0
26,-91.0
