frequency,pdr
11,-55.0
12,-57.9
13,-55.0
14,-55.5
15,-55.0
16,-55.0
17,-57.0
18,-58.0
19,-55.0
20,-58.0
21,-57.9
22,-56.7777777778
23,-57.8571428571
24,-59.1
25,-61.0
26,-60.0
