frequency,pdr
11,-75.75
12,-70.3333333333
13,-74.5555555556
14,-78.8888888889
15,-67.8
16,-67.0
17,-67.1
18,-64.1
19,-64.1
20,-64.0
21,-67.0
22,-73.375
23,-72.7142857143
24,-76.2
25,-79.5
26,-70.0
