frequency,pdr
11,-52.0
12,-52.0
13,-55.0
14,-55.0
15,-55.9
16,-58.0
17,-61.1
18,-69.0
19,-65.9
20,-64.0
21,-60.4444444444
22,-58.75
23,-58.0
24,-63.5555555556
25,-62.2
26,-61.0
