frequency,pdr
11,-51.2
12,-51.8
13,-54.2
14,-62.5
15,-68.6
16,-60.8
17,-59.0
18,-57.9
19,-55.0
20,-55.0
21,-56.8181818182
22,-58.2727272727
23,-52.0
24,-49.7
25,-51.2
26,-52.0
