frequency,pdr
11,-55.0
12,-63.4
13,-65.2222222222
14,-68.0
15,-60.8
16,-63.6
17,-71.9
18,-64.0
19,-58.2
20,-66.0
21,-61.0
22,-60.8
23,-68.4
24,-74.2857142857
25,-64.0
26,-58.8
