frequency,pdr
11,-60.6
12,-57.6
13,-66.7777777778
14,-55.0
15,-60.0
16,-53.3
17,-58.4
18,-64.0
19,-61.5454545455
20,-58.0
21,-62.4
22,-63.3
23,-55.0
24,-65.6
25,-73.1
26,-61.8
