frequency,pdr
11,-64.1
12,-67.1
13,-65.5555555556
14,-60.7
15,-73.7
16,-63.2
17,-64.0
18,-65.4
19,-62.1
20,-64.0
21,-67.0
22,-69.2222222222
23,-59.7
24,-69.0
25,-67.0
26,-66.9
