frequency,pdr
11,-87.1428571429
12,-87.6666666667
13,-88.0
14,-89.0
15,-90.5
16,-91.0
17,-91.0
18,-89.8888888889
19,-91.0
20,-91.0
21,-91.0
23,-90.1
24,-88.0
25,-87.8
26,-88.6
