frequency,pdr
11,-82.1666666667
12,-84.0
13,-85.6666666667
14,-86.2
15,-86.0
16,-86.7
17,-87.4
18,-89.1
19,-91.0
21,-91.0
22,-91.0
23,-91.0
24,-91.0
25,-91.0
26,-91.0
