frequency,pdr
11,-68.0
12,-68.4285714286
13,-69.8888888889
14,-72.0
15,-73.0
16,-76.0
17,-77.8
18,-79.0
19,-81.0
20,-83.0
21,-89.1
23,-91.0
26,-91.0
