frequency,pdr
11,-76.0
12,-78.5714285714
13,-79.0
14,-77.2727272727
15,-76.0
16,-76.0
17,-76.0
18,-76.0
19,-76.0
20,-74.3
21,-73.4
22,-76.0
23,-76.0
24,-79.2
25,-82.0
26,-80.1
