frequency,pdr
11,-84.7142857143
12,-84.8571428571
13,-85.5
14,-88.6666666667
15,-91.0
18,-91.0
19,-90.1
20,-87.3
21,-89.8
22,-89.5
23,-90.4
24,-91.0
25,-91.0
26,-88.7
