frequency,pdr
11,-91.0
12,-90.7142857143
13,-89.0
14,-86.1111111111
15,-89.5
16,-91.0
17,-88.8
18,-84.9
19,-83.0
20,-82.0
21,-82.0
22,-82.6
23,-82.0
24,-82.0
25,-82.0
26,-80.9
