frequency,pdr
11,-88.0
12,-86.1428571429
13,-87.1111111111
14,-89.1111111111
15,-91.0
16,-90.3
17,-87.3
18,-85.6
19,-85.0
20,-86.0
21,-87.0
22,-85.8
23,-88.0
24,-86.0
25,-85.9
26,-86.7
