frequency,pdr
11,-85.4285714286
12,-84.125
13,-85.3333333333
14,-88.5
15,-88.0
16,-89.7
17,-91.0
18,-91.0
19,-88.7
20,-86.3
21,-85.1
22,-83.7
23,-81.0
24,-79.0
25,-79.0
26,-81.0
