frequency,pdr
11,-62.1
12,-61.2727272727
13,-59.1111111111
14,-63.0
15,-61.1
16,-64.4
17,-68.5
18,-58.4
19,-60.9
20,-67.0
21,-69.5
22,-62.2
23,-66.7
24,-61.9
25,-59.7
26,-70.7
