frequency,pdr
11,-61.0
12,-71.5555555556
13,-62.1
14,-67.0
15,-72.6
16,-61.0
17,-68.9
18,-58.0
19,-59.8
20,-68.0
21,-80.6666666667
22,-64.0
23,-66.9
24,-59.7
25,-55.1
26,-57.2
