frequency,pdr
11,-58.6
12,-58.1111111111
13,-70.5555555556
14,-67.3
15,-61.0
16,-55.0
17,-55.0
18,-66.7
19,-60.3
20,-55.0
21,-60.7
22,-64.0
23,-56.5
24,-61.2
25,-60.8
26,-61.0
