frequency,pdr
11,-66.5
12,-67.1111111111
13,-70.0
14,-67.0
15,-65.7
16,-66.3333333333
17,-81.4444444444
18,-67.0
19,-65.9
20,-64.9
21,-67.1
22,-63.1
23,-59.0
24,-63.4
25,-67.0
26,-64.3
