frequency,pdr
11,-63.1
12,-52.6666666667
13,-59.3333333333
14,-49.0
15,-51.4545454545
16,-48.0
17,-48.2
18,-47.9
19,-47.5
20,-44.8
21,-49.0
22,-53.5
23,-54.2
24,-55.0
25,-58.8
26,-52.0
