frequency,pdr
11,-65.3
12,-61.8888888889
13,-66.6666666667
14,-55.2
15,-61.6
16,-62.0
17,-71.8
18,-63.6
19,-66.3
20,-63.3
21,-65.5
22,-60.7
23,-62.4
24,-60.9
25,-67.0
26,-65.1
