frequency,pdr
11,-55.0
12,-67.6666666667
13,-55.2
14,-61.0
15,-73.8
16,-71.7777777778
17,-61.8
18,-56.8
19,-56.5
20,-60.8
21,-62.9
22,-74.1
23,-64.0
24,-63.8
25,-64.0
26,-71.1
