frequency,pdr
11,-61.0
12,-67.7777777778
13,-65.2
14,-62.7
15,-55.7
16,-60.4444444444
17,-64.1
18,-69.6
19,-67.6
20,-64.0
21,-64.6
22,-64.0
23,-69.8
24,-67.5
25,-64.0
26,-64.0
