frequency,pdr
11,-69.75
12,-70.0
13,-58.8571428571
14,-58.0
15,-64.0
16,-68.5
17,-64.0
18,-61.3333333333
19,-60.0
20,-61.7
21,-60.2
22,-61.7
23,-58.0
24,-55.9
25,-55.6
26,-58.0
