frequency,pdr
11,-52.6666666667
12,-55.0
13,-54.7142857143
14,-66.6666666667
15,-67.0
16,-69.3
17,-61.0
18,-56.8571428571
19,-53.0
20,-52.6
21,-55.0
22,-54.0
23,-52.0
24,-50.0
25,-52.1
26,-52.1
