frequency,pdr
11,-47.9
12,-48.2222222222
13,-49.8571428571
14,-54.8
15,-66.3
16,-72.3
17,-60.3333333333
18,-55.0
19,-55.0
20,-55.0
21,-54.0
22,-53.0
23,-53.2
24,-55.8
25,-58.9
26,-61.5
