frequency,pdr
11,-67.0
12,-76.5
13,-68.4444444444
14,-67.0
15,-71.3
16,-73.0
17,-68.4
18,-64.6666666667
19,-62.125
20,-64.0
21,-71.5
22,-76.0
23,-72.7
24,-80.8
25,-82.0
26,-84.7
