frequency,pdr
11,-60.7
12,-64.0
13,-71.0
14,-64.2222222222
15,-64.0
16,-67.0
17,-65.4444444444
18,-66.75
19,-67.0
20,-62.3
21,-61.7
22,-73.7
23,-62.2
24,-55.0
25,-53.2
26,-58.0
