frequency,pdr
11,-57.8
12,-60.7142857143
13,-63.8571428571
14,-61.0
15,-61.0
16,-67.0
17,-61.3
18,-69.6666666667
19,-72.5
20,-64.7
21,-64.0
22,-52.1
23,-52.0
24,-54.0
25,-51.9
26,-52.0
