frequency,pdr
11,-58.0
12,-55.2222222222
13,-52.5
14,-49.7
15,-50.6
16,-52.0
17,-49.0
18,-49.8333333333
19,-54.3
20,-59.7
21,-61.0
22,-58.0
23,-55.0
24,-52.0
25,-50.8
26,-49.0
