frequency,pdr
11,-60.5
12,-58.0
13,-58.1428571429
14,-63.5555555556
15,-64.9
16,-73.9
17,-67.7777777778
18,-71.3333333333
19,-77.3333333333
20,-64.2
21,-61.7
22,-61.0
23,-63.2
24,-61.0
25,-59.6
26,-60.0
