frequency,pdr
11,-62.4
12,-60.9
13,-61.0
14,-64.1
15,-70.0
16,-67.0
17,-67.0
18,-71.3333333333
19,-72.3333333333
20,-70.3
21,-79.9
22,-74.1
23,-73.1
24,-75.7
25,-73.0
26,-70.0
