frequency,pdr
11,-56.3
12,-60.1428571429
13,-67.0
14,-70.0
15,-73.0
16,-68.4
17,-64.0
18,-67.0
19,-70.0
20,-66.0
21,-64.8888888889
22,-67.0
23,-75.1
24,-67.0
25,-67.0
26,-75.5
