frequency,pdr
11,-56.7
12,-57.8888888889
13,-60.8571428571
14,-70.0
15,-67.0
16,-62.2
17,-58.8888888889
18,-61.0
19,-60.875
20,-65.2
21,-61.0
22,-61.0
23,-61.0
24,-67.0
25,-71.6
26,-64.1
