frequency,pdr
11,-52.0
12,-53.4285714286
13,-57.2222222222
14,-58.0
15,-55.0
16,-56.0
17,-58.7
18,-62.4
19,-77.0
20,-68.2
21,-66.0
22,-63.0
23,-64.0
24,-72.1
25,-67.0
26,-66.0
