frequency,pdr
11,-58.5
12,-66.4
13,-71.7777777778
14,-60.6
15,-64.6
16,-63.8
17,-64.1
18,-64.0
19,-69.0
20,-78.0
21,-78.4
22,-78.6666666667
23,-73.9
24,-64.3
25,-67.1
26,-61.5
