frequency,pdr
11,-54.8
12,-61.0
13,-54.4
14,-55.0
15,-54.7
16,-68.2857142857
17,-57.0
18,-55.0
19,-61.7
20,-54.7
21,-56.0909090909
22,-62.1
23,-59.5
24,-61.3
25,-55.0
26,-54.8
