frequency,pdr
11,-72.0
12,-67.4
13,-70.4444444444
14,-74.4
15,-66.3
16,-75.7
17,-61.0
18,-60.1
19,-83.8888888889
20,-73.8
21,-76.5
22,-68.6
23,-67.2
24,-80.4
25,-67.3
26,-68.0
