frequency,pdr
11,-49.9
12,-55.7
13,-66.6
14,-61.8
15,-55.0
16,-55.0
17,-69.9090909091
18,-56.3
19,-51.1
20,-53.3636363636
21,-62.2
22,-55.0
23,-49.0
24,-49.8
25,-55.0
26,-66.9
