frequency,pdr
11,-50.7
12,-67.0
13,-55.2222222222
14,-53.6
15,-60.4
16,-56.8
17,-51.9
18,-51.6
19,-73.2222222222
20,-67.5
21,-55.0
22,-52.6
23,-62.2
24,-64.7
25,-55.0
26,-54.3
