frequency,pdr
11,-58.4545454545
12,-53.5
13,-57.1111111111
14,-46.0
15,-51.3
16,-52.0
17,-55.8
18,-54.2
19,-56.8
20,-66.3
21,-50.2
22,-50.8
23,-60.1
24,-48.8
25,-51.9
26,-59.8
