frequency,pdr
11,1.74603174603
12,1.26984126984
13,1.42857142857
14,1.26984126984
15,0.952380952381
16,0.634920634921
17,1.11111111111
18,1.5873015873
19,1.42857142857
20,1.5873015873
21,1.5873015873
22,1.5873015873
23,1.5873015873
24,1.5873015873
25,1.5873015873
26,1.5873015873
