frequency,pdr
11,1.42857142857
12,0.793650793651
13,1.11111111111
14,0.793650793651
15,0.47619047619
16,0.634920634921
17,1.11111111111
18,1.5873015873
19,1.26984126984
20,1.5873015873
21,1.26984126984
23,1.5873015873
24,1.5873015873
25,1.5873015873
26,0.952380952381
