frequency,pdr
11,1.42857142857
12,1.11111111111
13,0.952380952381
14,1.26984126984
15,1.5873015873
16,0.793650793651
17,1.11111111111
18,1.5873015873
19,1.42857142857
20,1.5873015873
21,1.5873015873
22,1.5873015873
23,1.5873015873
24,1.5873015873
25,1.5873015873
26,1.5873015873
