frequency,pdr
11,-62.6
12,-73.6666666667
13,-63.8888888889
14,-61.1
15,-58.0
16,-56.7
17,-59.7
18,-61.0
19,-61.9
20,-67.0
21,-71.5
22,-58.0
23,-61.4
24,-64.0
25,-74.3
26,-67.0
