frequency,pdr
11,-57.7
12,-56.2222222222
13,-71.3333333333
14,-62.1
15,-59.8
16,-55.0
17,-61.0
18,-64.6
19,-67.0
20,-61.6
21,-72.1
22,-64.0
23,-64.1
24,-65.6
25,-68.5
26,-61.0
