frequency,pdr
11,-62.7777777778
12,-65.5555555556
13,-65.0
14,-70.1111111111
15,-61.5
16,-68.4
17,-64.0
18,-70.1
19,-72.6
20,-64.3
21,-61.0
22,-72.0
23,-66.0
24,-70.1
25,-56.3636363636
26,-57.1
