frequency,pdr
11,-66.5
12,-60.7777777778
13,-67.8888888889
14,-58.0
15,-68.2
16,-60.0
17,-64.5
18,-59.0
19,-72.8
20,-61.0
21,-61.0
22,-61.0
23,-54.3
24,-54.0
25,-68.5
26,-54.5
