frequency,pdr
11,-67.7
12,-64.3333333333
13,-61.2222222222
14,-58.7
15,-65.7272727273
16,-61.0
17,-67.6
18,-58.1
19,-60.2
20,-67.3
21,-61.7
22,-60.0
23,-68.625
24,-55.0
25,-61.6
26,-55.0
