frequency,pdr
11,-55.0
12,-64.1111111111
13,-75.5555555556
14,-64.4
15,-78.7
16,-69.2
17,-64.3
18,-68.0
19,-65.8
20,-69.7
21,-61.6
22,-68.0
23,-58.8
24,-55.0
25,-55.0
26,-67.0
