frequency,pdr
11,-68.1111111111
12,-63.1111111111
13,-55.0
14,-58.3
15,-68.1
16,-61.0
17,-57.4
18,-60.5
19,-61.0
20,-60.7
21,-55.0
22,-60.9
23,-61.0
24,-70.0
25,-66.9
26,-68.9
