frequency,pdr
11,-65.0
12,-61.3333333333
13,-64.0
14,-60.3
15,-58.0
16,-62.9
17,-67.0
18,-68.8
19,-69.4
20,-60.5
21,-58.1
22,-70.1
23,-69.0909090909
24,-67.0
25,-58.4
26,-67.8
