frequency,pdr
11,-65.1
12,-59.4444444444
13,-66.7777777778
14,-58.0
15,-69.9
16,-75.0
17,-64.0
18,-58.0
19,-61.0
20,-70.0
21,-67.5
22,-74.0
23,-70.6
24,-71.7
25,-58.0
26,-61.0
