frequency,pdr
11,-72.8571428571
12,-60.8
13,-72.8888888889
14,-68.4
15,-54.2
16,-58.9
17,-67.0
18,-64.7
19,-56.7
20,-55.4
21,-54.1
22,-67.0
23,-53.6
24,-52.0
25,-58.0
26,-52.0
