frequency,pdr
11,-59.3
12,-61.1111111111
13,-52.1111111111
14,-58.0
15,-55.0
16,-55.0
17,-60.4
18,-61.0
19,-67.0
20,-71.4
21,-58.0
22,-62.0
23,-59.9
24,-61.6
25,-55.6
26,-62.6
