frequency,pdr
11,-74.6666666667
12,-67.1111111111
13,-66.9
14,-64.0
15,-61.0
16,-62.5
17,-60.9
18,-59.8
19,-61.0
20,-61.0
21,-65.9
22,-58.4
23,-61.0
24,-55.2
25,-69.6
26,-60.6
