frequency,pdr
11,-59.6
12,-60.7777777778
13,-60.2222222222
14,-68.6
15,-56.3
16,-63.4
17,-59.9
18,-58.0
19,-59.1
20,-60.4
21,-67.5
22,-64.1
23,-55.0
24,-55.0
25,-68.5
26,-58.0
