frequency,pdr
11,-63.5
12,-55.4444444444
13,-70.5555555556
14,-62.1
15,-66.5
16,-58.1
17,-55.0
18,-61.0
19,-59.4
20,-59.0
21,-55.0
22,-56.9
23,-57.4
24,-55.3
25,-58.0
26,-70.0
