frequency,pdr
11,-70.4444444444
12,-61.7777777778
13,-58.0
14,-52.6
15,-55.0
16,-59.0
17,-56.8
18,-67.0
19,-61.2
20,-55.0
21,-54.8
22,-55.0
23,-55.3
24,-61.0
25,-53.7
26,-71.7
