frequency,pdr
11,-55.0
12,-57.7777777778
13,-64.7777777778
14,-55.8
15,-59.3
16,-55.0
17,-57.4
18,-55.0
19,-55.7
20,-55.0
21,-50.8
22,-52.0
23,-52.8
24,-57.9
25,-66.1
26,-73.7
