frequency,pdr
11,-66.4444444444
12,-64.5555555556
13,-61.4444444444
14,-62.7
15,-68.2
16,-57.9
17,-54.9
18,-58.6
19,-64.4
20,-65.8
21,-67.0
22,-71.1111111111
23,-73.375
24,-69.2
25,-67.0
26,-64.9
