frequency,pdr
11,-58.2
12,-62.6666666667
13,-62.6666666667
14,-55.0
15,-64.0
16,-64.0
17,-62.2
18,-58.0
19,-65.1
20,-55.2
21,-52.0
22,-58.6
23,-58.0
24,-68.2
25,-60.8
26,-67.0
