frequency,pdr
11,-57.5
12,-65.7777777778
13,-64.0
14,-57.9
15,-58.0
16,-56.4
17,-55.0
18,-66.3
19,-53.0
20,-54.7
21,-60.0
22,-64.4
23,-58.2
24,-63.5454545455
25,-58.0
26,-56.1
