frequency,pdr
11,-74.375
12,-60.4444444444
13,-72.5714285714
14,-65.6
15,-61.2
16,-60.8
17,-56.0
18,-67.0
19,-72.1
20,-59.7
21,-61.7
22,-62.2
23,-63.5
24,-57.4
25,-65.7
26,-71.1
