frequency,pdr
11,-63.6
12,-65.2222222222
13,-58.1111111111
14,-57.6
15,-71.6
16,-62.4
17,-61.0
18,-59.4
19,-58.5
20,-59.2
21,-71.4
22,-62.9
23,-58.1
24,-59.3
25,-58.0
26,-57.1
