frequency,pdr
11,-62.5
12,-64.2222222222
13,-64.1
14,-61.0
15,-59.8
16,-57.8
17,-64.1
18,-69.1
19,-61.0
20,-58.9
21,-58.0
22,-64.0
23,-72.1111111111
24,-71.9
25,-55.0
26,-67.0
