frequency,pdr
11,-61.3
12,-69.5555555556
13,-58.5555555556
14,-55.0
15,-54.0
16,-54.3
17,-55.0
18,-66.2
19,-57.5
20,-61.7
21,-57.4
22,-70.4
23,-55.0
24,-80.6
25,-70.6
26,-61.0
