frequency,pdr
11,-64.8888888889
12,-70.3333333333
13,-65.6363636364
14,-65.3
15,-64.9
16,-61.8
17,-61.4
18,-58.0
19,-63.5
20,-66.5
21,-69.4
22,-62.9
23,-69.6
24,-60.5
25,-65.2
26,-59.4
