frequency,pdr
11,-60.7
12,-71.1111111111
13,-58.0
14,-57.9
15,-70.4
16,-61.0
17,-63.6
18,-72.1
19,-58.0
20,-60.0
21,-58.0
22,-72.0
23,-70.1111111111
24,-60.6
25,-57.3
26,-55.0
