frequency,pdr
11,-56.2
12,-71.8888888889
13,-60.6666666667
14,-61.9
15,-65.9
16,-75.4
17,-64.0
18,-64.0
19,-51.8
20,-58.0
21,-51.1
22,-52.0
23,-51.9
24,-67.8
25,-63.6363636364
26,-63.8
