frequency,pdr
11,-61.0
12,-62.5555555556
13,-63.8888888889
14,-60.9
15,-59.5
16,-67.0
17,-58.0
18,-52.0
19,-61.7
20,-64.0
21,-61.0
22,-58.0
23,-67.0
24,-61.7
25,-65.5
26,-65.8
