frequency,pdr
11,-55.0
12,-61.4444444444
13,-66.1111111111
14,-60.6
15,-63.4
16,-54.0
17,-54.4
18,-55.0
19,-52.8
20,-52.0
21,-63.0
22,-59.0
23,-67.5
24,-58.0
25,-64.6
26,-60.3
