frequency,pdr
11,-55.0
12,-64.3333333333
13,-58.4
14,-60.3
15,-56.3
16,-56.0
17,-66.0
18,-59.0
19,-69.4
20,-70.0
21,-58.6
22,-64.5
23,-68.0
24,-70.8181818182
25,-61.0
26,-66.0
