frequency,pdr
11,-61.1
12,-68.5555555556
13,-55.0
14,-62.1
15,-59.1
16,-70.0
17,-66.5
18,-59.7
19,-68.0
20,-56.0
21,-55.0
22,-72.4444444444
23,-66.125
24,-61.0
25,-62.7
26,-65.1
