frequency,pdr
11,-57.6
12,-65.3333333333
13,-62.5555555556
14,-58.4
15,-58.0
16,-55.0
17,-61.0
18,-59.4
19,-64.0
20,-64.0
21,-62.2
22,-61.0
23,-60.2
24,-62.7
25,-58.0
26,-65.3
