frequency,pdr
11,-55.0
12,-57.8888888889
13,-57.3333333333
14,-57.9
15,-57.2
16,-54.0
17,-59.8
18,-54.7
19,-55.5
20,-67.7
21,-53.3
22,-57.9
23,-55.2
24,-53.7
25,-61.5
26,-63.8
