frequency,pdr
11,-62.5
12,-78.2222222222
13,-66.2222222222
14,-58.0
15,-65.1
16,-65.7
17,-66.6
18,-62.5
19,-55.0
20,-65.2
21,-72.6
22,-74.4
23,-53.0
24,-60.3
25,-61.0
26,-63.0
