frequency,pdr
11,-61.0
12,-66.6666666667
13,-66.8888888889
14,-70.6666666667
15,-74.6
16,-63.5
17,-59.5
18,-67.2
19,-62.9
20,-61.0
21,-64.0
22,-64.0
23,-58.1
24,-68.7272727273
25,-65.0
26,-60.7
