frequency,pdr
11,-60.0
12,-62.5555555556
13,-61.2222222222
14,-53.3
15,-52.2
16,-50.7
17,-51.5
18,-58.2
19,-62.3
20,-58.8
21,-55.2
22,-52.0
23,-54.8
24,-53.7
25,-58.0
26,-60.0
