frequency,pdr
11,-58.0
12,-63.1111111111
13,-56.0
14,-62.0
15,-55.0
16,-56.5
17,-63.0
18,-58.0
19,-58.0
20,-59.4
21,-67.4
22,-66.4
23,-72.4444444444
24,-59.4
25,-63.3
26,-67.8
