frequency,pdr
11,-58.0
12,-58.7777777778
13,-57.7777777778
14,-65.9
15,-67.0
16,-67.4
17,-63.1
18,-62.6
19,-58.0
20,-55.1
21,-52.0
22,-59.4
23,-72.5
24,-65.4
25,-69.7
26,-61.0
