frequency,pdr
11,-60.7
12,-61.1111111111
13,-60.8888888889
14,-56.5
15,-57.9
16,-60.7
17,-68.1
18,-64.3
19,-61.7
20,-60.6
21,-70.5
22,-62.2
23,-58.0
24,-56.0
25,-61.0
26,-55.0
