frequency,pdr
11,-66.2222222222
12,-73.4444444444
13,-66.25
14,-60.9
15,-77.7
16,-64.9
17,-65.8
18,-61.0
19,-72.2
20,-67.8
21,-70.9
22,-67.0
23,-62.4
24,-68.2
25,-84.3
26,-72.8
