frequency,pdr
11,-61.0
12,-63.8888888889
13,-61.1111111111
14,-58.0
15,-60.9
16,-61.0
17,-61.0
18,-65.8
19,-79.0
20,-65.3
21,-63.1
22,-73.0
23,-61.0
24,-63.9
25,-62.6
26,-58.6
