frequency,pdr
11,-69.1
12,-60.9
13,-57.2222222222
14,-72.3333333333
15,-72.7
16,-62.3
17,-59.2
18,-59.7
19,-67.3
20,-61.7
21,-65.9
22,-66.4
23,-72.4
24,-71.7
25,-70.0
26,-67.0
