frequency,pdr
11,-55.0
12,-60.6666666667
13,-67.3333333333
14,-60.1
15,-58.0
16,-61.3
17,-60.2
18,-55.0
19,-61.2
20,-55.0
21,-60.6
22,-64.0
23,-58.3
24,-61.2
25,-58.0
26,-65.0
