frequency,pdr
11,-76.0
12,-78.1
13,-79.1
14,-82.1
15,-89.4
16,-90.7777777778
17,-86.5714285714
18,-87.6666666667
19,-91.0
21,-89.8
22,-85.1
23,-84.2
24,-82.9
25,-82.0
26,-82.0
