frequency,pdr
11,-85.8888888889
12,-86.5714285714
13,-87.0
14,-86.8
15,-86.0
16,-85.2
17,-84.9
18,-84.2222222222
19,-83.9
20,-83.2
21,-84.0
22,-83.5
23,-84.0
24,-84.0
25,-84.8
26,-85.3
