frequency,pdr
11,-87.8
12,-89.5714285714
13,-91.0
14,-91.0
15,-91.0
16,-88.6
17,-88.0
18,-88.7142857143
19,-90.1
20,-89.8
21,-86.3
22,-83.9
23,-82.6
24,-83.4
25,-85.0
26,-87.5
