frequency,pdr
11,-89.8888888889
12,-90.1666666667
13,-90.0
14,-89.9
15,-90.8
16,-91.0
17,-91.0
23,-91.0
24,-91.0
25,-91.0
26,-91.0
