frequency,pdr
11,-86.6666666667
12,-87.1111111111
13,-89.25
14,-90.0
15,-90.0
16,-90.0
17,-90.0
18,-89.2222222222
19,-89.7
20,-89.2
21,-89.8888888889
23,-90.5714285714
24,-90.9
25,-91.0
