frequency,pdr
12,-89.25
13,-86.8
14,-84.9
15,-85.7
16,-88.0
17,-90.0
18,-89.5555555556
19,-91.0
21,-91.0
23,-91.0
24,-90.0
25,-90.0
26,-90.0909090909
