frequency,pdr
11,-83.625
12,-86.8888888889
13,-88.2222222222
14,-87.1
15,-86.0
16,-85.0
17,-82.4
18,-82.1818181818
19,-83.8
20,-85.0
21,-84.9
22,-83.4444444444
23,-83.6666666667
24,-85.0
25,-88.0
26,-90.6
