frequency,pdr
11,-88.3
12,-90.8
13,-91.0
15,-91.0
16,-91.0
17,-91.0
18,-89.0
19,-87.7
20,-87.0
21,-86.0
22,-86.3333333333
23,-87.9090909091
24,-88.5
25,-89.1
26,-89.8
