frequency,pdr
11,-82.0
12,-82.7
13,-80.9
14,-79.1
15,-80.0
16,-82.0
17,-82.5
18,-84.7
19,-85.3
20,-86.0
21,-88.0
22,-88.4444444444
23,-90.3333333333
24,-88.7
25,-85.0
26,-82.0
