frequency,pdr
11,-76.0
12,-75.8
13,-76.0
14,-77.0
15,-78.5
16,-79.0
17,-80.1
18,-82.4
19,-88.5
20,-86.0
21,-82.125
22,-79.8888888889
23,-78.2222222222
24,-77.6
25,-79.0
26,-79.0
