frequency,pdr
11,-82.0
12,-83.0
13,-84.0
14,-85.0
15,-86.5
16,-88.0
17,-89.8888888889
18,-90.375
19,-90.1
20,-89.5
21,-90.7777777778
22,-90.1111111111
23,-90.0
24,-87.7
25,-86.9
26,-87.0
