frequency,pdr
11,-85.5
12,-84.8
13,-84.1
14,-86.9
15,-91.0
16,-91.0
17,-88.7777777778
18,-86.0
19,-85.0
20,-84.1
21,-84.7
22,-85.5555555556
23,-85.2222222222
24,-85.1
25,-85.1
26,-87.8
