frequency,pdr
12,-90.8888888889
13,-88.0
14,-88.0
15,-90.5
16,-91.0
17,-91.0
18,-91.0
20,-91.0
21,-87.3
22,-85.8888888889
23,-85.0
24,-84.9
25,-84.9
26,-88.1
