frequency,pdr
11,-89.3333333333
12,-88.2222222222
13,-90.2222222222
14,-91.0
15,-91.0
16,-90.6
17,-89.4
18,-88.2
19,-88.8
20,-91.0
21,-91.0
22,-90.0
23,-90.9
24,-90.4444444444
25,-91.0
26,-91.0
