frequency,pdr
11,-49.0
12,-50.4
13,-47.3333333333
14,-46.3333333333
15,-46.6
16,-46.0
17,-46.0
18,-43.2
19,-43.3
20,-43.0
21,-43.0
22,-43.0
23,-43.0
24,-43.0
25,-43.0
26,-43.5
