frequency,pdr
11,-60.8888888889
12,-61.0
13,-57.6666666667
14,-57.3333333333
15,-53.3
16,-53.0
17,-59.8
18,-69.1
19,-63.5
20,-55.0
21,-54.1
22,-55.0
23,-52.4
24,-54.3
25,-52.1
26,-49.0
