frequency,pdr
11,-51.8
12,-54.3
13,-52.5555555556
14,-52.3333333333
15,-49.0
16,-49.75
17,-50.8
18,-50.7
19,-52.0
20,-52.0
21,-55.0
22,-58.0
23,-55.0
24,-55.0
25,-55.1
26,-61.5
