frequency,pdr
11,-55.0
12,-55.0
13,-61.3333333333
14,-62.6666666667
15,-55.0
16,-55.0
17,-60.8888888889
18,-61.0
19,-72.8571428571
20,-74.6
21,-58.0
22,-55.0
23,-55.0
24,-63.3
25,-66.7
26,-59.5
