frequency,pdr
11,-52.0
12,-54.7
13,-57.7777777778
14,-58.0
15,-67.0
16,-82.5
17,-64.2222222222
18,-59.4
19,-59.8
20,-63.0
21,-67.0
22,-61.0
23,-58.0
24,-58.7
25,-58.0
26,-56.2
