frequency,pdr
11,-58.3333333333
12,-66.7
13,-69.1111111111
14,-65.8888888889
15,-67.0
16,-65.0
17,-66.0
18,-58.0
19,-55.0
20,-58.9
21,-64.9
22,-65.4
23,-64.2
24,-67.0
25,-70.2
26,-58.1
