frequency,pdr
11,-52.0
12,-57.3
13,-60.7777777778
14,-58.1111111111
15,-64.1
16,-62.3333333333
17,-67.8
18,-65.2
19,-59.6
20,-60.8
21,-61.2
22,-58.3
23,-55.8
24,-58.2
25,-60.1
26,-58.1
