frequency,pdr
11,-62.7
12,-63.2222222222
13,-58.0
14,-67.0
15,-63.9
16,-70.1
17,-68.9
18,-70.0
19,-62.1
20,-61.0
21,-64.0
22,-69.2
23,-74.3
24,-64.2
25,-66.7777777778
26,-67.0
