frequency,pdr
11,-61.0
12,-58.5
13,-56.0
14,-69.8888888889
15,-64.3
16,-65.3
17,-58.0
18,-61.0
19,-57.3
20,-69.5
21,-63.6
22,-60.0
23,-56.7
24,-64.0
25,-67.3333333333
26,-68.2
