frequency,pdr
11,-64.2222222222
12,-67.0
13,-64.0
14,-72.1
15,-59.6
16,-77.4
17,-67.0
18,-64.5
19,-64.0
20,-72.4
21,-67.0
22,-63.9
23,-60.9
24,-65.5
25,-62.4444444444
26,-67.0
