frequency,pdr
11,-58.0
12,-71.3333333333
13,-58.0
14,-65.3
15,-67.8
16,-61.2
17,-67.5
18,-53.6
19,-54.5
20,-55.0
21,-62.3
22,-59.5
23,-53.5
24,-72.9
25,-61.4444444444
26,-71.9
