frequency,pdr
11,-63.5555555556
12,-64.0
13,-67.0
14,-70.5555555556
15,-75.5
16,-66.4
17,-72.2
18,-60.8
19,-66.1
20,-70.1
21,-76.9
22,-66.9
23,-67.2
24,-67.3
25,-65.0
26,-65.5
