frequency,pdr
11,-75.7777777778
12,-61.0
13,-69.125
14,-58.0
15,-67.0
16,-58.0
17,-61.1
18,-65.0
19,-59.0
20,-60.0
21,-60.2
22,-61.0
23,-70.1
24,-62.4
25,-70.7777777778
26,-60.7
