frequency,pdr
11,-69.2222222222
12,-60.8888888889
13,-60.7777777778
14,-63.9
15,-64.0
16,-61.0
17,-58.0
18,-56.9
19,-61.7
20,-65.6
21,-68.1
22,-58.0
23,-55.0
24,-63.4
25,-55.9
26,-60.9
