frequency,pdr
11,-61.0
12,-63.8888888889
13,-64.4
14,-63.0
15,-58.0
16,-65.5454545455
17,-67.0
18,-63.5
19,-57.7
20,-55.2
21,-62.5
22,-62.1
23,-59.1
24,-55.5
25,-67.0
26,-63.0
