frequency,pdr
11,-67.0
12,-71.0
13,-68.8571428571
14,-61.0
15,-56.3
16,-62.7
17,-61.5
18,-65.2
19,-58.0
20,-55.2
21,-59.0
22,-64.1
23,-65.7
24,-66.9
25,-71.4444444444
26,-63.0
