frequency,pdr
11,-59.8
12,-58.6666666667
13,-61.3
14,-59.4
15,-67.1
16,-63.9
17,-65.9
18,-55.7
19,-57.9
20,-66.6
21,-59.3
22,-60.2
23,-66.9
24,-58.0
25,-65.8888888889
26,-67.0
