frequency,pdr
11,-65.5
12,-67.3333333333
13,-58.1111111111
14,-60.9
15,-70.8
16,-68.5
17,-72.1
18,-62.7
19,-65.9
20,-67.2
21,-67.7
22,-64.0
23,-60.9
24,-59.3
25,-63.8888888889
26,-63.2
