frequency,pdr
11,-67.5
12,-63.3
13,-59.4444444444
14,-65.8
15,-64.2
16,-67.0
17,-64.0
18,-67.0
19,-67.0
20,-69.4
21,-69.9
22,-67.5
23,-66.6
24,-69.2
25,-70.8888888889
26,-68.9
