frequency,pdr
11,-63.9
12,-70.2222222222
13,-58.7777777778
14,-67.1
15,-55.2
16,-55.6
17,-55.8
18,-59.6
19,-65.9
20,-67.0
21,-65.7
22,-62.1
23,-78.3
24,-58.2
25,-58.3
26,-64.4
