frequency,pdr
11,-75.3333333333
12,-73.3333333333
13,-66.375
14,-66.3
15,-67.5
16,-58.7
17,-64.6
18,-71.2
19,-81.8
20,-64.1
21,-63.7
22,-64.0
23,-66.9
24,-61.2
25,-75.6666666667
26,-64.0
