frequency,pdr
11,-64.5
12,-53.8888888889
13,-54.1
14,-52.0
15,-55.0
16,-52.0
17,-53.2
18,-71.0
19,-55.0
20,-53.3
21,-50.2
22,-52.4
23,-48.8
24,-49.0
25,-54.5555555556
26,-59.7
