frequency,pdr
11,-56.4
12,-57.1111111111
13,-58.8888888889
14,-64.0
15,-61.8
16,-59.6
17,-56.4
18,-60.0
19,-64.0
20,-62.1
21,-61.0
22,-65.7
23,-67.0
24,-73.4
25,-58.6666666667
26,-61.0
