frequency,pdr
11,-63.3333333333
12,-64.0
13,-58.0
14,-58.0
15,-68.3
16,-55.0
17,-64.0
18,-66.5
19,-61.0
20,-55.0
21,-68.2
22,-70.4
23,-63.9
24,-67.0
25,-59.7777777778
26,-61.0
