frequency,pdr
11,-61.2
12,-66.4
13,-57.7777777778
14,-60.4
15,-64.1
16,-66.9
17,-65.0
18,-73.5
19,-67.6
20,-67.0
21,-74.5
22,-64.0
23,-67.9
24,-60.9
25,-64.6666666667
26,-62.6
