frequency,pdr
11,-66.9
12,-64.5
13,-57.1111111111
14,-64.3
15,-76.6666666667
16,-56.2
17,-55.9
18,-66.8
19,-61.8
20,-63.0
21,-62.2
22,-78.6666666667
23,-65.6
24,-67.0
25,-65.2222222222
26,-72.3
