frequency,pdr
11,-66.2222222222
12,-64.4444444444
13,-71.0
14,-61.0
15,-60.4
16,-67.0
17,-61.0
18,-61.0
19,-61.8
20,-62.5
21,-56.4
22,-67.5
23,-67.0
24,-61.0
25,-73.1111111111
26,-67.0
