frequency,pdr
11,-58.1
12,-63.8888888889
13,-57.8888888889
14,-62.2
15,-74.4444444444
16,-60.9
17,-64.0
18,-61.0
19,-66.1
20,-58.2
21,-58.8
22,-60.9090909091
23,-66.7
24,-58.0
25,-66.6666666667
26,-55.1
