frequency,pdr
11,-50.0
12,-63.7777777778
13,-54.8888888889
14,-58.0
15,-79.7
16,-55.0
17,-47.1
18,-50.0
19,-49.0
20,-49.0
21,-53.5
22,-58.0
23,-67.0
24,-58.2
25,-52.1
26,-52.2
