frequency,pdr
11,-61.0
12,-61.0
13,-73.7142857143
14,-65.9
15,-69.5
16,-58.0
17,-62.7
18,-58.0
19,-58.9
20,-64.1
21,-66.0
22,-66.0
23,-68.7
24,-58.7
25,-59.6666666667
26,-58.0
