frequency,pdr
11,-67.4444444444
12,-64.0
13,-60.3333333333
14,-58.0
15,-56.0
16,-63.3
17,-55.0
18,-65.8
19,-65.7
20,-66.4
21,-67.0
22,-59.7
23,-64.0
24,-69.0
25,-64.0
26,-63.3
