frequency,pdr
11,-57.4
12,-58.4444444444
13,-65.0
14,-55.1
15,-55.1
16,-67.0
17,-61.4
18,-71.5
19,-76.9
20,-61.0
21,-67.5
22,-70.4444444444
23,-62.0
24,-70.0
25,-67.8888888889
26,-71.6
