frequency,pdr
11,-69.8
12,-68.6666666667
13,-61.875
14,-65.3333333333
15,-61.7
16,-64.0
17,-70.0
18,-67.0
19,-67.0
20,-61.0
21,-62.0
22,-70.5
23,-79.3
24,-66.6
25,-74.3333333333
26,-72.6
