frequency,pdr
11,-63.8888888889
12,-63.8888888889
13,-65.1111111111
14,-69.6666666667
15,-63.0
16,-61.9
17,-67.0
18,-62.6
19,-63.4
20,-61.0
21,-67.5
22,-72.1
23,-70.0
24,-64.0
25,-67.0
26,-64.9
