frequency,pdr
11,-57.8
12,-55.0
13,-64.4285714286
14,-64.1
15,-61.0
16,-63.3
17,-63.1
18,-58.2
19,-66.7
20,-74.7
21,-65.6
22,-77.1
23,-62.8
24,-66.3
25,-68.1111111111
26,-68.7
