frequency,pdr
11,-62.0
12,-70.2222222222
13,-60.2222222222
14,-70.6
15,-61.9
16,-68.9
17,-68.9
18,-64.0
19,-66.2
20,-63.2
21,-59.3
22,-66.3
23,-68.0
24,-68.7
25,-70.2
26,-67.5
