frequency,pdr
11,-55.0
12,-62.8
13,-55.1111111111
14,-52.0
15,-57.5
16,-59.0
17,-59.0
18,-52.0
19,-55.0
20,-54.6
21,-54.9
22,-65.0
23,-57.5
24,-72.2
25,-66.5555555556
26,-61.0
