frequency,pdr
11,-69.2
12,-64.0
13,-70.4285714286
14,-64.1
15,-70.0
16,-68.2
17,-71.1
18,-65.0
19,-64.0
20,-61.4
21,-64.0
22,-71.3
23,-62.1
24,-67.0
25,-73.4444444444
26,-66.7
