frequency,pdr
11,-61.1
12,-61.1111111111
13,-63.6666666667
14,-63.0
15,-67.7
16,-63.3
17,-77.0
18,-64.6
19,-61.1
20,-59.8
21,-70.0
22,-68.3
23,-61.6
24,-70.0
25,-70.0
26,-60.7
