frequency,pdr
11,-61.2
12,-58.0
13,-58.7777777778
14,-55.4
15,-65.2
16,-65.2
17,-57.7
18,-69.2
19,-69.2
20,-61.0
21,-68.7
22,-58.0
23,-61.0
24,-62.7
25,-65.6666666667
26,-65.8
