frequency,pdr
11,-55.6
12,-57.3333333333
13,-65.0
14,-75.3333333333
15,-73.4
16,-65.6
17,-62.4
18,-62.6
19,-73.5
20,-67.0
21,-66.8
22,-67.9
23,-68.8
24,-58.4
25,-67.0
26,-67.1
