frequency,pdr
11,-70.6666666667
12,-67.0
13,-65.75
14,-64.7
15,-65.6
16,-67.5
17,-63.7
18,-64.0
19,-75.8
20,-63.7
21,-73.2
22,-62.7
23,-61.1
24,-74.3
25,-58.6666666667
26,-59.2
