frequency,pdr
11,-62.4
12,-60.3
13,-71.375
14,-61.0
15,-64.4
16,-68.3
17,-62.5
18,-63.2727272727
19,-61.0
20,-64.0
21,-61.4
22,-56.7
23,-67.0
24,-64.0
25,-67.6666666667
26,-58.0
