frequency,pdr
11,-69.7777777778
12,-59.8888888889
13,-58.4
14,-59.7
15,-54.8
16,-55.0
17,-60.3
18,-65.6
19,-66.9
20,-61.9
21,-60.2
22,-67.4
23,-63.5
24,-67.0
25,-54.9
26,-60.7
