frequency,pdr
11,-67.1111111111
12,-53.2
13,-55.2
14,-55.0
15,-68.6
16,-69.1
17,-67.0
18,-61.0
19,-53.0
20,-60.8
21,-58.4
22,-60.3
23,-60.2
24,-61.6
25,-63.3333333333
26,-70.0
