frequency,pdr
11,-69.7777777778
12,-58.1
13,-65.4444444444
14,-57.7
15,-69.6
16,-64.6
17,-63.0
18,-58.6
19,-59.3
20,-54.5
21,-62.4
22,-61.0
23,-64.4
24,-63.5
25,-66.4444444444
26,-58.1
