frequency,pdr
11,-61.4
12,-64.0
13,-64.2222222222
14,-68.6
15,-61.0
16,-64.0
17,-63.3
18,-60.2
19,-58.8
20,-58.3
21,-61.4
22,-65.4
23,-58.0
24,-59.9
25,-57.2222222222
26,-61.3
