frequency,pdr
11,-65.7
12,-73.0
13,-77.1111111111
14,-66.9
15,-62.4
16,-59.4
17,-78.6
18,-58.9
19,-59.7
20,-65.6
21,-64.9
22,-66.0
23,-67.3
24,-64.0
25,-67.6666666667
26,-79.2
