frequency,pdr
11,-57.5
12,-60.8888888889
13,-60.7777777778
14,-58.8
15,-56.6
16,-69.1
17,-64.0
18,-65.4
19,-68.9
20,-63.8
21,-65.9
22,-68.8
23,-64.7
24,-65.9
25,-69.6666666667
26,-63.3
