frequency,pdr
11,-57.9
12,-58.5555555556
13,-71.5
14,-58.2
15,-61.7
16,-59.6
17,-71.4
18,-62.0
19,-55.0
20,-63.9
21,-59.7
22,-60.1
23,-58.3
24,-56.8
25,-74.2222222222
26,-69.9
