frequency,pdr
11,-61.2
12,-68.8888888889
13,-60.4444444444
14,-55.0
15,-59.6
16,-64.0
17,-67.6
18,-63.7
19,-62.4
20,-67.2
21,-67.6
22,-61.4
23,-55.6
24,-68.9
25,-59.4
26,-68.3
