frequency,pdr
11,-60.4
12,-58.0
13,-60.6666666667
14,-72.1
15,-63.3
16,-58.0
17,-51.9
18,-62.2
19,-69.2727272727
20,-67.0
21,-64.4
22,-74.6
23,-82.4444444444
24,-64.3
25,-64.0
26,-67.0
