frequency,pdr
11,-67.0
12,-65.8888888889
13,-64.5714285714
14,-58.4
15,-63.7
16,-55.0
17,-61.7
18,-67.0
19,-67.0
20,-55.0
21,-55.0
22,-63.6
23,-67.0
24,-70.4
25,-60.8888888889
26,-58.0
