frequency,pdr
11,-61.9
12,-66.6
13,-62.375
14,-70.7777777778
15,-67.9
16,-59.7
17,-56.7
18,-66.4545454545
19,-64.3
20,-58.1
21,-55.0
22,-66.5
23,-65.3
24,-64.0
25,-72.6666666667
26,-82.3
