frequency,pdr
11,-58.0
12,-56.3333333333
13,-61.0
14,-63.3
15,-61.0
16,-60.0
17,-63.0
18,-66.9
19,-62.5
20,-70.1
21,-66.0
22,-61.6
23,-64.0
24,-62.3
25,-71.5555555556
26,-66.9
