frequency,pdr
11,-66.8888888889
12,-55.5
13,-57.9
14,-60.7
15,-65.2
16,-55.0
17,-70.4
18,-62.6
19,-60.9
20,-71.1
21,-73.2
22,-67.0
23,-76.7
24,-68.9
25,-67.5555555556
26,-58.0
