frequency,pdr
11,-69.3333333333
12,-59.2
13,-67.1111111111
14,-65.7
15,-63.0
16,-70.2
17,-67.3
18,-71.6
19,-67.4
20,-60.2727272727
21,-61.5
22,-63.9
23,-69.2
24,-67.0
25,-70.8888888889
26,-73.5
