frequency,pdr
11,-65.9
12,-64.0
13,-71.8888888889
14,-60.0
15,-65.5
16,-74.7
17,-64.0
18,-73.3
19,-71.8
20,-66.2
21,-66.3
22,-64.0
23,-66.6
24,-70.0
25,-74.5555555556
26,-70.0
