frequency,pdr
11,-67.4
12,-64.7777777778
13,-60.6666666667
14,-58.0
15,-55.0
16,-55.2
17,-55.0
18,-53.0
19,-66.7
20,-60.4
21,-69.2
22,-71.5
23,-61.4
24,-55.0
25,-63.0
26,-76.2
