frequency,pdr
11,-65.6
12,-73.3
13,-64.8888888889
14,-62.9
15,-60.0
16,-58.0
17,-56.3
18,-62.4
19,-61.0
20,-64.4
21,-64.5
22,-75.3
23,-69.2
24,-68.9
25,-69.7777777778
26,-68.4
