frequency,pdr
11,-63.7
12,-61.0
13,-63.9
14,-67.8888888889
15,-59.2
16,-73.5
17,-67.9
18,-67.4
19,-58.7
20,-62.2
21,-65.0
22,-64.0
23,-62.5
24,-70.0
25,-82.7777777778
26,-71.2
