frequency,pdr
11,-77.6666666667
12,-67.0
13,-64.1111111111
14,-68.0
15,-66.6
16,-67.0
17,-71.9
18,-71.3
19,-64.3
20,-71.0
21,-58.1
22,-65.3
23,-62.9
24,-66.4
25,-62.1111111111
26,-60.0
