frequency,pdr
11,-72.9
12,-63.5555555556
13,-62.2222222222
14,-60.5
15,-55.0
16,-67.9
17,-71.8
18,-59.5
19,-57.9
20,-65.0
21,-60.1
22,-65.4
23,-61.0
24,-59.8
25,-61.0
26,-62.3
