frequency,pdr
11,-66.9
12,-67.0
13,-71.1111111111
14,-71.0
15,-64.0
16,-67.0
17,-67.8
18,-67.0
19,-70.5
20,-63.9
21,-68.7
22,-67.6
23,-75.7
24,-69.2
25,-71.3333333333
26,-66.8
