frequency,pdr
11,-62.5
12,-62.8888888889
13,-67.0
14,-69.0
15,-67.0
16,-78.1
17,-63.1
18,-64.0
19,-64.0
20,-63.9
21,-68.1
22,-66.9
23,-67.0
24,-64.0
25,-67.8888888889
26,-67.0
