frequency,pdr
11,-78.7
12,-79.0
13,-82.0
14,-87.6666666667
15,-91.0
16,-88.9
17,-88.1111111111
18,-87.125
19,-84.4
20,-82.0
21,-83.0
22,-85.25
23,-89.4
24,-85.0
25,-82.0
26,-80.0
