frequency,pdr
11,-79.8571428571
12,-79.4285714286
13,-79.125
14,-78.9
15,-78.0
16,-78.0
17,-79.0
18,-80.8
19,-82.0
20,-82.0
21,-82.0
22,-82.5
23,-86.9
24,-88.4
25,-87.1
26,-87.2
