frequency,pdr
11,-54.8
12,-52.0
13,-49.7
14,-55.0
15,-55.0
16,-55.0
17,-50.2222222222
18,-50.2222222222
19,-50.3
20,-52.9
21,-54.6
22,-55.0
23,-49.2
24,-47.6
25,-49.2
26,-54.9
