frequency,pdr
11,-63.625
12,-76.2222222222
13,-65.7777777778
14,-63.8888888889
15,-61.4
16,-57.5
17,-55.0
18,-55.0
19,-58.6
20,-61.8
21,-63.6
22,-67.0
23,-71.8
24,-74.4
25,-74.9
26,-67.0
