frequency,pdr
11,-52.0
12,-58.0
13,-64.0
14,-55.8888888889
15,-51.0
16,-50.3333333333
17,-49.0
18,-46.8
19,-46.0
20,-47.1
21,-46.7
22,-46.0
23,-46.0
24,-46.0
25,-46.0
26,-48.8
