frequency,pdr
11,-59.1111111111
12,-55.7
13,-53.2
14,-53.4
15,-52.0
16,-52.0
17,-52.0
18,-56.4285714286
19,-57.8888888889
20,-64.9
21,-55.4
22,-52.0
23,-53.0
24,-59.7
25,-55.5
26,-50.0
