frequency,pdr
11,-62.625
12,-55.1111111111
13,-57.2222222222
14,-57.0
15,-56.0
16,-59.9
17,-57.7
18,-55.0
19,-55.0
20,-58.0
21,-64.0
22,-61.0
23,-60.5
24,-59.0
25,-64.0
26,-62.8
