frequency,pdr
11,-51.9
12,-54.4444444444
13,-61.7777777778
14,-57.2222222222
15,-52.0
16,-52.0
17,-52.0
18,-52.0
19,-63.5555555556
20,-59.1
21,-55.0
22,-53.0
23,-55.3
24,-74.9
25,-58.0
26,-53.9
