frequency,pdr
11,-57.7777777778
12,-65.7777777778
13,-58.0
14,-54.7777777778
15,-58.8
16,-58.8
17,-66.4
18,-62.0
19,-61.0
20,-58.0
21,-58.0
22,-61.0
23,-59.8
24,-63.8
25,-63.1
26,-67.0
