frequency,pdr
11,-60.6
12,-73.1111111111
13,-61.3333333333
14,-58.75
15,-58.1
16,-57.4
17,-57.6
18,-58.0
19,-61.4
20,-70.2
21,-78.4
22,-67.0
23,-66.5
24,-64.0
25,-66.8
26,-65.7
