frequency,pdr
11,-59.8888888889
12,-58.5555555556
13,-58.0
14,-57.1111111111
15,-55.2
16,-58.0
17,-55.6
18,-58.0
19,-55.4
20,-58.0
21,-56.4
22,-53.8
23,-55.0
24,-58.0
25,-61.0
26,-67.0
