frequency,pdr
11,-61.125
12,-72.6666666667
13,-68.5555555556
14,-67.4285714286
15,-61.9
16,-61.0
17,-69.4
18,-69.875
19,-69.1
20,-84.2857142857
21,-67.0
22,-67.0
23,-81.7
24,-64.0
25,-63.9
26,-64.3
