frequency,pdr
11,-64.0
12,-64.3333333333
13,-61.3333333333
14,-57.625
15,-61.0
16,-61.0
17,-60.5
18,-59.2222222222
19,-61.0
20,-59.4
21,-63.7
22,-58.0
23,-55.0
24,-60.4
25,-61.5
26,-59.4
