frequency,pdr
11,-75.5454545455
12,-73.2
13,-74.6363636364
14,-73.0
15,-72.0
16,-72.1
17,-73.0
18,-73.0
19,-73.0
20,-75.1
21,-76.3
22,-79.0
23,-80.125
24,-79.6
25,-86.0
26,-91.0
