frequency,pdr
11,-83.0
12,-83.9
13,-83.1111111111
14,-82.5
15,-82.0
16,-82.8
17,-83.1
18,-84.9
19,-88.0
20,-87.9
21,-88.9
22,-90.1666666667
23,-91.0
24,-86.2
25,-83.9
26,-82.8
