frequency,pdr
11,-81.2
12,-79.9
13,-80.7
14,-81.5
15,-81.0
16,-80.3
17,-79.9
18,-80.5
19,-80.8
20,-82.0
21,-83.5555555556
22,-84.3333333333
23,-82.875
24,-81.8
25,-79.0
26,-77.0
