frequency,pdr
11,-85.8888888889
12,-86.6
13,-87.2222222222
14,-89.6
15,-91.0
16,-90.3333333333
17,-90.25
18,-91.0
19,-91.0
20,-89.0
21,-86.8
23,-88.8
24,-87.1
25,-85.7
26,-86.1
