frequency,pdr
11,-91.0
12,-91.0
13,-91.0
14,-88.5
15,-86.2
16,-86.9
17,-87.8
18,-87.0
19,-87.0
20,-89.6
21,-91.0
22,-89.8571428571
23,-89.5
24,-88.1
25,-89.0
26,-90.0909090909
