frequency,pdr
11,-88.0
12,-89.1
13,-90.1
14,-91.0
15,-89.5
16,-86.9
17,-87.9
18,-90.9
19,-91.0
20,-91.0
21,-90.0
22,-87.0
23,-87.5555555556
24,-85.9
25,-83.9
26,-83.6363636364
