frequency,pdr
11,-80.1818181818
12,-82.0
13,-88.0
14,-84.8
15,-82.6
16,-85.7
17,-91.0
18,-84.375
19,-84.2
20,-83.3
21,-83.3
22,-84.8888888889
23,-81.0
24,-79.0
25,-79.0
26,-79.0
