frequency,pdr
11,-90.75
12,-89.8888888889
13,-89.875
14,-91.0
15,-91.0
16,-91.0
17,-91.0
18,-90.4
19,-89.2
20,-89.6
21,-91.0
22,-90.3333333333
23,-91.0
24,-91.0
25,-91.0
26,-91.0
