frequency,pdr
11,-54.9
12,-57.6666666667
13,-64.5555555556
14,-51.8
15,-60.0
16,-49.0
17,-54.7
18,-49.1
19,-52.0
20,-52.0
21,-50.1
22,-54.9
23,-63.8
24,-69.2
25,-56.6
26,-49.7
