frequency,pdr
11,-52.1
12,-61.7777777778
13,-64.5555555556
14,-52.8
15,-61.0
16,-53.2
17,-53.8
18,-51.0
19,-52.0
20,-54.0
21,-51.9
22,-55.0
23,-55.4
24,-58.2
25,-60.1
26,-58.0
