frequency,pdr
11,-58.6
12,-58.6666666667
13,-62.4444444444
14,-67.0
15,-54.9
16,-50.6
17,-46.0
18,-57.5
19,-62.0
20,-58.0
21,-69.5
22,-52.0
23,-52.8
24,-54.5
25,-55.0
26,-58.8
