frequency,pdr
11,-64.5
12,-62.7
13,-60.7777777778
14,-68.7
15,-62.2
16,-59.5555555556
17,-61.0
18,-71.2
19,-61.0
20,-58.1
21,-58.0
22,-68.5
23,-65.2
24,-64.2
25,-60.1
26,-63.1
