frequency,pdr
11,-60.7
12,-68.0
13,-68.8888888889
14,-71.0
15,-64.0
16,-66.9
17,-63.7
18,-64.6
19,-76.2
20,-64.1
21,-68.7
22,-71.5555555556
23,-63.1
24,-67.2
25,-66.6
26,-64.0
