frequency,pdr
11,-63.6
12,-63.3333333333
13,-52.3333333333
14,-54.5
15,-52.0
16,-56.2
17,-67.0
18,-55.5
19,-55.0
20,-54.9
21,-50.9
22,-67.5
23,-65.0
24,-58.0
25,-57.2
26,-66.6
