frequency,pdr
11,-57.9
12,-67.0
13,-67.2222222222
14,-61.4
15,-61.1818181818
16,-63.5
17,-68.3
18,-73.0
19,-64.0
20,-60.3
21,-58.0
22,-63.9
23,-58.2
24,-63.4
25,-55.3
26,-59.0
