frequency,pdr
11,-62.8
12,-74.5555555556
13,-64.7777777778
14,-69.4
15,-68.2
16,-57.6
17,-67.9
18,-64.0
19,-67.0
20,-59.4
21,-55.0
22,-55.0
23,-66.4
24,-78.1
25,-65.9
26,-64.1
