frequency,pdr
11,-62.7
12,-57.9
13,-74.4444444444
14,-66.9
15,-67.0
16,-66.8888888889
17,-65.5
18,-68.6
19,-74.4444444444
20,-55.6
21,-62.9
22,-70.5
23,-60.9
24,-71.2
25,-66.7
26,-61.0
