frequency,pdr
11,-55.0
12,-65.1
13,-58.1
14,-68.5
15,-72.3
16,-68.3333333333
17,-55.4
18,-66.2
19,-70.1
20,-68.0909090909
21,-72.2
22,-62.4
23,-67.0
24,-62.9
25,-60.0
26,-66.7
