frequency,pdr
11,-61.7
12,-70.7777777778
13,-51.3333333333
14,-47.7
15,-51.3
16,-54.8
17,-55.0
18,-57.0
19,-61.9
20,-66.0
21,-71.8
22,-64.0
23,-55.0
24,-58.1
25,-63.9
26,-53.5
