frequency,pdr
11,-58.1
12,-49.0
13,-51.5
14,-43.0
15,-43.0
16,-43.0
17,-43.0
18,-40.1
19,-49.0
20,-45.1818181818
21,-51.0
22,-64.3333333333
23,-61.4
24,-48.0
25,-58.1
26,-49.0
