frequency,pdr
11,-67.3
12,-70.5555555556
13,-71.0
14,-64.1
15,-61.0
16,-65.2222222222
17,-67.0
18,-66.3
19,-67.0
20,-63.6
21,-65.5
22,-74.9
23,-68.7
24,-68.0
25,-72.3
26,-63.7
