frequency,pdr
11,-67.2
12,-73.0
13,-67.7777777778
14,-58.1
15,-65.1
16,-66.1111111111
17,-67.9
18,-65.5
19,-67.1
20,-63.2
21,-65.9
22,-67.8
23,-65.2
24,-70.5
25,-61.0
26,-64.0
