frequency,pdr
11,-50.1
12,-56.1111111111
13,-54.8
14,-63.2727272727
15,-52.0
16,-54.7
17,-61.8
18,-58.0
19,-62.6
20,-65.7
21,-59.2
22,-52.1
23,-49.0
24,-49.0
25,-52.0
26,-49.0
