frequency,pdr
11,-70.2
12,-65.7777777778
13,-66.7777777778
14,-52.9
15,-54.3
16,-51.9
17,-56.4
18,-52.3
19,-67.0
20,-55.1
21,-51.4
22,-53.6
23,-49.0
24,-64.4
25,-55.2
26,-61.1
