frequency,pdr
11,-61.2
12,-55.0
13,-57.0
14,-56.0909090909
15,-56.7
16,-67.8
17,-53.6
18,-55.0
19,-70.9
20,-61.0909090909
21,-68.2
22,-54.3
23,-52.7
24,-55.0
25,-52.0
26,-55.5
