frequency,pdr
11,-67.0
12,-58.4444444444
13,-58.0
14,-54.1
15,-52.0
16,-53.1
17,-57.4
18,-58.0
19,-65.5454545455
20,-52.0
21,-55.0
22,-54.0
23,-59.2
24,-59.1
25,-52.0
26,-61.3
