frequency,pdr
11,-53.7
12,-59.6666666667
13,-60.3333333333
14,-60.4
15,-61.7
16,-56.0909090909
17,-55.0
18,-64.3
19,-60.0
20,-55.2
21,-56.3
22,-67.5
23,-70.0
24,-58.0
25,-63.3
26,-63.8
