frequency,pdr
11,-47.4
12,-62.2222222222
13,-58.2222222222
14,-60.4
15,-51.9
16,-53.4
17,-47.5
18,-52.0
19,-46.0
20,-47.9
21,-55.0
22,-64.7
23,-63.4
24,-47.2
25,-47.0
26,-55.0
