frequency,pdr
11,-61.6
12,-64.1
13,-61.0
14,-57.8888888889
15,-57.8181818182
16,-57.8
17,-55.0
18,-52.9
19,-55.0
20,-55.0
21,-61.0
22,-59.2
23,-65.0
24,-66.5
25,-57.4
26,-69.3
