frequency,pdr
11,-68.7
12,-57.2222222222
13,-79.875
14,-70.2
15,-60.8
16,-64.5555555556
17,-61.0
18,-62.8
19,-61.0
20,-61.8
21,-55.3
22,-66.2
23,-65.6
24,-67.8
25,-74.3
26,-78.5
