frequency,pdr
11,-52.0
12,-50.0
13,-52.4
14,-71.5555555556
15,-56.5
16,-55.0
17,-52.0
18,-52.0
19,-56.9090909091
20,-54.5
21,-53.9
22,-56.6
23,-63.0
24,-56.7
25,-56.0
26,-52.0
