frequency,pdr
11,-62.6
12,-74.625
13,-70.2222222222
14,-64.0
15,-68.1
16,-58.7272727273
17,-61.7
18,-80.4
19,-74.3333333333
20,-67.0
21,-69.2
22,-61.0
23,-63.8
24,-63.0
25,-76.5
26,-68.2
