frequency,pdr
11,-58.0
12,-68.4444444444
13,-69.6666666667
14,-54.3
15,-47.0
16,-49.0
17,-53.0
18,-58.0
19,-55.0
20,-56.8
21,-67.0
22,-47.8
23,-53.2
24,-53.5
25,-49.6
26,-59.5
