frequency,pdr
11,-61.0
12,-61.1111111111
13,-65.3333333333
14,-73.4444444444
15,-63.1
16,-67.4
17,-65.6
18,-55.0
19,-63.8
20,-55.0
21,-66.6
22,-66.4
23,-59.0
24,-56.9
25,-67.9
26,-49.0
