frequency,pdr
11,-65.7
12,-61.1111111111
13,-64.1
14,-66.4
15,-55.4
16,-56.6
17,-65.7
18,-55.0
19,-64.1
20,-61.7
21,-69.3
22,-68.3
23,-55.0
24,-58.0
25,-66.1
26,-78.1111111111
