frequency,pdr
11,-69.2
12,-57.1111111111
13,-56.1111111111
14,-66.8
15,-49.0
16,-43.0
17,-43.0
18,-53.1
19,-49.5
20,-57.0
21,-55.0
22,-64.8
23,-57.6
24,-53.7
25,-53.1
26,-51.9
