frequency,pdr
11,-46.0
12,-49.3333333333
13,-58.3333333333
14,-52.0
15,-54.5
16,-56.4
17,-49.0
18,-43.1
19,-49.0
20,-42.0
21,-39.2
22,-39.6
23,-43.0
24,-43.2
25,-44.0
26,-42.9
