frequency,pdr
11,-81.1
12,-82.375
13,-80.4444444444
14,-79.0
15,-79.0
16,-79.7
17,-81.3
18,-83.4
19,-83.5
20,-81.7
21,-79.5
22,-80.0
23,-80.7777777778
24,-79.4
25,-79.7
26,-81.5
