frequency,pdr
11,-89.0
12,-90.0
13,-89.3333333333
14,-89.8888888889
15,-91.0
16,-91.0
19,-91.0
20,-91.0
21,-91.0
22,-89.1
23,-89.3
24,-90.0
25,-90.1
26,-89.9
