frequency,pdr
13,-90.4
14,-88.4
15,-88.7
16,-89.6
17,-90.375
18,-90.8888888889
19,-91.0
20,-89.8
21,-86.9
22,-83.7777777778
23,-82.0
24,-82.0
25,-82.1
26,-83.2
