frequency,pdr
11,-55.0
12,-61.5555555556
13,-49.8
14,-60.3333333333
15,-63.9
16,-61.3
17,-52.1
18,-60.0
19,-51.8
20,-57.7
21,-49.8
22,-54.5
23,-49.2
24,-60.6
25,-57.1
26,-67.4
