frequency,pdr
11,-54.6
12,-63.4444444444
13,-49.5555555556
14,-59.4
15,-54.2
16,-59.9
17,-52.0
18,-53.8
19,-62.2
20,-55.0
21,-55.9
22,-52.0
23,-58.0
24,-55.6
25,-59.1
26,-58.2
