frequency,pdr
11,-55.0
12,-63.4444444444
13,-50.2
14,-55.2727272727
15,-49.0
16,-52.4
17,-47.0
18,-45.8
19,-53.8
20,-53.1
21,-55.6
22,-52.0
23,-52.6
24,-53.4
25,-52.1
26,-47.0
