frequency,pdr
11,-54.6
12,-65.6666666667
13,-58.5555555556
14,-57.6666666667
15,-52.7
16,-63.1
17,-55.0
18,-52.0
19,-54.8
20,-55.0
21,-55.0
22,-55.0
23,-62.6
24,-55.0
25,-62.7
26,-55.0
