frequency,pdr
11,-51.1
12,-59.5555555556
13,-46.2
14,-51.4444444444
15,-46.0
16,-47.0
17,-51.4
18,-55.0
19,-50.2
20,-59.3
21,-52.0
22,-61.2
23,-61.3
24,-55.0
25,-55.0
26,-64.9
