frequency,pdr
11,-58.7
12,-55.0
13,-61.2222222222
14,-61.5555555556
15,-55.0
16,-61.3
17,-67.0
18,-62.9
19,-66.7
20,-57.5
21,-52.0
22,-55.0
23,-53.0
24,-68.1
25,-58.0
26,-70.1
