frequency,pdr
11,-56.7
12,-71.8
13,-57.8888888889
14,-54.3333333333
15,-67.0
16,-57.3
17,-57.8
18,-52.0
19,-53.0
20,-67.0
21,-60.8
22,-55.0
23,-60.7
24,-64.0
25,-66.8
26,-73.8
