frequency,pdr
11,-55.0
12,-55.0
13,-54.8
14,-55.1111111111
15,-55.0
16,-58.0
17,-70.3
18,-58.0
19,-74.8
20,-59.5
21,-66.1
22,-75.2222222222
23,-55.4
24,-66.3
25,-61.2
26,-54.1
