frequency,pdr
11,-50.2
12,-67.3333333333
13,-57.8888888889
14,-52.5
15,-60.6
16,-56.8
17,-51.9
18,-51.7
19,-74.0
20,-67.4
21,-55.0
22,-52.0
23,-62.8
24,-65.2
25,-55.0
26,-53.5
