frequency,pdr
11,-55.2
12,-55.0
13,-59.3333333333
14,-60.7
15,-62.5
16,-71.4444444444
17,-58.0
18,-59.1
19,-52.7
20,-55.0
21,-55.0
22,-63.1
23,-67.1
24,-57.9
25,-54.3
26,-54.8
