frequency,pdr
11,-61.0
12,-52.1
13,-55.2222222222
14,-54.2222222222
15,-55.0
16,-66.5
17,-55.8
18,-52.0
19,-55.0
20,-51.7
21,-55.2
22,-46.0
23,-56.1
24,-60.4
25,-54.4
26,-52.0
