frequency,pdr
11,-49.0
12,-51.9
13,-51.7777777778
14,-52.6666666667
15,-43.5
16,-48.6
17,-54.8
18,-46.0
19,-54.7
20,-49.0
21,-53.1
22,-55.0
23,-49.6
24,-51.5
25,-47.8
26,-55.2
