frequency,pdr
11,-58.6
12,-56.8888888889
13,-62.375
14,-52.7777777778
15,-47.5
16,-54.2
17,-54.7
18,-55.3
19,-55.1
20,-52.4
21,-53.6
22,-55.5
23,-55.8
24,-52.0
25,-52.0
26,-50.8
