frequency,pdr
11,-52.0
12,-62.1111111111
13,-56.4444444444
14,-52.0
15,-55.0
16,-48.6
17,-64.7
18,-54.1
19,-53.3
20,-54.6
21,-48.4
22,-50.3
23,-46.5
24,-51.3
25,-49.0
26,-54.4
