frequency,pdr
11,-55.1
12,-65.6666666667
13,-49.4
14,-53.2222222222
15,-55.0
16,-50.1
17,-49.0
18,-55.0
19,-53.9
20,-58.7
21,-61.5
22,-61.5
23,-56.4
24,-49.1
25,-51.9
26,-51.6
