frequency,pdr
11,-52.0
12,-53.3
13,-62.4444444444
14,-53.6666666667
15,-65.9
16,-58.9
17,-54.1
18,-58.3
19,-55.8
20,-52.0
21,-51.6
22,-52.2
23,-50.4
24,-52.0
25,-55.0
26,-49.3
