frequency,pdr
11,-49.6
12,-51.6
13,-53.6666666667
14,-49.1111111111
15,-49.2
16,-60.9
17,-53.2
18,-55.0
19,-49.0
20,-49.0
21,-66.5
22,-55.1
23,-49.0
24,-49.0
25,-59.3
26,-50.8
