frequency,pdr
11,-61.5
12,-59.1
13,-55.1111111111
14,-68.2222222222
15,-55.8
16,-61.0
17,-58.0
18,-58.9
19,-62.3
20,-55.0
21,-55.0
22,-55.7
23,-67.1
24,-67.3
25,-73.9
26,-69.1
