frequency,pdr
11,-56.4
12,-61.6666666667
13,-55.2
14,-58.2222222222
15,-59.1
16,-55.0
17,-54.2
18,-58.4
19,-52.0
20,-47.2
21,-43.1
22,-58.3
23,-55.0
24,-57.6
25,-47.4
26,-46.0
