frequency,pdr
11,-55.9
12,-56.8888888889
13,-51.2222222222
14,-61.3
15,-52.2
16,-49.1
17,-51.7
18,-49.0
19,-49.0
20,-46.0
21,-51.3
22,-49.0
23,-51.7
24,-47.0
25,-60.9
26,-52.9
