frequency,pdr
11,-54.5
12,-64.2222222222
13,-66.375
14,-51.4444444444
15,-49.0
16,-50.8
17,-51.2
18,-51.9
19,-46.9
20,-48.8
21,-56.3
22,-43.6
23,-48.5
24,-49.5
25,-63.8
26,-53.7
