frequency,pdr
11,-58.0
12,-55.0
13,-52.7
14,-57.2222222222
15,-49.0
16,-58.6
17,-61.6
18,-53.9
19,-53.2
20,-49.0
21,-56.6
22,-52.0
23,-56.0909090909
24,-57.5
25,-52.1
26,-61.0
