frequency,pdr
11,-73.0
12,-68.2222222222
13,-62.5555555556
14,-75.8888888889
15,-60.2
16,-65.7
17,-67.5
18,-77.8
19,-73.6
20,-61.0
21,-61.6
22,-67.0
23,-64.7
24,-64.9
25,-77.5
26,-55.0
