frequency,pdr
11,-51.9
12,-58.6666666667
13,-60.7777777778
14,-52.0
15,-49.0
16,-47.4
17,-47.4
18,-46.9
19,-50.1
20,-49.4
21,-49.0
22,-52.0
23,-61.3
24,-56.5
25,-70.1
26,-57.6
