frequency,pdr
11,-49.0
12,-53.4444444444
13,-60.6666666667
14,-56.3333333333
15,-47.5
16,-46.0
17,-58.1
18,-49.0
19,-71.7
20,-59.7
21,-52.0
22,-61.0
23,-58.5
24,-48.6
25,-58.1
26,-46.1
