frequency,pdr
11,-50.6
12,-47.6
13,-58.3333333333
14,-54.7777777778
15,-49.0
16,-49.0
17,-54.9
18,-54.7
19,-52.1
20,-51.8
21,-58.6
22,-55.0
23,-50.8
24,-67.2
25,-58.0
26,-60.7
