frequency,pdr
11,-43.0
12,-44.4
13,-55.0
14,-50.7272727273
15,-46.0
16,-54.1
17,-52.3
18,-46.0
19,-48.1
20,-43.0
21,-40.0
22,-47.5454545455
23,-55.0
24,-46.0
25,-44.5
26,-45.0
