frequency,pdr
11,-52.0
12,-55.0
13,-62.7777777778
14,-53.6666666667
15,-53.0
16,-52.7
17,-51.8
18,-54.2
19,-49.1
20,-53.4
21,-60.9
22,-58.0
23,-59.8
24,-55.7
25,-60.9
26,-51.5
