frequency,pdr
11,-68.0
12,-55.0
13,-55.3333333333
14,-49.0
15,-51.2
16,-55.3636363636
17,-61.0
18,-67.0
19,-60.5
20,-67.3
21,-57.3
22,-56.3
23,-60.3
24,-58.0
25,-55.6
26,-57.3
