frequency,pdr
11,-52.0
12,-55.0
13,-54.4444444444
14,-55.0
15,-69.2222222222
16,-59.9
17,-60.7
18,-60.9
19,-60.9
20,-59.5
21,-55.0
22,-60.9
23,-60.5
24,-62.5
25,-58.0
26,-53.6
