frequency,pdr
11,-49.0
12,-58.4
13,-60.6666666667
14,-64.9
15,-54.2222222222
16,-54.7
17,-58.0
18,-55.6
19,-49.0
20,-55.0
21,-52.0
22,-55.4
23,-64.0
24,-66.5
25,-55.3
26,-53.0
