frequency,pdr
11,-52.1
12,-52.0
13,-64.7777777778
14,-51.7
15,-55.1111111111
16,-61.7
17,-58.0
18,-55.0
19,-53.6
20,-60.3
21,-58.5
22,-61.1
23,-71.1
24,-56.6
25,-62.7
26,-58.0
