frequency,pdr
11,-52.9
12,-52.0
13,-63.6666666667
14,-62.4
15,-54.3636363636
16,-55.0
17,-70.6
18,-63.7
19,-69.7
20,-68.0
21,-57.5
22,-54.0
23,-63.2
24,-66.4
25,-55.0
26,-55.0
