frequency,pdr
11,-53.4
12,-49.0
13,-61.5555555556
14,-55.0
15,-55.1111111111
16,-51.0
17,-54.6
18,-53.0
19,-56.5
20,-56.6
21,-55.0
22,-46.0
23,-51.5
24,-54.2
25,-79.5555555556
26,-51.8
