frequency,pdr
11,-68.0
12,-64.3
13,-60.6666666667
14,-68.8181818182
15,-68.0
16,-67.0
17,-61.0
18,-61.0
19,-62.1
20,-67.4
21,-63.7
22,-70.6
23,-59.2
24,-74.5
25,-64.6
26,-59.7
