frequency,pdr
11,-69.1
12,-67.0
13,-72.5555555556
14,-65.6
15,-60.7777777778
16,-57.6
17,-64.1
18,-66.2
19,-70.8
20,-67.0
21,-67.0
22,-64.4
23,-62.4
24,-65.0
25,-58.5
26,-59.0
