frequency,pdr
11,-55.9
12,-58.0
13,-54.3333333333
14,-46.8
15,-56.2222222222
16,-49.0
17,-46.0
18,-50.9
19,-51.1
20,-57.3
21,-59.1
22,-64.6
23,-65.7
24,-59.2
25,-49.0
26,-57.9
