frequency,pdr
11,-61.0
12,-56.6
13,-63.7777777778
14,-59.1
15,-53.2222222222
16,-59.3
17,-60.8
18,-66.8
19,-70.0
20,-60.4
21,-61.4
22,-61.6
23,-55.0
24,-63.4
25,-74.8
26,-63.2
