frequency,pdr
11,-58.0
12,-79.3
13,-61.4444444444
14,-64.9
15,-60.8888888889
16,-64.0
17,-65.1
18,-62.5
19,-57.8
20,-56.9
21,-65.6
22,-73.0
23,-64.0
24,-67.1
25,-76.4
26,-66.0
