frequency,pdr
11,-67.2222222222
12,-57.3
13,-55.6
14,-52.0
15,-54.7777777778
16,-51.4
17,-61.4
18,-62.2
19,-51.9
20,-65.5
21,-51.8
22,-55.2
23,-60.1
24,-69.5
25,-63.9
26,-57.2
