frequency,pdr
11,-62.3
12,-61.2
13,-70.2222222222
14,-73.7777777778
15,-67.1
16,-66.8
17,-65.0
18,-77.7
19,-62.0
20,-58.0
21,-62.1
22,-66.3
23,-67.0
24,-68.3
25,-68.5
26,-66.0
