frequency,pdr
11,-50.6
12,-49.7
13,-57.6666666667
14,-48.0
15,-54.6666666667
16,-57.4
17,-50.4
18,-45.7
19,-46.0
20,-46.7
21,-43.0
22,-43.0
23,-47.9
24,-54.0
25,-54.8
26,-49.3
