frequency,pdr
11,-56.5
12,-63.6
13,-66.7777777778
14,-62.1
15,-66.3333333333
16,-55.0
17,-59.0
18,-60.5
19,-62.0
20,-63.8
21,-64.6
22,-58.9
23,-58.0
24,-58.0
25,-62.9
26,-61.9
