frequency,pdr
11,-55.0
12,-51.1
13,-54.6666666667
14,-49.0
15,-54.6
16,-52.0
17,-55.0
18,-67.0
19,-55.0
20,-56.4
21,-67.4
22,-49.0
23,-46.0
24,-47.8
25,-47.9090909091
26,-56.9
