frequency,pdr
11,-51.7
12,-59.8
13,-63.9
14,-76.7777777778
15,-61.4444444444
16,-60.2
17,-64.0
18,-60.5
19,-61.0
20,-67.0
21,-61.0
22,-63.4
23,-62.6
24,-61.2
25,-66.9
26,-76.2
