frequency,pdr
11,-60.5555555556
12,-62.6
13,-60.8888888889
14,-67.3
15,-62.0
16,-66.5
17,-59.7
18,-55.0
19,-64.0
20,-64.0
21,-67.2
22,-60.9
23,-68.2
24,-65.5
25,-61.0
26,-64.0
