frequency,pdr
11,-50.7
12,-55.6
13,-62.4444444444
14,-48.2
15,-59.4444444444
16,-54.7
17,-55.0
18,-64.3
19,-53.1
20,-49.9
21,-49.0
22,-44.4
23,-47.8
24,-53.1
25,-49.0
26,-51.5
