frequency,pdr
11,-64.0
12,-60.9
13,-64.7777777778
14,-67.5
15,-65.5555555556
16,-67.2
17,-61.0
18,-56.0
19,-61.9
20,-69.2
21,-73.0
22,-63.8
23,-60.3
24,-63.5
25,-66.9
26,-59.3
