frequency,pdr
11,-79.0
12,-78.2
13,-79.0
14,-81.0
15,-83.1
16,-83.1111111111
17,-84.25
18,-84.375
19,-82.6363636364
20,-79.1
21,-79.0
22,-80.3
23,-82.0
24,-82.1
25,-82.1
26,-81.9
