frequency,pdr
11,-67.9
12,-74.3
13,-79.0
14,-73.0
15,-70.0
16,-69.0
17,-68.0
18,-66.8888888889
19,-67.0
20,-66.5
21,-66.0
22,-67.0
23,-67.0
24,-69.1818181818
25,-67.0
26,-66.0
