frequency,pdr
11,-61.5
12,-72.2222222222
13,-61.1
14,-61.9090909091
15,-67.0
16,-69.3
17,-58.0
18,-62.1
19,-64.4
20,-62.0
21,-60.9
22,-61.2
23,-65.5
24,-67.0
25,-64.0
26,-74.9
