frequency,pdr
11,-68.8
12,-76.4444444444
13,-70.4545454545
14,-67.0
15,-67.0
16,-65.0
17,-64.5
18,-62.0
19,-64.0
20,-62.7
21,-65.7
22,-67.4
23,-76.6
24,-67.0
25,-72.4
26,-70.0
