frequency,pdr
11,-61.0
12,-63.6666666667
13,-59.7777777778
14,-60.4444444444
15,-77.5555555556
16,-64.0
17,-61.0
18,-56.1
19,-60.2
20,-58.0
21,-66.7
22,-66.8
23,-73.8888888889
24,-65.3
25,-68.7
26,-67.0
