frequency,pdr
11,-66.0
12,-61.0
13,-68.8888888889
14,-58.2222222222
15,-62.7777777778
16,-68.6
17,-54.4
18,-68.0
19,-70.0
20,-70.0
21,-69.4
22,-64.0
23,-68.4
24,-73.2
25,-64.0
26,-60.6
