frequency,pdr
11,-63.6
12,-77.4444444444
13,-70.6666666667
14,-58.0
15,-61.0
16,-61.0
17,-73.2
18,-68.5
19,-69.1
20,-65.0
21,-61.4
22,-69.7
23,-66.0
24,-59.0
25,-72.5
26,-68.2
