frequency,pdr
11,-65.2
12,-59.6666666667
13,-64.0
14,-64.8888888889
15,-65.8888888889
16,-58.0
17,-62.6
18,-66.4
19,-64.2
20,-64.8
21,-61.0
22,-71.4
23,-61.0
24,-64.0
25,-58.0
26,-57.4
