frequency,pdr
11,-58.6
12,-70.5555555556
13,-69.8888888889
14,-62.8888888889
15,-65.5555555556
16,-73.0
17,-69.5
18,-70.5
19,-64.0
20,-64.0
21,-61.4
22,-58.0
23,-69.8
24,-64.0
25,-74.4
26,-69.0
