frequency,pdr
11,-67.4
12,-61.8888888889
13,-67.0
14,-63.3636363636
15,-59.6666666667
16,-59.1
17,-67.6
18,-63.6
19,-70.0
20,-63.9
21,-64.0
22,-62.4
23,-73.0
24,-64.0
25,-67.2
26,-66.6
