frequency,pdr
11,-72.25
12,-62.5555555556
13,-61.6
14,-63.3333333333
15,-65.7777777778
16,-67.0
17,-61.8
18,-64.0
19,-68.7
20,-71.0
21,-61.0
22,-67.0
23,-63.5
24,-66.7
25,-68.4
26,-68.8
