frequency,pdr
11,-64.3
12,-64.0
13,-67.0
14,-67.5555555556
15,-68.1111111111
16,-62.0
17,-64.9
18,-67.0
19,-68.5
20,-61.0
21,-66.6
22,-70.9
23,-73.2
24,-66.4
25,-67.7
26,-67.6
