frequency,pdr
11,-60.5
12,-70.3333333333
13,-62.5
14,-67.1
15,-75.6666666667
16,-68.0
17,-78.6
18,-67.4
19,-70.7
20,-61.0
21,-68.5
22,-68.2
23,-70.5
24,-77.5
25,-62.3
26,-62.6
