frequency,pdr
11,-68.6363636364
12,-68.7777777778
13,-67.1
14,-68.1
15,-70.0
16,-62.3
17,-64.0
18,-63.7
19,-73.1
20,-77.6
21,-62.0
22,-65.8
23,-81.0
24,-77.7
25,-67.0
26,-72.7
