frequency,pdr
11,-65.4
12,-62.1111111111
13,-79.7777777778
14,-64.1111111111
15,-67.0
16,-70.0
17,-75.4
18,-68.1
19,-69.9
20,-62.0
21,-73.6
22,-76.0
23,-68.8
24,-76.7
25,-72.2
26,-66.8
