frequency,pdr
11,-70.2
12,-61.0
13,-64.0
14,-71.4444444444
15,-64.8888888889
16,-59.2
17,-64.0
18,-73.0
19,-68.0
20,-79.3
21,-65.0
22,-60.1
23,-65.6
24,-64.0
25,-59.6
26,-67.8
