frequency,pdr
11,-57.3
12,-58.5555555556
13,-51.8
14,-60.8888888889
15,-60.2222222222
16,-47.7
17,-49.0
18,-54.7
19,-57.6
20,-61.5
21,-53.6
22,-59.3
23,-68.9
24,-58.0
25,-55.8
26,-55.0
