frequency,pdr
11,-69.7
12,-58.1111111111
13,-59.8888888889
14,-68.0
15,-70.0
16,-65.4
17,-63.1
18,-72.9
19,-66.8
20,-67.1
21,-68.4
22,-75.7
23,-65.2
24,-61.0
25,-68.0
26,-69.8
