frequency,pdr
11,-66.5
12,-65.0
13,-63.9
14,-65.4444444444
15,-75.5555555556
16,-76.0
17,-65.0
18,-62.0
19,-64.8
20,-63.9
21,-61.2
22,-60.9
23,-65.5
24,-64.0
25,-67.8
26,-63.0
