frequency,pdr
11,-71.0
12,-65.8888888889
13,-67.0
14,-66.8888888889
15,-61.0
16,-72.9
17,-62.0
18,-67.3
19,-72.5
20,-62.5
21,-55.4
22,-55.0
23,-58.0
24,-64.0
25,-67.8
26,-65.0
