frequency,pdr
11,-52.4
12,-53.1
13,-57.4
14,-59.4444444444
15,-56.6666666667
16,-50.2
17,-55.0
18,-55.0
19,-61.2
20,-57.3
21,-49.0
22,-54.2
23,-67.0
24,-60.0
25,-64.0
26,-55.5
