frequency,pdr
11,-60.8
12,-68.0
13,-67.0
14,-67.7777777778
15,-64.8888888889
16,-57.3
17,-62.4
18,-63.0
19,-72.8
20,-67.0
21,-67.0
22,-66.3
23,-69.7
24,-70.0
25,-65.0
26,-70.9
