frequency,pdr
11,-61.0
12,-61.0
13,-55.4444444444
14,-66.1111111111
15,-81.3333333333
16,-59.7
17,-55.6
18,-67.0
19,-59.8
20,-66.9
21,-65.1
22,-68.4
23,-66.2
24,-58.0
25,-61.0
26,-59.6
