frequency,pdr
11,-67.2
12,-70.7777777778
13,-62.0
14,-71.5555555556
15,-67.0
16,-63.0
17,-74.8
18,-75.5
19,-66.5
20,-67.0
21,-67.0
22,-71.7
23,-67.8
24,-58.3
25,-62.0
26,-67.0
