frequency,pdr
11,-55.5
12,-52.2222222222
13,-55.0
14,-53.2222222222
15,-51.0
16,-50.0
17,-70.3
18,-55.0
19,-52.0
20,-49.0
21,-55.1
22,-63.0
23,-55.0
24,-61.7
25,-73.3
26,-55.0
