frequency,pdr
11,-51.4
12,-49.2222222222
13,-55.7272727273
14,-55.0
15,-62.2222222222
16,-53.6
17,-52.0
18,-56.8
19,-62.4
20,-52.0
21,-49.0
22,-51.9
23,-56.1
24,-71.7
25,-64.0
26,-61.1
