frequency,pdr
11,-61.0
12,-68.5555555556
13,-68.2
14,-71.3333333333
15,-66.0
16,-67.2
17,-64.0
18,-65.8
19,-77.3
20,-65.7
21,-69.4
22,-72.6
23,-64.0
24,-67.7
25,-67.0
26,-64.9
