frequency,pdr
11,-67.0
12,-63.4444444444
13,-60.0
14,-60.9
15,-64.3333333333
16,-70.0
17,-68.2
18,-64.0
19,-65.6363636364
20,-64.0
21,-68.3
22,-67.0
23,-61.0
24,-74.6
25,-60.3
26,-61.0
