frequency,pdr
11,-74.5
12,-77.5
13,-67.8
14,-62.1111111111
15,-65.5555555556
16,-61.0
17,-59.8
18,-69.5
19,-68.1
20,-61.0
21,-61.0
22,-70.9
23,-67.0
24,-71.7
25,-68.1
26,-66.2
