frequency,pdr
11,-64.2
12,-74.3333333333
13,-65.1
14,-73.0
15,-68.2222222222
16,-68.8
17,-69.1
18,-70.0
19,-76.2
20,-76.2
21,-71.0
22,-67.0
23,-77.7
24,-74.5
25,-64.8
26,-62.8
