frequency,pdr
11,-74.9
12,-69.6666666667
13,-67.0
14,-81.75
15,-62.1111111111
16,-73.4
17,-62.0
18,-58.1
19,-61.0
20,-63.6
21,-64.4
22,-77.0
23,-64.0
24,-63.7
25,-55.0
26,-57.8181818182
