frequency,pdr
11,-61.0
12,-64.6666666667
13,-59.5555555556
14,-59.1
15,-61.1111111111
16,-63.7
17,-66.7
18,-65.6
19,-58.0
20,-62.7
21,-67.2
22,-63.9
23,-66.0
24,-62.1
25,-69.6
26,-71.5
