frequency,pdr
11,-71.0
12,-72.2222222222
13,-74.0
14,-74.2
15,-66.7777777778
16,-68.4
17,-68.5
18,-67.0
19,-65.2
20,-72.9
21,-68.2
22,-67.1
23,-64.0
24,-64.4
25,-70.0
26,-68.3
