frequency,pdr
11,-43.0
12,-46.4
13,-47.4
14,-47.3333333333
15,-43.8888888889
16,-43.0
17,-46.0
18,-45.6
19,-52.0
20,-46.0
21,-43.0
22,-52.1
23,-46.0
24,-43.0
25,-48.2
26,-48.8
