frequency,pdr
11,-63.2
12,-50.2222222222
13,-52.0
14,-57.5555555556
15,-61.2222222222
16,-58.0
17,-54.2
18,-54.6
19,-53.0
20,-52.0
21,-51.0
22,-50.7
23,-52.1
24,-55.0
25,-68.7
26,-58.0
