frequency,pdr
11,-66.4
12,-68.3333333333
13,-67.0
14,-75.8888888889
15,-68.0
16,-67.2
17,-75.7
18,-68.5
19,-71.9
20,-70.2
21,-75.0
22,-64.0
23,-70.0
24,-66.0
25,-66.8
26,-67.0
