frequency,pdr
11,-64.9
12,-63.2222222222
13,-68.7
14,-73.4444444444
15,-66.0
16,-58.4
17,-76.8
18,-61.9
19,-59.6
20,-60.3
21,-63.6
22,-64.0
23,-67.2
24,-60.9
25,-55.0
26,-63.8
