frequency,pdr
11,-59.1
12,-63.2222222222
13,-61.1111111111
14,-60.9
15,-65.0
16,-69.0
17,-70.0
18,-61.4
19,-66.1
20,-64.0
21,-63.3
22,-61.9
23,-69.5
24,-69.5
25,-67.1
26,-61.9
