frequency,pdr
11,-73.4
12,-58.0
13,-60.3333333333
14,-55.1111111111
15,-74.5555555556
16,-69.6
17,-73.2
18,-61.5
19,-61.0
20,-61.5
21,-70.0
22,-63.7
23,-73.0
24,-62.0
25,-67.0
26,-72.6
