frequency,pdr
11,-63.9
12,-66.2222222222
13,-73.2222222222
14,-61.0
15,-64.0
16,-75.5
17,-70.1
18,-62.2
19,-63.0
20,-65.9
21,-64.0
22,-65.2
23,-61.4
24,-61.9
25,-70.9
26,-71.2
