frequency,pdr
11,-62.9
12,-59.5555555556
13,-67.0
14,-67.0
15,-69.6666666667
16,-66.2
17,-65.3
18,-65.8
19,-71.1
20,-55.0
21,-65.5
22,-72.7
23,-72.1
24,-65.9
25,-66.4
26,-71.8
