frequency,pdr
11,-63.4
12,-57.7777777778
13,-63.1
14,-64.0
15,-62.8888888889
16,-70.2
17,-63.0
18,-61.0
19,-58.0
20,-56.0
21,-63.5
22,-68.0
23,-72.2
24,-62.2
25,-68.3
26,-61.9
