frequency,pdr
11,-53.3
12,-46.1
13,-43.6
14,-43.0
15,-47.5555555556
16,-45.2
17,-52.0
18,-52.0
19,-52.3636363636
20,-43.0
21,-43.0
22,-40.9
23,-40.9
24,-46.0
25,-42.2
26,-43.0
