frequency,pdr
11,-67.0
12,-67.0
13,-70.5555555556
14,-69.2222222222
15,-75.5555555556
16,-65.4
17,-71.3
18,-65.5
19,-67.4
20,-67.0
21,-67.0
22,-67.0
23,-71.2
24,-68.5
25,-67.0
26,-67.0
