frequency,pdr
11,-58.6
12,-61.0
13,-65.7777777778
14,-70.0
15,-66.3333333333
16,-56.6
17,-58.0
18,-60.9
19,-64.0
20,-61.2
21,-59.0
22,-67.0
23,-64.4
24,-66.6
25,-78.0
26,-58.5
