frequency,pdr
11,-67.2
12,-64.2222222222
13,-64.5
14,-73.2222222222
15,-81.2222222222
16,-67.0
17,-69.1818181818
18,-64.0
19,-64.0
20,-71.5
21,-70.0
22,-67.0
23,-64.7
24,-68.5
25,-66.8
26,-66.0
