frequency,pdr
11,-64.3
12,-71.5555555556
13,-73.0
14,-70.0
15,-66.8888888889
16,-71.9
17,-70.0
18,-70.0
19,-71.3
20,-68.7
21,-69.1818181818
22,-68.4
23,-71.6
24,-67.0
25,-64.0
26,-70.4
