frequency,pdr
11,-58.1
12,-58.6666666667
13,-67.4444444444
14,-54.2
15,-55.0
16,-52.0
17,-52.0
18,-55.0
19,-55.0
20,-55.0
21,-62.2
22,-61.0
23,-55.0
24,-75.1
25,-61.0
26,-68.0
