frequency,pdr
11,-64.7
12,-78.3333333333
13,-65.7
14,-55.0
15,-56.4444444444
16,-75.1
17,-63.8
18,-73.2
19,-67.0
20,-58.0
21,-71.4
22,-65.1
23,-64.5
24,-65.8
25,-64.0
26,-75.2
