frequency,pdr
11,-65.8
12,-67.8888888889
13,-67.0
14,-65.7777777778
15,-60.4444444444
16,-61.3
17,-66.7
18,-65.9
19,-61.4
20,-63.7
21,-59.0
22,-66.5
23,-64.8
24,-64.0
25,-65.0
26,-74.7
