frequency,pdr
11,-52.0
12,-64.2222222222
13,-54.9
14,-59.3333333333
15,-74.1111111111
16,-56.1
17,-52.0
18,-48.0
19,-47.9
20,-55.0
21,-64.3
22,-60.2
23,-57.6
24,-52.0
25,-58.1
26,-55.6
