frequency,pdr
11,-56.4
12,-65.4444444444
13,-66.5555555556
14,-55.0
15,-54.1111111111
16,-55.0
17,-55.0
18,-64.0
19,-65.8
20,-52.0
21,-55.0
22,-65.7
23,-55.0
24,-58.5
25,-61.8
26,-58.0
