frequency,pdr
11,-61.1
12,-61.5555555556
13,-61.7
14,-60.8
15,-81.5555555556
16,-81.8
17,-62.9
18,-63.6
19,-77.8
20,-66.9
21,-72.8
22,-69.0
23,-67.0
24,-67.0
25,-66.7
26,-69.0
