frequency,pdr
11,-57.6
12,-73.2222222222
13,-63.7
14,-65.9
15,-60.5555555556
16,-61.0
17,-71.5
18,-58.0
19,-58.0
20,-58.0
21,-63.6
22,-61.6
23,-62.4
24,-59.9
25,-69.7
26,-69.6
