frequency,pdr
11,-62.3
12,-67.6666666667
13,-64.8888888889
14,-62.5555555556
15,-70.1111111111
16,-64.6
17,-70.0
18,-61.0
19,-66.5
20,-69.4
21,-73.9
22,-75.2
23,-70.0
24,-77.2
25,-65.4
26,-66.7
