frequency,pdr
11,-76.5
12,-63.6666666667
13,-76.0
14,-71.5555555556
15,-60.1111111111
16,-66.0
17,-67.6
18,-75.9
19,-76.5
20,-68.0
21,-68.0
22,-67.0
23,-74.6
24,-64.9
25,-67.0
26,-63.3
