frequency,pdr
11,-68.2
12,-62.5555555556
13,-64.0
14,-67.6666666667
15,-67.2222222222
16,-64.9
17,-76.4
18,-66.4
19,-68.0
20,-67.0
21,-64.0
22,-76.8
23,-67.0
24,-67.0
25,-72.2
26,-66.3
