frequency,pdr
11,-55.0
12,-66.5555555556
13,-55.0
14,-64.2
15,-62.7777777778
16,-61.0
17,-55.0
18,-70.4
19,-55.0
20,-65.4
21,-62.0
22,-60.0
23,-69.7272727273
24,-61.1
25,-59.6
26,-67.0
