frequency,pdr
11,-64.0
12,-61.1111111111
13,-59.9
14,-64.3
15,-56.6666666667
16,-54.2
17,-58.4
18,-62.6
19,-54.5
20,-61.4
21,-67.5
22,-64.0
23,-58.0
24,-58.0
25,-59.0
26,-57.7
