frequency,pdr
11,-67.2
12,-60.6666666667
13,-61.0
14,-62.8888888889
15,-66.6666666667
16,-77.5
17,-60.1
18,-59.9
19,-60.5
20,-63.5
21,-63.8
22,-70.9
23,-61.0
24,-66.1
25,-68.2
26,-77.3
