frequency,pdr
11,-66.0
12,-67.0
13,-67.9
14,-76.1111111111
15,-68.1111111111
16,-67.0
17,-74.6
18,-70.0
19,-67.2
20,-73.5
21,-75.8181818182
22,-75.6
23,-75.9
24,-67.0
25,-62.8
26,-78.4
