frequency,pdr
11,-55.1
12,-60.2222222222
13,-73.6666666667
14,-59.5555555556
15,-55.0
16,-55.3
17,-55.5
18,-55.0
19,-55.0
20,-76.7
21,-66.0
22,-52.7
23,-53.4
24,-58.0
25,-55.6
26,-73.2
