frequency,pdr
11,-64.9
12,-65.8888888889
13,-68.5
14,-75.5
15,-68.1111111111
16,-64.0
17,-65.3
18,-74.9
19,-65.0
20,-64.0
21,-67.0
22,-67.0
23,-67.0
24,-67.0
25,-67.0
26,-75.7
