frequency,pdr
11,-61.1
12,-59.4444444444
13,-69.6
14,-61.0
15,-60.3333333333
16,-67.1
17,-71.6
18,-57.4
19,-64.0
20,-66.1
21,-75.9
22,-60.9
23,-61.0
24,-63.8
25,-61.0
26,-61.7
