frequency,pdr
11,-64.7
12,-59.4444444444
13,-59.9
14,-68.4444444444
15,-64.0
16,-63.9
17,-67.9
18,-66.7
19,-67.0
20,-69.7
21,-75.0
22,-71.1
23,-67.0
24,-69.9
25,-67.0
26,-68.8
