frequency,pdr
11,-69.2
12,-67.6666666667
13,-69.4444444444
14,-61.2222222222
15,-64.0
16,-65.8
17,-64.4
18,-74.2
19,-72.6
20,-67.0
21,-65.7
22,-66.2
23,-61.8
24,-67.6
25,-60.5
26,-80.1
