frequency,pdr
11,-73.0
12,-71.1111111111
13,-63.4444444444
14,-67.0
15,-61.2222222222
16,-67.0
17,-62.1
18,-63.2
19,-63.9
20,-64.7
21,-60.8
22,-62.8
23,-58.8
24,-67.0
25,-59.9
26,-60.2
