frequency,pdr
11,-64.2
12,-56.6666666667
13,-55.0
14,-69.1111111111
15,-60.0
16,-61.5
17,-55.0
18,-60.5
19,-71.3
20,-67.0
21,-67.0
22,-70.0
23,-70.0
24,-58.0
25,-65.5
26,-77.7
