frequency,pdr
11,-58.7
12,-60.8888888889
13,-60.5555555556
14,-61.0
15,-61.6666666667
16,-60.1
17,-55.1
18,-60.2
19,-69.1
20,-66.1
21,-64.1
22,-67.0
23,-67.0
24,-67.0
25,-66.6
26,-71.4
