frequency,pdr
11,-61.4
12,-64.5
13,-65.3333333333
14,-67.5555555556
15,-73.2222222222
16,-79.1
17,-90.0
18,-71.4
19,-65.4
20,-63.3
21,-67.0
22,-61.0
23,-64.0
24,-67.1
25,-67.0
26,-71.0
