frequency,pdr
11,-64.0
12,-72.7777777778
13,-67.0
14,-79.5555555556
15,-73.0
16,-83.5
17,-65.1
18,-73.3
19,-72.5
20,-70.1
21,-75.9
22,-67.4
23,-64.2
24,-65.3
25,-63.7
26,-63.5
