frequency,pdr
11,-55.1
12,-70.1111111111
13,-66.6
14,-65.4444444444
15,-60.2222222222
16,-63.6
17,-72.1
18,-64.1
19,-76.8
20,-68.7
21,-68.5
22,-68.5
23,-71.7
24,-68.4
25,-64.0
26,-66.8
