frequency,pdr
11,-63.9
12,-66.3333333333
13,-56.6666666667
14,-66.5
15,-71.0
16,-63.9
17,-59.3
18,-64.0
19,-62.4
20,-75.2
21,-63.7
22,-64.0
23,-70.2
24,-58.0
25,-67.0
26,-63.0
