frequency,pdr
11,-66.8
12,-65.7777777778
13,-68.5555555556
14,-56.7777777778
15,-55.1111111111
16,-58.0
17,-64.0
18,-68.2
19,-64.0
20,-66.0
21,-57.8
22,-74.7
23,-58.0
24,-61.0
25,-64.1
26,-63.4
