frequency,pdr
11,-69.0
12,-64.7777777778
13,-62.1111111111
14,-61.9
15,-67.0
16,-64.4
17,-65.9
18,-60.6
19,-67.0
20,-67.0
21,-64.0
22,-64.0
23,-67.0
24,-61.0
25,-60.0
26,-64.0
