frequency,pdr
11,-58.8
12,-61.1111111111
13,-65.4
14,-61.0
15,-70.3333333333
16,-67.0
17,-70.3
18,-71.1
19,-58.0
20,-60.4
21,-61.0
22,-71.5
23,-61.0
24,-61.0
25,-62.5
26,-61.4545454545
