frequency,pdr
11,-66.2
12,-65.5555555556
13,-77.1111111111
14,-68.7777777778
15,-59.5555555556
16,-55.0
17,-61.1
18,-66.5
19,-60.9
20,-73.0
21,-63.6
22,-60.4
23,-59.3
24,-66.9
25,-66.1
26,-61.0
