frequency,pdr
11,-64.1
12,-73.6666666667
13,-69.1111111111
14,-67.5555555556
15,-63.4444444444
16,-64.0
17,-61.0
18,-73.0
19,-67.3
20,-72.1
21,-63.6
22,-64.9
23,-63.8
24,-81.2
25,-77.8
26,-81.6
