frequency,pdr
11,-69.1
12,-66.5555555556
13,-72.8
14,-65.3333333333
15,-67.0
16,-65.5
17,-82.1111111111
18,-64.0
19,-76.2
20,-61.0
21,-58.0
22,-61.0
23,-61.4
24,-70.0
25,-68.9
26,-60.0
