frequency,pdr
11,-61.9
12,-74.0
13,-64.1111111111
14,-63.3
15,-69.8888888889
16,-66.9
17,-70.0
18,-72.5
19,-63.2
20,-62.4
21,-65.0
22,-67.0
23,-64.0
24,-67.4
25,-78.7
26,-71.6
