frequency,pdr
11,-78.2
12,-63.8888888889
13,-66.7777777778
14,-68.4444444444
15,-68.3333333333
16,-70.0
17,-74.4
18,-74.2
19,-76.9
20,-73.0
21,-61.1
22,-67.0
23,-66.8
25,-73.8
26,-63.9
