frequency,pdr
11,-74.8
12,-76.4444444444
13,-64.0
14,-67.3
15,-71.6666666667
16,-66.6
17,-64.0
18,-77.0
19,-67.3
20,-61.0
21,-63.6
22,-68.4
23,-67.0
24,-65.0
25,-79.2
26,-67.0
