frequency,pdr
11,-64.6
12,-73.2222222222
13,-55.1
14,-57.3333333333
15,-57.8888888889
16,-63.6
17,-59.2
18,-66.2
19,-67.0
20,-59.7
21,-58.0
22,-55.0
23,-59.7
24,-58.0
25,-55.0
26,-52.2
