frequency,pdr
11,-67.3
12,-56.5
13,-64.5555555556
14,-72.7777777778
15,-67.5555555556
16,-75.4
17,-61.7
18,-58.0
19,-66.2
20,-62.3
21,-74.7
22,-77.8888888889
23,-76.6
24,-69.8
25,-61.0
26,-64.7
