frequency,pdr
11,-51.9
12,-51.7777777778
13,-52.7777777778
14,-52.0
15,-49.2222222222
16,-46.1
17,-55.0
18,-60.6
19,-54.5
20,-54.0
21,-55.0
22,-61.0
23,-69.1
24,-58.6
25,-55.0
26,-64.0
