frequency,pdr
11,-57.9
12,-67.7777777778
13,-58.0
14,-59.3333333333
15,-58.0
16,-65.1
17,-63.3
18,-75.5
19,-64.0
20,-63.4
21,-58.0
22,-60.5
23,-64.7
24,-56.0
25,-61.3
26,-59.4
