frequency,pdr
11,-55.1
12,-53.1111111111
13,-55.0
14,-51.8
15,-55.0
16,-66.4545454545
17,-61.0
18,-58.0
19,-56.2
20,-55.6
21,-71.4
22,-65.9
23,-65.6
24,-65.2
25,-68.4
26,-84.6
