frequency,pdr
11,-69.1
12,-61.1111111111
13,-65.6
14,-68.4
15,-70.0
16,-67.0
17,-75.6
18,-66.4
19,-65.0
20,-73.7
21,-69.0909090909
22,-67.1
23,-65.3
24,-67.0
25,-67.0
26,-74.3
