frequency,pdr
11,-68.2
12,-65.3333333333
13,-66.5
14,-71.1111111111
15,-63.0
16,-76.2
17,-81.0
18,-70.0
19,-67.4
20,-67.0
21,-64.0
22,-65.2
23,-69.4
24,-70.0
25,-67.0
26,-70.0
