frequency,pdr
11,-58.4
12,-67.5555555556
13,-57.1
14,-67.4444444444
15,-67.7777777778
16,-60.2
17,-59.2
18,-68.0
19,-63.8
20,-55.0
21,-53.8
22,-61.0
23,-64.0
24,-55.0
25,-62.0
26,-63.3
