frequency,pdr
11,-61.4
12,-66.2222222222
13,-59.3
14,-60.8888888889
15,-62.7777777778
16,-60.1
17,-62.5
18,-59.9
19,-65.1
20,-62.0
21,-67.0
22,-76.8
23,-71.7
24,-67.0
25,-72.2
26,-58.0
