frequency,pdr
11,-70.5
12,-66.3333333333
13,-63.1
14,-74.5
15,-60.2222222222
16,-70.5
17,-69.5
18,-68.4
19,-64.0
20,-61.8
21,-65.9
22,-61.0
23,-67.0
24,-75.2
25,-67.0
26,-67.0
