frequency,pdr
11,-55.0
12,-53.8
13,-57.3
14,-62.1111111111
15,-58.3333333333
16,-60.1
17,-62.0
18,-68.9
19,-55.0
20,-64.1
21,-64.0
22,-68.6
23,-68.0
24,-65.0
25,-75.9
26,-68.0
