frequency,pdr
11,-72.2
12,-68.8888888889
13,-64.0
14,-63.1
15,-59.7777777778
16,-64.0
17,-62.4
18,-61.2
19,-67.0
20,-64.0
21,-64.2
22,-67.0
23,-68.3
24,-67.0
25,-62.9
26,-69.2
