frequency,pdr
11,-67.8
12,-60.8888888889
13,-73.1111111111
14,-67.0
15,-63.8888888889
16,-66.5
17,-67.9
18,-68.7
19,-67.0
20,-67.3
21,-67.0
22,-64.0
23,-64.0
24,-66.9
25,-71.1
26,-69.6
