frequency,pdr
11,-55.0
12,-55.0
13,-64.8888888889
14,-62.3333333333
15,-55.0
16,-55.0
17,-55.0
18,-54.9
19,-62.5
20,-52.0
21,-51.0
22,-57.3
23,-61.7
24,-55.0
25,-48.6
26,-49.0
