frequency,pdr
11,-67.4
12,-65.8888888889
13,-69.4
14,-61.0
15,-67.0
16,-67.0
17,-72.0
18,-73.0
19,-61.0
20,-67.0
21,-70.7
22,-79.8888888889
23,-67.0
24,-81.1
25,-67.0
26,-68.0
