frequency,pdr
11,-66.2
12,-62.4444444444
13,-57.9
14,-72.5555555556
15,-67.0
16,-64.0
17,-64.2
18,-66.6
19,-67.0
20,-72.4
21,-67.0
22,-64.0
23,-63.3
24,-61.0
25,-64.0
26,-61.0
