frequency,pdr
11,-53.4
12,-57.3333333333
13,-48.9
14,-46.0
15,-56.3333333333
16,-60.0
17,-55.0
18,-55.2
19,-56.2
20,-60.6
21,-58.0
22,-60.7
23,-61.0
24,-59.7
25,-61.2
26,-71.6
