frequency,pdr
11,-91.0
12,-91.0
13,-90.0
14,-82.1111111111
15,-80.4
16,-81.0
17,-82.8888888889
18,-88.7142857143
19,-91.0
20,-91.0
21,-91.0
23,-91.0
24,-91.0
25,-91.0
26,-91.0
