frequency,pdr
11,-80.0
12,-79.0
13,-80.25
14,-82.0
15,-86.5
16,-91.0
18,-89.6666666667
19,-86.1111111111
20,-89.4
21,-90.8888888889
22,-86.8
23,-87.7142857143
24,-91.0
25,-91.0
26,-91.0
