frequency,pdr
13,-91.0
14,-90.3333333333
15,-91.0
16,-90.7
17,-90.75
18,-87.2857142857
19,-88.0
20,-86.0
21,-90.0
22,-91.0
24,-90.875
25,-91.0
26,-91.0
