frequency,pdr
11,-82.0
12,-85.5555555556
13,-81.0
14,-78.9
15,-79.0
16,-79.0
17,-79.0
18,-81.1111111111
19,-84.0
20,-87.0
21,-89.6666666667
22,-91.0
24,-91.0
25,-91.0
26,-91.0
