frequency,pdr
11,-84.0
12,-85.4444444444
13,-84.25
14,-83.7777777778
15,-85.9
16,-86.7
17,-86.375
18,-85.0
19,-83.0
20,-82.0
21,-83.0
22,-86.5555555556
23,-89.7777777778
24,-88.0
25,-88.5
26,-91.0
