frequency,pdr
11,-69.8888888889
12,-67.0
13,-71.6666666667
14,-62.4
15,-61.0
16,-72.1
17,-64.1
18,-64.3
19,-73.4
20,-64.8
21,-72.9
22,-68.2
23,-63.5
24,-68.0
25,-66.9
26,-65.3
