frequency,pdr
11,-48.4
12,-55.7777777778
13,-54.5555555556
14,-55.0
15,-58.0
16,-62.2
17,-66.9
18,-55.0
19,-55.0
20,-55.0
21,-57.5
22,-56.2
23,-59.1
24,-55.0
25,-61.0
26,-64.0
