frequency,pdr
11,-60.2222222222
12,-61.9
13,-58.6666666667
14,-52.0
15,-60.9
16,-60.6
17,-64.2
18,-56.5
19,-71.7
20,-55.0
21,-64.0
22,-70.2
23,-64.2
24,-51.8
25,-63.5
26,-62.3
