frequency,pdr
11,-53.6
12,-62.3333333333
13,-57.2222222222
14,-52.8
15,-60.8
16,-60.8
17,-58.0
18,-65.3
19,-56.7
20,-55.5
21,-66.4
22,-70.0
23,-58.3
24,-58.0
25,-54.5
26,-62.0
