frequency,pdr
11,-49.1
12,-43.6
13,-54.7
14,-53.5454545455
15,-52.3
16,-52.6
17,-52.7
18,-47.7
19,-45.8
20,-49.0
21,-52.0
22,-61.9
23,-71.5555555556
24,-49.0
25,-47.5
26,-47.7
