frequency,pdr
11,-64.2
12,-64.1111111111
13,-68.5555555556
14,-58.7
15,-61.0
16,-62.0
17,-61.0
18,-74.2
19,-72.2
20,-65.9
21,-63.0
22,-63.8
23,-59.3
24,-65.2
25,-57.7
26,-80.1
