frequency,pdr
11,-55.0
12,-60.5555555556
13,-60.3333333333
14,-46.0
15,-51.7
16,-46.3
17,-55.8
18,-49.0
19,-47.7
20,-51.4
21,-60.6
22,-49.0
23,-53.6
24,-57.4
25,-60.2
26,-54.5
