frequency,pdr
11,-67.1
12,-66.3333333333
13,-62.6666666667
14,-63.0
15,-57.4
16,-67.0
17,-67.0
18,-61.0
19,-67.3
20,-60.3
21,-66.9
22,-62.4
23,-79.3
24,-76.2
25,-70.2
26,-64.0
