frequency,pdr
11,-58.0
12,-64.4
13,-62.3333333333
14,-58.1
15,-64.0
16,-65.9
17,-67.8
18,-56.6
19,-61.2
20,-60.2
21,-62.0
22,-66.8
23,-63.0909090909
24,-59.7
25,-68.2
26,-67.0
