frequency,pdr
11,-71.0
12,-75.2222222222
13,-79.0
14,-83.0
15,-84.7
16,-83.0
17,-79.0
18,-77.3636363636
19,-76.0
20,-73.0
21,-72.4
22,-71.4
23,-72.9
24,-74.2
25,-79.0
26,-79.0
