frequency,pdr
11,-88.5555555556
12,-88.8888888889
13,-89.5714285714
14,-88.0
15,-85.3
16,-86.0
17,-87.5555555556
18,-87.3333333333
19,-88.0
20,-88.0
21,-88.0
22,-87.0
23,-87.0
24,-87.3333333333
25,-91.0
