frequency,pdr
11,-90.7777777778
12,-90.875
13,-91.0
14,-91.0
15,-87.9
16,-86.9
17,-86.9
18,-87.6666666667
19,-88.0
20,-86.8
21,-88.7142857143
22,-90.8
23,-90.75
24,-90.5555555556
25,-91.0
26,-91.0
