frequency,pdr
11,-89.1111111111
12,-90.5
13,-90.7777777778
14,-91.0
15,-91.0
16,-90.2
17,-89.8
18,-90.4
19,-91.0
20,-90.0
21,-90.0
23,-91.0
24,-91.0
25,-88.0
26,-87.9
