frequency,pdr
11,-87.8888888889
12,-89.3333333333
13,-89.8888888889
14,-90.2
15,-90.9
16,-91.0
17,-86.8
18,-82.4
19,-81.2
20,-80.1
21,-79.8
22,-80.75
23,-82.8888888889
24,-84.2
25,-84.1
26,-83.7
