frequency,pdr
11,-90.1
12,-88.9
13,-88.1
14,-90.7
15,-91.0
17,-91.0
18,-91.0
19,-90.2727272727
20,-88.2
21,-87.2222222222
22,-86.6
23,-88.1111111111
24,-89.2
25,-91.0
26,-91.0
