frequency,pdr
11,-73.5
12,-72.9
13,-72.8
14,-71.0
15,-70.3
16,-70.9
17,-70.6
18,-70.0
19,-70.0
20,-70.3
21,-73.0
22,-74.8888888889
23,-76.0
24,-79.6363636364
25,-88.6
26,-82.3
