frequency,pdr
11,-80.0
12,-77.5714285714
13,-77.8
14,-79.0
15,-79.0
16,-79.0
17,-79.0
18,-81.4
19,-84.1
20,-82.7
21,-81.9
22,-81.6666666667
23,-85.375
24,-84.5
25,-86.4
26,-80.2
