frequency,pdr
11,-83.2
12,-85.0
13,-89.9
14,-91.0
16,-91.0
17,-90.9
18,-87.0
19,-83.3
20,-82.0
21,-82.0
22,-83.5555555556
23,-84.5
24,-84.7777777778
25,-86.0
26,-88.2
