frequency,pdr
11,-85.0
12,-86.0
13,-87.8
14,-91.0
15,-91.0
16,-91.0
19,-89.0
20,-85.0
21,-84.1111111111
22,-82.7777777778
23,-81.8888888889
24,-79.5
25,-79.0
26,-78.9
