frequency,pdr
11,-78.8
12,-79.0
13,-83.8888888889
15,-88.7
16,-82.8
17,-79.0
18,-79.0
19,-79.0
20,-79.0
21,-79.0
22,-78.6666666667
23,-79.0
24,-79.0
25,-79.0
26,-79.0
