frequency,pdr
11,-90.3333333333
12,-91.0
13,-90.4
14,-89.7
15,-91.0
16,-89.0
17,-85.2
18,-87.0
19,-88.8
20,-89.0
21,-90.0
22,-88.2222222222
23,-87.9
24,-87.4
25,-89.0
26,-90.6
