frequency,pdr
11,-90.4
12,-90.6666666667
13,-90.7
14,-90.5555555556
15,-91.0
16,-91.0
17,-91.0
19,-91.0
20,-91.0
21,-91.0
22,-91.0
23,-91.0
24,-91.0
25,-91.0
26,-90.9
