frequency,pdr
11,-91.0
12,-90.8333333333
13,-88.6666666667
14,-88.9
15,-90.0
16,-89.7
17,-88.4444444444
18,-87.125
19,-87.2
20,-86.2
21,-87.9
23,-91.0
24,-91.0
25,-91.0
