frequency,pdr
11,-85.25
12,-84.3333333333
13,-79.0
14,-77.0
15,-76.0
16,-76.3
17,-77.0
18,-79.0
19,-79.0
20,-79.0
21,-81.4545454545
22,-81.1111111111
23,-82.0
24,-85.0
25,-83.7
26,-85.0
