frequency,pdr
11,-68.8
12,-61.1111111111
13,-71.3333333333
14,-62.2
15,-64.5
16,-52.0
17,-52.0
18,-52.0
19,-52.0
20,-57.2
21,-71.7
22,-67.0
23,-58.2
24,-72.1
25,-61.2
26,-63.8
