frequency,pdr
11,-48.8
12,-54.7777777778
13,-63.2222222222
14,-67.6
15,-57.2
16,-55.0
17,-52.0
18,-52.3
19,-55.0
20,-49.0
21,-56.4545454545
22,-56.8
23,-63.1
24,-57.8
25,-55.0
26,-56.4
