frequency,pdr
11,-63.9
12,-65.3333333333
13,-67.6666666667
14,-61.6
15,-65.3
16,-66.7
17,-61.0
18,-64.6
19,-69.6
20,-66.9
21,-67.0
22,-72.4
23,-62.4
24,-59.0
25,-69.8
26,-64.6
