frequency,pdr
11,-55.0
12,-57.3333333333
13,-55.3333333333
14,-56.6
15,-53.3
16,-45.2
17,-52.2
18,-48.5
19,-53.4
20,-49.0
21,-46.0
22,-49.0
23,-48.6
24,-52.1
25,-43.5
26,-49.0
