frequency,pdr
11,-59.3
12,-64.6363636364
13,-60.9
14,-60.6
15,-61.0
16,-58.0
17,-78.1
18,-64.9
19,-66.4545454545
20,-58.8
21,-64.6
22,-64.0
23,-67.0
24,-55.9
25,-61.0
26,-63.3
