frequency,pdr
11,-64.5
12,-61.1111111111
13,-67.1111111111
14,-64.3
15,-67.3
16,-72.2
17,-63.7
18,-59.8
19,-64.9
20,-68.0
21,-70.9
22,-67.0
23,-64.7
24,-68.1
25,-68.2
26,-72.4
