frequency,pdr
11,-73.3333333333
12,-68.6666666667
13,-79.375
14,-63.4
15,-58.0
16,-69.2
17,-80.1
18,-62.9
19,-71.9
20,-68.4
21,-75.1
22,-69.8
23,-61.0
24,-67.0
25,-70.0
26,-61.0
