frequency,pdr
11,-57.9
12,-66.0
13,-67.2222222222
14,-65.5
15,-61.0
16,-64.0
17,-73.0
18,-65.0
19,-77.8
20,-71.9090909091
21,-70.0
22,-69.2
23,-73.1
24,-69.4
25,-64.0
26,-67.0
