frequency,pdr
11,-55.9
12,-62.6666666667
13,-69.6666666667
14,-57.8
15,-53.5
16,-65.3
17,-60.7
18,-59.5
19,-55.0
20,-46.0
21,-51.8
22,-60.9
23,-62.6
24,-55.0
25,-65.9
26,-55.9
