frequency,pdr
11,-67.0
12,-77.7777777778
13,-65.8888888889
14,-61.0
15,-64.5
16,-66.6
17,-70.0
18,-71.1
19,-67.0
20,-66.0
21,-83.8
22,-66.9
23,-62.2
24,-66.9
25,-67.8
26,-74.1
