frequency,pdr
11,-66.0909090909
12,-62.9090909091
13,-72.4444444444
14,-68.2
15,-61.1
16,-66.4
17,-58.0
18,-65.1
19,-63.9
20,-74.8
21,-65.2
22,-62.7
23,-64.0
24,-70.8
25,-68.5
26,-69.8
