frequency,pdr
11,-62.8181818182
12,-59.4
13,-59.4444444444
14,-50.0
15,-56.1
16,-58.0
17,-72.5
18,-63.5
19,-49.0
20,-52.0
21,-52.9
22,-53.8
23,-63.0
24,-54.8
25,-55.0
26,-52.0
