frequency,pdr
11,-64.4
12,-63.2222222222
13,-63.1111111111
14,-60.5
15,-61.4
16,-62.3
17,-58.0
18,-56.7
19,-55.4
20,-61.0
21,-54.1
22,-56.6
23,-65.0
24,-58.2
25,-64.1
26,-61.0
