frequency,pdr
11,-49.1
12,-50.6363636364
13,-61.3333333333
14,-59.5
15,-53.0
16,-53.6
17,-53.9
18,-67.4
19,-50.0
20,-53.8
21,-55.0
22,-53.2
23,-50.0
24,-56.7
25,-56.9
26,-52.2
