frequency,pdr
11,-68.0
12,-65.2222222222
13,-67.0
14,-63.6
15,-67.0
16,-62.2
17,-67.0
18,-61.2
19,-67.0
20,-59.3
21,-67.0
22,-74.5
23,-70.1
24,-64.7
25,-78.8888888889
26,-67.0
