frequency,pdr
11,-64.0
12,-60.1111111111
13,-65.7777777778
14,-55.4
15,-58.0
16,-64.7
17,-60.5
18,-67.0
19,-64.0
20,-67.0
21,-58.0
22,-70.9
23,-67.8
24,-68.1
25,-73.5
26,-69.8
