frequency,pdr
11,-60.0
12,-64.1111111111
13,-67.6666666667
14,-67.0
15,-67.0
16,-67.9
17,-68.2
18,-67.4
19,-61.0
20,-58.0
21,-62.8
22,-72.0
23,-74.7
24,-64.8
25,-63.4
26,-67.0
