frequency,pdr
11,-47.0
12,-45.2222222222
13,-46.4444444444
14,-46.0
15,-45.9
16,-52.9
17,-60.1
18,-52.0
19,-46.7
20,-54.4
21,-48.2
22,-48.0
23,-46.0
24,-50.0
25,-54.9
26,-60.3
