frequency,pdr
11,-50.3
12,-49.8181818182
13,-54.1111111111
14,-68.5
15,-51.9090909091
16,-54.4
17,-50.5
18,-51.5
19,-69.6
20,-67.0
21,-55.3
22,-52.0
23,-46.0
24,-49.0
25,-53.6
26,-50.0
