frequency,pdr
11,-66.8
12,-74.8888888889
13,-62.7777777778
14,-62.3
15,-61.0
16,-68.5
17,-61.8
18,-75.6
19,-68.2727272727
20,-64.2
21,-75.9
22,-64.0
23,-63.4
24,-65.9
25,-68.5
26,-67.0
