frequency,pdr
11,-60.3
12,-62.7
13,-66.2222222222
14,-67.4
15,-77.5
16,-63.7
17,-64.0
18,-69.1818181818
19,-70.0
20,-67.0
21,-67.0
22,-75.7
23,-60.8
24,-69.0
25,-82.8888888889
26,-63.4
