frequency,pdr
11,-60.8
12,-66.5555555556
13,-59.6666666667
14,-60.1
15,-63.2
16,-67.0
17,-64.7
18,-61.0
19,-67.0
20,-57.4
21,-55.0
22,-64.1
23,-61.5
24,-66.0
25,-66.9
26,-58.0
