frequency,pdr
11,-63.2
12,-66.3333333333
13,-65.6666666667
14,-62.1
15,-67.5
16,-61.0
17,-63.2
18,-67.3
19,-70.0
20,-67.0
21,-67.0
22,-73.2
23,-71.1111111111
24,-61.0
25,-66.6666666667
26,-61.0
