frequency,pdr
11,-55.0
12,-58.1
13,-61.6666666667
14,-65.9
15,-61.0
16,-71.4
17,-64.0
18,-67.0
19,-63.6
20,-75.3
21,-67.0
22,-66.5
23,-58.0
24,-58.0
25,-67.4444444444
26,-64.0
