frequency,pdr
11,-55.0
12,-59.8888888889
13,-60.6666666667
14,-55.0
15,-68.8
16,-56.6
17,-54.7
18,-65.1
19,-56.8
20,-72.0
21,-61.1
22,-61.7272727273
23,-65.8
24,-67.0
25,-66.4444444444
26,-66.6
