frequency,pdr
11,-50.2
12,-63.25
13,-53.6666666667
14,-52.0
15,-52.0
16,-56.6
17,-65.7
18,-56.5
19,-54.4
20,-54.3
21,-59.5
22,-64.2
23,-66.6
24,-57.1
25,-56.6666666667
26,-54.4
