frequency,pdr
11,-51.6
12,-57.7777777778
13,-58.0
14,-66.8888888889
15,-49.8
16,-50.5
17,-56.3
18,-49.0
19,-58.0
20,-53.7
21,-60.9
22,-55.1
23,-52.0
24,-56.9
25,-67.5555555556
26,-55.3
