frequency,pdr
11,-51.8
12,-55.3333333333
13,-50.5555555556
14,-53.6
15,-54.0
16,-54.8
17,-47.0
18,-54.7
19,-55.1
20,-61.5
21,-67.0
22,-55.7
23,-53.4
24,-52.0
25,-54.0
26,-47.1
