frequency,pdr
11,-53.6
12,-54.1111111111
13,-56.5555555556
14,-49.4
15,-57.8
16,-55.0
17,-50.0
18,-49.0
19,-54.9
20,-59.2
21,-55.0
22,-53.9
23,-58.0
24,-53.4
25,-53.4
26,-57.3
