frequency,pdr
11,-63.7
12,-79.8888888889
13,-63.2
14,-59.8
15,-72.0
16,-59.1
17,-69.0
18,-64.4
19,-64.5
20,-70.1
21,-68.5
22,-65.4
23,-55.0
24,-66.1
25,-72.8888888889
26,-64.0
