frequency,pdr
11,-49.7
12,-56.5555555556
13,-61.3333333333
14,-51.0
15,-53.9
16,-52.0
17,-48.9
18,-51.7
19,-51.5
20,-46.9
21,-48.3
22,-50.8
23,-48.4
24,-57.0
25,-64.0
26,-56.3
