frequency,pdr
11,-59.0
12,-66.2222222222
13,-67.2222222222
14,-55.0
15,-66.4
16,-66.9
17,-61.0
18,-73.1
19,-64.3
20,-60.9
21,-67.0
22,-68.0
23,-64.9
24,-62.2
25,-71.3333333333
26,-74.3
