frequency,pdr
11,-63.9
12,-55.0
13,-65.6666666667
14,-65.0
15,-62.7
16,-55.0
17,-62.4
18,-65.9
19,-61.0
20,-70.0
21,-67.0
22,-67.0
23,-65.7
24,-61.8
25,-61.5555555556
26,-67.0
