frequency,pdr
11,-50.4
12,-50.7777777778
13,-50.4444444444
14,-57.7
15,-49.0
16,-56.5
17,-53.2
18,-52.0
19,-52.0
20,-52.0
21,-48.0
22,-46.0
23,-46.0
24,-47.0
25,-56.1
26,-53.1
