frequency,pdr
11,-77.75
12,-61.5555555556
13,-65.7777777778
14,-56.3
15,-66.0
16,-70.0
17,-59.8
18,-74.5
19,-71.2727272727
20,-68.3
21,-67.2
22,-55.0
23,-61.7
24,-63.1
25,-78.6666666667
26,-72.0
