frequency,pdr
11,-58.0
12,-67.0
13,-68.4444444444
14,-71.9090909091
15,-66.7
16,-67.0
17,-61.9
18,-72.5
19,-67.0
20,-59.6
21,-68.0
22,-61.3
23,-63.2
24,-58.4
25,-77.7777777778
26,-68.4
