frequency,pdr
11,-61.2
12,-62.5555555556
13,-68.8888888889
14,-61.0
15,-66.6
16,-59.0
17,-62.1
18,-64.2
19,-64.0
20,-66.6
21,-66.2
22,-72.6
23,-61.0
24,-58.0
25,-61.0
26,-70.0
