frequency,pdr
11,-62.2
12,-71.9090909091
13,-59.1111111111
14,-70.0
15,-78.2
16,-70.5
17,-74.4
18,-68.1
19,-63.3
20,-65.1
21,-72.8
22,-72.2
23,-76.6666666667
24,-62.5
25,-61.8
26,-73.4
