frequency,pdr
11,-66.125
12,-61.875
13,-59.2222222222
14,-58.0
15,-60.0
16,-63.7
17,-70.2
18,-60.7
19,-62.3
20,-55.0
21,-52.0
22,-55.0
23,-59.3
24,-62.6
25,-79.6666666667
26,-63.8
