frequency,pdr
11,-76.1111111111
12,-62.4444444444
13,-66.4
14,-61.0
15,-73.5
16,-68.0
17,-64.8
18,-68.0
19,-67.5
20,-70.7
21,-65.3
22,-65.7
23,-64.8
24,-68.3
25,-72.0
26,-64.9
