frequency,pdr
11,-57.9
12,-60.1111111111
13,-70.8888888889
14,-61.5
15,-62.3
16,-74.0
17,-58.0
18,-58.0
19,-69.0
20,-58.0
21,-58.8
22,-61.0
23,-75.8
24,-60.8
25,-65.1
26,-64.0
