frequency,pdr
11,-80.1111111111
12,-84.5555555556
13,-82.0
14,-79.0
15,-79.0
16,-79.0
17,-78.0
18,-76.0
19,-76.0
20,-76.0
21,-76.0
22,-76.4
23,-78.0
24,-79.0
25,-79.0
26,-79.0
