frequency,pdr
11,-83.1
12,-83.8888888889
13,-85.0
14,-81.8888888889
15,-79.0
16,-79.0
17,-79.0
18,-79.0
19,-79.0
20,-81.3
21,-83.7
22,-85.125
23,-84.1
24,-84.0
25,-89.0
26,-87.0
