frequency,pdr
11,-89.625
12,-90.0
14,-91.0
15,-88.4
16,-87.1
17,-89.8
18,-89.2222222222
19,-91.0
20,-90.5
21,-91.0
22,-89.3333333333
23,-91.0
24,-91.0
25,-91.0
26,-91.0
