frequency,pdr
11,-66.5555555556
12,-62.8
13,-71.2222222222
14,-64.8
15,-70.3
16,-60.1
17,-68.1
18,-61.0
19,-65.6
20,-71.2
21,-72.5
22,-67.8
23,-61.0
24,-62.8
25,-70.4
26,-61.5
