frequency,pdr
11,-46.0
12,-49.0
13,-59.4444444444
14,-46.0
15,-46.0
16,-46.0
17,-47.0
18,-50.4
19,-61.3
20,-58.2
21,-49.0
22,-49.5
23,-73.1
24,-54.2
25,-58.6
26,-52.7272727273
