frequency,pdr
11,-67.75
12,-63.0
13,-61.0
14,-62.7
15,-67.0
16,-67.3
17,-64.2222222222
18,-62.0
19,-60.8888888889
20,-64.2
21,-67.0
22,-62.0
23,-67.1
24,-70.0
25,-70.0
26,-75.1
