frequency,pdr
11,-51.8
12,-48.8
13,-53.1
14,-58.1111111111
15,-52.0
16,-55.7
17,-65.1111111111
18,-57.9
19,-55.9
20,-60.9
21,-49.0
22,-49.0
23,-56.9
24,-50.0
25,-49.0
26,-46.7
