frequency,pdr
11,-56.4285714286
12,-58.2222222222
13,-55.9
14,-61.4285714286
15,-64.0
16,-64.0
17,-63.8
18,-61.0
19,-56.2
20,-55.0
21,-55.3
22,-65.5
23,-67.0
24,-63.8
25,-61.8
26,-55.0
