frequency,pdr
11,-55.7142857143
12,-61.0
13,-55.0
14,-55.25
15,-53.1
16,-55.0909090909
17,-55.0
18,-54.0
19,-49.1
20,-52.0
21,-59.4
22,-55.0
23,-50.0
24,-50.0
25,-53.6
26,-55.0
