frequency,pdr
11,-51.75
12,-54.7777777778
13,-55.0
14,-54.7777777778
15,-55.0
16,-52.0
17,-51.3333333333
18,-50.2
19,-51.0
20,-52.0
21,-51.5
22,-50.0
23,-50.5
24,-50.6
25,-53.0
26,-58.0
