frequency,pdr
11,-63.8571428571
12,-67.2222222222
13,-79.75
14,-75.2
15,-73.0
16,-79.0
17,-73.1111111111
18,-70.4
19,-74.0
20,-66.8
21,-65.1
22,-74.8
23,-71.8
24,-67.0
25,-70.0
26,-69.6
