frequency,pdr
11,-63.5714285714
12,-67.875
13,-78.7777777778
14,-84.5
15,-73.0
16,-71.4
17,-67.0
18,-60.4
19,-62.875
20,-70.0
21,-76.0
22,-64.0
23,-55.2
24,-55.0
25,-63.8
26,-67.3
