frequency,pdr
11,-56.0
12,-58.7777777778
13,-58.0
14,-60.2
15,-61.0
16,-67.0
17,-64.0
18,-64.0
19,-72.2222222222
20,-64.4
21,-69.5
22,-64.9
23,-64.0
24,-63.7
25,-64.0
26,-62.7
