frequency,pdr
11,-60.4285714286
12,-66.7777777778
13,-72.25
14,-62.8
15,-55.0
16,-54.8
17,-56.4
18,-61.0
19,-60.6
20,-55.0
21,-55.0
22,-59.7
23,-60.6
24,-58.0
25,-54.9
26,-55.0
