frequency,pdr
11,-54.75
12,-55.0
13,-52.625
14,-51.7777777778
15,-49.0
16,-50.9
17,-52.0
18,-55.2
19,-65.5555555556
20,-52.9
21,-52.0
22,-55.0
23,-66.5
24,-55.0
25,-51.8
26,-50.5
