frequency,pdr
11,-55.25
12,-64.8888888889
13,-52.3333333333
14,-49.6666666667
15,-54.3
16,-63.9
17,-55.0
18,-52.6
19,-53.1
20,-57.4
21,-58.0
22,-55.0
23,-55.0
24,-55.0
25,-55.0
26,-55.0
