frequency,pdr
11,-60.1111111111
12,-62.8888888889
13,-58.0
14,-55.4
15,-59.1
16,-67.2
17,-67.0
18,-60.8
19,-60.0
20,-64.0
21,-64.0
22,-67.0
23,-67.0
24,-58.0
25,-55.0
26,-55.2
