frequency,pdr
11,-57.7142857143
12,-55.0
13,-55.0
14,-51.8333333333
15,-49.1
16,-46.0
17,-46.0
18,-46.0
19,-46.0
20,-49.0
21,-54.6
22,-58.3
23,-61.3
24,-55.9
25,-55.0
26,-56.1
