frequency,pdr
11,-66.3333333333
12,-55.375
13,-53.2
14,-49.6666666667
15,-49.0
16,-47.8
17,-49.0
18,-49.0
19,-51.4
20,-55.0
21,-58.0
22,-64.0
23,-58.0
24,-58.3
25,-58.0
26,-55.9
