frequency,pdr
11,-57.75
12,-56.0
13,-53.0
14,-54.4444444444
15,-56.4
16,-63.1
17,-61.4
18,-63.9
19,-77.1428571429
20,-61.0
21,-55.0
22,-55.0
23,-53.7
24,-60.4
25,-64.7
26,-73.1
