frequency,pdr
11,-67.375
12,-72.5555555556
13,-79.0
14,-81.5
15,-81.0
16,-80.1
17,-81.2222222222
18,-76.0
19,-73.0
20,-70.0
21,-66.8888888889
22,-66.2
23,-67.0
24,-63.0
25,-61.0
26,-61.2
