frequency,pdr
11,-54.8571428571
12,-55.0
13,-50.2
14,-49.0
15,-50.0
16,-52.7
17,-52.5
18,-54.2
19,-54.8888888889
20,-54.4
21,-52.0
22,-54.9
23,-55.0
24,-58.0
25,-58.9
26,-72.6
