frequency,pdr
11,-53.8888888889
12,-54.7777777778
13,-55.1111111111
14,-54.7777777778
15,-55.0
16,-52.0
17,-52.0
18,-49.0
19,-50.9
20,-53.0
21,-55.0
22,-59.8
23,-61.0
24,-61.0
25,-66.3
26,-67.0
