frequency,pdr
11,-60.8571428571
12,-69.875
13,-54.1
14,-51.3
15,-53.6
16,-63.6
17,-65.1
18,-58.0
19,-65.5714285714
20,-53.5
21,-49.0
22,-52.0
23,-62.2
24,-52.0
25,-53.7
26,-64.6
