frequency,pdr
11,-54.5555555556
12,-55.6666666667
13,-65.5
14,-70.0
15,-64.3
16,-61.9
17,-55.3
18,-58.0
19,-57.7
20,-55.0
21,-55.0
22,-52.0
23,-49.2
24,-49.6
25,-52.2
26,-65.4
