frequency,pdr
11,-54.75
12,-55.0
13,-49.75
14,-47.8
15,-47.1
16,-47.0
17,-50.5555555556
18,-55.0
19,-57.8888888889
20,-55.0
21,-55.0
22,-55.0
23,-56.8
24,-58.0
25,-55.0
26,-55.0
