frequency,pdr
11,-86.6
12,-85.4444444444
13,-87.2857142857
14,-91.0
16,-91.0
17,-87.9
18,-86.0
19,-85.0
20,-84.0
21,-84.0
22,-83.4
23,-85.8
24,-89.1
25,-91.0
