frequency,pdr
11,-90.5
12,-91.0
13,-91.0
14,-91.0
15,-91.0
17,-91.0
18,-91.0
19,-91.0
20,-91.0
21,-91.0
22,-89.8571428571
23,-90.25
24,-88.4444444444
25,-87.2
26,-88.3
