frequency,pdr
13,-91.0
14,-91.0
15,-91.0
16,-91.0
17,-89.7777777778
18,-88.4
19,-89.0
20,-90.0
21,-89.9
22,-88.0
23,-87.8571428571
24,-89.4
25,-89.2
26,-87.7
