frequency,pdr
11,-88.9
12,-84.6
13,-82.0
14,-82.8
15,-85.8888888889
16,-89.3
17,-90.1
18,-90.2
19,-87.3
20,-84.1
21,-83.7142857143
22,-84.0
23,-86.3333333333
24,-88.4444444444
25,-91.0
26,-91.0
