frequency,pdr
11,-88.0
12,-89.875
13,-87.1111111111
14,-85.0
15,-84.0
16,-83.9090909091
17,-82.0
18,-79.5
19,-79.0
20,-79.0
21,-79.2
22,-81.0
23,-82.0
24,-83.0
25,-86.0
26,-87.9
