frequency,pdr
11,-85.7
12,-86.0
13,-87.4
14,-87.0
15,-85.8
16,-85.0
17,-85.0
18,-84.5
19,-85.0
20,-85.5
21,-86.8333333333
22,-87.4285714286
23,-89.0
24,-88.3
25,-88.0
26,-89.6
