frequency,pdr
11,-90.3333333333
12,-87.7142857143
13,-87.5714285714
14,-86.2
15,-86.1
16,-90.9
18,-89.8571428571
19,-83.0
20,-79.3
21,-79.0
22,-78.25
23,-79.0
24,-79.0
25,-79.0
26,-79.0
