frequency,pdr
11,-82.7
12,-84.25
13,-77.4
14,-76.0
15,-73.6
16,-73.0
17,-73.0
18,-74.0
19,-78.4
20,-79.0
21,-76.1428571429
22,-73.6666666667
23,-69.875
24,-68.0
25,-67.0
26,-67.0
