frequency,pdr
11,-87.0
12,-86.7777777778
13,-88.8571428571
14,-91.0
15,-91.0
16,-91.0
17,-90.8888888889
18,-90.8
19,-91.0
20,-91.0
21,-91.0
23,-91.0
24,-91.0
