frequency,pdr
11,-55.0
12,-60.2222222222
13,-55.1111111111
14,-60.5
15,-65.5
16,-61.3
17,-50.1
18,-58.5
19,-55.0
20,-55.0
21,-62.4
22,-52.0
23,-67.7
24,-65.4
25,-56.3
26,-65.0
