frequency,pdr
11,-64.1
12,-54.8
13,-51.6666666667
14,-49.7
15,-61.5555555556
16,-58.0
17,-55.0
18,-58.0
19,-60.0
20,-55.0
21,-67.6
22,-76.8
23,-55.4
24,-52.0
25,-69.4
26,-53.4
