frequency,pdr
11,-52.5
12,-66.3333333333
13,-63.2
14,-65.2
15,-68.8888888889
16,-62.0
17,-62.0
18,-69.4
19,-55.0
20,-57.1
21,-55.0
22,-65.9
23,-56.9
24,-64.0
25,-60.1
26,-54.0
