frequency,pdr
11,-54.7
12,-52.0
13,-60.3333333333
14,-67.5
15,-60.8888888889
16,-50.4
17,-49.3
18,-52.0
19,-68.4
20,-55.0
21,-51.6
22,-55.0
23,-65.1
24,-55.3
25,-55.0
26,-55.0
