frequency,pdr
11,-54.0
12,-54.1111111111
13,-60.6
14,-59.1
15,-67.2222222222
16,-52.0
17,-52.0
18,-55.0
19,-61.0
20,-50.9
21,-66.4
22,-63.5
23,-60.9
24,-61.0
25,-51.9
26,-66.7
