frequency,pdr
11,-55.0
12,-63.3333333333
13,-54.9
14,-54.7
15,-54.2222222222
16,-55.0
17,-57.5
18,-58.0
19,-62.7
20,-55.0
21,-54.1
22,-55.0
23,-59.6
24,-68.4
25,-58.0
26,-54.4
