frequency,pdr
11,-66.8
12,-58.7777777778
13,-61.4444444444
14,-58.0
15,-62.3333333333
16,-57.8
17,-62.8
18,-55.2
19,-57.8
20,-72.3
21,-58.9
22,-72.5555555556
23,-55.3
24,-72.0
25,-60.2
26,-61.0
