frequency,pdr
11,-55.0
12,-53.8
13,-71.8888888889
14,-57.9
15,-63.6666666667
16,-55.0
17,-57.5
18,-55.0
19,-63.5
20,-52.0
21,-52.0
22,-55.4
23,-54.0
24,-51.5
25,-56.5
26,-58.0
