frequency,pdr
11,-74.2
12,-61.1
13,-68.3333333333
14,-66.5
15,-58.1111111111
16,-57.6
17,-64.0
18,-64.0
19,-61.7
20,-64.0
21,-60.9
22,-53.5
23,-58.9
24,-67.0
25,-63.7
26,-60.9
