frequency,pdr
11,-56.5
12,-55.0
13,-54.8
14,-59.5
15,-56.7777777778
16,-54.6
17,-58.0
18,-62.0909090909
19,-55.0
20,-52.0
21,-53.4
22,-55.0
23,-54.1
24,-52.0
25,-54.5
26,-58.0
