frequency,pdr
11,-62.9
12,-62.6666666667
13,-48.5
14,-47.9
15,-54.7777777778
16,-49.0
17,-55.0
18,-49.0
19,-55.5
20,-50.0
21,-52.2
22,-46.0
23,-47.1
24,-43.3
25,-43.0
26,-43.0
