frequency,pdr
11,-58.0
12,-60.3333333333
13,-58.7
14,-52.0
15,-53.1111111111
16,-52.3
17,-52.0
18,-50.7
19,-49.0
20,-48.8
21,-50.4
22,-60.5
23,-55.0
24,-62.4
25,-55.0
26,-55.0
