frequency,pdr
11,-58.2
12,-69.2222222222
13,-70.0
14,-58.0
15,-60.8888888889
16,-67.0
17,-54.6
18,-55.0
19,-66.7
20,-55.0
21,-55.0
22,-60.4
23,-58.0
24,-57.0
25,-57.8
26,-59.7
