frequency,pdr
11,-52.0
12,-50.4444444444
13,-64.3
14,-49.5
15,-55.0
16,-61.6
17,-56.4
18,-55.0
19,-52.5
20,-59.4
21,-58.1
22,-61.0
23,-70.5555555556
24,-55.3
25,-62.5
26,-56.7
