frequency,pdr
11,-53.4
12,-57.9
13,-63.1111111111
14,-67.5
15,-65.6666666667
16,-56.5
17,-52.8
18,-49.0
19,-67.0
20,-55.0
21,-58.0
22,-60.1
23,-50.3
24,-54.5
25,-57.4
26,-65.6
