frequency,pdr
11,-55.0
12,-51.9
13,-53.3
14,-63.5
15,-54.8888888889
16,-55.0
17,-58.8
18,-52.8
19,-51.5
20,-67.0
21,-58.0
22,-52.0
23,-69.6666666667
24,-55.0
25,-61.1
26,-52.1
