frequency,pdr
11,-59.4
12,-61.3333333333
13,-64.2
14,-74.8888888889
15,-62.1111111111
16,-67.1
17,-63.8
18,-55.0
19,-62.7
20,-55.0
21,-66.7
22,-65.5
23,-59.0
24,-56.3
25,-68.2
26,-49.0
