frequency,pdr
11,-55.0
12,-60.6666666667
13,-64.7
14,-57.2
15,-58.2222222222
16,-56.8
17,-58.2
18,-55.0
19,-66.9
20,-63.1
21,-67.2
22,-64.5
23,-61.0
24,-59.1
25,-66.4
26,-55.5
