frequency,pdr
11,-73.5555555556
12,-63.0
13,-76.6
14,-55.0
15,-54.8
16,-58.6
17,-61.4
18,-68.0
19,-76.2
20,-64.0
21,-66.0
22,-69.9
23,-58.0
24,-55.2
25,-61.0
26,-61.5454545455
