frequency,pdr
11,-67.0
12,-64.3636363636
13,-60.0
14,-62.3
15,-56.6666666667
16,-55.0
17,-65.7
18,-55.9
19,-58.0
20,-59.8
21,-55.0
22,-55.7
23,-54.3
24,-49.0
25,-57.0
26,-52.5
