frequency,pdr
11,-46.0
12,-48.2222222222
13,-49.0
14,-49.0
15,-47.4
16,-52.0
17,-49.0
18,-55.0
19,-55.0
20,-64.3
21,-64.3
22,-55.0
23,-67.2222222222
24,-64.4
25,-61.4
26,-51.4
