frequency,pdr
11,-52.5
12,-58.5555555556
13,-61.7777777778
14,-64.5
15,-57.2222222222
16,-61.7
17,-52.0
18,-54.0
19,-62.8
20,-54.4
21,-58.0
22,-60.1
23,-65.1
24,-56.9
25,-60.7
26,-58.5
