frequency,pdr
11,-57.2
12,-57.8888888889
13,-61.4
14,-67.2
15,-52.7777777778
16,-51.9
17,-52.0
18,-51.0
19,-53.5
20,-63.9
21,-57.5
22,-49.0
23,-48.9
24,-56.0
25,-58.0
26,-64.4
