frequency,pdr
11,-52.0
12,-56.4
13,-55.0
14,-55.0
15,-51.3333333333
16,-64.7
17,-64.0
18,-55.0
19,-52.2
20,-55.5
21,-58.0
22,-63.1
23,-62.8888888889
24,-67.1
25,-52.5
26,-49.0
