frequency,pdr
11,-55.0
12,-55.6666666667
13,-55.0
14,-63.0
15,-70.2222222222
16,-69.7
17,-64.0
18,-65.5
19,-64.8
20,-67.0
21,-72.3
22,-61.1
23,-59.3
24,-53.0
25,-55.0
26,-61.0
