frequency,pdr
11,-52.0
12,-52.2
13,-49.5555555556
14,-61.9
15,-65.1111111111
16,-62.3
17,-60.7
18,-58.3
19,-57.4
20,-53.8
21,-56.3
22,-52.2
23,-57.6
24,-57.3
25,-52.0
26,-53.3
