frequency,pdr
11,-54.1
12,-63.5
13,-61.4
14,-65.7
15,-54.5555555556
16,-52.0
17,-53.7
18,-67.0
19,-68.9090909091
20,-55.0
21,-56.0
22,-57.9
23,-55.0
24,-55.0
25,-53.0
26,-55.0
