frequency,pdr
11,-56.8888888889
12,-74.3333333333
13,-60.5555555556
14,-52.0
15,-62.6666666667
16,-61.0
17,-64.7
18,-59.1
19,-52.0
20,-52.0
21,-49.0
22,-55.0
23,-67.3333333333
24,-64.0
25,-65.6
26,-52.3
