frequency,pdr
11,-67.6666666667
12,-57.1
13,-57.4444444444
14,-53.1
15,-56.6666666667
16,-54.3
17,-64.0
18,-59.6
19,-73.6
20,-59.0
21,-55.7
22,-55.0
23,-56.0
24,-55.0
25,-55.0
26,-76.0
