frequency,pdr
11,-59.5
12,-60.5555555556
13,-55.6
14,-73.3333333333
15,-53.3333333333
16,-67.0
17,-52.2
18,-62.2
19,-55.0
20,-55.0
21,-59.0
22,-54.8
23,-58.0
24,-62.8
25,-66.9
26,-73.4
