frequency,pdr
11,-58.1
12,-61.3636363636
13,-73.7777777778
14,-58.0
15,-68.0
16,-57.5
17,-55.7
18,-63.3
19,-62.4
20,-72.4
21,-58.0
22,-54.6
23,-53.8
24,-55.0
25,-55.0
26,-55.1
