frequency,pdr
11,-57.5
12,-62.1111111111
13,-56.4
14,-58.0
15,-58.7
16,-52.0
17,-48.8
18,-60.9
19,-55.0
20,-52.0
21,-55.0
22,-57.9
23,-76.4444444444
24,-58.0
25,-61.0
26,-59.5
