frequency,pdr
11,-49.0
12,-57.3333333333
13,-58.8888888889
14,-55.3
15,-51.7
16,-46.0
17,-46.0
18,-48.6
19,-61.0
20,-54.9
21,-56.0
22,-55.3
23,-59.0
24,-52.0
25,-52.8
26,-52.1
