frequency,pdr
11,-60.1
12,-61.3
13,-58.1111111111
14,-55.0
15,-57.2222222222
16,-55.0
17,-55.0
18,-57.4
19,-56.5
20,-61.6
21,-56.4
22,-59.6
23,-64.9
24,-56.4
25,-52.0
26,-52.7
