frequency,pdr
11,-63.7777777778
12,-60.4444444444
13,-68.3333333333
14,-55.6
15,-50.3
16,-51.7
17,-67.0
18,-60.8
19,-59.5
20,-55.0
21,-52.0
22,-55.0
23,-66.2222222222
24,-64.0
25,-60.4
26,-54.1
