frequency,pdr
11,-52.0
12,-55.0
13,-56.2222222222
14,-55.1
15,-55.0
16,-60.0
17,-58.0
18,-64.3
19,-68.6
20,-61.9
21,-55.0
22,-55.0
23,-71.5555555556
24,-63.2
25,-60.9
26,-61.9
