frequency,pdr
11,-58.0
12,-54.0
13,-52.0
14,-56.2
15,-62.5555555556
16,-64.0
17,-60.0
18,-63.7272727273
19,-72.3
20,-67.0
21,-68.1
22,-55.2
23,-54.2
24,-58.0
25,-58.5
26,-68.9
