frequency,pdr
11,-55.0
12,-61.7777777778
13,-65.4444444444
14,-61.1
15,-63.8888888889
16,-59.4
17,-58.0
18,-52.9
19,-55.5
20,-64.0909090909
21,-58.0
22,-63.8
23,-58.3
24,-58.0
25,-55.0
26,-55.0
