frequency,pdr
11,-55.0
12,-59.1111111111
13,-53.0
14,-54.0
15,-59.1111111111
16,-61.5
17,-56.4
18,-55.3
19,-55.0
20,-56.6
21,-51.2
22,-55.0
23,-55.0
24,-58.0
25,-50.8
26,-56.8
