frequency,pdr
11,-61.0
12,-57.7777777778
13,-76.25
14,-55.0
15,-54.4545454545
16,-52.0
17,-56.3
18,-50.5
19,-55.0
20,-60.3
21,-59.9
22,-68.9
23,-53.8
24,-55.0
25,-51.9
26,-52.0
