frequency,pdr
11,-84.7777777778
12,-84.875
13,-83.375
14,-84.0
15,-84.2
16,-85.0
17,-85.7777777778
18,-85.0
19,-85.0
20,-84.4
21,-86.0
23,-91.0
24,-91.0
25,-89.3
26,-88.0
