frequency,pdr
11,-79.0
12,-79.1111111111
13,-81.0
14,-81.9
15,-81.2
16,-82.0
17,-87.6666666667
18,-91.0
19,-91.0
20,-89.3
21,-85.0
22,-82.5
23,-82.2
24,-83.0
25,-84.1
26,-88.1
