frequency,pdr
11,-90.8888888889
12,-90.7777777778
13,-91.0
23,-91.0
24,-91.0
25,-91.0
26,-91.0
