frequency,pdr
11,-87.4
12,-83.0
13,-83.75
14,-85.7
15,-87.0
16,-89.2
17,-91.0
18,-90.8888888889
19,-91.0
20,-89.0
21,-90.0
22,-88.6666666667
23,-91.0
24,-91.0
26,-91.0
