frequency,pdr
11,-91.0
12,-91.0
13,-90.6666666667
14,-88.75
15,-91.0
16,-90.8888888889
17,-91.0
18,-91.0
19,-91.0
20,-89.0
21,-90.25
23,-91.0
24,-91.0
25,-91.0
26,-91.0
