frequency,pdr
11,-83.2222222222
12,-82.7777777778
13,-84.8888888889
14,-90.0
15,-91.0
16,-83.0
17,-80.2222222222
18,-82.0
19,-89.0
20,-88.2
21,-82.0
22,-80.0
23,-80.1
24,-80.2
25,-81.0
26,-81.6
