frequency,pdr
11,-87.0
12,-88.7
13,-90.7
14,-91.0
16,-91.0
17,-91.0
18,-91.0
19,-91.0
20,-91.0
21,-91.0
22,-89.8333333333
23,-90.8888888889
24,-91.0
25,-90.0
26,-89.3
