frequency,pdr
11,-90.75
13,-91.0
14,-88.9
15,-88.1
16,-89.5555555556
17,-89.7777777778
18,-88.0
19,-86.9
20,-88.3
21,-91.0
23,-91.0
