frequency,pdr
11,-76.0
12,-76.4444444444
13,-79.0
14,-81.7
15,-82.0
16,-83.5
17,-90.875
18,-89.8888888889
19,-83.7
20,-84.1
21,-82.4
22,-82.7142857143
23,-86.1111111111
24,-83.2
25,-82.0
26,-83.3
