frequency,pdr
11,-90.8888888889
13,-90.875
14,-90.9
15,-87.0
16,-87.625
17,-90.0
18,-88.8888888889
19,-91.0
24,-91.0
25,-91.0
26,-91.0
