frequency,pdr
11,-86.9
12,-87.1666666667
13,-91.0
14,-87.0
15,-87.0
16,-86.1111111111
17,-87.8888888889
18,-89.5714285714
19,-90.125
20,-88.8888888889
21,-83.5
22,-84.6666666667
23,-84.0
24,-86.4444444444
25,-88.3
26,-88.8
