frequency,pdr
11,-90.6666666667
12,-88.5714285714
13,-91.0
14,-88.0
15,-85.6
16,-84.0
17,-81.9
18,-79.0
19,-79.0
20,-79.9
21,-82.0
22,-83.4
23,-86.3
24,-89.0
25,-88.3
26,-88.2727272727
