frequency,pdr
11,-60.9
12,-62.6666666667
13,-64.4
14,-66.7
15,-67.0
16,-67.0
17,-68.0
18,-70.0
19,-70.3
20,-73.3
21,-79.0
22,-86.0
23,-84.2222222222
24,-79.0
25,-73.0
26,-73.0
