frequency,pdr
11,-83.875
12,-84.5714285714
13,-85.1111111111
14,-81.8333333333
15,-79.9
16,-79.0
17,-79.0
18,-79.0
19,-79.7
20,-82.0
21,-84.4
22,-86.0
23,-85.0
24,-85.0
25,-90.0
26,-87.2
