frequency,pdr
11,-85.1
12,-82.8571428571
13,-79.5555555556
14,-79.0
15,-79.0
16,-79.0
17,-81.4
18,-84.8
19,-85.0
20,-81.5
21,-79.0
22,-79.0
23,-79.0
24,-79.0
25,-79.0
26,-79.0
