frequency,pdr
11,-80.7142857143
12,-77.5
13,-76.0
14,-77.5
15,-77.8
16,-79.0
17,-82.0
18,-89.7777777778
19,-91.0
20,-88.1
21,-80.9
22,-78.8
23,-79.0
24,-77.3
25,-76.0
26,-74.5
