frequency,pdr
11,-84.6
12,-85.1428571429
13,-85.0
14,-89.1428571429
15,-91.0
16,-87.4444444444
17,-85.0
18,-84.7777777778
19,-86.0
20,-87.3
21,-89.1
23,-89.3
24,-86.5
25,-85.0
26,-86.0
