frequency,pdr
11,-76.4285714286
12,-79.0
13,-79.0
14,-75.6666666667
15,-73.0
16,-71.0
17,-70.0
18,-70.1
19,-73.7
20,-76.0
21,-73.1
22,-71.4
23,-70.0
24,-70.7
25,-70.3
26,-73.0
