frequency,pdr
11,-86.25
12,-85.8571428571
13,-87.7777777778
14,-89.0
15,-86.1
16,-87.3
17,-90.6
19,-91.0
20,-89.0
21,-87.0
22,-87.8888888889
23,-91.0
24,-91.0
25,-91.0
26,-91.0
