frequency,pdr
11,-76.2
12,-76.4444444444
13,-75.7777777778
14,-77.1
15,-77.6
16,-81.5
17,-87.7
18,-82.6
19,-79.0
20,-79.2
21,-79.1
22,-79.4444444444
23,-82.0
24,-86.1
25,-91.0
26,-91.0
