frequency,pdr
11,-89.6666666667
12,-91.0
13,-91.0
14,-91.0
15,-90.9
16,-91.0
17,-91.0
18,-87.7142857143
19,-91.0
21,-91.0
23,-91.0
24,-91.0
26,-91.0
