frequency,pdr
11,-90.5
12,-90.8888888889
13,-91.0
14,-91.0
15,-91.0
16,-91.0
17,-91.0
18,-87.7777777778
19,-91.0
20,-91.0
21,-91.0
