frequency,pdr
11,-65.5
12,-72.7777777778
13,-64.8
14,-62.2
15,-67.1
16,-61.3333333333
17,-74.5
18,-70.8
19,-61.3
20,-74.9
21,-67.8
22,-67.0
23,-67.0
24,-70.6
25,-61.8
26,-66.9
