frequency,pdr
11,-68.1
12,-67.1111111111
13,-60.7272727273
14,-65.9
15,-62.6
16,-64.6
17,-61.4
18,-67.3
19,-57.4
20,-55.1
21,-55.0
22,-49.0
23,-56.0
24,-55.0
25,-64.2
26,-64.0
