frequency,pdr
11,-69.6666666667
12,-64.0
13,-68.4444444444
14,-54.6
15,-52.0
16,-54.6
17,-61.5
18,-62.7
19,-64.5
20,-67.0
21,-71.4
22,-66.6
23,-64.2
24,-60.1
25,-67.0
26,-67.4
