frequency,pdr
11,-74.1111111111
12,-73.3333333333
13,-67.1111111111
14,-74.9
15,-64.0
16,-66.8888888889
17,-73.5
18,-74.6
19,-63.7
20,-72.5
21,-71.1
22,-67.0
23,-58.0
24,-60.7
25,-62.8
26,-70.1
