frequency,pdr
11,-63.8888888889
12,-55.0
13,-68.4444444444
14,-63.6
15,-62.9
16,-67.0
17,-70.0
18,-58.7
19,-60.7
20,-60.5
21,-70.8
22,-65.1
23,-69.1
24,-66.1
25,-64.5
26,-69.0909090909
