frequency,pdr
11,-55.0
12,-58.4444444444
13,-53.6666666667
14,-47.6
15,-51.7
16,-55.0
17,-48.8
18,-53.0
19,-49.4
20,-49.9
21,-59.5
22,-55.0
23,-58.0
24,-51.2
25,-53.5
26,-58.0
