frequency,pdr
11,-58.5
12,-61.2222222222
13,-63.4444444444
14,-56.1
15,-65.9
16,-60.7777777778
17,-55.0
18,-58.0
19,-61.0
20,-58.5
21,-61.0
22,-61.0
23,-56.3
24,-65.1
25,-58.9
26,-57.1
