frequency,pdr
11,-56.2
12,-58.5555555556
13,-58.0
14,-60.8
15,-55.0
16,-63.3
17,-64.1
18,-61.0
19,-55.0
20,-65.1
21,-70.4
22,-67.8
23,-68.0
24,-64.7
25,-80.2222222222
26,-62.1
