frequency,pdr
11,-73.3
12,-66.6
13,-71.8888888889
14,-68.4
15,-61.1
16,-59.7777777778
17,-70.9
18,-60.9
19,-62.2
20,-61.0
21,-58.0
22,-58.0
23,-59.2
24,-64.0
25,-67.0
26,-67.0
