frequency,pdr
11,-61.5454545455
12,-61.0
13,-58.9
14,-50.8
15,-53.0
16,-56.9
17,-56.1
18,-66.7
19,-64.0
20,-55.4
21,-62.1
22,-55.0
23,-53.8
24,-61.0
25,-56.2
26,-55.8181818182
