frequency,pdr
11,-57.1
12,-61.3333333333
13,-64.8181818182
14,-62.5
15,-60.3
16,-54.9
17,-52.1
18,-53.0
19,-63.9
20,-67.0
21,-66.9
22,-63.6
23,-75.8
24,-65.7
25,-62.7
26,-68.3
