frequency,pdr
11,-52.3
12,-52.5555555556
13,-70.7777777778
14,-59.9
15,-58.0
16,-60.8
17,-51.3
18,-53.7
19,-49.6
20,-61.1
21,-53.9
22,-54.2
23,-55.0
24,-56.6
25,-71.6
26,-57.7
