frequency,pdr
11,-46.0
12,-51.6
13,-55.2727272727
14,-58.0
15,-58.7
16,-51.9
17,-52.3
18,-52.5454545455
19,-55.0
20,-54.3
21,-64.1
22,-60.2
23,-55.0
24,-55.0
25,-53.4
26,-52.8
