frequency,pdr
11,-73.0
12,-86.4
13,-66.8
14,-61.2
15,-61.4
16,-73.4444444444
17,-58.7
18,-58.3
19,-72.7
20,-64.0
21,-58.5
22,-67.1
23,-79.0
24,-72.7777777778
25,-67.5
26,-67.0
