frequency,pdr
11,-64.7
12,-72.6666666667
13,-67.8888888889
14,-65.6
15,-61.0
16,-60.4
17,-67.0
18,-63.7
19,-67.0
20,-65.8
21,-65.8
22,-64.0
23,-62.4
24,-58.4
25,-66.1
26,-66.0
