frequency,pdr
11,-55.1
12,-58.1111111111
13,-58.1
14,-54.7
15,-52.3
16,-61.0
17,-58.0
18,-60.2
19,-55.0
20,-63.0909090909
21,-52.7
22,-54.9
23,-55.0
24,-54.4
25,-54.8
26,-59.2
