frequency,pdr
11,-69.4
12,-68.1111111111
13,-63.3333333333
14,-67.0
15,-62.5
16,-64.0
17,-70.0
18,-62.1
19,-67.0
20,-67.9
21,-81.3
22,-80.7142857143
23,-77.5
24,-67.1
25,-65.5
26,-64.0
