frequency,pdr
11,-63.5
12,-60.9
13,-64.0
14,-70.0
15,-66.3
16,-69.1111111111
17,-63.3
18,-64.1
19,-68.6
20,-66.5
21,-62.9
22,-68.8
23,-80.7
24,-69.3333333333
25,-70.0
26,-64.0
