frequency,pdr
11,-57.8
12,-65.8888888889
13,-63.8
14,-52.7
15,-55.0
16,-55.0
17,-52.8
18,-48.6
19,-49.9
20,-53.8
21,-58.9
22,-49.5
23,-51.0
24,-50.2222222222
25,-49.0
26,-53.9
