frequency,pdr
11,-50.6
12,-56.5
13,-69.2222222222
14,-74.4444444444
15,-52.0
16,-54.4
17,-48.0
18,-53.9
19,-61.8
20,-52.9
21,-49.5
22,-52.0
23,-53.4
24,-52.0
25,-53.4
26,-62.0
