frequency,pdr
11,-67.0
12,-58.0
13,-58.6666666667
14,-61.0
15,-66.9
16,-76.7777777778
17,-77.4
18,-67.0
19,-61.0
20,-69.1818181818
21,-67.0
22,-74.2
23,-61.0
24,-63.4
25,-61.7
26,-60.5
