frequency,pdr
11,-70.9
12,-66.2222222222
13,-57.7777777778
14,-67.1
15,-55.0
16,-57.8
17,-60.3
18,-55.0
19,-54.0
20,-58.1
21,-53.0
22,-63.4
23,-62.5
24,-54.3333333333
25,-52.0
26,-49.0
