frequency,pdr
11,-63.1
12,-73.2
13,-64.1111111111
14,-65.0
15,-62.6
16,-63.5555555556
17,-65.4
18,-64.0
19,-65.6
20,-67.0
21,-67.0
22,-63.9
23,-59.0
24,-62.2
25,-63.7
26,-67.0
