frequency,pdr
11,-53.3
12,-58.1111111111
13,-58.5555555556
14,-53.7
15,-58.0
16,-58.3
17,-67.0
18,-57.9
19,-65.9
20,-58.0
21,-52.6
22,-57.5
23,-73.8
24,-55.0
25,-65.6
26,-56.3
