frequency,pdr
11,-55.0
12,-59.5
13,-54.8888888889
14,-57.8
15,-49.0
16,-53.1
17,-47.4545454545
18,-49.1
19,-53.8
20,-51.6
21,-63.5
22,-65.5
23,-66.1
24,-52.0
25,-49.0
26,-59.5
