frequency,pdr
11,-53.7
12,-60.4444444444
13,-61.0
14,-66.5555555556
15,-76.9
16,-59.9
17,-54.7
18,-55.0
19,-59.6
20,-61.0
21,-55.0
22,-58.0
23,-55.0
24,-64.5555555556
25,-69.0
26,-61.5
