frequency,pdr
11,-66.8
12,-62.4444444444
13,-62.5
14,-77.3
15,-68.4
16,-77.4444444444
17,-65.0
18,-67.0
19,-76.5
20,-67.0
21,-64.0
22,-65.5
23,-67.0
24,-81.1111111111
25,-68.5
26,-68.1
