frequency,pdr
11,-58.4444444444
12,-58.9
13,-57.8888888889
14,-55.0
15,-66.1
16,-54.8
17,-55.0
18,-55.9
19,-58.0
20,-58.0
21,-58.4
22,-61.2
23,-75.0
24,-62.2
25,-63.2
26,-58.3
