frequency,pdr
11,-58.4
12,-55.2222222222
13,-56.6666666667
14,-52.5
15,-53.5
16,-56.3
17,-59.5
18,-68.5
19,-57.2
20,-54.3
21,-52.2
22,-52.0
23,-56.2
24,-56.1
25,-61.6
26,-58.0
