frequency,pdr
11,-66.1
12,-73.1
13,-68.4444444444
14,-63.1
15,-61.4
16,-68.4
17,-66.3
18,-64.4
19,-63.6
20,-61.3
21,-69.5
22,-59.3
23,-67.2
24,-59.2222222222
25,-64.9
26,-68.7
