frequency,pdr
11,-49.0
12,-53.1111111111
13,-52.8888888889
14,-58.0
15,-54.8
16,-52.0
17,-52.0
18,-52.0
19,-53.3
20,-55.4
21,-50.5
22,-51.7
23,-55.0
24,-62.8888888889
25,-70.3
26,-58.1
