frequency,pdr
11,-54.3
12,-58.6666666667
13,-62.4
14,-55.8
15,-63.8
16,-55.0
17,-63.7
18,-59.1
19,-51.6
20,-47.1
21,-49.0
22,-50.6
23,-49.1
24,-68.6666666667
25,-71.6
26,-58.0
