frequency,pdr
11,-70.4444444444
12,-77.4444444444
13,-70.75
14,-61.0
15,-67.0
16,-69.6
17,-56.4
18,-55.0
19,-60.1
20,-65.7
21,-69.3
22,-66.8
23,-61.2
24,-81.1111111111
25,-60.9
26,-56.6
