frequency,pdr
11,-75.8888888889
12,-56.0
13,-55.1
14,-62.8
15,-56.1
16,-61.6666666667
17,-61.5
18,-59.2
19,-67.6
20,-74.9
21,-58.1
22,-60.9
23,-58.0
24,-58.0
25,-65.0
26,-60.4
