frequency,pdr
11,-67.0
12,-71.7777777778
13,-67.0
14,-77.7
15,-58.5
16,-63.3333333333
17,-61.5
18,-77.2
19,-64.9
20,-67.0
21,-69.3
22,-67.5
23,-67.4
24,-63.4
25,-75.2
26,-79.0
