frequency,pdr
11,-60.5
12,-55.0
13,-55.0
14,-60.3
15,-74.1
16,-66.4
17,-55.0
18,-55.0
19,-62.6
20,-57.3
21,-75.1428571429
22,-61.3
23,-62.6
24,-65.6666666667
25,-74.7
26,-64.0
