frequency,pdr
11,-48.0
12,-53.4
13,-60.8888888889
14,-50.8
15,-49.1
16,-49.0
17,-49.5
18,-48.3
19,-49.0
20,-53.7
21,-59.8
22,-58.0
23,-60.9
24,-63.2222222222
25,-57.4
26,-50.6
