frequency,pdr
11,-46.0
12,-46.2
13,-64.3333333333
14,-52.6
15,-53.2
16,-56.5
17,-49.0
18,-54.0
19,-60.2
20,-52.0
21,-48.7
22,-53.7
23,-62.0
24,-56.3333333333
25,-49.3
26,-60.0
