frequency,pdr
11,-58.2
12,-57.5
13,-55.0
14,-59.6
15,-67.4
16,-64.0
17,-67.1
18,-59.5
19,-74.0
20,-61.0
21,-75.0
22,-77.7777777778
23,-61.0
24,-63.2222222222
25,-70.5
26,-86.8
