frequency,pdr
11,-68.8
12,-69.4444444444
13,-64.7777777778
14,-68.4
15,-64.0
16,-71.3
17,-68.2
18,-64.9
19,-71.3
20,-68.2
21,-67.0
22,-68.1
23,-62.0
24,-64.9
25,-68.8
26,-67.0
