frequency,pdr
11,-67.6666666667
12,-65.4444444444
13,-66.1111111111
14,-62.9
15,-61.7
16,-59.1
17,-56.8
18,-52.0
19,-55.0
20,-54.4
21,-53.0
22,-62.1
23,-62.0
24,-58.9
25,-53.7
26,-55.0
