frequency,pdr
11,-59.0
12,-55.0
13,-64.2222222222
14,-71.7777777778
15,-61.0
16,-58.2
17,-69.0
18,-61.7
19,-75.4
20,-55.0
21,-69.7
22,-63.5
23,-53.4
24,-55.0
25,-52.9
26,-64.2
