frequency,pdr
11,-71.7777777778
12,-63.9
13,-64.3333333333
14,-63.2
15,-68.5
16,-77.8888888889
17,-64.8
18,-63.7
19,-73.2
20,-63.6
21,-60.9
22,-57.4
23,-61.0
24,-60.7
25,-71.1
26,-66.6
