frequency,pdr
11,-58.5
12,-78.5
13,-62.75
14,-66.1
15,-58.0
16,-72.2222222222
17,-65.4
18,-55.0
19,-58.0
20,-55.0
21,-55.4
22,-58.1
23,-55.0
24,-63.9
25,-65.6363636364
26,-67.7
