frequency,pdr
11,-61.7
12,-61.1111111111
13,-55.0
14,-55.0
15,-58.0
16,-52.7
17,-55.0
18,-55.0
19,-55.0
20,-63.9
21,-62.6
22,-68.3
23,-55.0
24,-64.7777777778
25,-58.7
26,-55.0
