frequency,pdr
11,-55.0
12,-58.0
13,-67.3333333333
14,-62.9
15,-69.8
16,-53.2
17,-53.3
18,-55.0
19,-55.0
20,-56.2
21,-67.7
22,-65.9
23,-70.0
24,-73.8888888889
25,-61.0
26,-66.0
