frequency,pdr
11,-57.3
12,-58.0
13,-63.3333333333
14,-60.5
15,-51.9
16,-54.4
17,-74.0
18,-58.3
19,-58.7
20,-56.9
21,-55.0
22,-55.3
23,-55.0
24,-54.7777777778
25,-64.2
26,-64.0
