frequency,pdr
11,-59.4
12,-57.7777777778
13,-56.0
14,-54.1
15,-58.1
16,-50.3
17,-49.0
18,-49.0
19,-55.0
20,-64.0
21,-56.0909090909
22,-52.0
23,-52.8
24,-55.0
25,-51.7
26,-56.0
