frequency,pdr
11,-66.0
12,-68.0
13,-56.2222222222
14,-60.2
15,-65.7
16,-67.0
17,-61.0
18,-60.5
19,-62.4
20,-67.9
21,-55.3
22,-62.8
23,-59.0
24,-61.8888888889
25,-58.1
26,-53.9
