frequency,pdr
11,-78.2
12,-79.0
13,-79.0
14,-79.0
15,-79.0
16,-79.0
17,-79.0
18,-79.0
19,-81.0
20,-82.8181818182
21,-82.0
22,-82.4444444444
23,-84.0
24,-85.1
25,-88.9
26,-91.0
