frequency,pdr
11,-74.3
12,-75.3
13,-75.9
14,-76.1
15,-79.0
16,-80.4285714286
17,-82.4285714286
18,-83.0
19,-83.25
20,-82.9
21,-83.5
22,-83.5555555556
23,-83.7272727273
24,-84.7
25,-83.8
26,-84.6
