frequency,pdr
11,-82.9
12,-91.0
13,-85.4
14,-82.0
15,-81.8
16,-83.2
17,-86.5714285714
18,-90.4
19,-91.0
20,-90.7
21,-88.4
22,-86.6666666667
23,-84.5555555556
24,-82.2
25,-83.0
26,-85.1
