frequency,pdr
11,-86.1
12,-86.5
13,-85.5
14,-84.6
15,-85.8
16,-89.1428571429
17,-90.8571428571
19,-88.3333333333
20,-84.9
21,-82.1
22,-83.0
23,-82.125
24,-82.0
25,-81.6
26,-82.0
