frequency,pdr
11,-82.0
12,-84.3
13,-89.3
14,-91.0
15,-91.0
16,-91.0
17,-91.0
18,-91.0
19,-91.0
20,-91.0
21,-90.875
22,-86.4444444444
23,-84.7272727273
24,-82.6
25,-83.1
26,-84.0
