frequency,pdr
11,-67.1
12,-72.2
13,-87.5555555556
14,-69.5
15,-65.5
16,-63.9
17,-64.0
18,-67.0
19,-73.3
20,-71.2
21,-67.1
22,-66.8571428571
23,-65.5555555556
24,-66.3
25,-67.4
26,-74.8
