frequency,pdr
11,-82.0
12,-86.4
13,-88.8
14,-83.6
15,-81.6
16,-79.1
17,-79.0
18,-79.0
19,-80.0
20,-82.6
21,-84.2
22,-82.7142857143
23,-80.2222222222
24,-79.0
25,-79.0
26,-79.0
