frequency,pdr
11,-82.0
12,-85.9
13,-90.8571428571
15,-91.0
16,-91.0
17,-88.0
18,-85.3333333333
19,-83.2
20,-83.9
21,-86.0
22,-87.75
23,-86.0
24,-84.1
25,-85.1818181818
26,-83.0
