frequency,pdr
11,-86.3
12,-90.3333333333
13,-91.0
15,-91.0
16,-91.0
17,-89.1111111111
18,-89.625
19,-90.5
20,-90.0
21,-91.0
25,-91.0
26,-91.0
