frequency,pdr
11,-79.0
12,-79.0
13,-79.8
14,-81.1
15,-82.0
16,-84.1428571429
17,-87.875
18,-90.1428571429
19,-91.0
21,-91.0
22,-88.4285714286
23,-88.0
24,-88.0
25,-90.0909090909
26,-90.1
