frequency,pdr
11,-52.5
12,-55.6
13,-43.4
14,-53.2222222222
15,-46.3333333333
16,-46.0
17,-55.0
18,-52.0
19,-61.5
20,-46.0
21,-53.5
22,-56.6
23,-49.0
24,-50.0
25,-46.0
26,-53.3
