frequency,pdr
11,-63.8
12,-61.8
13,-67.0
14,-64.1111111111
15,-62.0
16,-60.6
17,-58.2
18,-59.4
19,-64.8
20,-61.0
21,-64.0
22,-72.0
23,-61.1
24,-67.6666666667
25,-71.0
26,-63.2
