frequency,pdr
11,-61.4444444444
12,-64.2222222222
13,-56.4
14,-63.1111111111
15,-62.8888888889
16,-53.2
17,-55.0
18,-64.0
19,-64.0
20,-64.0
21,-67.1
22,-64.6
23,-65.5555555556
24,-61.3333333333
25,-59.5
26,-64.9
