frequency,pdr
11,-55.0
12,-57.3
13,-46.0
14,-46.0
15,-57.5555555556
16,-54.4
17,-68.0
18,-60.5
19,-48.9
20,-52.0
21,-50.8
22,-61.0
23,-54.2
24,-63.1111111111
25,-64.7
26,-52.0
