frequency,pdr
11,-59.4
12,-56.2
13,-58.0
14,-58.5555555556
15,-60.0
16,-52.3
17,-52.7
18,-49.3
19,-56.2
20,-50.0
21,-54.4
22,-49.1
23,-52.7
24,-65.4444444444
25,-55.0
26,-55.0
