frequency,pdr
11,-60.8
12,-75.0
13,-58.1
14,-55.6666666667
15,-57.7777777778
16,-61.3
17,-63.7
18,-60.4
19,-55.0
20,-55.0
21,-55.0
22,-63.0
23,-56.3
24,-57.4
25,-68.2
26,-76.8
