frequency,pdr
11,-55.0
12,-59.3333333333
13,-60.6
14,-55.0
15,-59.5555555556
16,-68.4
17,-58.1
18,-62.7
19,-58.0
20,-65.7
21,-67.0
22,-61.0
23,-55.0
24,-58.6
25,-62.7
26,-55.2
