frequency,pdr
11,-55.0
12,-57.5
13,-55.6
14,-56.4444444444
15,-63.3333333333
16,-55.0
17,-69.5
18,-50.0
19,-57.4
20,-52.0
21,-57.6
22,-52.0
23,-55.0
24,-63.9
25,-58.7
26,-57.0
