frequency,pdr
11,-46.0
12,-56.6666666667
13,-43.0
14,-45.8
15,-60.7777777778
16,-43.0
17,-40.0
18,-44.7
19,-43.0
20,-43.7
21,-43.0
22,-49.8
23,-43.7
24,-44.8
25,-45.7
26,-42.2
