frequency,pdr
11,-49.0
12,-58.6666666667
13,-47.1
14,-55.0
15,-55.4444444444
16,-45.9
17,-44.0
18,-43.9
19,-49.0
20,-53.8
21,-45.9
22,-48.6
23,-46.5
24,-54.4
25,-56.3
26,-57.1
