frequency,pdr
11,-55.6
12,-52.4444444444
13,-59.3
14,-57.5
15,-57.8888888889
16,-54.8
17,-56.3
18,-56.5
19,-66.7
20,-52.5
21,-53.7
22,-56.5
23,-53.2
24,-57.3333333333
25,-57.3
26,-55.0
