frequency,pdr
11,-51.9
12,-52.6666666667
13,-54.1
14,-54.0
15,-46.8
16,-49.0
17,-51.9
18,-46.0
19,-53.1
20,-49.0
21,-53.8
22,-67.1
23,-64.3
24,-59.7777777778
25,-64.6
26,-60.9
