frequency,pdr
11,-48.3
12,-55.6666666667
13,-51.6
14,-62.3333333333
15,-61.6666666667
16,-52.0
17,-49.0
18,-50.2727272727
19,-51.7
20,-59.2
21,-59.7
22,-54.7272727273
23,-61.6
24,-54.2
25,-51.2
26,-52.0
