frequency,pdr
11,-47.7
12,-51.9
13,-55.0
14,-60.4444444444
15,-50.6666666667
16,-54.7
17,-49.0
18,-46.0
19,-51.2
20,-49.0
21,-55.0
22,-50.8
23,-50.9
24,-46.0
25,-52.2
26,-48.5
