frequency,pdr
11,-55.0
12,-56.1111111111
13,-56.6
14,-47.2222222222
15,-44.5
16,-44.5
17,-45.2
18,-48.9
19,-60.8
20,-46.0
21,-48.4
22,-58.0
23,-49.0
24,-45.9
25,-49.0
26,-52.0
