frequency,pdr
11,-55.3
12,-54.2
13,-55.0
14,-57.1111111111
15,-67.4444444444
16,-50.7
17,-55.0
18,-55.2
19,-58.6
20,-55.6
21,-64.0
22,-55.0
23,-52.2
24,-55.7
25,-59.0
26,-58.0
