frequency,pdr
11,-58.0
12,-58.2727272727
13,-55.0
14,-62.0
15,-63.1111111111
16,-64.0
17,-60.2
18,-60.5
19,-76.7
20,-68.7
21,-67.0
22,-73.4
23,-55.0
24,-68.7
25,-59.1
26,-68.6
