frequency,pdr
11,-54.4
12,-55.5555555556
13,-57.4
14,-60.3333333333
15,-59.2
16,-56.1
17,-53.1
18,-62.8
19,-57.1
20,-57.0
21,-59.9
22,-55.0
23,-54.1
24,-55.0
25,-52.0
26,-55.8
