frequency,pdr
11,-49.0
12,-46.0
13,-46.0
14,-50.6
15,-53.6666666667
16,-49.0
17,-56.1
18,-55.0
19,-55.9090909091
20,-50.0
21,-54.7
22,-53.8
23,-49.1
24,-51.9
25,-53.0
26,-54.1
