frequency,pdr
11,-43.0
12,-43.0
13,-47.2
14,-49.5555555556
15,-43.2
16,-42.4545454545
17,-43.0
18,-43.0
19,-53.3
20,-44.7
21,-42.7
22,-40.0
23,-38.0
24,-40.0
25,-42.8
26,-46.0
