frequency,pdr
11,-49.0
12,-46.0
13,-46.0
14,-50.2222222222
15,-58.0
16,-52.9
17,-55.0
18,-46.0
19,-51.6
20,-46.0
21,-49.0
22,-46.0
23,-50.7
24,-54.5555555556
25,-50.0
26,-58.0
