frequency,pdr
11,-60.6
12,-59.0
13,-70.5
14,-61.4444444444
15,-55.6666666667
16,-55.3
17,-59.5
18,-62.2
19,-58.0
20,-67.0
21,-67.5
22,-62.7
23,-67.0
24,-70.0
25,-62.6
26,-63.5
