frequency,pdr
11,-52.7
12,-51.9
13,-60.5
14,-54.4
15,-52.1111111111
16,-56.1
17,-58.9
18,-50.9
19,-59.0
20,-61.0
21,-60.3
22,-55.0
23,-69.7
24,-73.7777777778
25,-56.3
26,-52.1
