frequency,pdr
11,-55.0
12,-55.0
13,-55.0
14,-55.0
15,-57.1111111111
16,-64.1
17,-55.0
18,-64.0
19,-55.6
20,-67.2857142857
21,-55.0
22,-69.5
23,-55.0
24,-55.0
25,-57.7
26,-55.0
