frequency,pdr
11,-46.0
12,-45.8
13,-45.4
14,-43.0
15,-48.6666666667
16,-50.0
17,-54.4
18,-49.0
19,-46.0
20,-45.2
21,-49.3
22,-50.0
23,-62.4444444444
24,-44.0
25,-43.0
26,-50.4
