frequency,pdr
11,-59.7
12,-63.8888888889
13,-70.1
14,-67.2222222222
15,-78.8888888889
16,-67.0
17,-75.9
18,-69.2
19,-80.8
20,-75.1
21,-64.0
22,-67.8
23,-63.7
24,-60.0
25,-64.9
26,-68.4
