frequency,pdr
11,-49.0
12,-54.1111111111
13,-55.0
14,-55.0
15,-45.2
16,-45.3
17,-59.0
18,-53.9
19,-63.3
20,-46.0
21,-48.7
22,-47.0
23,-49.4
24,-55.1111111111
25,-48.0
26,-50.2
