frequency,pdr
11,-54.5
12,-70.8888888889
13,-55.0
14,-69.7777777778
15,-55.0
16,-53.7
17,-57.1
18,-58.0
19,-58.0
20,-67.2
21,-58.0
22,-63.1
23,-62.7
24,-74.7
25,-70.0
26,-60.4
