frequency,pdr
11,-60.6
12,-60.2222222222
13,-68.6
14,-69.8888888889
15,-61.0
16,-62.0
17,-67.5
18,-59.7
19,-68.5
20,-62.0
21,-72.7
22,-66.9
23,-70.7
24,-66.7777777778
25,-71.7
26,-73.2
