frequency,pdr
11,-59.4
12,-55.1
13,-65.6
14,-61.1111111111
15,-62.5555555556
16,-55.5
17,-67.0
18,-65.4
19,-60.4
20,-67.3
21,-71.2
22,-75.8
23,-67.0
24,-66.8888888889
25,-64.2
26,-67.0
