frequency,pdr
11,-53.7
12,-53.3
13,-63.7
14,-55.0
15,-57.8888888889
16,-53.4
17,-53.0
18,-53.1
19,-60.9090909091
20,-64.6
21,-53.0
22,-55.0
23,-55.1
24,-58.6
25,-49.0
26,-51.1
