frequency,pdr
11,-64.8888888889
12,-65.2222222222
13,-70.6
14,-80.0
15,-62.7777777778
16,-67.0
17,-68.7
18,-64.0
19,-67.0
20,-75.4
21,-72.3
22,-64.6
23,-63.2
24,-68.3333333333
25,-72.0
26,-65.0
