frequency,pdr
11,-63.9
12,-62.9
13,-73.3
14,-61.7777777778
15,-58.1111111111
16,-63.9
17,-58.0
18,-61.3
19,-76.0
20,-71.3
21,-64.5
22,-64.0
23,-79.4444444444
24,-63.7
25,-62.9
26,-69.5
