frequency,pdr
11,-46.1
12,-50.0
13,-57.0
14,-65.2222222222
15,-51.7777777778
16,-48.9
17,-48.0
18,-44.6
19,-46.0
20,-53.3
21,-45.8
22,-44.1
23,-55.9
24,-49.7
25,-51.7
26,-54.5
