frequency,pdr
11,-53.0
12,-52.0
13,-52.9
14,-60.6666666667
15,-52.5555555556
16,-53.3
17,-54.2
18,-52.2
19,-46.0
20,-50.5
21,-55.0
22,-57.7
23,-49.0
24,-49.3333333333
25,-53.3
26,-46.2
