frequency,pdr
11,-58.0
12,-71.1111111111
13,-61.0
14,-63.8888888889
15,-61.1111111111
16,-67.0
17,-67.1
18,-66.5
19,-64.0
20,-66.6
21,-58.0
22,-63.9
23,-73.6
24,-64.9
25,-65.0
26,-72.9
