frequency,pdr
11,-53.2
12,-46.0
13,-46.0
14,-54.2222222222
15,-57.1111111111
16,-50.0
17,-50.0
18,-51.8
19,-59.9
20,-51.1
21,-50.8
22,-52.0
23,-50.2
24,-52.0
25,-48.1
26,-59.3
