frequency,pdr
11,-49.1
12,-46.8
13,-50.7
14,-47.2222222222
15,-44.5555555556
16,-46.0
17,-45.9
18,-53.9
19,-48.2
20,-67.8
21,-55.0
22,-50.8
23,-46.1
24,-46.0
25,-49.0
26,-46.8
