frequency,pdr
11,-60.6666666667
12,-55.4444444444
13,-59.7
14,-54.6666666667
15,-51.9
16,-56.8
17,-58.0
18,-55.1
19,-49.6
20,-58.0
21,-53.0
22,-52.2
23,-55.0
24,-64.3333333333
25,-52.9
26,-55.2
