frequency,pdr
11,-56.8
12,-65.2222222222
13,-71.9
14,-78.6
15,-66.1111111111
16,-69.6
17,-70.8
18,-64.0
19,-56.0
20,-52.0
21,-66.0
22,-58.0
23,-53.9
24,-59.8
25,-64.8
26,-64.0
