frequency,pdr
11,-56.8
12,-60.1111111111
13,-52.3
14,-61.5
15,-49.0
16,-55.5
17,-49.0
18,-46.0
19,-46.0
20,-51.4
21,-51.3
22,-52.2
23,-55.0
24,-49.4444444444
25,-46.9
26,-52.0
