frequency,pdr
11,-48.3
12,-48.9
13,-47.1
14,-52.2222222222
15,-48.9
16,-52.1
17,-48.5
18,-49.0
19,-49.1
20,-52.3
21,-52.0
22,-47.9
23,-48.5
24,-49.8888888889
25,-49.0
26,-61.5
