frequency,pdr
11,-53.4
12,-60.6
13,-55.0
14,-55.6666666667
15,-51.3333333333
16,-55.0
17,-53.5
18,-55.1
19,-60.9
20,-59.7
21,-55.0
22,-60.9
23,-54.1
24,-73.5555555556
25,-59.3
26,-64.9
