frequency,pdr
11,-46.0
12,-46.0
13,-46.0
14,-51.0
15,-53.6666666667
16,-51.1
17,-60.9
18,-49.0
19,-46.4
20,-51.7
21,-54.7
22,-46.0
23,-52.1
24,-56.1111111111
25,-57.1
26,-52.9
