frequency,pdr
11,-58.0
12,-50.6666666667
13,-53.0
14,-52.2222222222
15,-65.2222222222
16,-56.7
17,-52.0
18,-58.0
19,-51.7
20,-53.5
21,-58.0
22,-52.0
23,-51.6
24,-54.8
25,-49.0
26,-52.0
