frequency,pdr
11,-64.7777777778
12,-70.8
13,-64.7
14,-64.1111111111
15,-62.5555555556
16,-62.7
17,-65.3
18,-55.0
19,-69.1
20,-60.8
21,-63.1
22,-62.4
23,-64.2
24,-71.4444444444
25,-66.4
26,-68.6
