frequency,pdr
11,-64.1
12,-66.2222222222
13,-76.7777777778
14,-69.25
15,-62.0
16,-65.4
17,-59.6
18,-64.0
19,-75.6
20,-64.4
21,-67.7
22,-70.9
23,-68.8
24,-64.0
25,-67.0
26,-59.9
