frequency,pdr
11,-59.7
12,-59.3
13,-59.0
14,-55.0
15,-62.4444444444
16,-55.0
17,-62.1
18,-62.0
19,-62.2
20,-62.3
21,-63.8
22,-66.9
23,-67.0
24,-62.4444444444
25,-68.8
26,-61.0
