frequency,pdr
11,-61.1111111111
12,-64.3
13,-56.8
14,-58.0
15,-59.8888888889
16,-55.0
17,-55.4
18,-64.4
19,-61.3
20,-58.0
21,-71.7
22,-62.4
23,-56.4
24,-64.3
25,-55.0
26,-55.6
