frequency,pdr
11,-55.9
12,-56.7777777778
13,-46.0
14,-46.0
15,-45.5
16,-49.0
17,-46.0
18,-49.0
19,-55.3
20,-54.3
21,-57.4
22,-56.0
23,-46.0
24,-58.2222222222
25,-54.8
26,-52.0
