frequency,pdr
11,-59.5
12,-59.3
13,-58.0
14,-69.5555555556
15,-70.0
16,-67.0
17,-61.4
18,-64.0
19,-62.7
20,-61.0
21,-52.5
22,-67.6
23,-67.0
24,-68.2222222222
25,-67.0
26,-68.5
