frequency,pdr
11,-49.9
12,-51.6
13,-62.9
14,-48.8888888889
15,-54.6666666667
16,-49.4
17,-55.3
18,-54.0
19,-48.5
20,-43.0
21,-51.5
22,-56.4
23,-50.2
24,-57.0
25,-61.1
26,-48.8
