frequency,pdr
11,-49.2
12,-52.0
13,-50.0
14,-53.1111111111
15,-49.5
16,-50.1
17,-54.1
18,-52.0
19,-49.0
20,-52.6
21,-50.7
22,-52.0
23,-55.0
24,-64.1111111111
25,-49.0
26,-52.0
