frequency,pdr
11,-56.2
12,-55.6666666667
13,-55.0
14,-52.8
15,-53.3333333333
16,-52.0
17,-49.0
18,-56.7
19,-56.9
20,-52.9
21,-67.0
22,-55.0
23,-61.2
24,-67.3333333333
25,-52.0
26,-46.0
