frequency,pdr
11,-46.3
12,-51.8888888889
13,-49.0
14,-47.3
15,-52.5
16,-49.0
17,-47.0
18,-49.2
19,-51.0
20,-52.0
21,-52.0
22,-56.8
23,-54.8
24,-65.6666666667
25,-65.0
26,-55.0
