frequency,pdr
11,-49.1
12,-50.2
13,-55.3
14,-49.1111111111
15,-49.1111111111
16,-47.4
17,-43.3
18,-46.0
19,-46.0
20,-46.8
21,-46.3
22,-48.5
23,-49.0
24,-63.8
25,-64.5
26,-49.1
