frequency,pdr
11,-65.9
12,-51.9
13,-58.4
14,-67.0
15,-58.4444444444
16,-60.1
17,-64.3
18,-63.7
19,-58.0
20,-53.0
21,-60.2
22,-67.0
23,-61.8
24,-68.3333333333
25,-52.3
26,-54.3
