frequency,pdr
11,-43.0
12,-42.8
13,-58.8
14,-47.5555555556
15,-49.6666666667
16,-47.2
17,-46.5
18,-55.7
19,-43.0
20,-46.0
21,-43.0
22,-43.0
23,-43.9
24,-48.9
25,-59.5
26,-52.0
