frequency,pdr
11,-46.1
12,-45.8
13,-57.4
14,-49.5555555556
15,-56.8888888889
16,-51.2
17,-55.0
18,-46.6
19,-52.1
20,-49.0
21,-51.9
22,-56.9
23,-52.0
24,-60.6666666667
25,-49.0
26,-51.8
