frequency,pdr
11,-55.7
12,-59.7777777778
13,-53.3
14,-62.3333333333
15,-49.6666666667
16,-54.9
17,-52.6
18,-49.0
19,-47.6
20,-46.0
21,-47.0
22,-63.9
23,-49.7
24,-46.4
25,-54.4
26,-49.0
