frequency,pdr
11,-70.2222222222
12,-58.4444444444
13,-61.7
14,-62.9
15,-63.0
16,-65.5
17,-69.2
18,-64.0
19,-64.2
20,-55.0
21,-63.0
22,-70.2
23,-71.5
24,-66.6666666667
25,-76.7
26,-74.5
