frequency,pdr
11,-55.0
12,-48.0
13,-50.9
14,-55.0
15,-62.5555555556
16,-66.6
17,-50.5
18,-66.6
19,-49.2
20,-46.7
21,-49.0
22,-49.2
23,-55.3
24,-63.7777777778
25,-48.6
26,-60.0
