frequency,pdr
11,-58.0
12,-61.0
13,-65.9
14,-65.8888888889
15,-67.4
16,-69.6
17,-64.0
18,-63.7272727273
19,-58.3
20,-58.0
21,-58.0
22,-59.5
23,-59.9
24,-61.0
25,-64.5
26,-67.0
