frequency,pdr
11,-89.8
12,-90.5555555556
13,-90.8333333333
14,-91.0
15,-91.0
17,-91.0
21,-91.0
23,-91.0
24,-91.0
25,-91.0
26,-91.0
