frequency,pdr
11,-56.4
12,-50.0
13,-45.7777777778
14,-51.4
15,-68.1111111111
16,-50.0
17,-60.0
18,-52.0
19,-52.0
20,-56.2
21,-60.6
22,-52.0
23,-49.0
24,-52.0
25,-52.0
26,-53.8
