frequency,pdr
11,-52.6
12,-53.7
13,-67.8571428571
14,-62.2
15,-58.4444444444
16,-69.7
17,-64.1
18,-61.0
19,-55.0
20,-56.9
21,-55.0
22,-61.0
23,-65.4
24,-55.0
25,-52.0
26,-59.6
