frequency,pdr
11,-71.5555555556
12,-72.7
13,-55.2222222222
14,-57.9
15,-57.2
16,-55.9
17,-55.0
18,-61.0
19,-67.0
20,-60.2
21,-63.2
22,-62.7
23,-64.5
24,-63.6
25,-65.9
26,-68.5
