frequency,pdr
11,-64.0
12,-61.0
13,-69.2857142857
14,-55.1
15,-55.0
16,-55.4
17,-56.0909090909
18,-59.9
19,-56.4
20,-58.0
21,-71.6
22,-73.1666666667
23,-58.0
24,-58.7
25,-70.0
26,-61.7
