frequency,pdr
11,-47.9090909091
12,-49.2
13,-46.0
14,-48.6
15,-43.0
16,-43.0
17,-52.7
18,-47.4
19,-45.8
20,-47.5
21,-69.2
22,-50.6363636364
23,-52.9
24,-49.0
25,-60.2
26,-48.9
