frequency,pdr
11,-77.7
12,-62.9
13,-63.7777777778
14,-68.5
15,-68.5555555556
16,-58.0
17,-55.0
18,-58.1
19,-59.4
20,-59.9
21,-55.7
22,-55.0
23,-73.5
24,-64.0
25,-65.5
26,-66.1
