frequency,pdr
11,-55.0
12,-58.0
13,-57.7777777778
14,-66.9
15,-55.0
16,-55.5
17,-55.0
18,-61.3
19,-55.0
20,-70.0
21,-78.1
22,-63.8
23,-66.0
24,-69.8
25,-56.0909090909
26,-65.4
