frequency,pdr
11,-76.5
12,-74.0
13,-65.2857142857
14,-59.8
15,-70.2222222222
16,-66.7
17,-55.0
18,-57.5
19,-55.0
20,-52.0
21,-60.2
22,-55.2
23,-61.0
24,-58.0
25,-58.0
26,-63.4
