frequency,pdr
11,-49.1
12,-49.0
13,-51.7777777778
14,-55.1
15,-52.1111111111
16,-49.0
17,-46.7
18,-46.3
19,-47.2
20,-40.7
21,-43.0
22,-43.0
23,-43.0
24,-43.0
25,-43.0
26,-42.7
