frequency,pdr
11,-53.4
12,-61.9
13,-56.8888888889
14,-56.1
15,-60.5555555556
16,-65.1
17,-60.2
18,-55.3
19,-52.8
20,-63.5
21,-57.3
22,-64.2
23,-58.0
24,-52.0
25,-52.7
26,-57.8
