frequency,pdr
11,-60.0
12,-52.4
13,-51.9
14,-51.5
15,-56.2222222222
16,-64.0
17,-67.0909090909
18,-58.0
19,-55.0
20,-55.4
21,-53.9
22,-61.8
23,-65.4
24,-65.7
25,-55.0
26,-54.7
