frequency,pdr
11,-66.9
12,-67.1
13,-57.8888888889
14,-63.7
15,-71.7777777778
16,-65.3
17,-55.0
18,-58.0
19,-71.6
20,-58.1
21,-52.0
22,-53.0
23,-65.3
24,-58.2
25,-62.6
26,-65.5
