frequency,pdr
11,-59.0
12,-64.1
13,-61.8888888889
14,-67.0
15,-67.0
16,-67.7272727273
17,-63.0
18,-64.0
19,-66.5
20,-75.2
21,-64.0
22,-62.0
23,-63.8
24,-58.1
25,-61.0
26,-71.3
