frequency,pdr
11,-58.7777777778
12,-61.6
13,-60.875
14,-57.7
15,-59.1111111111
16,-57.4
17,-54.7
18,-61.0
19,-61.0
20,-63.3
21,-59.8
22,-53.4
23,-66.8
24,-54.1
25,-56.2
26,-62.2
