frequency,pdr
11,-56.8
12,-64.3
13,-58.625
14,-65.5454545455
15,-65.4444444444
16,-67.7
17,-55.0
18,-55.0
19,-52.2
20,-60.0
21,-55.0
22,-69.2
23,-55.0
24,-55.0
25,-79.4444444444
26,-63.5
