frequency,pdr
11,-69.0
12,-62.4
13,-63.0
14,-76.2222222222
15,-65.3333333333
16,-66.7
17,-70.0
18,-76.6
19,-70.0
20,-64.0
21,-61.0
22,-61.0
23,-61.0
24,-64.0
25,-64.0
26,-66.4
