frequency,pdr
11,-63.2
12,-63.4
13,-55.1111111111
14,-61.8
15,-57.9090909091
16,-64.2
17,-64.4
18,-61.0
19,-61.0
20,-68.2
21,-67.0
22,-62.5
23,-67.0
24,-58.2
25,-61.0
26,-66.2
