frequency,pdr
11,-46.0
12,-46.8
13,-51.1111111111
14,-43.5
15,-54.8888888889
16,-54.7
17,-48.1
18,-45.4
19,-44.2
20,-47.8
21,-46.1
22,-45.1
23,-47.2
24,-51.4545454545
25,-51.0
26,-50.5
