frequency,pdr
11,-46.0
12,-52.0
13,-48.6
14,-62.3
15,-55.7777777778
16,-56.9
17,-57.5
18,-52.0
19,-55.2
20,-54.9
21,-53.3
22,-57.9
23,-49.0
24,-55.0
25,-56.0
26,-56.0909090909
