frequency,pdr
11,-62.0
12,-55.0
13,-70.2857142857
14,-63.7
15,-77.4444444444
16,-77.3
17,-71.1
18,-67.7
19,-63.7
20,-67.0
21,-63.2
22,-67.1
23,-67.1
24,-67.0
25,-67.0
26,-77.4
