frequency,pdr
11,-59.2222222222
12,-51.3
13,-52.0
14,-50.7
15,-56.0
16,-50.0
17,-54.4
18,-70.5714285714
19,-54.3
20,-54.6
21,-52.0
22,-59.7
23,-59.9
24,-52.0
25,-56.9
26,-55.0
