frequency,pdr
11,-71.4444444444
12,-61.3
13,-55.9
14,-55.8
15,-54.9
16,-55.0
17,-62.1
18,-57.3
19,-55.0
20,-59.3
21,-55.0
22,-53.0
23,-63.9
24,-77.5555555556
25,-54.6
26,-59.8
