frequency,pdr
11,-82.7272727273
12,-81.1111111111
13,-80.1
14,-81.1
15,-82.0
16,-82.2
17,-82.9
18,-83.9
19,-84.0
20,-85.0
21,-85.0
22,-84.9
23,-88.0
24,-91.0
25,-91.0
26,-90.7
