frequency,pdr
11,-85.75
12,-82.0
13,-81.0
14,-79.1428571429
15,-80.0
16,-82.9
17,-87.3
18,-88.7
19,-90.0
20,-90.8
21,-91.0
22,-88.7777777778
23,-87.6
24,-87.0
25,-84.8
26,-82.9
