frequency,pdr
11,-80.0
12,-78.8888888889
13,-78.8888888889
14,-81.0
15,-82.6
16,-85.7
17,-87.375
18,-88.4285714286
19,-88.0
20,-84.9
21,-82.0
22,-82.1
23,-82.1
24,-83.1
25,-86.8
26,-88.7
