frequency,pdr
11,-86.8888888889
12,-89.4444444444
13,-90.7142857143
14,-91.0
15,-91.0
16,-91.0
17,-91.0
18,-91.0
19,-91.0
20,-91.0
21,-91.0
23,-91.0
24,-91.0
