frequency,pdr
11,-88.5714285714
12,-88.9
13,-87.0
14,-88.75
15,-91.0
16,-90.0
17,-88.1
18,-89.8571428571
19,-91.0
21,-91.0
23,-91.0
24,-91.0
25,-91.0
