frequency,pdr
11,-89.3333333333
12,-88.1
13,-82.0
14,-82.0
15,-82.0
16,-82.0
17,-83.5
18,-86.2857142857
19,-89.3
20,-86.0
21,-82.0
22,-80.7
23,-82.0
24,-85.0
25,-85.0
26,-84.3
