frequency,pdr
11,-77.3333333333
12,-78.6666666667
13,-79.0
14,-79.5
15,-79.0
16,-81.0
17,-80.9
18,-78.8
19,-78.3
20,-81.2727272727
21,-84.4
23,-82.5
24,-79.3
25,-83.8
26,-89.8
