frequency,pdr
11,-90.6666666667
12,-88.9
13,-87.6666666667
14,-90.375
15,-90.9
16,-90.4
17,-90.8888888889
18,-91.0
19,-91.0
25,-91.0
