frequency,pdr
11,-83.4285714286
12,-86.2
13,-90.75
15,-91.0
16,-87.6
17,-85.7777777778
18,-86.625
19,-87.0
20,-89.6
21,-91.0
24,-91.0
25,-90.9
26,-90.9
