frequency,pdr
11,-58.0
12,-57.9
13,-56.4444444444
14,-58.6
15,-48.7777777778
16,-49.0
17,-55.0
18,-66.2
19,-52.3
20,-68.3
21,-60.5
22,-52.8
23,-52.0
24,-62.5555555556
25,-54.8
26,-56.2
