frequency,pdr
11,-55.0
12,-57.3
13,-64.0
14,-52.0
15,-54.7777777778
16,-51.0
17,-55.0
18,-52.9
19,-49.0
20,-52.8
21,-49.0
22,-55.0
23,-67.0
24,-66.1818181818
25,-59.9
26,-56.5
