frequency,pdr
11,-55.3
12,-54.9
13,-60.3333333333
14,-62.7
15,-60.6666666667
16,-65.5
17,-67.9
18,-61.0
19,-68.3
20,-64.6
21,-58.2
22,-60.8
23,-61.0
24,-78.2
25,-60.6
26,-67.0
