frequency,pdr
11,-50.9
12,-58.3333333333
13,-55.0
14,-54.9
15,-54.9
16,-55.0
17,-68.0
18,-48.9
19,-48.0
20,-52.0
21,-54.1
22,-54.2
23,-62.9
24,-52.1
25,-52.0
26,-78.5555555556
