frequency,pdr
11,-62.8
12,-58.1111111111
13,-69.7777777778
14,-62.2
15,-67.3333333333
16,-68.0
17,-72.0
18,-62.0
19,-63.6
20,-64.0
21,-67.0
22,-68.5
23,-59.0
24,-60.8
25,-58.3
26,-66.3
