frequency,pdr
11,-46.0
12,-51.5
13,-51.0
14,-46.0
15,-60.5555555556
16,-51.8
17,-49.0
18,-52.0
19,-62.4
20,-55.0
21,-49.1
22,-49.0
23,-63.1
24,-66.2222222222
25,-46.5
26,-44.2
