frequency,pdr
11,-51.9
12,-45.7777777778
13,-47.8888888889
14,-49.0
15,-48.6
16,-62.3
17,-51.4
18,-55.0
19,-55.3
20,-55.2
21,-61.7
22,-56.3
23,-57.1
24,-52.7
25,-51.9
26,-50.9
