frequency,pdr
11,-52.5
12,-58.1111111111
13,-58.1111111111
14,-55.9
15,-55.0
16,-60.8
17,-54.7
18,-54.4
19,-47.2
20,-52.2
21,-52.5
22,-58.8
23,-53.8
24,-55.0
25,-56.4
26,-56.6
