frequency,pdr
11,-53.8
12,-53.6666666667
13,-51.9
14,-49.0
15,-47.2222222222
16,-53.5
17,-48.9
18,-49.0
19,-48.8
20,-50.9
21,-50.2
22,-48.5
23,-54.6
24,-45.5
25,-46.0
26,-47.8
