frequency,pdr
11,-51.8
12,-52.0
13,-62.4444444444
14,-66.9
15,-54.7777777778
16,-57.9
17,-56.9
18,-57.4
19,-53.3
20,-58.0
21,-62.3
22,-59.3
23,-60.0
24,-65.0
25,-53.0
26,-55.0
