frequency,pdr
11,-58.4
12,-51.7
13,-54.2
14,-67.1
15,-68.7777777778
16,-55.0
17,-56.1
18,-66.7
19,-64.0
20,-52.0
21,-49.2
22,-49.0
23,-50.0
24,-55.4444444444
25,-59.6
26,-55.0
