frequency,pdr
11,-57.9
12,-52.0
13,-51.9
14,-55.0
15,-59.8888888889
16,-61.9
17,-50.5
18,-49.0
19,-51.6
20,-58.0
21,-64.2
22,-49.0
23,-49.1
24,-54.7777777778
25,-54.1
26,-57.3
