frequency,pdr
11,-49.0
12,-54.9
13,-62.4545454545
14,-61.0
15,-53.4444444444
16,-51.6
17,-49.0
18,-49.0
19,-48.6
20,-58.5
21,-60.5
22,-54.4
23,-53.9
24,-54.7777777778
25,-55.0
26,-52.6
