frequency,pdr
11,-69.5
12,-65.0
13,-62.2222222222
14,-70.0
15,-67.7777777778
16,-61.7
17,-62.8
18,-65.8
19,-58.1
20,-74.9
21,-68.2
22,-74.4444444444
23,-66.9
24,-78.3
25,-62.0
26,-74.0
