frequency,pdr
11,-67.5
12,-68.0
13,-66.5555555556
14,-71.2222222222
15,-64.6666666667
16,-64.0
17,-59.1
18,-69.2
19,-59.0
20,-61.0
21,-59.4
22,-73.1
23,-67.8
24,-64.0
25,-64.5
26,-67.5
