frequency,pdr
11,-49.0
12,-49.7
13,-65.2
14,-55.0
15,-54.3333333333
16,-53.8
17,-63.7272727273
18,-63.2
19,-55.0
20,-49.0
21,-55.1
22,-55.0
23,-55.7
24,-59.5555555556
25,-56.9
26,-55.0
