frequency,pdr
11,-52.7
12,-50.1111111111
13,-46.3
14,-61.6
15,-49.1111111111
16,-59.0
17,-68.5
18,-55.9
19,-55.8
20,-57.8
21,-53.6
22,-62.8
23,-46.8
24,-51.1
25,-53.1
26,-57.0
