frequency,pdr
11,-63.9
12,-61.0
13,-64.7
14,-55.3
15,-62.1111111111
16,-61.5
17,-56.6
18,-52.4
19,-56.2
20,-55.0
21,-55.0
22,-56.5
23,-55.0
24,-65.7777777778
25,-54.9
26,-56.6
