frequency,pdr
11,-63.6666666667
12,-65.8888888889
13,-67.1111111111
14,-63.7
15,-73.0
16,-67.0
17,-67.8
18,-81.8
19,-65.0
20,-59.0
21,-70.0
22,-70.3
23,-67.0
24,-72.5
25,-62.0
26,-65.0
