frequency,pdr
11,-52.8
12,-54.1
13,-46.3
14,-46.0
15,-52.6666666667
16,-67.0
17,-60.6
18,-57.7
19,-55.0
20,-59.0
21,-55.9
22,-61.6
23,-65.2
24,-55.8888888889
25,-60.6
26,-65.1
