frequency,pdr
11,-76.6666666667
12,-63.8888888889
13,-71.3333333333
14,-61.0
15,-67.3333333333
16,-76.7
17,-67.0
18,-70.7
19,-67.0
20,-69.0
21,-76.1
22,-61.0
23,-69.9
24,-82.5555555556
25,-61.0
26,-67.6
