frequency,pdr
11,-46.1
12,-46.0
13,-55.2222222222
14,-52.0
15,-64.2222222222
16,-64.0
17,-63.0
18,-53.5
19,-48.2
20,-48.9
21,-50.1
22,-60.2
23,-63.6
24,-57.8888888889
25,-62.0
26,-66.9
