frequency,pdr
11,-66.5555555556
12,-74.375
13,-72.1
14,-67.2
15,-65.7777777778
16,-61.5
17,-67.0
18,-72.8
19,-67.0
20,-69.8
21,-69.6
22,-73.8888888889
23,-62.7
24,-65.0
25,-67.4
26,-71.2
