frequency,pdr
11,-72.5555555556
12,-61.0
13,-60.6666666667
14,-58.3
15,-59.2222222222
16,-58.0
17,-55.0
18,-63.3
19,-60.8
20,-75.1
21,-61.0
22,-67.3
23,-67.2
24,-67.5
25,-70.6
26,-65.9
