frequency,pdr
11,-70.3333333333
12,-55.7
13,-56.2222222222
14,-55.0
15,-55.6666666667
16,-51.0
17,-58.0
18,-65.5
19,-54.9
20,-66.8
21,-62.1
22,-49.0
23,-54.0
24,-52.5
25,-59.3
26,-65.9
