frequency,pdr
11,-48.9
12,-58.8888888889
13,-49.3
14,-49.0
15,-54.7777777778
16,-49.9
17,-48.8
18,-61.6
19,-52.5
20,-53.7
21,-68.4
22,-57.8
23,-57.8
24,-62.9
25,-71.5
26,-61.0
