frequency,pdr
11,-52.3
12,-52.0
13,-69.4444444444
14,-56.5
15,-49.4444444444
16,-49.1
17,-49.0
18,-57.0
19,-61.0
20,-55.0
21,-56.8
22,-55.0
23,-55.0
24,-55.1
25,-58.8
26,-63.5
