frequency,pdr
11,-61.0
12,-61.0
13,-65.2222222222
14,-58.0
15,-54.7777777778
16,-53.0
17,-60.5
18,-60.4
19,-54.3
20,-59.4
21,-55.3
22,-56.3
23,-60.4
24,-56.6
25,-59.5
26,-55.0
