frequency,pdr
11,-55.0
12,-59.1
13,-61.0
14,-66.5555555556
15,-55.0
16,-49.4
17,-51.6
18,-64.6
19,-53.9
20,-71.6
21,-50.8
22,-55.0
23,-55.0
24,-56.7777777778
25,-58.2
26,-58.1
