frequency,pdr
11,-55.0
12,-55.0
13,-56.3
14,-55.0
15,-51.2222222222
16,-55.0
17,-60.9
18,-56.8
19,-62.0
20,-58.0
21,-61.0
22,-59.3
23,-58.5
24,-70.4444444444
25,-67.0
26,-59.6
