frequency,pdr
11,-67.6666666667
12,-56.4
13,-64.9
14,-61.1
15,-71.2222222222
16,-60.6
17,-51.8
18,-55.0
19,-62.2
20,-53.8
21,-63.0
22,-63.3
23,-52.0
24,-53.0
25,-48.0
26,-55.0
