frequency,pdr
11,-62.6666666667
12,-52.0
13,-49.6
14,-51.3
15,-53.2222222222
16,-55.0
17,-58.0
18,-55.0
19,-54.3
20,-56.4
21,-49.5
22,-54.6
23,-53.3
24,-58.7777777778
25,-55.0
26,-51.3
