frequency,pdr
11,-48.9
12,-51.4444444444
13,-47.0
14,-49.0
15,-46.7777777778
16,-44.0
17,-45.6
18,-49.3
19,-46.6
20,-54.2
21,-55.9
22,-53.4
23,-55.4
24,-53.4
25,-53.6
26,-48.6
