frequency,pdr
11,-69.9
12,-58.9
13,-55.0
14,-56.0
15,-56.2222222222
16,-56.0
17,-64.0
18,-60.1
19,-59.1
20,-58.5
21,-55.1
22,-64.0
23,-65.9
24,-66.6666666667
25,-62.2
26,-61.0
