frequency,pdr
11,-55.0
12,-57.7777777778
13,-63.6666666667
14,-54.6
15,-58.5555555556
16,-55.0
17,-60.1
18,-58.3
19,-56.3
20,-54.4
21,-56.0
22,-57.2
23,-67.3
24,-59.3333333333
25,-55.1
26,-61.8
