frequency,pdr
11,-55.0
12,-54.9
13,-56.1
14,-61.0
15,-57.4444444444
16,-52.0
17,-58.1
18,-64.3
19,-55.0
20,-54.4
21,-55.0
22,-55.0
23,-56.1
24,-58.8888888889
25,-61.9
26,-55.4
