frequency,pdr
11,-69.0
12,-62.7777777778
13,-60.3333333333
14,-67.0
15,-69.7777777778
16,-61.5
17,-59.8
18,-62.7
19,-67.3
20,-58.1
21,-63.4
22,-64.0
23,-67.0
24,-70.3333333333
25,-67.0
26,-73.1818181818
