frequency,pdr
11,-49.0
12,-52.0
13,-52.6666666667
14,-49.0
15,-61.1111111111
16,-63.4
17,-54.9
18,-59.0
19,-56.2
20,-51.6
21,-51.6
22,-58.7
23,-54.2
24,-60.8
25,-56.3
26,-61.4
