frequency,pdr
11,-54.8
12,-57.3333333333
13,-63.7777777778
14,-57.3
15,-55.7777777778
16,-60.2
17,-61.1
18,-61.2
19,-60.3
20,-63.5
21,-58.2
22,-58.6
23,-60.0
24,-61.0
25,-54.8
26,-58.7
