frequency,pdr
11,-52.1
12,-52.0
13,-65.5555555556
14,-49.7
15,-51.4444444444
16,-52.0
17,-52.0
18,-50.0
19,-49.8
20,-46.0
21,-46.0
22,-44.9
23,-46.4
24,-48.6
25,-46.0
26,-46.0
