frequency,pdr
11,-61.0
12,-55.0
13,-56.6666666667
14,-60.9
15,-58.6666666667
16,-68.4
17,-58.0
18,-64.8
19,-58.1
20,-59.4
21,-55.0
22,-61.6
23,-55.3
24,-64.0
25,-57.4
26,-69.8888888889
