frequency,pdr
11,-55.2
12,-55.0
13,-59.5555555556
14,-52.2
15,-57.3333333333
16,-61.0
17,-58.1
18,-54.3
19,-58.9
20,-62.0
21,-60.7
22,-76.5
23,-59.6
24,-60.8
25,-53.2
26,-55.0
