frequency,pdr
11,-56.1
12,-48.9
13,-65.8888888889
14,-52.0
15,-57.4444444444
16,-46.0
17,-43.6
18,-49.0
19,-56.5
20,-56.7
21,-55.3
22,-56.0
23,-61.2
24,-51.1111111111
25,-58.0
26,-53.2
