frequency,pdr
11,-82.5
12,-82.0
13,-82.0
14,-83.4
15,-85.0
16,-86.0
17,-85.9
18,-85.2
19,-86.7
20,-88.2
21,-88.4444444444
22,-86.5
23,-86.3333333333
24,-84.0
25,-82.0
26,-80.9
