frequency,pdr
11,-76.0
12,-76.0
13,-76.1
14,-77.0
15,-79.0
16,-78.9
17,-77.6
18,-78.7
19,-79.0
20,-80.0
21,-81.6666666667
22,-81.7142857143
23,-82.0
24,-82.0
25,-84.3
26,-85.0
