frequency,pdr
11,-90.4
12,-90.0
13,-89.0
14,-88.5
15,-88.6
16,-88.5
17,-90.1
18,-90.9
19,-91.0
20,-91.0
21,-90.2222222222
22,-89.7142857143
23,-91.0
24,-91.0
25,-91.0
26,-91.0
