frequency,pdr
11,-81.8333333333
12,-80.8888888889
13,-80.6666666667
14,-79.9
15,-79.0
16,-78.8
17,-79.0
18,-80.1
19,-80.0
20,-79.0
21,-79.0
22,-77.9
23,-76.3
24,-76.0
25,-76.2
26,-78.9
