frequency,pdr
11,-76.0
12,-77.2222222222
13,-78.7777777778
14,-79.0
15,-79.1
16,-84.7
17,-91.0
18,-81.0
19,-76.4
20,-73.4
21,-72.6
22,-71.3
23,-70.2
24,-70.8
25,-72.9
26,-73.0
