frequency,pdr
11,-67.6666666667
12,-65.6666666667
13,-60.1
14,-51.8888888889
15,-52.1
16,-52.3
17,-52.0
18,-54.8
19,-55.0
20,-63.2
21,-55.0
22,-61.4
23,-51.7
24,-58.1
25,-60.7
26,-66.6
