frequency,pdr
11,-54.7
12,-62.7777777778
13,-62.9
14,-52.5555555556
15,-58.5
16,-61.9
17,-51.9
18,-58.0
19,-58.0
20,-62.9
21,-57.7
22,-59.3
23,-65.4
24,-53.9
25,-55.0
26,-65.2
