frequency,pdr
11,-64.1
12,-74.4444444444
13,-65.2
14,-58.8888888889
15,-67.0
16,-64.1
17,-62.3
18,-65.3
19,-66.9
20,-67.0
21,-64.4
22,-77.8333333333
23,-67.0
24,-65.3
25,-64.6
26,-67.0
