frequency,pdr
11,-68.1
12,-63.5555555556
13,-76.0
14,-69.7272727273
15,-64.3
16,-67.3
17,-78.8
18,-78.6
19,-64.0
20,-62.5
21,-64.6
22,-67.5
23,-68.4
24,-76.3
25,-61.0
26,-68.0
