frequency,pdr
11,-52.0
12,-58.9090909091
13,-55.0
14,-57.5555555556
15,-62.2
16,-62.0
17,-53.3
18,-61.7
19,-55.0
20,-65.4
21,-59.4
22,-54.8
23,-55.0
24,-75.6666666667
25,-66.8
26,-63.7
