frequency,pdr
11,-73.1111111111
12,-65.6666666667
13,-66.9
14,-54.5555555556
15,-52.3
16,-56.9
17,-58.0
18,-64.0
19,-49.1
20,-49.2
21,-49.0
22,-51.1
23,-49.8
24,-52.0
25,-51.5
26,-56.6
