frequency,pdr
11,-67.6
12,-68.1111111111
13,-65.0
14,-64.6666666667
15,-61.0
16,-59.8
17,-63.4
18,-67.0
19,-61.0
20,-65.8
21,-66.5
22,-74.5
23,-62.0
24,-67.0
25,-73.4
26,-85.4
