frequency,pdr
11,-58.0
12,-56.0
13,-63.0909090909
14,-62.4444444444
15,-61.0
16,-65.7
17,-59.2
18,-56.3
19,-52.7
20,-51.9
21,-62.9
22,-57.1
23,-58.5
24,-58.0
25,-61.0
26,-68.2
