frequency,pdr
11,-68.0
12,-58.4
13,-67.9
14,-69.6666666667
15,-67.4
16,-67.0
17,-67.9
18,-67.0
19,-72.6
20,-70.0
21,-70.0
22,-74.1
23,-64.3
24,-67.0
25,-67.0
26,-85.4444444444
