frequency,pdr
11,-73.3333333333
12,-67.6
13,-79.0
14,-68.2222222222
15,-67.0
16,-64.0
17,-68.4
18,-62.7
19,-67.0
20,-58.8
21,-66.1
22,-72.6
23,-65.5
24,-67.0
25,-66.2
26,-74.2
