frequency,pdr
11,-60.6
12,-59.8888888889
13,-63.4
14,-55.0
15,-58.9
16,-64.5
17,-66.4
18,-77.0
19,-61.0
20,-60.1
21,-67.5
22,-66.4
23,-69.1111111111
24,-67.0
25,-63.4
26,-56.4
