frequency,pdr
11,-61.2
12,-60.6
13,-63.9
14,-61.0
15,-62.8
16,-66.9
17,-83.7142857143
18,-73.0
19,-61.2
20,-61.0
21,-62.5
22,-61.0
23,-78.2222222222
24,-76.5
25,-58.0
26,-73.1
