frequency,pdr
11,-67.1
12,-65.6666666667
13,-61.0
14,-61.0
15,-67.0
16,-66.8181818182
17,-57.8
18,-61.0
19,-66.2
20,-70.5
21,-71.0
22,-77.6666666667
23,-67.0
24,-67.1
25,-75.1
26,-72.8
