frequency,pdr
11,-73.1111111111
12,-59.8888888889
13,-55.1
14,-53.4444444444
15,-53.1
16,-61.1
17,-49.0
18,-55.0
19,-52.0
20,-52.1
21,-55.6
22,-52.0
23,-51.9
24,-55.0
25,-62.6
26,-58.0
