frequency,pdr
11,-59.4
12,-71.6666666667
13,-65.4
14,-62.6666666667
15,-61.0
16,-64.0
17,-67.0
18,-63.8
19,-67.0
20,-65.6
21,-60.1
22,-62.4
23,-58.0
24,-64.9
25,-60.9
26,-71.4
