frequency,pdr
11,-51.2
12,-53.4444444444
13,-55.1
14,-55.5
15,-47.5
16,-49.0
17,-56.1
18,-54.9
19,-52.2
20,-46.1
21,-51.9
22,-56.9
23,-61.2222222222
24,-51.0
25,-51.9
26,-61.2
