frequency,pdr
11,-66.0
12,-70.3333333333
13,-63.1
14,-59.4444444444
15,-64.9
16,-67.4
17,-68.1
18,-73.8
19,-65.6
20,-65.8
21,-65.6
22,-69.4
23,-67.6666666667
24,-66.8
25,-64.7
26,-65.7
