frequency,pdr
11,-64.3
12,-67.7777777778
13,-66.9
14,-75.6666666667
15,-70.5
16,-67.3
17,-69.8
18,-64.1
19,-63.5
20,-75.2
21,-69.6
22,-67.0
23,-74.875
24,-68.3
25,-77.1
26,-67.0
