frequency,pdr
11,-79.1
12,-80.6666666667
13,-83.3333333333
14,-89.3
15,-91.0
16,-86.9
17,-84.8
18,-85.0
19,-85.6
20,-87.5
21,-88.4
22,-86.0
23,-85.7
24,-83.3
25,-82.0
26,-80.9
