frequency,pdr
11,-89.8
12,-89.7142857143
13,-86.1666666667
14,-84.4
15,-84.0
16,-85.0
17,-85.125
18,-85.4285714286
19,-86.0
20,-87.0
21,-88.2
23,-90.5
24,-90.8
25,-91.0
26,-90.0
