frequency,pdr
11,-87.2222222222
12,-88.1428571429
13,-89.8571428571
14,-90.5555555556
15,-91.0
19,-91.0
20,-91.0
21,-91.0
23,-91.0
