frequency,pdr
11,-81.1
12,-79.0
13,-77.6
14,-76.0
15,-73.1
16,-73.3
17,-75.2857142857
18,-76.4285714286
19,-77.0
20,-76.0
21,-73.8
22,-73.1
23,-73.0
24,-74.1
25,-76.0
26,-78.6
