frequency,pdr
11,-90.0
12,-90.6666666667
13,-91.0
14,-90.5555555556
15,-90.9
16,-90.5
17,-90.9
18,-90.375
19,-90.8
20,-90.3
21,-90.8
23,-90.8571428571
24,-91.0
25,-91.0
26,-91.0
