frequency,pdr
11,-77.0
12,-79.6666666667
13,-84.4444444444
14,-79.2
15,-76.0
16,-73.0
17,-70.9
18,-70.0
19,-70.0
20,-71.9
21,-73.0
22,-74.5
23,-76.0
24,-76.0
25,-76.0
26,-77.0
