frequency,pdr
11,-87.7
12,-85.6666666667
13,-85.0
14,-85.0
15,-85.0
16,-86.0
17,-87.8
18,-89.7777777778
19,-90.3
20,-88.7
21,-87.9
22,-87.1
23,-88.0
24,-89.1
25,-91.0
26,-91.0
