frequency,pdr
11,-88.0
12,-88.3
13,-89.1111111111
14,-89.1
15,-89.0
16,-88.9
17,-88.0
18,-88.8
19,-90.8
20,-90.8333333333
21,-91.0
24,-91.0
25,-91.0
26,-89.6
