frequency,pdr
11,-91.0
12,-91.0
13,-91.0
14,-91.0
15,-91.0
16,-90.7777777778
17,-90.1
18,-89.8888888889
19,-90.9
20,-90.8
21,-91.0
23,-91.0
24,-91.0
25,-91.0
26,-91.0
