frequency,pdr
11,-82.0
12,-79.0
13,-75.2857142857
14,-73.0
15,-76.0
16,-73.0
17,-72.9
18,-75.2
19,-73.0
20,-76.6
21,-82.4444444444
22,-78.0
23,-75.5
24,-78.4
25,-77.1
26,-79.0
