frequency,pdr
11,-90.0
12,-88.625
13,-88.2222222222
14,-89.0
15,-90.4
16,-91.0
17,-87.8
18,-89.5
19,-85.0
20,-84.1
21,-87.0
23,-84.0
24,-81.8888888889
25,-86.1
26,-90.6
