frequency,pdr
13,-91.0
14,-89.9
15,-91.0
16,-88.2
17,-85.0
18,-85.0
19,-85.0
20,-85.1
21,-86.4444444444
22,-88.3333333333
23,-91.0
24,-87.8
25,-89.0
26,-91.0
