frequency,pdr
11,-79.0
12,-90.3333333333
13,-82.5
14,-75.7777777778
15,-74.9
16,-73.0
17,-72.0
18,-71.0
19,-70.0
20,-69.3
21,-72.2
22,-73.75
23,-74.3333333333
24,-81.9
25,-76.0
26,-73.0
