frequency,pdr
11,-90.2857142857
12,-91.0
13,-91.0
14,-91.0
15,-91.0
17,-91.0
19,-91.0
21,-91.0
23,-90.5555555556
24,-91.0
25,-91.0
26,-91.0
