frequency,pdr
11,-90.6666666667
12,-90.1
13,-85.6
14,-87.4
15,-88.4
16,-89.0
17,-91.0
18,-90.9
19,-90.5
20,-89.0
21,-87.0
22,-89.0
23,-89.5555555556
24,-87.5
25,-88.4
26,-88.2
