frequency,pdr
11,-86.1111111111
12,-87.0
13,-88.375
14,-90.1
15,-91.0
17,-89.8888888889
18,-88.0
19,-87.8
20,-84.6
21,-82.6
22,-82.2857142857
23,-82.0
24,-82.0
25,-82.8
26,-85.0
