frequency,pdr
11,-90.3333333333
12,-90.0
13,-89.8571428571
14,-89.625
15,-90.1
16,-89.0
17,-88.0
18,-87.7
19,-87.5
20,-88.6
21,-90.6
23,-91.0
24,-91.0
25,-91.0
26,-91.0
