frequency,pdr
11,-47.6
12,-55.5555555556
13,-59.9
14,-58.1
15,-54.0
16,-52.0
17,-55.0
18,-55.9
19,-55.0
20,-53.8
21,-49.7
22,-55.6
23,-52.1
24,-57.6666666667
25,-55.1
26,-52.0
