frequency,pdr
11,-65.6
12,-64.7
13,-65.0
14,-62.9
15,-62.0
16,-63.4444444444
17,-65.7
18,-69.9
19,-59.0
20,-64.0
21,-62.3
22,-59.3
23,-64.0
24,-62.2222222222
25,-61.1
26,-67.0
