frequency,pdr
11,-58.4
12,-50.4
13,-50.6
14,-57.4
15,-53.1
16,-67.4444444444
17,-56.1
18,-62.8
19,-55.0
20,-55.1
21,-75.1666666667
22,-64.3
23,-58.0
24,-53.3
25,-56.1
26,-55.2
