frequency,pdr
11,-52.8
12,-55.5555555556
13,-53.4444444444
14,-60.1
15,-55.0
16,-55.0
17,-62.2
18,-70.1
19,-52.0
20,-64.5
21,-60.0
22,-61.0
23,-69.6
24,-62.7777777778
25,-55.0
26,-52.0
