frequency,pdr
11,-66.8
12,-67.1111111111
13,-66.2222222222
14,-60.7
15,-58.0
16,-58.0
17,-60.7
18,-61.5
19,-64.0
20,-66.8
21,-56.5
22,-56.2
23,-58.7
24,-54.9
25,-65.3
26,-60.9
