frequency,pdr
11,-68.5555555556
12,-72.7777777778
13,-60.2222222222
14,-57.8
15,-55.0
16,-61.0
17,-63.9
18,-59.6
19,-61.5
20,-61.5
21,-53.8
22,-55.0
23,-60.0
24,-55.1
25,-61.9
26,-67.0
