frequency,pdr
11,-60.3
12,-53.4
13,-58.2222222222
14,-60.3
15,-61.0
16,-70.4444444444
17,-54.2
18,-52.0
19,-49.7
20,-54.5
21,-55.0
22,-68.2
23,-49.0
24,-55.0
25,-63.8
26,-55.0
