frequency,pdr
11,-59.4
12,-60.6666666667
13,-72.8888888889
14,-61.0
15,-61.0
16,-55.2
17,-61.0
18,-61.7
19,-63.8
20,-66.9
21,-58.8
22,-67.1
23,-62.7
24,-61.0
25,-55.0
26,-65.2
