frequency,pdr
11,-61.9
12,-57.7777777778
13,-61.2222222222
14,-57.7
15,-66.4
16,-65.6666666667
17,-67.0
18,-65.5
19,-61.0
20,-63.1
21,-71.9
22,-58.1
23,-58.6
24,-69.7777777778
25,-60.7
26,-60.8
