frequency,pdr
11,-69.1
12,-51.9
13,-55.4444444444
14,-52.0
15,-55.0
16,-66.6
17,-55.0
18,-55.0
19,-55.0
20,-62.8
21,-55.0
22,-51.9
23,-54.7
24,-52.2222222222
25,-56.2
26,-64.0
