frequency,pdr
11,-67.0
12,-62.4
13,-73.2222222222
14,-70.2
15,-75.8
16,-60.9
17,-67.0
18,-76.8
19,-63.3
20,-64.0
21,-68.5
22,-64.0
23,-71.9
24,-69.2222222222
25,-64.0
26,-68.5
