frequency,pdr
11,-58.0
12,-58.0
13,-64.6666666667
14,-69.6
15,-55.0
16,-55.0
17,-62.8
18,-61.0
19,-63.9
20,-67.3
21,-63.3
22,-58.0
23,-58.9
24,-54.8888888889
25,-50.0
26,-52.0
