frequency,pdr
11,-58.0
12,-64.2
13,-55.2
14,-55.0
15,-58.0
16,-60.8888888889
17,-67.3
18,-60.7
19,-62.8
20,-61.3
21,-59.1
22,-61.1
23,-62.4
24,-64.6666666667
25,-60.8
26,-57.7
