frequency,pdr
11,-53.6
12,-54.5
13,-55.2222222222
14,-55.0
15,-55.0
16,-49.7
17,-58.4
18,-49.0
19,-52.0
20,-52.0
21,-60.0
22,-55.0
23,-69.4
24,-59.5555555556
25,-55.0
26,-58.1
