frequency,pdr
11,-43.0
12,-43.0
13,-48.4
14,-52.1
15,-52.9
16,-62.4444444444
17,-52.4
18,-51.5
19,-50.4
20,-46.0
21,-49.7
22,-49.0
23,-52.0
24,-55.7777777778
25,-47.8
26,-46.0
