frequency,pdr
11,-58.0
12,-52.7777777778
13,-56.3333333333
14,-52.0
15,-49.0
16,-53.5
17,-51.4
18,-53.6
19,-52.1
20,-61.0
21,-55.8
22,-56.7
23,-55.0
24,-48.8
25,-51.8
26,-57.6
