frequency,pdr
11,-56.3
12,-49.0
13,-53.7777777778
14,-48.8
15,-52.3636363636
16,-47.7
17,-65.3
18,-55.0
19,-55.2
20,-53.7
21,-52.0
22,-53.5
23,-50.4
24,-46.6
25,-51.0
26,-53.3
