frequency,pdr
11,-54.5
12,-55.7
13,-60.2222222222
14,-63.0
15,-54.6
16,-52.0
17,-55.0
18,-62.0
19,-52.0
20,-53.7
21,-59.1
22,-55.0
23,-53.9
24,-55.3333333333
25,-61.2
26,-53.4
