frequency,pdr
11,-61.6
12,-66.7777777778
13,-55.0
14,-53.9
15,-74.5
16,-70.0
17,-65.5
18,-74.8
19,-62.5
20,-63.0
21,-70.0
22,-65.4
23,-73.8888888889
24,-58.0
25,-65.0
26,-63.9
