frequency,pdr
11,-70.6
12,-51.0
13,-54.9
14,-51.2
15,-55.1
16,-62.4444444444
17,-55.0
18,-61.6
19,-61.6
20,-55.2
21,-73.4
22,-55.9
23,-57.7
24,-60.5
25,-70.2727272727
26,-61.0
