frequency,pdr
11,-62.3
12,-61.1111111111
13,-71.8888888889
14,-64.0
15,-60.3
16,-68.7
17,-59.7
18,-61.8
19,-68.5
20,-67.4
21,-67.0
22,-60.4
23,-62.1
24,-61.3333333333
25,-68.1
26,-61.0
