frequency,pdr
11,-52.1
12,-51.8888888889
13,-49.0
14,-64.7777777778
15,-50.4
16,-45.7
17,-46.0
18,-47.7
19,-52.0
20,-54.0
21,-53.4
22,-52.0
23,-52.0
24,-51.7
25,-48.0
26,-49.0
