frequency,pdr
11,-54.9
12,-51.5555555556
13,-55.8888888889
14,-58.0
15,-56.5
16,-61.0
17,-46.6
18,-50.7
19,-59.8
20,-54.2
21,-49.2
22,-47.6
23,-49.2
24,-49.1
25,-48.5
26,-65.2
