frequency,pdr
11,-60.7
12,-59.5
13,-61.0
14,-61.8
15,-64.6
16,-61.6666666667
17,-61.0
18,-78.2
19,-67.1
20,-61.5
21,-68.1
22,-59.8
23,-70.1
24,-76.3333333333
25,-75.5
26,-68.6
