frequency,pdr
11,-74.9
12,-76.0
13,-73.6
14,-81.0
15,-76.0
16,-76.0
17,-70.1111111111
18,-74.1111111111
19,-76.0
20,-75.6
21,-74.1111111111
22,-75.875
23,-86.0
24,-82.0
25,-90.9
26,-85.9
