frequency,pdr
11,-62.0
12,-58.0
13,-58.0
14,-63.1
15,-65.1
16,-61.7
17,-61.0
18,-64.1
19,-76.8
20,-70.0
21,-65.1111111111
22,-64.0
23,-65.1428571429
24,-65.4
25,-72.3
26,-73.9
