frequency,pdr
11,-50.0
12,-49.0
13,-48.9
14,-51.5454545455
15,-54.8
16,-58.0
17,-61.0
18,-67.4
19,-65.4
20,-67.3
21,-64.0
22,-61.0
23,-58.6666666667
24,-58.0
25,-58.0
26,-52.5
