frequency,pdr
11,-89.6666666667
12,-90.8
13,-90.6666666667
14,-90.0
15,-90.2
16,-91.0
17,-91.0
18,-91.0
21,-91.0
23,-90.7
24,-91.0
25,-91.0
