frequency,pdr
11,-74.7777777778
12,-89.0
13,-72.5
14,-81.4
15,-76.0
16,-68.9
17,-65.1
18,-65.0
19,-70.1
20,-76.0
21,-80.5555555556
22,-70.0
23,-70.0
24,-72.9
25,-67.0
26,-64.0
