frequency,pdr
11,-71.6
12,-68.0
13,-67.0
14,-68.3
15,-75.1
16,-79.0
17,-78.2222222222
18,-80.1111111111
19,-78.8
20,-73.2
21,-71.3333333333
22,-70.0
23,-74.8333333333
24,-78.75
25,-78.8
26,-76.2
