frequency,pdr
11,-61.0
12,-57.4444444444
13,-67.4444444444
14,-50.1
15,-47.4444444444
16,-52.0
17,-49.0
18,-50.4
19,-45.0
20,-60.6
21,-54.7
22,-46.0
23,-46.0
24,-47.8
25,-52.0
26,-49.0
