frequency,pdr
11,-51.0
12,-55.0
13,-63.2222222222
14,-65.5
15,-65.2222222222
16,-46.0
17,-46.0
18,-51.3
19,-56.0
20,-52.0
21,-52.0
22,-68.2
23,-52.0
24,-60.3
25,-55.0
26,-59.8
