frequency,pdr
11,-53.6
12,-50.2
13,-52.2222222222
14,-62.6
15,-62.2222222222
16,-52.1
17,-54.8
18,-52.0
19,-49.0
20,-58.6
21,-56.6
22,-57.0
23,-54.2
24,-53.3
25,-56.9
26,-55.3
