frequency,pdr
11,-75.3333333333
12,-64.0
13,-70.5555555556
14,-67.9
15,-64.2222222222
16,-55.6
17,-72.9
18,-68.9
19,-60.2
20,-58.0
21,-69.0
22,-67.0
23,-69.8
24,-66.9
25,-73.2
26,-61.0
