frequency,pdr
11,-64.0
12,-58.2727272727
13,-70.3333333333
14,-60.9
15,-65.3
16,-65.3
17,-61.0
18,-65.1
19,-64.7
20,-67.0
21,-67.3
22,-67.0
23,-58.0
24,-56.0
25,-55.0
26,-61.0
