frequency,pdr
11,-50.1
12,-65.3333333333
13,-62.6666666667
14,-56.3
15,-52.6
16,-50.0
17,-59.3
18,-54.8
19,-52.0
20,-55.8
21,-52.0
22,-54.7
23,-60.1
24,-54.6
25,-58.0
26,-52.0
