frequency,pdr
11,-59.2222222222
12,-60.7777777778
13,-53.3
14,-54.4
15,-51.7272727273
16,-48.8
17,-60.5
18,-58.2
19,-49.0
20,-49.1
21,-52.6
22,-55.7
23,-55.0
24,-52.3
25,-61.1
26,-63.0
