frequency,pdr
11,-70.5555555556
12,-71.0
13,-67.4444444444
14,-67.1
15,-65.0
16,-58.0
17,-62.9
18,-58.0
19,-58.9
20,-67.1
21,-66.6
22,-64.0
23,-68.8
24,-70.7
25,-72.6
26,-69.9
