frequency,pdr
11,-52.3
12,-59.2222222222
13,-58.8888888889
14,-47.9
15,-58.4444444444
16,-49.0
17,-49.6
18,-55.0
19,-48.4
20,-58.2
21,-56.0
22,-49.2
23,-55.0
24,-53.4
25,-49.6
26,-52.8
