frequency,pdr
11,-54.2
12,-66.3333333333
13,-55.3333333333
14,-54.9
15,-55.8
16,-56.5
17,-62.0
18,-58.5
19,-58.0
20,-57.9
21,-65.1
22,-64.0
23,-59.7
24,-61.8
25,-55.9
26,-57.7
