frequency,pdr
11,-54.9
12,-61.6666666667
13,-63.2
14,-55.0
15,-61.2222222222
16,-64.0
17,-62.3
18,-60.9
19,-58.0
20,-64.5
21,-56.0
22,-55.0
23,-55.2
24,-64.7
25,-55.0
26,-60.8
