frequency,pdr
11,-59.7
12,-49.0
13,-54.1111111111
14,-53.2
15,-56.5555555556
16,-50.5
17,-48.8
18,-55.8
19,-52.0
20,-53.1
21,-46.0
22,-58.3
23,-57.9
24,-52.5
25,-53.6
26,-47.7
