frequency,pdr
11,-51.4
12,-49.4
13,-48.9
14,-52.0
15,-52.8888888889
16,-52.0
17,-56.4545454545
18,-61.1
19,-55.0
20,-62.5
21,-54.6
22,-53.4
23,-49.4
24,-53.5
25,-60.0
26,-52.5
