frequency,pdr
11,-71.5
12,-64.1111111111
13,-57.3333333333
14,-67.6
15,-56.9
16,-52.7
17,-50.6
18,-49.0
19,-55.0
20,-64.5
21,-55.0
22,-49.0
23,-54.6
24,-51.3
25,-58.1
26,-52.0
