frequency,pdr
11,-46.0
12,-57.3333333333
13,-47.6
14,-46.1
15,-47.9090909091
16,-43.0
17,-50.9
18,-58.1
19,-50.9
20,-54.2
21,-50.8
22,-47.2
23,-49.0
24,-48.3
25,-50.0
26,-45.3
