frequency,pdr
11,-60.4
12,-60.9
13,-68.2222222222
14,-64.0
15,-70.4444444444
16,-69.2
17,-67.0
18,-68.9
19,-68.9
20,-64.4
21,-61.0
22,-64.0
23,-71.3
24,-64.0
25,-78.1
26,-64.2
