frequency,pdr
11,-70.5
12,-65.5
13,-72.7777777778
14,-64.0
15,-65.7777777778
16,-64.0
17,-82.3333333333
18,-63.9
19,-76.1
20,-60.0
21,-58.0
22,-61.0
23,-61.0
24,-70.0
25,-68.1
26,-60.0
