frequency,pdr
11,-60.3333333333
12,-69.5555555556
13,-55.0
14,-61.2222222222
15,-51.8
16,-51.0
17,-52.4
18,-61.2
19,-55.0
20,-49.0
21,-50.3
22,-50.1
23,-58.8
24,-54.2
25,-51.4
26,-52.0
