frequency,pdr
11,-65.1111111111
12,-61.0
13,-67.0
14,-55.3
15,-55.6666666667
16,-55.0
17,-55.0
18,-55.0
19,-49.0
20,-48.9
21,-46.0
22,-52.0
23,-68.1111111111
24,-65.8
25,-55.2
26,-64.7
