frequency,pdr
11,-66.3333333333
12,-56.7777777778
13,-64.8888888889
14,-55.1
15,-55.0
16,-58.0
17,-58.0
18,-58.0
19,-63.9
20,-60.4
21,-57.8
22,-64.2
23,-67.0
24,-67.0
25,-58.0
26,-62.5
