frequency,pdr
11,-56.0
12,-56.4444444444
13,-58.6
14,-54.2
15,-64.0
16,-55.0
17,-64.8
18,-58.0
19,-60.0
20,-55.0
21,-53.0
22,-55.0
23,-62.4444444444
24,-55.0
25,-55.0
26,-50.6
