frequency,pdr
11,-60.0
12,-60.8888888889
13,-53.3333333333
14,-55.0
15,-49.0
16,-49.2
17,-53.9
18,-55.0
19,-60.6
20,-63.6
21,-55.0
22,-55.0
23,-58.7
24,-64.0
25,-48.2
26,-50.7
