frequency,pdr
11,-55.0
12,-59.8181818182
13,-54.3
14,-54.7
15,-67.6666666667
16,-67.0
17,-61.0
18,-55.0
19,-59.0
20,-58.5
21,-64.0
22,-72.0
23,-63.6
24,-65.7
25,-66.6
26,-62.6
