frequency,pdr
11,-49.0
12,-46.1
13,-54.6666666667
14,-58.8
15,-49.9
16,-47.9090909091
17,-51.2
18,-55.7
19,-59.1
20,-52.0
21,-49.0
22,-55.5
23,-52.1
24,-50.0
25,-49.0
26,-48.8
