frequency,pdr
11,-71.0
12,-59.8
13,-68.4444444444
14,-69.8
15,-62.4444444444
16,-66.7
17,-64.0
18,-65.3
19,-55.0
20,-58.0
21,-68.7
22,-58.8
23,-60.2
24,-71.2
25,-63.3
26,-60.6
