frequency,pdr
11,-70.5714285714
12,-59.6666666667
13,-58.0
14,-70.7
15,-61.0
16,-63.0
17,-62.7
18,-68.2
19,-58.6
20,-64.1
21,-64.0
22,-69.5
23,-64.0
24,-66.5
25,-68.9
26,-64.8
