frequency,pdr
11,-64.1111111111
12,-59.3333333333
13,-66.8888888889
14,-61.0
15,-60.3333333333
16,-81.4
17,-71.1
18,-64.5
19,-61.0
20,-65.6
21,-63.1
22,-67.9
23,-58.8
24,-65.5
25,-64.5
26,-67.4
