frequency,pdr
11,-61.0
12,-60.3
13,-62.3636363636
14,-61.0
15,-62.3
16,-61.0
17,-61.0
18,-60.8
19,-58.2
20,-58.0
21,-61.0
22,-66.5
23,-81.4444444444
24,-76.0
25,-77.5
26,-83.2
