frequency,pdr
11,-90.0
12,-84.7777777778
13,-84.0
14,-80.0
15,-79.0
16,-80.0
17,-85.0
18,-83.7
19,-91.0
20,-87.8
21,-84.7272727273
22,-82.2
23,-84.3
25,-87.6
26,-84.0
