frequency,pdr
11,-89.625
12,-90.1111111111
13,-88.1111111111
14,-88.9
15,-90.9
17,-91.0
18,-91.0
19,-89.0
20,-88.6
21,-89.7
22,-89.5
23,-87.8
24,-87.3
25,-89.4
26,-91.0
