frequency,pdr
11,-75.9
12,-77.7777777778
13,-78.2222222222
14,-76.0
15,-76.0
16,-74.0
17,-75.0
18,-75.6
19,-74.0
20,-73.0
21,-73.0
22,-74.0
23,-76.0
24,-79.0
25,-82.0
26,-79.1
