frequency,pdr
11,-86.5555555556
12,-85.0
13,-83.6
14,-84.7777777778
15,-88.0
16,-91.0
17,-91.0
18,-89.6
19,-90.3
20,-91.0
21,-86.2
22,-84.0
23,-83.0
24,-82.1
25,-82.3
26,-84.0
