frequency,pdr
11,-79.4
12,-79.4
13,-79.1
14,-81.3
15,-82.0
16,-87.5714285714
17,-91.0
18,-84.6666666667
19,-82.0
20,-82.0
21,-83.4
22,-87.7
23,-88.4
24,-88.8
25,-88.0
26,-87.5
