frequency,pdr
11,-79.0
12,-79.5555555556
13,-79.3333333333
14,-77.4
15,-78.7
16,-82.7272727273
17,-89.1
18,-78.4
19,-76.0
20,-76.3
21,-78.6
22,-79.6
23,-79.0
24,-79.0
25,-79.0
26,-82.0
