frequency,pdr
11,-90.2857142857
12,-91.0
15,-91.0
16,-90.9
17,-90.8
18,-90.9
19,-91.0
20,-90.9
21,-90.8888888889
22,-87.375
23,-87.8
24,-87.9
25,-85.3
26,-85.0
