frequency,pdr
11,-55.4444444444
12,-54.0
13,-61.0
14,-59.8888888889
15,-56.3333333333
16,-60.1
17,-49.6
18,-59.8
19,-60.9
20,-68.5
21,-66.0
22,-55.0
23,-65.2
24,-64.1
25,-57.0
26,-59.6
