frequency,pdr
11,-55.0
12,-57.7
13,-57.9
14,-55.0
15,-60.7777777778
16,-52.0
17,-61.0
18,-64.0
19,-60.1
20,-60.8
21,-68.0
22,-58.0
23,-72.3333333333
24,-64.9
25,-62.0
26,-67.0
