frequency,pdr
11,-52.0
12,-59.2222222222
13,-55.2
14,-45.7
15,-44.9
16,-46.0
17,-53.1
18,-59.9
19,-50.6
20,-52.0
21,-49.7
22,-49.4
23,-52.0
24,-52.1111111111
25,-51.8
26,-79.3
