frequency,pdr
11,-62.2
12,-70.0
13,-56.4
14,-60.8
15,-72.4444444444
16,-61.0
17,-73.9
18,-71.6
19,-65.7
20,-64.8
21,-61.2
22,-58.5
23,-63.7
24,-69.4444444444
25,-67.0
26,-69.6
