frequency,pdr
11,-56.1
12,-53.2
13,-52.2222222222
14,-49.0
15,-57.9
16,-56.8
17,-52.7
18,-54.4
19,-65.6
20,-52.9
21,-60.4
22,-52.0
23,-54.2
24,-62.4444444444
25,-63.7
26,-64.2
