frequency,pdr
11,-50.9
12,-54.9
13,-54.4
14,-55.0
15,-52.5555555556
16,-64.0
17,-57.9
18,-58.2
19,-56.8
20,-46.0
21,-54.1
22,-66.0
23,-52.0
24,-61.3333333333
25,-52.0
26,-55.0
