frequency,pdr
11,-65.8
12,-61.1
13,-58.0
14,-69.6
15,-67.8888888889
16,-75.8
17,-70.1
18,-58.0
19,-59.1
20,-59.7
21,-57.8
22,-61.9
23,-59.7
24,-68.3333333333
25,-56.0
26,-58.1
