frequency,pdr
11,-57.9
12,-67.9
13,-66.6666666667
14,-66.9
15,-65.4444444444
16,-60.5
17,-58.0
18,-62.6
19,-67.0
20,-67.6
21,-62.1
22,-72.0
23,-61.0
24,-61.1111111111
25,-59.5
26,-61.0
