frequency,pdr
11,-65.5
12,-63.9
13,-64.7777777778
14,-64.0
15,-75.1111111111
16,-58.2
17,-67.0
18,-67.0
19,-63.6
20,-65.3
21,-74.2
22,-62.7
23,-63.9
24,-68.2222222222
25,-62.6
26,-67.0
