frequency,pdr
11,-64.0
12,-58.0
13,-71.7777777778
14,-61.7
15,-57.1111111111
16,-64.3
17,-62.3
18,-66.9
19,-56.2
20,-58.1
21,-60.0
22,-55.0
23,-61.0
24,-58.9
25,-62.1
26,-65.7
