frequency,pdr
11,-70.0
12,-56.2
13,-57.7777777778
14,-52.5
15,-54.6666666667
16,-56.7
17,-62.4
18,-60.3
19,-75.4
20,-67.0
21,-61.0
22,-60.6
23,-70.8
24,-61.0
25,-66.2
26,-60.7
