frequency,pdr
11,-55.0
12,-60.4
13,-66.8888888889
14,-58.8
15,-58.8888888889
16,-68.0
17,-71.4
18,-61.0
19,-57.7
20,-67.8
21,-61.0
22,-60.3
23,-67.0
24,-67.4444444444
25,-61.0
26,-70.0
