frequency,pdr
11,-57.9
12,-63.2222222222
13,-55.5555555556
14,-67.8888888889
15,-70.4444444444
16,-64.0
17,-58.1
18,-58.9
19,-66.7
20,-64.1
21,-60.3
22,-58.0
23,-61.5
24,-64.7777777778
25,-67.1
26,-68.5
