frequency,pdr
11,-49.0
12,-60.2222222222
13,-52.1111111111
14,-51.9
15,-53.6666666667
16,-50.0
17,-64.0
18,-52.0
19,-46.3
20,-55.6
21,-49.0
22,-66.3
23,-51.6
24,-64.3
25,-63.1
26,-50.2
