frequency,pdr
11,-47.8
12,-60.2222222222
13,-45.6
14,-46.0
15,-48.4444444444
16,-43.0
17,-43.0
18,-44.1
19,-50.5
20,-53.2
21,-55.0
22,-46.3
23,-48.4
24,-46.7
25,-52.7272727273
26,-49.0
