frequency,pdr
11,-48.9
12,-55.7777777778
13,-62.7
14,-58.9
15,-56.6666666667
16,-55.0
17,-64.2
18,-52.2
19,-53.5
20,-55.0
21,-57.6
22,-65.5
23,-65.2
24,-58.0
25,-64.0
26,-58.0
