frequency,pdr
11,-66.1
12,-60.2222222222
13,-61.9
14,-69.3
15,-55.0
16,-62.9
17,-67.0
18,-61.5
19,-57.1
20,-58.1
21,-61.0
22,-55.0
23,-52.5
24,-66.2222222222
25,-66.0
26,-59.5
