frequency,pdr
11,-77.6666666667
12,-67.9
13,-62.2
14,-61.8
15,-60.5555555556
16,-58.3
17,-63.6
18,-60.9
19,-59.3
20,-65.7
21,-67.6
22,-79.4
23,-71.8
24,-61.0
25,-75.2
26,-72.3
