frequency,pdr
11,-46.0
12,-63.8888888889
13,-48.9
14,-43.0
15,-52.0909090909
16,-47.0
17,-47.0
18,-46.0
19,-51.9
20,-48.7
21,-49.2
22,-56.6
23,-54.9
24,-54.8
25,-64.9
26,-59.3
