frequency,pdr
11,-47.7
12,-51.9
13,-56.6666666667
14,-65.4
15,-52.7777777778
16,-49.0
17,-48.5
18,-45.7
19,-46.2
20,-54.2
21,-46.0
22,-45.1
23,-55.0
24,-51.5
25,-52.0
26,-54.7
