frequency,pdr
11,-64.1
12,-56.2222222222
13,-55.8
14,-68.2
15,-61.7777777778
16,-55.0
17,-62.2
18,-62.1
19,-61.0
20,-67.0
21,-64.0
22,-65.7
23,-74.7777777778
24,-66.8
25,-67.0
26,-73.3
