frequency,pdr
11,-64.0
12,-58.0
13,-54.6666666667
14,-67.1
15,-61.0
16,-70.0
17,-67.0
18,-62.8
19,-63.1
20,-65.8
21,-65.3
22,-79.6666666667
23,-67.3
24,-67.0
25,-67.0
26,-73.2
