frequency,pdr
11,-67.0
12,-62.5555555556
13,-67.0
14,-68.8888888889
15,-61.4444444444
16,-53.2
17,-54.7
18,-68.8
19,-56.1
20,-55.1
21,-54.2
22,-54.5
23,-52.8
24,-55.0
25,-64.8
26,-58.0
