frequency,pdr
11,-61.2
12,-59.8
13,-69.7777777778
14,-78.9
15,-64.4444444444
16,-55.9
17,-61.4
18,-60.0
19,-61.9
20,-70.1
21,-63.7
22,-66.0
23,-64.0
24,-58.7
25,-66.3
26,-66.2
