frequency,pdr
11,-60.5
12,-65.1111111111
13,-52.9
14,-73.3
15,-55.2222222222
16,-78.2
17,-59.1
18,-62.7
19,-60.1
20,-64.1
21,-66.5
22,-56.4
23,-59.8
24,-63.6
25,-58.4
26,-68.3
