frequency,pdr
11,-55.0
12,-61.0909090909
13,-52.0
14,-55.0
15,-50.0
16,-49.5
17,-63.4
18,-55.0
19,-55.0
20,-48.7
21,-46.0
22,-52.0
23,-50.1
24,-50.8888888889
25,-50.0909090909
26,-52.0
