frequency,pdr
11,-60.9
12,-67.6666666667
13,-63.8888888889
14,-63.8
15,-64.0
16,-61.4
17,-58.0
18,-68.8
19,-63.8
20,-63.9
21,-70.1
22,-65.9
23,-67.0
24,-70.5555555556
25,-64.0
26,-67.0
