frequency,pdr
11,-80.6666666667
12,-68.4444444444
13,-63.7777777778
14,-67.0
15,-73.4
16,-70.5
17,-75.9
18,-80.4
19,-67.0
20,-67.0
21,-68.2
22,-64.8
23,-61.1
24,-72.3
25,-73.0
26,-67.7
