frequency,pdr
11,-52.2
12,-52.0
13,-54.9
14,-46.9
15,-50.3333333333
16,-55.0
17,-49.0
18,-51.0
19,-60.7
20,-50.1
21,-51.1
22,-51.2
23,-49.0
24,-49.6363636364
25,-50.7
26,-52.2
