frequency,pdr
11,-55.1
12,-61.9
13,-69.2222222222
14,-55.3
15,-61.4444444444
16,-55.0
17,-62.4
18,-70.8
19,-55.0
20,-62.3
21,-68.4
22,-62.0
23,-67.0
24,-60.7
25,-60.2
26,-64.3
