frequency,pdr
11,-52.0
12,-55.0
13,-57.1111111111
14,-58.0
15,-52.5555555556
16,-55.5
17,-52.0
18,-52.0
19,-62.6
20,-63.4
21,-55.0
22,-59.0
23,-50.4
24,-46.3333333333
25,-55.0
26,-57.6
