frequency,pdr
11,-58.8
12,-74.7777777778
13,-63.3333333333
14,-55.0
15,-58.0
16,-71.1
17,-61.6
18,-64.9
19,-64.0
20,-67.0
21,-64.0
22,-64.0
23,-65.5
24,-64.0
25,-59.4
26,-55.9
