frequency,pdr
11,-69.4444444444
12,-65.1111111111
13,-60.6666666667
14,-58.0
15,-64.0
16,-60.7
17,-67.5
18,-72.3
19,-68.1
20,-71.5
21,-77.1
22,-66.3
23,-66.2
24,-64.0
25,-67.7
26,-71.6
