frequency,pdr
11,-50.4
12,-51.8888888889
13,-48.0
14,-49.0
15,-48.1111111111
16,-54.7
17,-44.7
18,-43.0
19,-46.9
20,-44.7
21,-47.2
22,-54.1
23,-50.6
24,-48.7
25,-52.0
26,-51.9
