frequency,pdr
11,-59.6
12,-53.8888888889
13,-60.8888888889
14,-61.0
15,-55.1
16,-52.0
17,-55.2
18,-66.2
19,-52.1
20,-53.3
21,-58.0
22,-55.0
23,-63.2
24,-65.5555555556
25,-61.8
26,-55.0
