frequency,pdr
11,-61.0
12,-73.25
13,-61.4444444444
14,-65.8
15,-63.2222222222
16,-59.0
17,-68.0
18,-67.0
19,-65.1
20,-66.4
21,-64.1
22,-66.0
23,-65.2
24,-66.6666666667
25,-62.0
26,-77.4
