frequency,pdr
11,-58.8
12,-60.8
13,-66.0
14,-61.0
15,-56.3333333333
16,-64.4
17,-65.2
18,-57.8
19,-64.0
20,-64.0
21,-67.0
22,-78.6666666667
23,-74.0
24,-77.3333333333
25,-60.8
26,-62.2
