frequency,pdr
11,-49.0
12,-49.7
13,-58.1111111111
14,-48.4
15,-48.7
16,-49.5
17,-66.5
18,-53.4545454545
19,-63.7
20,-61.1
21,-54.4
22,-55.0
23,-48.8
24,-49.0
25,-50.8
26,-55.8
