frequency,pdr
11,-68.8888888889
12,-60.7
13,-60.6
14,-73.1
15,-59.0
16,-63.3333333333
17,-55.0
18,-54.6
19,-65.2
20,-61.0
21,-59.9
22,-62.3
23,-64.8
24,-71.6
25,-57.8
26,-58.0
