frequency,pdr
11,-70.6
12,-58.0
13,-62.7777777778
14,-76.5555555556
15,-58.4
16,-71.0
17,-69.4
18,-67.0
19,-58.0
20,-67.0
21,-64.8
22,-65.5
23,-65.0
24,-64.1
25,-68.1
26,-61.0
