frequency,pdr
11,-69.3333333333
12,-63.1
13,-68.2222222222
14,-64.4
15,-61.7
16,-60.3
17,-64.0
18,-69.0
19,-55.3
20,-67.3
21,-68.1
22,-68.4
23,-61.0
24,-67.3
25,-71.0
26,-82.6666666667
