frequency,pdr
11,-60.0
12,-67.1
13,-57.7
14,-60.7
15,-67.6363636364
16,-57.8888888889
17,-64.5
18,-64.8
19,-60.5
20,-60.6
21,-66.1
22,-64.2
23,-70.9
24,-70.7
25,-63.0
26,-63.4
