frequency,pdr
11,-64.2222222222
12,-61.3
13,-62.5
14,-64.1
15,-69.1
16,-62.8888888889
17,-63.7
18,-64.9
19,-64.0
20,-68.4
21,-77.0
22,-66.5
23,-63.6
24,-61.0
25,-81.0
26,-59.9
