frequency,pdr
11,-58.7
12,-55.0
13,-55.4444444444
14,-50.1818181818
15,-48.6
16,-62.6
17,-59.1
18,-61.0
19,-55.0
20,-58.1
21,-61.1
22,-59.2
23,-52.3
24,-48.1
25,-62.2
26,-61.6
