frequency,pdr
11,-86.7
12,-87.4444444444
13,-83.5
14,-79.0
15,-76.1
16,-74.1
17,-72.8
18,-72.7
19,-73.1
20,-74.0
21,-75.2
22,-77.0
23,-78.8888888889
24,-78.3
25,-78.4
26,-78.0
