frequency,pdr
11,-82.0
12,-75.0
13,-70.4
14,-70.0
15,-70.0
16,-69.8
17,-70.0
18,-72.2222222222
19,-76.0
20,-79.0
21,-81.0
23,-85.3333333333
24,-79.0
25,-76.0
26,-76.0
