frequency,pdr
11,-90.25
12,-91.0
13,-91.0
14,-91.0
15,-91.0
16,-90.0
17,-87.9
18,-87.7777777778
19,-88.5
20,-89.9
21,-91.0
22,-90.5714285714
23,-91.0
24,-91.0
25,-91.0
26,-91.0
