frequency,pdr
11,-88.1
12,-88.1
13,-89.5
14,-91.0
15,-91.0
16,-86.1
17,-84.5714285714
18,-86.6666666667
19,-88.1111111111
20,-89.3333333333
21,-91.0
22,-91.0
23,-91.0
24,-91.0
25,-91.0
26,-90.8
