frequency,pdr
11,-90.0
12,-91.0
14,-91.0
15,-91.0
16,-91.0
18,-90.8
19,-90.4285714286
20,-90.0
21,-90.0
22,-89.6666666667
23,-91.0
24,-91.0
25,-91.0
26,-91.0
