frequency,pdr
12,-91.0
13,-91.0
14,-89.3
15,-89.0
16,-89.8
17,-88.0
18,-85.8888888889
19,-85.0
20,-86.1
21,-88.0
22,-88.0
23,-90.0
24,-90.5555555556
25,-91.0
26,-89.2
