frequency,pdr
11,-85.0
12,-83.0
13,-81.0
14,-81.0
15,-82.0
16,-82.0
17,-83.7142857143
18,-84.6666666667
19,-83.9
20,-82.0
21,-82.0
22,-82.1111111111
23,-82.0
24,-81.0
25,-80.5
26,-80.2
