frequency,pdr
11,-81.4444444444
12,-80.0
13,-79.8888888889
14,-80.7
15,-82.0
16,-82.2
17,-83.0
18,-84.1
19,-86.0
20,-87.9
21,-90.0
23,-91.0
24,-91.0
25,-91.0
26,-91.0
