frequency,pdr
11,-91.0
17,-91.0
18,-91.0
19,-91.0
20,-91.0
21,-91.0
22,-90.0
23,-90.8888888889
24,-89.4444444444
25,-88.8
26,-89.7
