frequency,pdr
11,-79.0
12,-81.0
13,-88.3333333333
14,-91.0
17,-91.0
18,-91.0
19,-89.0
20,-88.2
21,-90.0
23,-86.5555555556
24,-83.9
25,-81.0
26,-79.0
