frequency,pdr
11,-73.5
12,-75.1111111111
13,-76.7777777778
14,-77.8
15,-79.0
16,-78.9
17,-76.0
18,-76.0
19,-77.4
20,-79.0
21,-82.0
23,-87.6666666667
24,-83.9
25,-82.0
26,-79.0
