frequency,pdr
11,-85.3
12,-87.2
13,-89.3
14,-90.3
15,-90.2
16,-88.0
17,-86.0
18,-86.2
19,-86.5
20,-85.6
21,-86.1111111111
22,-86.9
23,-88.8888888889
24,-88.7777777778
25,-89.2
26,-89.2
