frequency,pdr
11,-73.7
12,-79.0
13,-84.3333333333
14,-88.3333333333
15,-86.0
16,-79.2
17,-78.0
18,-75.0
19,-73.4
20,-74.7
21,-71.1
22,-69.9
23,-70.0
24,-71.0
25,-73.0
26,-73.0
