frequency,pdr
11,-86.1
12,-89.7
13,-90.9
14,-91.0
15,-90.5
16,-88.6
17,-87.9
18,-86.6
19,-85.0
20,-84.6
21,-85.0
22,-85.5555555556
23,-89.7777777778
24,-91.0
25,-91.0
26,-91.0
