frequency,pdr
11,-86.75
12,-86.8333333333
13,-88.1428571429
14,-90.5
15,-91.0
17,-90.3
18,-88.1
19,-88.0
20,-84.9
21,-82.6
22,-82.0
23,-82.0
24,-82.0
25,-83.0
26,-85.0
