frequency,pdr
11,-71.5
12,-74.6
13,-79.0
14,-79.0
15,-77.3636363636
16,-76.1
17,-78.0
18,-77.8
19,-79.0
20,-80.0
21,-79.875
22,-79.4285714286
23,-79.0
24,-81.8
25,-85.0
26,-85.8
