frequency,pdr
11,-88.9
12,-89.7777777778
13,-88.2
14,-87.1
15,-86.3
16,-86.3
17,-87.0
18,-86.1
19,-85.0
20,-85.1
21,-86.0
22,-87.1428571429
23,-88.8888888889
24,-89.5555555556
25,-89.8
26,-90.1
