frequency,pdr
11,-85.0
12,-85.7777777778
13,-91.0
14,-90.9
15,-90.3636363636
16,-91.0
17,-88.0
18,-84.9
19,-83.7
20,-82.3
21,-80.5714285714
22,-79.1428571429
23,-79.0
24,-80.375
25,-79.7
26,-79.0
