frequency,pdr
11,-85.1
12,-82.9
13,-79.6
14,-79.0
15,-79.2
16,-81.8
17,-81.7
18,-80.9
19,-80.3
20,-80.6
21,-80.3
22,-80.4285714286
23,-81.8571428571
24,-82.0
25,-82.1
26,-82.7
