frequency,pdr
11,-81.6
12,-81.2857142857
13,-80.2857142857
14,-80.0
15,-80.2
16,-80.0
17,-79.0
18,-78.7
19,-78.0
20,-78.2
21,-79.0
22,-79.8
23,-82.0
24,-84.0
25,-87.0
26,-89.5
