frequency,pdr
11,-76.7
12,-79.0
13,-77.2
14,-73.9
15,-72.1
16,-71.3
17,-70.8
18,-71.2
19,-73.0
20,-76.0
21,-78.7142857143
22,-76.5714285714
23,-76.0
24,-76.8
25,-77.0
26,-74.3
