frequency,pdr
11,-81.2
12,-82.8
13,-85.9
14,-84.3
15,-83.6
16,-85.0
17,-86.0
18,-90.0
19,-91.0
20,-87.9
21,-85.3333333333
22,-84.7142857143
23,-87.6666666667
24,-90.2857142857
25,-86.9
26,-86.0
