frequency,pdr
11,-67.8888888889
12,-60.2
13,-61.0
14,-60.8888888889
15,-68.1
16,-67.0
17,-67.0
18,-65.6
19,-62.2
20,-67.0
21,-62.1
22,-67.1
23,-64.0
24,-61.3
25,-69.1
26,-61.3
