frequency,pdr
11,-55.1
12,-66.3333333333
13,-69.0
14,-51.6666666667
15,-57.3
16,-70.9
17,-61.5
18,-58.0
19,-55.0
20,-55.0
21,-66.5
22,-68.2
23,-65.1
24,-61.7
25,-58.6
26,-55.0
