frequency,pdr
11,-62.1
12,-53.2727272727
13,-55.0
14,-63.1111111111
15,-61.0
16,-62.1
17,-64.4
18,-55.0
19,-68.8
20,-61.6
21,-58.0
22,-58.0
23,-61.0
24,-66.6
25,-62.9
26,-65.0
