frequency,pdr
11,-60.8
12,-59.6666666667
13,-69.8888888889
14,-60.9
15,-55.5
16,-55.0
17,-58.7
18,-61.5
19,-56.9
20,-67.0
21,-68.0
22,-62.2
23,-66.7
24,-70.4
25,-62.4
26,-62.9
