frequency,pdr
11,-62.4
12,-60.0
13,-68.8888888889
14,-67.4444444444
15,-65.9
16,-61.3
17,-61.0
18,-62.7
19,-66.1
20,-58.0
21,-67.1
22,-60.3
23,-62.2
24,-61.0
25,-59.0
26,-64.0
