frequency,pdr
11,-64.4
12,-55.0
13,-68.3333333333
14,-60.3333333333
15,-68.5
16,-55.8
17,-55.7
18,-63.1
19,-67.0
20,-57.0
21,-58.2
22,-58.0
23,-74.2
24,-74.4
25,-70.3
26,-62.9
