frequency,pdr
11,-64.3333333333
12,-52.4444444444
13,-64.1111111111
14,-58.2222222222
15,-73.6
16,-64.6
17,-62.2
18,-61.0
19,-67.0
20,-58.5
21,-64.0
22,-67.8888888889
23,-63.2
24,-66.3
25,-73.1
26,-58.4
