frequency,pdr
11,-64.0
12,-59.2222222222
13,-61.0
14,-71.1111111111
15,-62.2
16,-64.0
17,-69.6
18,-61.0
19,-64.7
20,-71.9
21,-65.6
22,-66.7
23,-64.0
24,-80.1
25,-72.1
26,-61.3
