frequency,pdr
11,-67.7777777778
12,-70.6666666667
13,-63.8888888889
14,-63.2
15,-71.2
16,-65.8
17,-58.1
18,-64.4
19,-66.9
20,-64.5
21,-58.0
22,-56.0
23,-65.5
24,-56.5
25,-55.2
26,-61.0
