frequency,pdr
11,-61.9
12,-57.4444444444
13,-61.7777777778
14,-63.5555555556
15,-67.0
16,-64.5
17,-61.0
18,-60.3
19,-66.6
20,-56.6
21,-65.8
22,-62.4
23,-59.2
24,-60.4
25,-55.0
26,-57.3
