frequency,pdr
11,-61.0
12,-67.3333333333
13,-60.7777777778
14,-64.0
15,-59.3
16,-55.0
17,-62.9
18,-61.0
19,-63.7
20,-58.2
21,-55.0
22,-60.8
23,-58.0
24,-59.6363636364
25,-64.9
26,-67.0
