frequency,pdr
11,-54.3
12,-54.2
13,-67.5555555556
14,-59.4444444444
15,-55.0
16,-61.0
17,-55.0
18,-58.7
19,-65.3
20,-58.2
21,-60.7
22,-64.0
23,-61.0
24,-59.1
25,-65.2
26,-49.0
