frequency,pdr
11,-67.4
12,-67.0
13,-72.1111111111
14,-72.5555555556
15,-61.3
16,-69.2
17,-64.0
18,-66.5
19,-55.1
20,-65.0
21,-58.7
22,-75.1
23,-65.9
24,-73.8
25,-58.0
26,-61.7
