frequency,pdr
11,-68.5555555556
12,-60.6
13,-68.0
14,-53.2222222222
15,-61.0
16,-59.9
17,-55.0
18,-65.3
19,-55.0
20,-55.6
21,-57.4
22,-55.5
23,-60.6
24,-67.7
25,-58.3
26,-65.2
