frequency,pdr
11,-62.3
12,-67.2222222222
13,-65.1
14,-61.1111111111
15,-63.0
16,-67.0
17,-64.0
18,-65.9
19,-61.8
20,-63.0
21,-60.1
22,-64.0
23,-60.7
24,-67.0
25,-64.0
26,-66.0
