frequency,pdr
11,-64.2222222222
12,-63.8888888889
13,-62.5
14,-56.6363636364
15,-62.6
16,-66.3
17,-59.1
18,-67.2
19,-57.6
20,-61.8
21,-60.4
22,-66.0
23,-75.0
24,-58.9
25,-55.0
26,-53.4
