frequency,pdr
11,-61.5
12,-60.5555555556
13,-55.1
14,-60.4444444444
15,-73.1
16,-78.6
17,-76.6
18,-64.6
19,-64.1
20,-67.0
21,-65.1
22,-66.1
23,-64.2
24,-65.3
25,-61.7
26,-63.9
