frequency,pdr
11,-55.0
12,-55.4444444444
13,-58.5555555556
14,-63.25
15,-69.9
16,-56.7
17,-63.3
18,-61.2
19,-58.9
20,-56.6
21,-55.0
22,-55.4
23,-63.0
24,-57.8
25,-60.9
26,-63.1
