frequency,pdr
11,-58.8
12,-60.9
13,-69.3333333333
14,-57.1
15,-73.7
16,-60.3
17,-60.7
18,-57.9
19,-67.0
20,-62.4
21,-56.8
22,-81.8888888889
23,-63.2
24,-67.0
25,-65.2
26,-61.0
