frequency,pdr
11,-58.1111111111
12,-55.1
13,-66.8888888889
14,-55.3333333333
15,-58.0
16,-58.2
17,-59.8
18,-55.0
19,-58.0
20,-64.9
21,-60.6
22,-63.6
23,-52.0
24,-66.8
25,-76.7
26,-61.2
