frequency,pdr
11,-57.0
12,-65.1
13,-71.7777777778
14,-65.8888888889
15,-64.7
16,-68.4
17,-63.4
18,-60.9
19,-57.8
20,-62.0
21,-63.9
22,-67.5
23,-68.1
24,-62.6
25,-66.3
26,-67.7
