frequency,pdr
11,-61.4
12,-68.3333333333
13,-62.5555555556
14,-69.4444444444
15,-69.7
16,-71.6
17,-69.6
18,-65.3
19,-61.5
20,-62.1
21,-61.0
22,-66.3
23,-63.4
24,-65.2
25,-68.2
26,-67.0
