frequency,pdr
11,-68.6666666667
12,-67.0
13,-69.5
14,-64.3333333333
15,-60.4
16,-57.2
17,-63.9
18,-65.0
19,-70.7
20,-67.0
21,-67.0
22,-64.0
23,-62.2
24,-64.0
25,-58.0
26,-58.0
