frequency,pdr
11,-61.0
12,-72.2222222222
13,-58.0
14,-61.0
15,-61.0
16,-64.0
17,-63.9
18,-61.0
19,-61.0
20,-70.7
21,-67.0
22,-72.9
23,-67.0
24,-76.5714285714
25,-65.6
26,-67.7
