frequency,pdr
11,-61.7777777778
12,-55.0
13,-55.2222222222
14,-55.5555555556
15,-52.3
16,-56.4
17,-54.9
18,-61.6
19,-55.0
20,-67.0
21,-57.9
22,-63.4
23,-59.3
24,-65.5
25,-63.1
26,-62.9
