frequency,pdr
11,-64.8
12,-67.0
13,-65.4444444444
14,-70.2222222222
15,-58.7
16,-65.5
17,-67.8
18,-67.0
19,-65.3
20,-62.6
21,-61.1
22,-64.0
23,-68.1
24,-59.2
25,-61.5
26,-63.7
