frequency,pdr
11,-63.6
12,-61.6666666667
13,-59.7777777778
14,-60.8888888889
15,-66.1
16,-61.0
17,-63.0
18,-61.0
19,-71.6
20,-61.7
21,-67.0
22,-61.0
23,-67.0
24,-61.0
25,-64.0
26,-60.9
