frequency,pdr
11,-56.6
12,-58.0
13,-59.4444444444
14,-64.5555555556
15,-67.0
16,-66.3
17,-59.4
18,-62.0
19,-58.0
20,-62.5
21,-61.3
22,-57.9
23,-57.2
24,-67.2
25,-67.0
26,-64.5
