frequency,pdr
11,-76.6666666667
12,-63.7777777778
13,-73.0
14,-66.3333333333
15,-62.9
16,-58.0
17,-61.0
18,-73.7
19,-63.9
20,-65.1
21,-65.9
22,-55.3
23,-58.0
24,-64.0
25,-64.0
26,-61.7
