frequency,pdr
11,-70.5
12,-62.1111111111
13,-58.9
14,-67.1111111111
15,-60.2
16,-55.0
17,-55.0
18,-54.7
19,-57.9
20,-70.5
21,-59.0
22,-68.1
23,-63.9
24,-61.4
25,-55.0
26,-64.3
