frequency,pdr
11,-58.9
12,-67.1818181818
13,-55.7777777778
14,-62.0
15,-60.9
16,-58.2
17,-58.0
18,-62.9
19,-55.0
20,-58.0
21,-79.0
22,-66.5
23,-57.0
24,-72.5
25,-64.5
26,-64.0
