frequency,pdr
11,-53.0
12,-64.5555555556
13,-49.4444444444
14,-51.1111111111
15,-55.0
16,-56.2
17,-54.8
18,-52.0
19,-59.6
20,-55.0
21,-52.0
22,-61.0
23,-55.0
24,-67.0
25,-71.5
26,-65.1
