frequency,pdr
11,-55.0
12,-54.9
13,-53.5454545455
14,-66.4444444444
15,-61.6
16,-60.7
17,-52.0
18,-60.6
19,-62.6
20,-51.3
21,-53.2
22,-54.8
23,-54.5
24,-53.5
25,-52.3
26,-55.0
