frequency,pdr
11,-52.9
12,-70.9
13,-55.5
14,-50.4444444444
15,-55.7
16,-55.0
17,-67.0
18,-55.0
19,-55.0
20,-54.3
21,-75.8181818182
22,-64.6
23,-66.7
24,-58.0
25,-65.3
26,-59.8
