frequency,pdr
11,-57.8
12,-58.6666666667
13,-69.2222222222
14,-56.3
15,-58.1
16,-61.5
17,-62.6
18,-58.0
19,-55.3
20,-52.0
21,-57.5
22,-60.6
23,-55.0
24,-58.0
25,-55.0
26,-52.0
