frequency,pdr
11,-60.9
12,-54.9
13,-69.7777777778
14,-58.2222222222
15,-67.4
16,-55.0
17,-64.5
18,-69.8
19,-62.9
20,-63.9
21,-64.4
22,-67.0
23,-61.5
24,-78.8
25,-74.6
26,-66.9
