frequency,pdr
11,-60.9
12,-59.3333333333
13,-63.8888888889
14,-64.0
15,-58.4
16,-59.7
17,-68.5
18,-64.0
19,-70.3
20,-71.0
21,-62.6
22,-60.2
23,-64.1
24,-63.0
25,-64.0
26,-61.4
