frequency,pdr
11,-66.1111111111
12,-70.9
13,-66.4444444444
14,-64.8888888889
15,-67.6
16,-67.1
17,-62.9
18,-63.6
19,-67.4
20,-70.6
21,-62.3
22,-61.3
23,-58.2
24,-55.0
25,-55.2
26,-61.8
