frequency,pdr
11,-45.6
12,-46.8
13,-60.5555555556
14,-54.3333333333
15,-55.0
16,-49.0
17,-51.8
18,-52.3
19,-46.0
20,-49.0
21,-47.4
22,-50.9
23,-53.7
24,-58.0
25,-55.0
26,-56.6
