frequency,pdr
11,-64.6
12,-64.0
13,-66.3333333333
14,-64.1111111111
15,-64.0
16,-66.7
17,-59.3
18,-55.5
19,-64.0
20,-58.8
21,-60.4
22,-68.2
23,-61.4
24,-69.0
25,-69.5
26,-56.2
