frequency,pdr
11,-58.2
12,-64.5555555556
13,-63.2
14,-62.7777777778
15,-55.0
16,-67.0
17,-66.0
18,-55.0
19,-71.5
20,-60.7
21,-67.0
22,-64.0
23,-70.3
24,-63.1
25,-59.3
26,-77.7
