frequency,pdr
11,-49.9
12,-46.0
13,-48.3
14,-51.4444444444
15,-72.2
16,-55.6363636364
17,-60.8
18,-49.0
19,-52.0
20,-55.0
21,-58.0
22,-50.7
23,-49.1
24,-49.0
25,-48.9
26,-52.0
