frequency,pdr
11,-54.4
12,-53.3
13,-58.6
14,-66.1111111111
15,-60.9
16,-58.0
17,-59.7
18,-68.5
19,-55.0
20,-57.7
21,-65.3
22,-59.3
23,-56.8
24,-61.2727272727
25,-66.4
26,-58.6
