frequency,pdr
11,-58.0
12,-68.8888888889
13,-62.6666666667
14,-60.7
15,-62.2
16,-60.9
17,-65.1
18,-62.9
19,-67.0
20,-79.3
21,-67.0
22,-71.3
23,-68.6
24,-59.9
25,-67.6
26,-62.3
