frequency,pdr
11,-62.5555555556
12,-63.3333333333
13,-60.2
14,-63.7777777778
15,-52.0
16,-61.0
17,-61.0
18,-56.0
19,-55.0
20,-55.5
21,-54.4
22,-55.0
23,-59.3
24,-55.0
25,-53.0
26,-59.6
