frequency,pdr
11,-65.2
12,-66.3333333333
13,-65.2222222222
14,-71.0
15,-61.0
16,-65.4
17,-62.0
18,-65.2
19,-61.8
20,-70.0
21,-71.9090909091
22,-63.2
23,-61.0
24,-76.0
25,-58.7
26,-58.2
