frequency,pdr
11,-55.3
12,-67.3333333333
13,-64.0
14,-69.4444444444
15,-60.1
16,-62.7
17,-66.5
18,-64.0
19,-64.0
20,-66.8
21,-65.0909090909
22,-61.2
23,-58.3
24,-67.3
25,-61.0
26,-57.9
