frequency,pdr
11,-61.0
12,-63.2222222222
13,-66.2
14,-57.8888888889
15,-63.5
16,-66.1
17,-66.6
18,-65.4
19,-58.0
20,-66.4
21,-67.0
22,-73.4
23,-68.8
24,-67.0
25,-73.5
26,-64.6
