frequency,pdr
11,-65.1111111111
12,-66.3333333333
13,-55.0
14,-55.4
15,-65.0
16,-72.0
17,-59.0
18,-64.0
19,-62.0
20,-55.0
21,-59.4
22,-58.6
23,-60.9
24,-61.6
25,-60.1
26,-54.7
