frequency,pdr
11,-57.0
12,-65.2222222222
13,-60.7777777778
14,-58.1111111111
15,-58.0
16,-59.5
17,-55.9
18,-67.6
19,-73.0
20,-66.2
21,-58.0
22,-61.0
23,-73.8888888889
24,-65.3
25,-66.0
26,-62.3
