frequency,pdr
11,-54.9
12,-57.6666666667
13,-50.2
14,-68.2222222222
15,-65.3
16,-65.1
17,-63.5
18,-64.6
19,-57.1
20,-55.4
21,-61.0
22,-67.0
23,-60.2
24,-61.3
25,-64.2
26,-61.0
