frequency,pdr
11,-64.8
12,-65.5555555556
13,-66.5555555556
14,-73.0
15,-64.3
16,-68.8
17,-58.0
18,-58.2
19,-61.0
20,-55.0
21,-64.0
22,-61.1
23,-62.0
24,-59.2
25,-57.4
26,-63.6
