frequency,pdr
11,-57.7
12,-55.1818181818
13,-54.5555555556
14,-54.8
15,-58.3
16,-50.7
17,-61.9
18,-53.8
19,-54.9
20,-50.8
21,-52.1
22,-46.0
23,-45.6
24,-48.4
25,-49.0
26,-48.1
