frequency,pdr
11,-64.6666666667
12,-55.1111111111
13,-58.0
14,-56.7
15,-59.5
16,-53.1
17,-59.5
18,-59.7
19,-60.6
20,-66.0
21,-60.4
22,-59.2
23,-60.9
24,-61.9
25,-59.4
26,-62.1
