frequency,pdr
11,-58.0
12,-54.3333333333
13,-51.8
14,-59.1111111111
15,-58.6
16,-46.5
17,-47.7
18,-54.1
19,-55.9
20,-60.1
21,-52.8
22,-57.4
23,-68.9
24,-55.0
25,-55.0
26,-55.0
