frequency,pdr
11,-58.4
12,-61.2222222222
13,-76.4444444444
14,-61.5454545455
15,-64.0
16,-62.9
17,-67.3
18,-66.3
19,-68.9
20,-61.8
21,-61.0
22,-74.1
23,-68.0
24,-64.0
25,-69.0
26,-62.0
