frequency,pdr
11,-46.0
12,-43.0
13,-46.0
14,-43.9090909091
15,-49.0
16,-48.9
17,-66.2
18,-49.5
19,-64.0
20,-49.8
21,-47.9090909091
22,-52.0
23,-53.2
24,-58.0
25,-57.6
26,-51.9
