frequency,pdr
11,-53.0
12,-64.8888888889
13,-61.5
14,-65.3333333333
15,-65.0
16,-67.0
17,-55.0
18,-63.0
19,-79.0
20,-64.3
21,-58.1
22,-67.9
23,-55.0
24,-61.5
25,-62.8
26,-72.1
