frequency,pdr
11,-71.9
12,-65.4444444444
13,-63.3333333333
14,-60.8
15,-58.6
16,-67.0
17,-66.9
18,-63.6
19,-63.1
20,-60.4
21,-66.2
22,-64.0
23,-67.8
24,-63.3
25,-62.6
26,-64.0
