frequency,pdr
11,-58.3
12,-60.3333333333
13,-52.3
14,-56.7777777778
15,-61.4
16,-71.8
17,-57.1
18,-62.6
19,-59.5
20,-65.8
21,-59.3
22,-58.0
23,-54.9
24,-59.2
25,-63.9
26,-66.1
