frequency,pdr
11,-61.0
12,-58.5555555556
13,-62.4444444444
14,-68.2222222222
15,-61.4
16,-70.6
17,-64.0
18,-64.0
19,-58.9
20,-62.0
21,-68.8
22,-61.0
23,-58.0
24,-68.3
25,-64.0
26,-67.2
