frequency,pdr
11,-61.4444444444
12,-55.0
13,-61.9
14,-62.2222222222
15,-67.0
16,-60.5
17,-67.0
18,-62.9
19,-61.0
20,-61.0
21,-59.0
22,-61.2
23,-66.4
24,-73.1
25,-60.9
26,-74.4
