frequency,pdr
11,-64.0
12,-63.5555555556
13,-56.3
14,-57.7777777778
15,-60.1
16,-61.9
17,-64.0
18,-67.0
19,-62.2
20,-64.6
21,-58.0
22,-69.5
23,-69.9
24,-62.5
25,-52.9
26,-62.2
