frequency,pdr
11,-59.6
12,-74.6666666667
13,-59.5
14,-65.4444444444
15,-62.0
16,-59.2
17,-65.8
18,-65.6
19,-67.0
20,-62.8
21,-67.0
22,-67.0
23,-63.9
24,-67.0
25,-63.9
26,-65.9
