frequency,pdr
11,-90.6666666667
12,-90.7
13,-89.7142857143
14,-90.0
15,-91.0
16,-91.0
17,-91.0
18,-91.0
19,-91.0
20,-91.0
21,-91.0
23,-88.75
24,-91.0
25,-91.0
26,-91.0
