frequency,pdr
11,-89.0
12,-91.0
13,-91.0
14,-91.0
15,-90.1
16,-89.9
17,-89.0
18,-89.4
19,-88.9
20,-89.3
21,-90.7
22,-90.4444444444
23,-90.1111111111
24,-91.0
25,-91.0
26,-91.0
