frequency,pdr
11,-79.0
12,-79.6
13,-79.8
14,-81.5
15,-82.0
16,-79.1
17,-79.0
18,-78.9
19,-78.9
20,-79.0
21,-79.0
22,-79.8888888889
23,-79.1111111111
24,-81.8
25,-83.9
26,-83.5
