frequency,pdr
11,-82.8888888889
12,-82.75
13,-83.0
14,-84.8888888889
15,-86.8
16,-87.8
17,-87.4
18,-86.1
19,-86.5
20,-87.1
21,-88.1
23,-89.7142857143
24,-91.0
