frequency,pdr
11,-85.1
12,-86.0
13,-86.875
14,-88.3
15,-88.9090909091
16,-89.2
17,-90.6666666667
18,-90.75
19,-90.9
20,-90.9
21,-91.0
25,-91.0
26,-91.0
