frequency,pdr
11,-89.4
12,-89.25
13,-88.875
14,-89.6
15,-90.8
16,-90.6
17,-90.8888888889
18,-90.7777777778
19,-91.0
20,-91.0
21,-91.0
26,-91.0
