frequency,pdr
11,-76.2
12,-76.3
13,-78.8888888889
14,-89.7777777778
15,-83.3
16,-78.0
17,-75.6
18,-74.0
19,-75.5
20,-77.0
21,-82.0
22,-79.0
23,-79.0
24,-82.0
25,-79.0
26,-79.2
