frequency,pdr
11,-89.2222222222
12,-85.875
13,-84.7777777778
14,-83.7
15,-83.0
16,-83.2
17,-87.625
18,-91.0
19,-87.7
20,-86.3
21,-89.7
23,-82.0
24,-82.0
25,-84.8
26,-86.4
