frequency,pdr
11,-77.3636363636
12,-76.0
13,-78.2222222222
14,-79.0
15,-79.0
16,-80.7
17,-81.8
18,-82.0
19,-82.7
20,-88.3
21,-87.0
22,-84.7
23,-85.7
24,-83.0
25,-79.0
26,-78.3
