frequency,pdr
11,-64.0
12,-61.8888888889
13,-61.4444444444
14,-62.0
15,-64.0
16,-64.0
17,-67.0
18,-70.0
19,-70.0
20,-70.1
21,-73.0
22,-75.1
23,-80.0909090909
24,-77.9
25,-73.0
26,-74.6
