frequency,pdr
11,-78.7777777778
12,-73.6666666667
13,-73.0
14,-71.2
15,-72.5
16,-73.7
17,-77.4
18,-81.4
19,-85.9
20,-91.0
21,-84.6
22,-76.2
23,-74.0
24,-73.0
25,-73.0
26,-73.0
