frequency,pdr
11,-89.4
12,-88.2222222222
13,-90.1111111111
14,-88.6
15,-90.3
16,-91.0
17,-91.0
18,-91.0
19,-91.0
20,-91.0
21,-91.0
25,-91.0
26,-91.0
