frequency,pdr
11,-73.0
12,-74.1111111111
13,-77.6666666667
14,-70.9
15,-70.0
16,-68.0
17,-67.0
18,-65.9
19,-65.0
20,-67.0
21,-67.4
22,-66.0
23,-64.0
24,-63.7
25,-63.0
26,-63.9
