frequency,pdr
11,-55.0
12,-58.9
13,-67.0
14,-65.9
15,-64.0
16,-64.8888888889
17,-67.0
18,-71.4285714286
19,-70.2
20,-68.3
21,-64.0
22,-64.0
23,-68.3
24,-80.5
25,-67.0
26,-65.0
