frequency,pdr
11,-77.0
12,-76.0
13,-70.125
14,-72.4444444444
15,-75.6666666667
16,-78.6666666667
18,-88.5714285714
19,-74.9
20,-68.4
21,-64.0
22,-67.0
23,-85.1111111111
24,-71.6
25,-68.0
26,-72.5
