frequency,pdr
11,-55.1818181818
12,-56.8888888889
13,-58.0
14,-55.0
15,-54.0
16,-55.0
17,-62.0
18,-58.0
19,-57.2
20,-63.7
21,-82.0
22,-59.0
23,-54.8
24,-55.0
25,-61.0
26,-61.3
