frequency,pdr
11,-70.0
12,-70.0
13,-67.0
14,-67.0
15,-67.0
16,-70.1111111111
17,-69.0
18,-67.0
19,-67.2222222222
20,-69.7
21,-70.0
22,-71.1
23,-76.0
24,-79.0
25,-79.0
26,-73.0
