frequency,pdr
11,-55.0
12,-57.6
13,-67.0
14,-64.0
15,-61.0
16,-68.5
17,-70.1428571429
18,-74.6666666667
19,-73.4444444444
20,-73.0
21,-70.4
22,-80.5
23,-67.0
24,-65.4
25,-68.7
26,-71.3
