frequency,pdr
11,-58.0
12,-55.0
13,-55.0
14,-55.0
15,-56.25
16,-59.4
17,-55.1428571429
18,-59.3
19,-61.0
20,-70.4285714286
21,-63.9
22,-61.7
23,-67.1
24,-68.6
25,-57.2
26,-55.3
