frequency,pdr
11,-55.0
12,-55.1
13,-60.6666666667
14,-67.0
15,-64.0
16,-60.1111111111
17,-59.0
18,-67.0
19,-66.7777777778
20,-61.0
21,-61.0
22,-59.1
23,-58.0
24,-58.0
25,-58.0
26,-58.0
