frequency,pdr
11,-51.9
12,-51.9
13,-57.8888888889
14,-67.0
15,-61.0
16,-60.2222222222
17,-67.1428571429
18,-61.2
19,-52.0
20,-52.0
21,-52.0
22,-53.3
23,-62.2
24,-64.7
25,-66.2
26,-61.0
