frequency,pdr
11,-71.2222222222
12,-68.1
13,-70.0
14,-79.2222222222
15,-76.0
16,-69.2222222222
17,-67.0
18,-60.0
19,-58.0
20,-58.1
21,-58.0
22,-58.0
23,-64.0
24,-63.0
25,-66.0
26,-72.0
