frequency,pdr
11,-79.1
12,-80.3333333333
13,-83.0
14,-84.3
15,-82.0
16,-83.0
17,-86.0
18,-88.3
19,-90.5
20,-88.9
21,-87.1666666667
22,-84.5
23,-84.1428571429
24,-81.9
25,-81.1
26,-81.2
