frequency,pdr
11,-89.8888888889
12,-91.0
13,-91.0
14,-91.0
15,-89.6
16,-89.7
17,-90.8888888889
18,-91.0
19,-91.0
20,-89.7
21,-85.0
22,-83.6666666667
23,-84.75
24,-86.0
25,-88.0
26,-90.6
