frequency,pdr
11,-87.0
12,-87.8
13,-88.3
14,-89.4
15,-91.0
16,-91.0
17,-91.0
18,-90.2222222222
19,-91.0
20,-90.9
21,-91.0
22,-89.8571428571
23,-90.0
24,-90.4
25,-91.0
26,-91.0
