frequency,pdr
11,-75.6
12,-76.8
13,-79.5555555556
14,-81.9
15,-80.8
16,-79.7777777778
17,-78.25
18,-74.5
19,-72.5
20,-70.9
21,-71.6
22,-73.4
23,-78.5
24,-81.7
25,-77.2
26,-76.9
