frequency,pdr
11,-83.4
12,-87.1111111111
13,-86.6666666667
14,-89.9
15,-91.0
16,-91.0
17,-90.2857142857
18,-84.875
19,-82.0
20,-83.8
21,-85.0
22,-86.625
23,-86.0
24,-87.1
25,-88.1
26,-88.6
