frequency,pdr
11,-82.1
12,-83.4444444444
13,-88.1111111111
14,-87.0
15,-86.9
16,-84.0
17,-82.8888888889
18,-79.0
19,-78.0
20,-76.0
21,-75.0
22,-74.9
23,-76.1
24,-79.0
25,-79.9
26,-79.0
