frequency,pdr
11,-76.9
12,-78.3
13,-79.0
14,-84.0
15,-85.0
16,-85.0
17,-90.8571428571
18,-91.0
19,-86.5
20,-83.8
21,-82.2
22,-82.7142857143
23,-82.625
24,-82.0
25,-83.0
26,-82.0
