frequency,pdr
11,-70.2
12,-70.0
13,-70.3
14,-73.3
15,-77.4
16,-77.7777777778
17,-76.125
18,-78.4545454545
19,-79.9
20,-90.3
21,-82.1
22,-74.9
23,-70.5
24,-67.7
25,-67.6
26,-68.2
