frequency,pdr
11,-82.0
12,-82.0
13,-83.6
14,-84.9
15,-85.9
16,-86.2
17,-85.0
18,-83.4444444444
19,-83.5
20,-84.0
21,-85.0
22,-85.8888888889
23,-87.8888888889
24,-88.0
25,-90.2
26,-91.0
