frequency,pdr
11,-86.6
12,-87.25
13,-88.1
14,-89.2
15,-90.0
16,-88.0
17,-88.75
18,-90.3333333333
19,-88.2
20,-87.8
21,-87.7272727273
22,-86.0
23,-89.0
24,-91.0
25,-91.0
26,-91.0
