frequency,pdr
11,-90.0
12,-90.625
13,-90.1428571429
14,-89.3
15,-89.0
16,-90.0
17,-90.8571428571
18,-90.3333333333
19,-90.0
20,-90.1111111111
21,-90.8
23,-91.0
24,-91.0
25,-91.0
