frequency,pdr
11,-86.1
12,-85.0
13,-85.5
14,-83.9
15,-83.0
16,-83.2
17,-84.1
18,-83.8
19,-84.0
20,-86.2727272727
21,-88.6666666667
22,-88.6666666667
23,-86.0
24,-85.0
25,-86.0
26,-89.5
