frequency,pdr
11,-91.0
13,-91.0
14,-91.0
15,-90.6
16,-88.1
17,-86.9
18,-88.0
19,-89.2
20,-90.1
21,-90.6666666667
22,-89.1428571429
23,-91.0
24,-91.0
25,-91.0
26,-91.0
