frequency,pdr
11,-89.6666666667
12,-89.5555555556
13,-90.7
14,-89.1
15,-88.0
16,-86.0
17,-85.0
18,-84.0
19,-84.0
20,-85.9
21,-90.3
22,-87.0
23,-89.8888888889
24,-90.0
25,-91.0
