frequency,pdr
11,-82.0
12,-82.0
13,-81.9
14,-82.0
15,-82.0833333333
16,-77.3
17,-76.0
18,-76.0
19,-77.7
20,-79.0
21,-79.8888888889
22,-82.8333333333
23,-84.8
24,-82.0
25,-81.9
26,-81.6
