frequency,pdr
11,-83.25
12,-83.6666666667
13,-83.4444444444
14,-82.4
15,-82.0
16,-83.3
17,-84.9
18,-86.1
19,-87.3
20,-87.6
21,-89.3
23,-90.1
24,-89.0
25,-88.0
26,-88.3
