frequency,pdr
15,-91.0
16,-89.0
17,-87.8888888889
18,-86.6666666667
19,-87.1
20,-89.0
21,-88.9
22,-90.0
23,-91.0
25,-91.0
26,-89.0
