frequency,pdr
11,-69.2
12,-70.0
13,-71.0
14,-71.6
15,-73.7272727273
16,-73.0
17,-71.8
18,-71.4
19,-72.9
20,-72.0
21,-71.1
22,-71.8571428571
23,-73.0
24,-74.7
25,-75.0
26,-72.0
