frequency,pdr
11,-83.2
12,-88.7777777778
13,-91.0
14,-91.0
15,-91.0
16,-91.0
17,-91.0
18,-91.0
19,-91.0
20,-91.0
21,-90.8888888889
22,-87.25
23,-85.4444444444
24,-85.4444444444
25,-87.8
26,-90.0
