frequency,pdr
11,-54.7
12,-59.3333333333
13,-61.0
14,-55.3333333333
15,-58.0
16,-58.1
17,-55.0
18,-55.0
19,-61.0
20,-62.0
21,-61.0
22,-58.0
23,-58.0
24,-58.0
25,-58.0
26,-64.6
