frequency,pdr
11,-69.1111111111
12,-67.0
13,-74.1428571429
14,-69.5
15,-67.0
16,-65.0
17,-67.0
18,-67.0
19,-83.4444444444
20,-67.0
21,-68.5
22,-70.8
23,-67.0
24,-64.0
25,-70.0
26,-76.8
