frequency,pdr
11,-68.2222222222
12,-69.8571428571
13,-72.6
14,-71.7777777778
15,-77.0
16,-79.1
17,-75.625
18,-70.7777777778
19,-75.25
20,-82.0
21,-74.5
22,-70.0
23,-68.0
24,-70.0
25,-74.4
26,-73.0
