frequency,pdr
11,-63.4285714286
12,-57.0
13,-57.0
14,-69.5
15,-52.0
16,-49.0
17,-55.0
18,-59.8
19,-53.5
20,-58.0
21,-58.1
22,-50.8
23,-50.6363636364
24,-53.6
25,-55.0
26,-60.0
