frequency,pdr
11,-58.0
12,-57.1428571429
13,-54.875
14,-54.875
15,-51.2
16,-50.0
17,-51.5
18,-54.3333333333
19,-55.0
20,-55.0
21,-63.5
22,-71.7
23,-67.0
24,-61.0
25,-56.8
26,-55.0
