frequency,pdr
11,-60.0
12,-63.0
13,-60.8888888889
14,-60.8571428571
15,-61.0
16,-58.0
17,-56.0
18,-56.0
19,-55.0
20,-54.5
21,-56.0
22,-58.0
23,-57.5
24,-56.3
25,-55.0
26,-55.0
