frequency,pdr
11,-54.8571428571
12,-54.4285714286
13,-55.0
14,-68.8333333333
15,-55.0
16,-53.3
17,-54.6
18,-60.4444444444
19,-55.0
20,-58.0
21,-58.0
22,-57.7
23,-55.0
24,-58.5
25,-55.0
26,-59.1
