frequency,pdr
11,-65.0
12,-61.0
13,-54.9
14,-54.0
15,-54.0
16,-52.0
17,-54.3333333333
18,-60.2222222222
19,-67.0
20,-59.8
21,-55.0
22,-55.0
23,-56.6
24,-60.0
25,-59.3
26,-55.0
