frequency,pdr
11,-59.7142857143
12,-52.5714285714
13,-50.1428571429
14,-51.4444444444
15,-49.0
16,-46.0
17,-46.0
18,-47.9
19,-47.4
20,-46.9
21,-48.4
22,-50.4
23,-55.0
24,-61.4
25,-55.6
26,-53.0
