frequency,pdr
11,-64.0
12,-63.375
13,-61.1428571429
14,-63.875
15,-61.6
16,-61.0
17,-63.3333333333
18,-62.5555555556
19,-62.7
20,-67.0
21,-67.0
22,-61.0
23,-61.0
24,-58.0
25,-61.8
26,-67.0
