frequency,pdr
11,-70.0
12,-64.0
13,-59.0
14,-60.4444444444
15,-67.0
16,-78.7
17,-67.0
18,-70.0
19,-70.0
20,-75.6
21,-65.1
22,-67.0
23,-67.0
24,-88.7777777778
25,-73.0
26,-81.2
