frequency,pdr
11,-51.1111111111
12,-55.8333333333
13,-59.7142857143
14,-54.875
15,-54.0
16,-52.7
17,-52.0
18,-52.0
19,-52.0
20,-52.0
21,-55.0
22,-61.9
23,-55.0
24,-52.0
25,-52.0
26,-55.0
