frequency,pdr
11,-57.875
12,-57.1111111111
13,-63.7142857143
14,-67.0
15,-67.0
16,-61.7
17,-55.1
18,-55.0
19,-57.4
20,-55.0
21,-52.0
22,-52.0
23,-55.5
24,-55.9
25,-52.0
26,-52.0
