frequency,pdr
11,-61.0
12,-60.5
13,-55.0
14,-59.6666666667
15,-67.0
16,-66.6
17,-61.0
18,-58.3333333333
19,-61.0
20,-61.0
21,-59.9
22,-61.0
23,-55.2
24,-55.0
25,-54.6
26,-58.0
