frequency,pdr
11,-60.1428571429
12,-67.5
13,-67.0
14,-64.2857142857
15,-61.0
16,-60.7
17,-56.875
18,-55.0
19,-55.0
20,-58.0
21,-55.3
22,-61.0
23,-64.0
24,-67.7
25,-68.6
26,-61.0
