frequency,pdr
11,-62.5
12,-66.1
13,-62.4
14,-62.0
15,-61.8
16,-62.2
17,-60.8
18,-61.0
19,-59.4444444444
20,-59.7
21,-60.9
22,-61.2727272727
23,-59.0
24,-59.9
25,-61.0
26,-61.8
