frequency,pdr
11,-58.75
12,-61.5714285714
13,-62.7142857143
14,-56.0
15,-55.0
16,-56.4
17,-57.9
18,-58.8888888889
19,-67.0
20,-63.0
21,-61.7
22,-72.1
23,-67.2
24,-61.0
25,-58.9
26,-61.8
