frequency,pdr
11,-79.1
12,-79.5555555556
13,-79.0
14,-79.0
15,-79.0
16,-80.0
17,-81.7
18,-83.0
19,-82.3
20,-80.9
21,-79.0
22,-78.7777777778
23,-79.0
24,-79.2
25,-81.0
26,-80.0
