frequency,pdr
11,-85.8
12,-76.0
13,-71.1
14,-69.8
15,-68.2
16,-68.5
17,-68.6
18,-67.2
19,-69.1818181818
20,-64.0
21,-64.0
22,-62.4
23,-61.5555555556
24,-61.1
25,-61.4
26,-62.5
