frequency,pdr
11,-85.6
12,-89.8
13,-90.0
14,-88.6
15,-90.2
16,-91.0
17,-91.0
18,-89.3
19,-86.1
20,-85.8
21,-86.0
22,-86.5
23,-89.4444444444
24,-89.8888888889
25,-87.9
26,-85.0
