frequency,pdr
11,-76.75
12,-78.2222222222
13,-79.0
14,-79.0
15,-78.1
16,-76.0
17,-75.6
18,-75.75
19,-76.2
20,-79.0
21,-79.3
22,-82.7142857143
23,-86.1111111111
24,-86.8
25,-84.7
26,-82.7272727273
