frequency,pdr
11,-83.1
12,-82.8
13,-84.4
14,-83.0
15,-82.0
16,-82.0
17,-82.0
18,-80.9
19,-80.6
20,-80.8
21,-80.6
22,-80.5714285714
23,-81.7777777778
24,-82.9
25,-85.9
26,-89.8
