frequency,pdr
13,-90.2222222222
14,-88.4
15,-89.5
16,-89.9
17,-91.0
18,-90.2
19,-90.0
20,-88.1
21,-85.5714285714
22,-84.4285714286
23,-85.0
24,-87.9
25,-88.9
26,-89.3
