frequency,pdr
11,-71.4
12,-72.8
13,-73.1
14,-76.0
15,-77.4
16,-78.0
17,-79.0
18,-78.8
19,-79.0
20,-79.0
21,-82.5
23,-90.8571428571
24,-90.8333333333
25,-91.0
26,-89.9
