frequency,pdr
11,-81.8
12,-80.3333333333
13,-79.1111111111
14,-79.1
15,-79.0
16,-79.0
17,-78.1
18,-78.8
19,-79.0
20,-79.6
21,-79.7
22,-81.3333333333
23,-83.0
24,-82.9
25,-82.0
26,-82.0
