frequency,pdr
11,-82.0
12,-82.3333333333
13,-82.375
14,-83.0
15,-85.0
16,-87.5
17,-90.875
18,-91.0
19,-91.0
20,-90.8
21,-90.8
23,-90.8888888889
24,-90.9
25,-90.8
26,-90.4
