frequency,pdr
11,-72.8
12,-73.0
13,-73.0
14,-72.1
15,-70.0
16,-70.0
17,-67.6
18,-67.3
19,-67.5
20,-70.0
21,-70.9
22,-73.6666666667
23,-76.7777777778
24,-81.875
25,-86.9
26,-90.3
