frequency,pdr
11,-85.0
12,-85.0
13,-85.0
14,-83.9
15,-82.0
16,-80.5
17,-80.0
18,-79.4
19,-79.0
20,-79.3
21,-79.875
22,-80.8333333333
23,-82.0
24,-82.8888888889
25,-86.0
26,-88.0
