frequency,pdr
11,-73.1
12,-73.0
13,-73.0
14,-73.0
15,-73.0
16,-74.7
17,-76.0
18,-77.4
19,-76.7
20,-76.0
21,-75.9
22,-76.2857142857
23,-77.1111111111
24,-79.0
25,-79.9
26,-81.2
