frequency,pdr
11,-90.0
12,-89.0
13,-88.0
14,-89.0
15,-91.0
16,-91.0
17,-91.0
18,-91.0
19,-90.6
20,-89.4
21,-89.0
22,-88.5714285714
23,-88.3333333333
24,-88.625
25,-89.9
26,-90.2
