frequency,pdr
11,-89.8888888889
12,-82.7
13,-79.5
14,-79.0
15,-81.3
16,-83.0
17,-84.9
18,-85.1111111111
19,-82.6
20,-82.0
21,-79.0
22,-77.5
23,-76.1
24,-76.7
25,-78.9
26,-79.0
