frequency,pdr
11,-74.9
12,-77.1111111111
13,-80.2222222222
14,-86.5
15,-90.0
16,-87.0
17,-89.3333333333
18,-91.0
19,-83.7
20,-81.5
21,-82.6
22,-87.5
23,-91.0
24,-90.0
25,-91.0
26,-90.9
