frequency,pdr
11,-64.0
12,-66.3333333333
13,-49.4
14,-51.9
15,-56.1
16,-68.5555555556
17,-55.3
18,-57.2
19,-61.0
20,-56.8
21,-59.5
22,-52.0
23,-53.9
24,-59.3
25,-51.9
26,-55.0
