frequency,pdr
11,-65.1
12,-63.8
13,-70.0
14,-83.1
15,-68.0
16,-66.6666666667
17,-61.0
18,-67.1818181818
19,-70.0
20,-64.0
21,-64.3
22,-67.2
23,-67.0
24,-64.3
25,-69.9
26,-67.5
