frequency,pdr
11,-64.2
12,-72.8888888889
13,-67.2
14,-62.4
15,-61.0
16,-74.2222222222
17,-65.7
18,-63.6
19,-63.9
20,-68.6
21,-73.6
22,-67.4
23,-68.1
24,-68.3
25,-67.0
26,-68.0
