frequency,pdr
11,-54.9090909091
12,-55.0
13,-60.4444444444
14,-57.2222222222
15,-69.2
16,-65.8888888889
17,-65.8
18,-55.0
19,-55.0
20,-55.0
21,-52.0
22,-59.8
23,-55.0
24,-51.7777777778
25,-60.4444444444
26,-63.4
