frequency,pdr
11,-70.0
12,-60.0
13,-64.0
14,-67.0
15,-62.3333333333
16,-74.2222222222
17,-66.7
18,-67.0
19,-70.0
20,-66.9
21,-74.6
22,-67.0
23,-67.0
24,-69.6666666667
25,-65.3333333333
26,-58.0
