frequency,pdr
11,-55.0
12,-65.2222222222
13,-59.1111111111
14,-52.0
15,-49.2
16,-55.0
17,-49.1
18,-49.3
19,-55.0
20,-49.7
21,-53.5
22,-50.9
23,-44.5
24,-45.7
25,-57.7777777778
26,-58.2
