frequency,pdr
11,-62.2
12,-67.0
13,-65.6
14,-62.2
15,-64.0
16,-63.5555555556
17,-63.3
18,-63.7
19,-67.5
20,-68.0
21,-64.1
22,-67.0
23,-66.3
24,-68.4444444444
25,-61.6
26,-66.7
