frequency,pdr
11,-55.8
12,-52.0
13,-54.9
14,-54.9
15,-51.8888888889
16,-62.0
17,-62.0
18,-66.5
19,-61.2
20,-49.0
21,-53.7
22,-55.7
23,-62.4
24,-60.3333333333
25,-54.0
26,-48.7
