frequency,pdr
11,-58.9
12,-58.8888888889
13,-59.2222222222
14,-56.4
15,-55.2222222222
16,-60.3
17,-65.3
18,-55.6
19,-50.9
20,-57.6
21,-56.8
22,-66.7
23,-63.7
24,-59.4444444444
25,-57.0
26,-61.0
