frequency,pdr
11,-64.9
12,-62.3333333333
13,-57.7
14,-66.1
15,-62.7777777778
16,-60.7
17,-55.3
18,-63.0
19,-61.0
20,-52.2
21,-55.9
22,-61.9
23,-68.1
24,-64.0
25,-69.0
26,-64.2
