frequency,pdr
11,-55.8
12,-51.9
13,-52.6666666667
14,-49.0
15,-64.8888888889
16,-49.5
17,-51.1
18,-52.9
19,-54.6
20,-53.5
21,-49.0
22,-49.0
23,-51.5
24,-47.1
25,-50.1
26,-52.9
