frequency,pdr
11,-55.0
12,-61.7777777778
13,-53.8
14,-52.0
15,-69.2222222222
16,-54.4
17,-52.0
18,-56.0
19,-57.5
20,-49.3
21,-56.0
22,-61.1
23,-52.8
24,-70.0
25,-58.8888888889
26,-52.4
