frequency,pdr
11,-60.9
12,-58.0
13,-57.7777777778
14,-56.3
15,-55.0
16,-62.4
17,-72.6
18,-68.5
19,-54.8
20,-57.4
21,-63.7
22,-60.9
23,-67.0
24,-58.3333333333
25,-66.5555555556
26,-76.6
