frequency,pdr
11,-60.7
12,-68.3
13,-68.0
14,-66.8
15,-62.1818181818
16,-67.1
17,-70.0
18,-70.0
19,-67.4
20,-73.1
21,-70.0
22,-66.4
23,-70.3
24,-60.8888888889
25,-63.5
26,-66.4
