frequency,pdr
11,-70.2222222222
12,-55.0
13,-55.0
14,-58.6
15,-57.5555555556
16,-64.0
17,-59.3
18,-52.5
19,-49.0
20,-50.9
21,-55.0
22,-55.3
23,-60.0
24,-55.5555555556
25,-57.4444444444
26,-59.8
