frequency,pdr
11,-61.1
12,-60.2
13,-51.9
14,-51.6
15,-54.3333333333
16,-50.4
17,-62.6
18,-71.3
19,-63.1
20,-55.5
21,-47.9
22,-48.7
23,-56.9
24,-53.5555555556
25,-59.9
26,-69.1
