frequency,pdr
11,-64.0
12,-62.2222222222
13,-66.7
14,-64.6
15,-56.9
16,-61.4
17,-68.3
18,-73.8
19,-63.7
20,-67.0
21,-68.8
22,-65.1
23,-63.3
24,-65.2222222222
25,-64.0
26,-63.9
