frequency,pdr
11,-54.0
12,-68.4444444444
13,-58.4444444444
14,-55.0
15,-54.2222222222
16,-52.0
17,-55.0
18,-55.0
19,-53.0
20,-46.0
21,-47.4
22,-50.0
23,-46.4
24,-48.1
25,-49.8
26,-49.0
