frequency,pdr
11,-52.1
12,-65.5555555556
13,-58.0
14,-54.6
15,-64.0
16,-61.2
17,-67.0
18,-61.8181818182
19,-52.2
20,-52.6
21,-49.3
22,-55.0
23,-52.0
24,-53.1111111111
25,-58.0
26,-63.5
