frequency,pdr
11,-66.4444444444
12,-57.5555555556
13,-63.4444444444
14,-47.5
15,-49.2222222222
16,-52.4
17,-55.1
18,-55.0
19,-49.2
20,-47.1
21,-54.3
22,-64.6
23,-52.0
24,-55.0
25,-59.5555555556
26,-55.0
