frequency,pdr
11,-51.4
12,-52.0
13,-61.4
14,-65.7
15,-58.0
16,-55.0
17,-51.0
18,-55.5
19,-55.0
20,-67.9090909091
21,-49.3
22,-52.4
23,-60.6
24,-55.0
25,-54.5555555556
26,-55.0
