frequency,pdr
11,-60.7
12,-63.0
13,-69.4444444444
14,-61.0
15,-67.0
16,-66.2222222222
17,-63.0
18,-57.8
19,-61.3
20,-62.1
21,-80.8
22,-68.6
23,-60.4
24,-60.9
25,-66.6666666667
26,-65.4
