frequency,pdr
11,-62.3333333333
12,-56.1111111111
13,-52.0
14,-65.2
15,-59.8
16,-52.4
17,-45.7
18,-49.0
19,-43.0
20,-49.0
21,-48.0
22,-46.0
23,-53.6
24,-49.0
25,-74.6666666667
26,-55.0
