frequency,pdr
11,-50.3
12,-55.0
13,-54.7777777778
14,-70.0
15,-62.1
16,-49.5
17,-52.0
18,-60.7
19,-54.4
20,-55.0
21,-54.9
22,-54.7
23,-52.8
24,-56.1111111111
25,-64.4444444444
26,-65.3
