frequency,pdr
11,-64.1
12,-67.1111111111
13,-78.5555555556
14,-60.5
15,-58.1111111111
16,-58.7
17,-66.5
18,-67.8
19,-68.9
20,-63.0
21,-67.0
22,-65.9
23,-59.4
24,-61.0
25,-63.1111111111
26,-73.2
