frequency,pdr
11,-68.5
12,-73.0
13,-60.3
14,-55.4
15,-62.7
16,-70.0
17,-68.5
18,-67.0
19,-55.0
20,-67.9
21,-61.0
22,-63.0
23,-68.6
24,-71.2222222222
25,-81.2222222222
26,-69.3
