frequency,pdr
11,-57.0
12,-62.4444444444
13,-54.9
14,-51.9
15,-57.8
16,-55.0
17,-58.4
18,-58.0
19,-64.0
20,-58.0
21,-58.2
22,-52.0
23,-54.7
24,-58.7777777778
25,-56.1
26,-55.4
