frequency,pdr
11,-62.9
12,-51.4
13,-55.7
14,-55.0
15,-49.0
16,-55.2
17,-55.0
18,-59.2
19,-62.6
20,-52.8
21,-65.3
22,-63.9
23,-63.6
24,-60.8888888889
25,-68.8333333333
26,-60.5
