frequency,pdr
11,-67.4
12,-71.4
13,-66.3333333333
14,-66.2
15,-69.3333333333
16,-81.5
17,-79.0
18,-67.8
19,-65.6
20,-61.5
21,-72.2
22,-76.5
23,-67.0
24,-73.8888888889
25,-82.2
26,-74.8
