frequency,pdr
11,-67.0
12,-68.7777777778
13,-61.1
14,-67.0
15,-67.0
16,-66.3333333333
17,-65.0
18,-66.9
19,-68.3
20,-58.2
21,-61.0
22,-68.3
23,-67.0
24,-68.5555555556
25,-71.8
26,-63.9
