frequency,pdr
11,-63.6666666667
12,-55.0
13,-58.0
14,-59.9
15,-55.1
16,-57.6
17,-52.8
18,-52.0
19,-51.5
20,-55.0
21,-61.2
22,-55.0
23,-55.0
24,-64.5555555556
25,-67.0
26,-58.6
