frequency,pdr
11,-58.9
12,-63.5
13,-73.4444444444
14,-73.5
15,-63.5555555556
16,-72.1111111111
17,-64.7
18,-71.1
19,-64.0
20,-61.8
21,-63.4
22,-66.6
23,-66.0
24,-66.5454545455
25,-62.5
26,-67.1
