frequency,pdr
11,-61.2
12,-74.3
13,-60.3333333333
14,-61.0
15,-62.9
16,-67.1
17,-65.5
18,-73.5
19,-56.1
20,-57.8
21,-61.0
22,-58.7
23,-69.7
24,-76.2222222222
25,-72.5555555556
26,-62.8
