frequency,pdr
11,-56.5
12,-61.0
13,-64.8888888889
14,-66.8
15,-70.4
16,-61.0
17,-56.0
18,-56.9
19,-70.3
20,-67.0
21,-64.0
22,-63.1
23,-67.0
24,-63.4444444444
25,-60.4
26,-67.0
