frequency,pdr
11,-56.5
12,-69.3333333333
13,-68.5
14,-59.8
15,-71.4444444444
16,-57.9090909091
17,-67.0
18,-75.7
19,-73.4
20,-61.0
21,-61.6
22,-65.8
23,-72.0
24,-73.0
25,-60.4
26,-58.0
