frequency,pdr
11,-65.2
12,-63.2
13,-77.3333333333
14,-63.6
15,-67.6666666667
16,-65.5555555556
17,-59.8
18,-65.8
19,-55.0
20,-58.7
21,-63.6
22,-65.4
23,-64.9
24,-68.7
25,-67.9
26,-61.0
