frequency,pdr
11,-62.5
12,-53.0
13,-58.0
14,-65.1
15,-74.2222222222
16,-63.9
17,-65.4
18,-52.0
19,-57.5
20,-62.9
21,-59.3
22,-61.0
23,-56.3
24,-54.5555555556
25,-58.0
26,-55.0
