frequency,pdr
11,-53.3
12,-61.6666666667
13,-56.0
14,-55.0
15,-55.0
16,-60.1111111111
17,-64.0
18,-58.0
19,-64.0
20,-59.9
21,-60.7
22,-56.7
23,-64.2
24,-72.6666666667
25,-64.8
26,-75.9
