frequency,pdr
11,-56.0
12,-58.2222222222
13,-70.4
14,-51.3
15,-51.7777777778
16,-55.8
17,-53.3
18,-57.8
19,-52.3
20,-55.0
21,-55.5
22,-57.9
23,-56.8
24,-49.1
25,-54.4444444444
26,-49.0
