frequency,pdr
11,-43.0
12,-60.6666666667
13,-47.1
14,-59.4
15,-54.9
16,-46.0
17,-40.0
18,-45.3
19,-45.7
20,-40.0
21,-40.0
22,-40.7
23,-40.0
24,-42.8181818182
25,-45.0
26,-43.0
