frequency,pdr
11,-53.6
12,-54.9
13,-64.0
14,-55.0
15,-55.9
16,-57.0
17,-67.0
18,-65.8
19,-63.8
20,-60.5
21,-54.4
22,-52.0
23,-68.0
24,-53.1111111111
25,-55.3333333333
26,-55.0
