frequency,pdr
11,-64.4444444444
12,-58.2222222222
13,-60.8
14,-61.0
15,-55.1111111111
16,-64.2
17,-69.5
18,-64.0
19,-70.3
20,-63.9
21,-64.0
22,-57.0
23,-64.0
24,-64.6666666667
25,-67.0
26,-67.1
