frequency,pdr
11,-61.1
12,-55.5555555556
13,-52.0
14,-52.0
15,-53.3
16,-57.5
17,-52.1
18,-57.1
19,-54.4
20,-58.0
21,-62.6
22,-65.2
23,-60.0
24,-71.5555555556
25,-55.0
26,-59.6
