frequency,pdr
11,-58.8
12,-71.2
13,-52.0
14,-50.2
15,-52.4
16,-52.0
17,-50.4
18,-55.0
19,-50.8
20,-51.3
21,-55.0
22,-50.3
23,-70.3
24,-72.4444444444
25,-59.2222222222
26,-51.4
