frequency,pdr
11,-56.9
12,-55.2222222222
13,-55.0
14,-67.0
15,-49.2222222222
16,-54.0
17,-52.0
18,-53.7
19,-55.0
20,-55.6
21,-57.3
22,-59.8
23,-57.8
24,-56.5555555556
25,-50.5
26,-46.0
