frequency,pdr
11,-52.2
12,-63.2222222222
13,-60.8
14,-52.0
15,-52.0
16,-49.0
17,-54.7
18,-53.0
19,-55.5
20,-55.0
21,-64.7
22,-61.0
23,-60.2
24,-57.1111111111
25,-55.0
26,-55.0
