frequency,pdr
11,-55.0
12,-57.9
13,-54.8
14,-55.0
15,-65.4444444444
16,-55.0
17,-52.8
18,-58.0
19,-57.4
20,-61.0
21,-70.0
22,-58.0
23,-70.1
24,-64.3333333333
25,-58.0
26,-63.0
