frequency,pdr
11,-83.1111111111
12,-82.0
13,-79.8571428571
14,-77.3
15,-78.8
16,-82.0
17,-82.0
18,-86.0
19,-90.0
20,-86.6
21,-83.0
22,-81.2
23,-82.0
24,-85.7
25,-90.2
26,-91.0
