frequency,pdr
11,-84.2222222222
12,-84.4444444444
13,-86.7142857143
14,-86.0
15,-83.0
16,-82.1
17,-85.0
18,-86.0
19,-85.0
20,-86.0
21,-90.8
23,-91.0
24,-86.7
25,-83.2
26,-83.2
