frequency,pdr
11,-83.1
12,-87.375
13,-83.375
14,-88.0
15,-90.5
16,-89.7142857143
17,-85.8571428571
18,-86.8571428571
19,-91.0
23,-90.7777777778
24,-91.0
25,-91.0
26,-91.0
