frequency,pdr
11,-88.875
12,-87.2857142857
13,-86.875
14,-87.5
15,-88.4
16,-90.1666666667
17,-91.0
18,-91.0
19,-91.0
20,-91.0
21,-91.0
23,-91.0
24,-91.0
