frequency,pdr
11,-89.0
12,-88.2857142857
13,-88.0
14,-89.0
15,-85.8
16,-85.4
17,-86.0
18,-85.0
19,-85.7
20,-90.8
21,-89.2
22,-88.75
23,-88.1111111111
24,-90.2
25,-89.9
26,-91.0
