frequency,pdr
11,-79.0
12,-80.7142857143
13,-81.1666666667
14,-78.8
15,-80.8
16,-87.5
17,-79.3
18,-78.1
19,-77.0
20,-76.0
21,-77.8
22,-79.9
23,-82.0
24,-88.9
25,-91.0
26,-91.0
