frequency,pdr
11,-88.9
12,-86.1111111111
13,-87.5555555556
14,-87.8
15,-87.0
16,-86.9
17,-88.0
18,-91.0
19,-91.0
20,-91.0
21,-91.0
23,-91.0
24,-91.0
25,-91.0
26,-91.0
