frequency,pdr
11,-81.0
12,-81.5
13,-81.8888888889
14,-82.0
15,-86.0
16,-88.0
17,-90.875
18,-90.6666666667
19,-85.125
20,-84.4
21,-86.0
23,-91.0
24,-91.0
25,-90.9
26,-88.0
