frequency,pdr
11,-82.0
12,-83.25
13,-85.7142857143
14,-85.5
15,-86.1
16,-87.4
17,-90.875
18,-90.7
19,-89.7
20,-88.0
21,-87.1
22,-87.1111111111
23,-90.8571428571
24,-91.0
25,-91.0
