frequency,pdr
11,-71.4285714286
12,-80.25
13,-79.0
14,-80.5
15,-76.0
16,-83.375
17,-71.0
18,-65.5555555556
19,-62.5555555556
20,-61.3
21,-61.0
22,-61.0
23,-61.0
24,-62.8
25,-65.0
26,-67.0
