frequency,pdr
11,-61.0
12,-62.6
13,-69.75
14,-75.0
15,-67.0
16,-63.7777777778
17,-66.9
18,-67.0
19,-67.0
20,-73.7777777778
21,-66.4
22,-61.0
23,-59.0
24,-58.0
25,-55.3
26,-55.0
