frequency,pdr
11,-67.0
12,-70.0
13,-70.0
14,-70.0
15,-73.0
16,-74.3636363636
17,-68.5555555556
18,-67.0
19,-67.0
20,-70.9
21,-71.0
22,-67.0
23,-67.4
24,-75.8
25,-84.7
26,-79.1
