frequency,pdr
11,-69.875
12,-67.0
13,-65.8888888889
14,-61.75
15,-64.0
16,-61.8888888889
17,-63.3333333333
18,-67.0
19,-67.0
20,-67.0
21,-67.0
22,-65.0
23,-61.0
24,-61.0
25,-58.0
26,-55.0
