frequency,pdr
11,-72.5
12,-77.7777777778
13,-77.3333333333
14,-67.0
15,-65.4
16,-64.0
17,-65.3
18,-67.0
19,-68.2857142857
20,-73.0
21,-70.0
22,-67.0
23,-67.0
24,-68.0
25,-73.0
26,-77.2
