frequency,pdr
11,-64.0
12,-61.7
13,-64.0
14,-68.0
15,-73.5
16,-70.75
17,-72.1111111111
18,-77.0
19,-77.6666666667
20,-70.2
21,-67.3
22,-67.0
23,-67.0
24,-66.3
25,-67.0
26,-68.1
