frequency,pdr
11,-58.0
12,-62.5714285714
13,-63.0
14,-64.0
15,-60.0
16,-60.7777777778
17,-63.7777777778
18,-64.0
19,-69.8333333333
20,-73.0
21,-75.3
22,-69.0
23,-67.0
24,-67.0
25,-64.0
26,-64.8
