frequency,pdr
11,-71.875
12,-73.875
13,-76.0
14,-71.0
15,-69.0
16,-67.1111111111
17,-70.0
18,-69.7777777778
19,-69.8571428571
20,-73.0
21,-75.7
22,-75.3
23,-76.0
24,-70.3
25,-70.0
26,-70.0
