frequency,pdr
11,-61.0
12,-64.0
13,-65.0
14,-66.3333333333
15,-73.0
16,-69.6666666667
17,-69.8
18,-67.8888888889
19,-71.7142857143
20,-71.2
21,-77.6
22,-82.9
23,-81.2
24,-82.0
25,-76.0
26,-70.0
