frequency,pdr
11,-77.0
12,-78.0
13,-75.2222222222
14,-70.0
15,-70.0
16,-80.4444444444
17,-72.4
18,-70.0
19,-73.0
20,-73.0
21,-71.4
22,-75.6
23,-84.3
24,-81.0
25,-79.0
26,-79.0
