frequency,pdr
11,-74.4285714286
12,-67.0
13,-67.0
14,-67.0
15,-76.0
16,-67.0
17,-64.0
18,-63.2222222222
19,-63.75
20,-67.0
21,-64.6
22,-64.0
23,-65.0
24,-64.0
25,-67.0
26,-64.0
