frequency,pdr
11,-63.25
12,-62.7777777778
13,-64.0
14,-69.0
15,-70.0
16,-67.0
17,-70.1818181818
18,-67.4
19,-66.875
20,-67.9
21,-66.0
22,-66.3
23,-66.5
24,-70.0
25,-72.3
26,-79.0
