frequency,pdr
11,-66.3333333333
12,-74.5
13,-67.0
14,-66.3333333333
15,-71.8
16,-86.6
17,-77.25
18,-73.3333333333
19,-72.7777777778
20,-75.2
21,-79.0
22,-70.0
23,-70.0
24,-67.0
25,-67.0
26,-74.5
