frequency,pdr
11,-69.5555555556
12,-70.625
13,-68.2222222222
14,-67.0
15,-68.0
16,-72.0
17,-70.0
18,-67.0
19,-69.0
20,-70.0
21,-70.5
22,-72.2
23,-78.0
24,-79.0
25,-79.0
26,-74.1
