frequency,pdr
11,-70.0
12,-70.0
13,-71.7777777778
14,-80.75
15,-81.1
16,-73.0
17,-70.25
18,-73.2222222222
19,-79.7142857143
20,-77.5
21,-70.0
22,-69.5
23,-73.0
24,-73.0
25,-73.0
26,-75.7
