frequency,pdr
11,-70.2222222222
12,-69.5555555556
13,-67.0
14,-66.3333333333
15,-67.0
16,-67.0
17,-66.6
18,-71.6
19,-70.0
20,-67.0
21,-64.1
22,-64.0
23,-65.9
24,-69.0
25,-69.6
26,-67.0
