frequency,pdr
11,-70.3
12,-68.5
13,-73.5555555556
14,-80.6666666667
15,-86.6
16,-81.2
17,-79.0
18,-82.0
19,-79.1666666667
20,-70.8
21,-70.5
23,-74.9
24,-70.0
25,-73.9
26,-71.7
