frequency,pdr
11,-79.0
12,-79.0
13,-70.0
14,-66.75
15,-67.0
16,-72.125
17,-76.8888888889
18,-71.2222222222
19,-70.0
20,-72.8
21,-75.3
22,-76.0
23,-73.0
24,-76.0
25,-73.8
26,-73.0
