frequency,pdr
11,-67.0
12,-70.0
13,-73.0
14,-71.3333333333
15,-77.0
16,-84.5555555556
17,-74.6363636364
18,-77.0
19,-90.7142857143
20,-90.0
21,-85.0
22,-84.5
23,-76.2
24,-88.9
25,-79.0
26,-74.9
