frequency,pdr
11,-70.0
12,-67.0
13,-67.0
14,-69.5
15,-76.3
16,-64.5555555556
17,-60.8
18,-62.6666666667
19,-66.5
20,-67.0
21,-69.6
22,-69.7
23,-70.0
24,-72.7
25,-76.6
26,-70.0
