frequency,pdr
11,-50.1
12,-49.6666666667
13,-50.0
14,-46.7
15,-46.0
16,-46.0
17,-48.7
18,-53.5
19,-54.7777777778
20,-49.3
21,-46.2
22,-46.0
23,-46.0
24,-47.6
25,-49.0
26,-54.7
