frequency,pdr
11,-73.0
12,-66.8333333333
13,-64.1666666667
14,-61.0
15,-64.0
16,-64.0
17,-63.7
18,-67.0
19,-66.8
20,-64.0
21,-61.0
22,-58.0
23,-58.0
24,-59.0
25,-63.9
26,-67.0
