frequency,pdr
11,-55.0
12,-55.1666666667
13,-49.4444444444
14,-49.0
15,-49.0
16,-49.0
17,-49.0
18,-49.0
19,-49.3
20,-51.3
21,-52.0
22,-53.4
23,-53.9
24,-53.3
25,-53.5
26,-58.0
