frequency,pdr
11,-47.4
12,-48.8333333333
13,-48.2857142857
14,-49.0
15,-51.0
16,-52.0
17,-51.9
18,-50.8
19,-54.875
20,-51.3
21,-52.0
22,-55.8
23,-52.0
24,-49.6
25,-51.7
26,-51.0
