frequency,pdr
11,-63.3
12,-67.0
13,-82.7142857143
14,-79.9
15,-82.0
16,-70.3333333333
17,-70.0
18,-70.2857142857
19,-70.0
20,-67.3
21,-64.1
22,-66.4
23,-73.0
24,-82.0
25,-76.0
26,-74.6
