frequency,pdr
11,-50.5
12,-56.8333333333
13,-49.4285714286
14,-49.1
15,-52.0
16,-52.0
17,-49.2
18,-49.6
19,-50.2
20,-49.0
21,-48.8
22,-48.7
23,-48.4
24,-48.7
25,-49.0
26,-54.2
