frequency,pdr
11,-52.0
12,-51.8
13,-57.4285714286
14,-59.7
15,-52.0
16,-49.0
17,-49.0
18,-49.1428571429
19,-52.0
20,-56.5
21,-54.0
22,-54.7
23,-58.0
24,-55.1
25,-59.8
26,-58.5
