frequency,pdr
11,-61.0
12,-60.7
13,-59.3333333333
14,-62.3
15,-67.0
16,-75.7777777778
17,-72.6
18,-70.0
19,-67.0
20,-68.5555555556
21,-62.7
22,-60.4
23,-59.3
24,-60.1
25,-59.5
26,-61.0
