frequency,pdr
11,-55.0
12,-58.0
13,-55.6666666667
14,-52.0
15,-50.0
16,-57.3333333333
17,-52.4
18,-49.0
19,-49.0
20,-49.0
21,-52.0
22,-55.0
23,-58.0
24,-62.6
25,-55.0
26,-55.0
