frequency,pdr
11,-54.6
12,-55.0
13,-58.1818181818
14,-55.0
15,-54.6
16,-55.3333333333
17,-58.0
18,-55.0
19,-51.9
20,-49.0
21,-49.7
22,-49.5
23,-49.4
24,-49.0
25,-46.0
26,-46.0
