frequency,pdr
11,-91.0
13,-91.0
14,-90.8888888889
15,-88.7
16,-87.4
17,-90.8
18,-91.0
19,-91.0
20,-88.8
21,-88.1
22,-88.6666666667
23,-91.0
24,-91.0
25,-91.0
26,-91.0
