frequency,pdr
11,-88.5555555556
12,-88.1428571429
13,-86.3333333333
14,-87.2
15,-90.6
16,-91.0
17,-89.1111111111
18,-89.5555555556
19,-91.0
21,-88.2
23,-85.5
24,-87.7
25,-86.6
26,-87.9
