frequency,pdr
11,-73.0
12,-75.0
13,-80.8888888889
14,-84.875
15,-82.1
16,-79.0
17,-76.2
18,-76.0
19,-76.0
20,-79.0
21,-79.0
22,-78.9
23,-84.7777777778
24,-90.1
25,-91.0
26,-87.0
