frequency,pdr
11,-88.6666666667
12,-88.5555555556
13,-88.25
14,-88.5
15,-91.0
17,-91.0
18,-90.3
19,-89.7
20,-87.2
21,-85.4
23,-91.0
24,-91.0
25,-85.8
26,-82.2
