frequency,pdr
11,-89.4444444444
12,-90.0
13,-90.9
14,-90.0
15,-87.1
16,-88.0
17,-87.9
18,-87.5555555556
19,-86.6
20,-84.0
21,-84.9
22,-83.5555555556
23,-83.0
24,-85.0
25,-87.3
26,-89.7
