frequency,pdr
11,-88.8333333333
12,-89.9
13,-90.0
14,-88.4444444444
15,-88.5
16,-88.7
17,-90.7
18,-91.0
19,-91.0
20,-91.0
23,-91.0
24,-91.0
25,-90.0
26,-89.1
