frequency,pdr
11,-84.375
12,-85.1111111111
13,-87.0
14,-89.1
15,-91.0
16,-91.0
17,-89.5
18,-88.0
19,-89.8
20,-89.7
21,-89.2
22,-88.8888888889
23,-89.5
24,-89.0
25,-91.0
26,-90.7
