frequency,pdr
11,-90.1666666667
12,-90.0
13,-90.4444444444
14,-90.1111111111
15,-91.0
16,-91.0
17,-91.0
18,-91.0
19,-91.0
20,-91.0
21,-91.0
23,-91.0
24,-91.0
25,-91.0
26,-91.0
