frequency,pdr
11,-88.1111111111
12,-89.5555555556
13,-90.0
14,-90.1111111111
15,-91.0
16,-91.0
17,-91.0
19,-91.0
20,-91.0
21,-91.0
23,-91.0
24,-91.0
25,-91.0
26,-90.0
