frequency,pdr
11,-91.0
12,-90.8888888889
13,-89.4285714286
14,-89.6
15,-88.8
16,-89.7
17,-91.0
18,-91.0
19,-91.0
21,-91.0
22,-91.0
23,-90.75
24,-90.375
25,-87.5
26,-87.5
