frequency,pdr
11,-55.0
12,-57.0
13,-72.5555555556
14,-62.3333333333
15,-58.0
16,-60.4
17,-66.5
18,-62.2
19,-66.5
20,-59.8
21,-62.2
22,-61.0
23,-60.5
24,-62.2
25,-61.0
26,-64.0
