frequency,pdr
11,-52.5
12,-57.1111111111
13,-53.4444444444
14,-56.1111111111
15,-55.0
16,-55.0
17,-61.9
18,-50.3
19,-51.5
20,-49.1
21,-54.9
22,-55.0
23,-70.9
24,-58.0
25,-55.1
26,-52.6363636364
