frequency,pdr
11,-61.0
12,-61.8888888889
13,-52.0
14,-52.4444444444
15,-58.4
16,-46.4
17,-51.5
18,-60.8
19,-61.3
20,-62.5
21,-53.1
22,-49.2
23,-61.5
24,-74.1
25,-65.4
26,-52.5
