frequency,pdr
11,-61.7
12,-61.0
13,-52.1111111111
14,-54.4444444444
15,-52.1
16,-56.4
17,-60.5
18,-57.7
19,-63.1
20,-67.0
21,-62.0
22,-64.6
23,-56.0909090909
24,-55.0
25,-56.3
26,-53.0
