frequency,pdr
11,-58.9
12,-61.0
13,-66.7
14,-68.4444444444
15,-81.2
16,-64.4
17,-57.9
18,-63.7
19,-66.0
20,-64.0
21,-69.1818181818
22,-64.0
23,-76.5
24,-67.0
25,-66.0
26,-64.0
