frequency,pdr
11,-56.2
12,-57.2222222222
13,-59.4444444444
14,-60.2
15,-63.0
16,-67.5
17,-64.0
18,-66.5
19,-64.4
20,-66.6
21,-62.8
22,-61.7
23,-59.1
24,-64.2
25,-63.6
26,-55.5
