frequency,pdr
11,-57.9
12,-58.3333333333
13,-48.5
14,-54.3333333333
15,-58.0
16,-60.2
17,-56.1
18,-59.2
19,-58.2
20,-49.0
21,-51.1
22,-54.9
23,-52.2
24,-51.0
25,-55.2
26,-47.4
