frequency,pdr
11,-49.0
12,-50.4
13,-51.5555555556
14,-63.7777777778
15,-55.0
16,-60.3
17,-59.8
18,-54.4
19,-50.1
20,-49.0
21,-46.5
22,-52.0
23,-55.0
24,-61.0
25,-62.5
26,-50.5
