frequency,pdr
11,-46.5
12,-47.6
13,-62.3333333333
14,-55.1111111111
15,-48.4
16,-50.8
17,-52.0
18,-57.5
19,-55.0
20,-52.0
21,-63.4
22,-50.7
23,-52.5
24,-52.0
25,-66.0
26,-53.4
