frequency,pdr
11,-46.8
12,-46.0
13,-51.8888888889
14,-57.2222222222
15,-61.3
16,-53.9
17,-51.2
18,-47.7
19,-55.3
20,-46.5
21,-46.0
22,-48.6
23,-47.5
24,-66.3
25,-57.5
26,-76.7
