frequency,pdr
11,-59.2
12,-66.8888888889
13,-60.3
14,-57.6666666667
15,-75.8
16,-64.0
17,-62.1
18,-60.3
19,-64.2
20,-63.5
21,-61.1
22,-65.1
23,-61.0
24,-62.5
25,-72.4
26,-64.0
