frequency,pdr
11,-61.0
12,-67.4444444444
13,-69.6666666667
14,-62.2222222222
15,-63.1
16,-59.8
17,-64.7
18,-61.0
19,-69.5
20,-64.0
21,-62.8
22,-65.6
23,-61.0
24,-65.3
25,-69.5
26,-74.3
