frequency,pdr
11,-65.7
12,-54.9
13,-65.6666666667
14,-68.1111111111
15,-53.7
16,-52.0
17,-52.0
18,-52.0
19,-56.0
20,-57.9
21,-50.3
22,-60.2
23,-54.4
24,-58.0
25,-67.4
26,-62.3
