frequency,pdr
11,-67.0
12,-70.6666666667
13,-62.2222222222
14,-61.0
15,-62.1
16,-64.0
17,-68.6
18,-63.0
19,-64.5
20,-73.9
21,-71.7
22,-64.0
23,-71.8
24,-67.0
25,-66.1
26,-67.3
