frequency,pdr
11,-60.9
12,-60.8888888889
13,-70.0
14,-63.3333333333
15,-69.7
16,-60.6
17,-67.0
18,-69.7
19,-58.2
20,-56.7
21,-61.0
22,-59.0
23,-62.7
24,-65.9
25,-61.7
26,-68.5
