frequency,pdr
11,-52.0
12,-65.5555555556
13,-59.1111111111
14,-62.9
15,-54.8
16,-55.0
17,-55.0
18,-53.3
19,-55.0
20,-65.0
21,-67.6
22,-66.8
23,-64.5
24,-65.4
25,-63.7
26,-58.4
