frequency,pdr
11,-60.0
12,-56.5555555556
13,-67.7777777778
14,-65.3333333333
15,-64.0
16,-67.0
17,-66.0
18,-70.4
19,-65.8
20,-63.3
21,-64.1
22,-64.0
23,-62.8
24,-67.0
25,-64.0
26,-70.0
