frequency,pdr
11,-67.0
12,-67.4
13,-66.7777777778
14,-66.8888888889
15,-65.3
16,-61.0
17,-61.6
18,-63.4
19,-69.1818181818
20,-67.0
21,-74.6666666667
22,-55.5
23,-58.0
24,-62.0
25,-70.0
26,-71.1
