frequency,pdr
11,-70.3
12,-69.4
13,-63.2222222222
14,-59.6666666667
15,-65.4
16,-60.0
17,-69.5
18,-61.1
19,-58.3
20,-73.0
21,-66.7
22,-63.2
23,-63.3
24,-68.3
25,-69.1
26,-63.9
