frequency,pdr
11,-47.2
12,-48.1111111111
13,-57.3333333333
14,-49.0
15,-61.0
16,-49.0
17,-50.0
18,-48.9
19,-45.5
20,-53.0
21,-60.4
22,-55.3
23,-55.0
24,-53.4
25,-52.0
26,-58.2
