frequency,pdr
11,-58.0
12,-65.5555555556
13,-58.0
14,-65.4444444444
15,-66.1
16,-59.0
17,-67.9
18,-61.0
19,-67.0
20,-64.2
21,-58.0
22,-69.4
23,-83.0
24,-70.5
25,-67.8
26,-68.0
