frequency,pdr
11,-55.0
12,-55.2222222222
13,-60.3333333333
14,-55.2
15,-46.1
16,-47.7
17,-53.7
18,-49.0
19,-49.9
20,-43.1
21,-52.0
22,-53.8
23,-52.2
24,-51.8
25,-55.0
26,-53.3
