frequency,pdr
11,-53.9
12,-59.5555555556
13,-58.3333333333
14,-55.0
15,-60.8
16,-67.5
17,-70.0
18,-67.8
19,-63.4
20,-74.9
21,-73.2
22,-58.2
23,-57.4
24,-63.1
25,-68.4
26,-61.5
