frequency,pdr
11,-58.0
12,-52.5555555556
13,-62.4444444444
14,-70.125
15,-64.0
16,-61.0
17,-58.0
18,-68.9
19,-67.0
20,-69.4
21,-64.0
22,-55.0
23,-61.5
24,-61.0
25,-65.8
26,-61.1
