frequency,pdr
11,-65.9
12,-61.7777777778
13,-52.0
14,-62.4444444444
15,-59.9
16,-65.6
17,-59.9
18,-67.0
19,-62.3
20,-62.6
21,-60.4
22,-61.7
23,-58.1
24,-59.9
25,-64.1
26,-64.8
