frequency,pdr
11,-85.0
12,-86.0
13,-88.0
14,-89.7777777778
15,-91.0
16,-91.0
17,-91.0
18,-91.0
19,-90.9
20,-88.2
21,-87.4
22,-85.8571428571
23,-86.0
24,-86.9
25,-87.9
26,-88.0
