frequency,pdr
11,-84.8888888889
12,-80.6
13,-79.6666666667
14,-81.125
15,-79.8
16,-79.0
17,-79.0
18,-80.0
19,-82.0
20,-83.3
21,-85.1
22,-87.25
23,-89.375
24,-90.0
25,-91.0
26,-91.0
