frequency,pdr
11,-89.75
12,-89.6666666667
13,-90.6
14,-89.8
15,-90.0
16,-89.9
17,-89.0
18,-88.8888888889
19,-89.3
20,-88.4
21,-89.6
23,-91.0
24,-91.0
25,-89.2
26,-86.2
