frequency,pdr
11,-85.4444444444
12,-82.0
13,-79.0
14,-77.4444444444
15,-79.0
16,-80.7
17,-81.9
18,-79.9
19,-79.0
20,-80.0
21,-81.9
22,-82.0
23,-82.8
24,-87.9
25,-91.0
26,-85.0
