frequency,pdr
11,-79.5
12,-78.9
13,-78.4
14,-78.7
15,-79.0
16,-79.0
17,-81.2
18,-86.5555555556
19,-90.4
20,-85.0
21,-82.0
22,-80.625
23,-80.1111111111
24,-79.8
25,-79.0
26,-79.0
