frequency,pdr
11,-80.5
12,-81.8888888889
13,-84.9
14,-91.0
16,-91.0
17,-89.5555555556
18,-85.0
19,-83.9
20,-85.9
21,-89.2
22,-90.8
23,-89.2
24,-87.8
25,-90.0
26,-91.0
