frequency,pdr
11,-79.7
12,-85.4285714286
13,-76.8571428571
14,-74.7
15,-73.8
16,-76.0
17,-74.6666666667
18,-74.125
19,-73.1111111111
20,-70.8
21,-70.4
22,-72.5
23,-73.1
24,-73.8
25,-73.6
26,-72.2
