frequency,pdr
11,-76.0
12,-77.0
13,-74.0
14,-73.6
15,-79.0
16,-87.7777777778
17,-82.0
18,-79.0
19,-73.2222222222
20,-70.2
21,-71.1
22,-73.9
23,-78.6
24,-82.0
25,-90.0
26,-91.0
