frequency,pdr
11,-82.0
12,-86.7
13,-88.25
14,-85.1111111111
15,-82.5
16,-85.0
17,-87.1
18,-89.0
19,-86.6
20,-85.7
21,-86.5
22,-90.1428571429
23,-90.25
24,-91.0
25,-87.5
26,-88.1
