frequency,pdr
11,-90.1428571429
12,-88.8
13,-90.0
14,-90.6666666667
15,-91.0
16,-90.9
17,-90.6
18,-90.4
19,-91.0
23,-91.0
24,-91.0
