frequency,pdr
11,-89.5555555556
12,-90.8571428571
13,-91.0
14,-91.0
16,-91.0
17,-91.0
18,-91.0
19,-90.9
20,-91.0
21,-91.0
23,-91.0
24,-91.0
