frequency,pdr
11,-87.1
12,-87.0
13,-88.8571428571
14,-91.0
15,-91.0
16,-91.0
17,-91.0
18,-91.0
19,-91.0
20,-91.0
21,-91.0
22,-89.8571428571
23,-89.8888888889
24,-90.8
25,-91.0
26,-91.0
