frequency,pdr
12,-91.0
13,-91.0
16,-90.4
17,-87.0
18,-87.0
19,-90.1
20,-91.0
21,-89.0
22,-87.5714285714
23,-90.6666666667
24,-91.0
