frequency,pdr
11,-80.1
12,-82.4444444444
13,-80.4444444444
14,-80.4
15,-82.0
16,-82.4
17,-84.5555555556
18,-84.5555555556
19,-84.8
20,-87.2
21,-85.0
22,-83.3
23,-83.9
24,-87.5
25,-88.4
26,-90.1
