frequency,pdr
11,-57.875
12,-56.2222222222
13,-58.0
14,-59.2857142857
15,-67.0
16,-68.0
17,-67.0
18,-67.75
19,-67.0
20,-64.0
21,-64.0
22,-65.8
23,-68.0
24,-67.0
25,-67.0
26,-71.7
