frequency,pdr
11,-54.0
12,-54.3333333333
13,-51.1
14,-49.3
15,-51.5
16,-52.0
17,-55.0
18,-60.75
19,-63.1666666667
20,-72.4
21,-61.0
22,-63.3
23,-69.1
24,-64.0
25,-61.0
26,-61.0
