frequency,pdr
11,-60.6666666667
12,-60.8888888889
13,-61.375
14,-57.7777777778
15,-56.2
16,-55.0
17,-58.0
18,-62.5
19,-75.7142857143
20,-73.0
21,-78.1
22,-69.8
23,-61.4
24,-61.0
25,-60.7
26,-61.0
