frequency,pdr
11,-61.0
12,-64.6666666667
13,-60.0
14,-55.0
15,-61.0
16,-64.0
17,-61.0
18,-60.5
19,-65.1111111111
20,-68.0
21,-73.0
22,-67.0
23,-72.5
24,-74.1
25,-66.0
26,-64.0
