frequency,pdr
11,-60.3
12,-60.5
13,-64.0
14,-69.1428571429
15,-67.0
16,-65.0
17,-70.0
18,-88.5
19,-67.0
20,-64.0
21,-62.7
22,-68.1818181818
23,-72.0
24,-79.3
25,-80.5
26,-74.8
