frequency,pdr
11,-63.8
12,-64.0
13,-64.3
14,-67.0
15,-67.0
16,-67.125
17,-69.6666666667
18,-73.75
19,-79.1428571429
20,-70.0
21,-70.0
22,-70.0
23,-72.8
24,-82.0
25,-91.0
26,-76.9
