frequency,pdr
11,-63.3333333333
12,-69.1111111111
13,-67.0
14,-69.5714285714
15,-64.4
16,-61.0
17,-61.0
18,-62.8888888889
19,-58.0
20,-58.0
21,-55.0
22,-59.7
23,-58.8
24,-62.0
25,-61.0
26,-61.0
