frequency,pdr
11,-49.4444444444
12,-49.0
13,-52.0
14,-60.1
15,-72.9
16,-57.4444444444
17,-53.1111111111
18,-61.0
19,-59.0
20,-50.1
21,-49.0
22,-49.0
23,-53.3636363636
24,-58.0
25,-52.0
26,-52.0
