frequency,pdr
11,-54.75
12,-53.4444444444
13,-55.0
14,-54.7777777778
15,-55.8
16,-58.75
17,-63.7
18,-73.0
19,-60.3333333333
20,-55.4
21,-55.0
22,-55.0
23,-55.3
24,-55.0
25,-58.0
26,-60.9
