frequency,pdr
11,-69.875
12,-73.0
13,-76.0
14,-72.8888888889
15,-73.0
16,-76.875
17,-87.5555555556
18,-80.0
19,-83.2857142857
20,-76.0
21,-71.3
22,-70.0
23,-73.0
24,-72.7
25,-70.0
26,-70.0
