frequency,pdr
11,-63.6666666667
12,-63.8
13,-64.0
14,-66.6
15,-67.0
16,-69.0
17,-72.7777777778
18,-74.2222222222
19,-76.0
20,-73.0
21,-70.0
22,-69.9
23,-67.0
24,-71.0
25,-82.4
26,-76.1
