frequency,pdr
11,-67.1428571429
12,-67.0
13,-61.125
14,-61.0
15,-64.0
16,-67.0
17,-67.0
18,-60.7142857143
19,-58.6666666667
20,-61.0
21,-61.0
22,-62.1
23,-61.0
24,-64.0
25,-64.0
26,-67.0
