frequency,pdr
11,-53.2222222222
12,-55.1
13,-58.8
14,-57.3333333333
15,-53.2
16,-53.7
17,-52.0
18,-52.4
19,-52.0
20,-52.0
21,-53.0
22,-54.0
23,-58.0
24,-62.1
25,-62.0
26,-62.0
