frequency,pdr
11,-54.25
12,-55.0
13,-63.1111111111
14,-55.0
15,-52.0
16,-54.6666666667
17,-58.0
18,-57.875
19,-55.0
20,-55.0
21,-58.9
22,-63.0
23,-68.3
24,-67.3
25,-66.9
26,-61.6
