frequency,pdr
11,-61.4285714286
12,-59.6666666667
13,-60.8888888889
14,-66.3333333333
15,-67.0
16,-63.2222222222
17,-61.0
18,-60.875
19,-61.0
20,-63.0
21,-64.0
22,-68.0
23,-70.0
24,-67.0
25,-70.0
26,-75.0
