frequency,pdr
11,-62.125
12,-61.0
13,-55.0
14,-57.5555555556
15,-57.3
16,-55.3
17,-55.0
18,-54.1111111111
19,-52.1
20,-52.0
21,-58.0
22,-55.0
23,-53.9
24,-52.1
25,-53.9
26,-53.8
