frequency,pdr
11,-54.1428571429
12,-53.6666666667
13,-55.0
14,-57.375
15,-73.9
16,-55.0
17,-51.9
18,-50.3333333333
19,-51.7
20,-52.0
21,-55.0
22,-55.4
23,-52.0
24,-52.0
25,-60.0
26,-56.0
