frequency,pdr
11,-49.7142857143
12,-58.8888888889
13,-55.0
14,-52.0
15,-48.9
16,-44.8
17,-44.0
18,-44.9
19,-44.4
20,-45.0
21,-46.0
22,-51.8
23,-52.0
24,-47.3
25,-45.2
26,-43.0
