frequency,pdr
11,-50.8888888889
12,-50.0
13,-49.0
14,-54.4444444444
15,-55.0
16,-55.0
17,-56.0
18,-55.0
19,-54.0
20,-55.0
21,-53.6
22,-55.0
23,-54.0
24,-52.4
25,-55.0
26,-55.0
