frequency,pdr
11,-79.6666666667
12,-69.8888888889
13,-70.4444444444
14,-73.0
15,-74.9
16,-80.625
17,-76.8888888889
18,-69.2857142857
19,-70.0
20,-84.6666666667
21,-76.0
22,-71.0
23,-67.0
24,-67.1
25,-70.6
26,-73.0
