frequency,pdr
11,-54.375
12,-58.4444444444
13,-57.0
14,-59.1428571429
15,-58.0
16,-58.0
17,-58.0
18,-66.75
19,-60.1111111111
20,-59.0
21,-58.0
22,-58.0
23,-61.0
24,-60.9
25,-63.0
26,-70.0
