frequency,pdr
11,-57.375
12,-61.75
13,-67.0
14,-76.7142857143
15,-76.0
16,-70.375
17,-67.3333333333
18,-67.0
19,-70.0
20,-67.0
21,-68.2
22,-73.0
23,-67.0
24,-63.5
25,-71.9
26,-89.6
