frequency,pdr
11,-63.5555555556
12,-61.0
13,-67.0
14,-61.0
15,-68.1
16,-61.0
17,-67.0
18,-70.0
19,-67.0
20,-55.0
21,-62.1
22,-71.3333333333
23,-67.4
24,-59.6
25,-60.0
26,-61.8
