frequency,pdr
11,-61.5
12,-66.0
13,-71.3333333333
14,-66.4
15,-67.0
16,-69.4
17,-66.5
18,-66.3
19,-63.0
20,-62.7
21,-67.0
22,-65.5454545455
23,-66.3
24,-69.4
25,-71.5
26,-70.3
