frequency,pdr
11,-67.0
12,-76.7777777778
13,-63.6363636364
14,-59.3
15,-55.0
16,-60.0
17,-60.5
18,-59.0
19,-72.5
20,-73.2
21,-76.6
22,-62.7
23,-67.0
24,-76.8
25,-70.0
26,-62.8
