frequency,pdr
11,-48.9
12,-52.7777777778
13,-49.0
14,-47.6
15,-45.9
16,-48.2
17,-43.0
18,-48.4
19,-55.0
20,-46.0
21,-52.0
22,-49.5454545455
23,-48.0
24,-46.0
25,-46.0
26,-69.0
