frequency,pdr
11,-58.3
12,-69.5555555556
13,-60.8888888889
14,-64.1111111111
15,-55.0
16,-62.0
17,-64.0
18,-64.0
19,-63.8
20,-58.2
21,-58.7
22,-64.0
23,-61.0
24,-59.2
25,-63.7
26,-59.9
