frequency,pdr
11,-52.0
12,-50.7777777778
13,-52.0
14,-62.7777777778
15,-55.0
16,-50.7
17,-58.0
18,-52.0
19,-52.9
20,-58.7
21,-55.0
22,-64.0
23,-64.1
24,-55.9
25,-59.7
26,-55.9
