frequency,pdr
11,-60.1
12,-65.1111111111
13,-77.1111111111
14,-64.0
15,-67.0
16,-67.0
17,-71.9
18,-67.0
19,-67.0
20,-65.1
21,-78.1
22,-67.0
23,-61.0
24,-69.4
25,-63.0
26,-63.5
