frequency,pdr
11,-64.375
12,-60.9
13,-62.4444444444
14,-68.8888888889
15,-67.6
16,-66.5
17,-72.2
18,-72.6
19,-62.5
20,-76.4
21,-65.9
22,-68.3
23,-72.5
24,-61.0
25,-78.9
26,-71.6
