frequency,pdr
11,-55.0
12,-52.0
13,-63.1111111111
14,-56.0909090909
15,-56.5
16,-73.0
17,-56.0
18,-65.0
19,-67.1
20,-57.0
21,-58.0
22,-55.0
23,-55.0
24,-52.0
25,-51.7
26,-55.0
