frequency,pdr
11,-77.8888888889
12,-72.3333333333
13,-66.8888888889
14,-66.7
15,-67.0
16,-67.0
17,-63.1
18,-61.4
19,-68.7
20,-71.8
21,-70.1
22,-72.5
23,-78.0
24,-67.0
25,-64.0
26,-64.0
