frequency,pdr
11,-51.3
12,-61.5555555556
13,-57.6666666667
14,-55.0
15,-49.0
16,-55.0
17,-54.4
18,-53.4
19,-48.4
20,-52.0
21,-48.4
22,-49.0
23,-54.0
24,-55.0
25,-55.0
26,-46.3
