frequency,pdr
11,-63.8888888889
12,-56.7
13,-52.1111111111
14,-55.0
15,-59.7
16,-55.0
17,-59.0
18,-64.5
19,-64.0
20,-68.0
21,-52.6
22,-72.875
23,-65.3
24,-57.9
25,-52.6
26,-57.3
