frequency,pdr
11,-46.1
12,-48.3333333333
13,-51.4444444444
14,-51.9
15,-53.7
16,-49.6
17,-52.7
18,-52.0
19,-66.6
20,-52.0
21,-53.4
22,-55.3
23,-51.2
24,-55.9
25,-55.0
26,-52.0
