frequency,pdr
11,-87.4
12,-89.1428571429
13,-91.0
14,-90.9
15,-88.0
16,-86.0
17,-85.6
18,-87.0
19,-85.1111111111
20,-83.1
21,-84.4
22,-86.5
23,-90.7777777778
25,-91.0
26,-88.0
