frequency,pdr
11,-87.3333333333
12,-88.8888888889
13,-84.4444444444
14,-82.5
15,-83.1
16,-86.8333333333
17,-88.5
18,-82.25
19,-79.0
20,-79.0
21,-79.0
22,-78.9
23,-79.0
24,-78.0
25,-76.4
26,-77.1
