frequency,pdr
11,-85.0
12,-82.0
13,-82.0
14,-81.0
15,-79.3
16,-79.1666666667
17,-79.5
18,-79.5
19,-79.0
20,-79.6
21,-80.9
22,-83.25
23,-85.6666666667
24,-85.0
25,-85.4
26,-87.7
