frequency,pdr
11,-85.0
12,-82.375
13,-82.7
14,-86.7
15,-89.4
16,-86.1111111111
17,-86.7142857143
18,-86.875
19,-90.5555555556
20,-91.0
21,-89.0
22,-88.2
23,-91.0
25,-91.0
26,-91.0
