frequency,pdr
11,-84.0
12,-85.2
13,-85.8
14,-86.7
15,-88.9
16,-91.0
19,-91.0
20,-88.2
21,-86.1111111111
22,-85.5714285714
23,-84.7777777778
24,-83.5
25,-83.5
26,-85.1
