frequency,pdr
12,-90.8888888889
13,-86.9
14,-85.0
15,-83.9
16,-83.1
17,-84.1111111111
18,-85.7
19,-87.4
20,-88.0
21,-87.6
22,-86.875
23,-89.25
24,-90.9
25,-90.0
26,-89.3
