frequency,pdr
11,-90.3333333333
12,-89.8571428571
13,-89.4444444444
14,-89.1
15,-90.9
16,-91.0
