frequency,pdr
11,-80.5
12,-79.2222222222
13,-79.6666666667
14,-82.3
15,-87.2
16,-90.8
17,-91.0
18,-86.2
19,-82.0
20,-79.1
21,-79.0
22,-79.0
23,-79.0
24,-80.1
25,-82.0
26,-85.4
