frequency,pdr
11,-69.9
12,-69.7777777778
13,-72.5555555556
14,-74.8
15,-76.0
16,-74.0
17,-72.0
18,-70.0
19,-70.0
20,-70.2
21,-73.0
22,-75.7
23,-77.7
24,-78.9
25,-79.0
26,-79.0
