frequency,pdr
11,-85.6
12,-87.9
13,-91.0
14,-91.0
15,-91.0
16,-91.0
17,-86.4
18,-84.5
19,-84.0
20,-83.9
21,-84.2857142857
22,-85.25
23,-88.8888888889
24,-87.7
25,-85.5
26,-86.0
