frequency,pdr
11,-80.0
12,-79.5
13,-79.1111111111
14,-79.0
15,-79.0
16,-79.0
17,-78.8
18,-77.3
19,-76.3
20,-77.0
21,-77.9
22,-78.7777777778
23,-80.8888888889
24,-83.0
25,-86.0
26,-88.0
