frequency,pdr
11,-83.8
12,-81.8571428571
13,-79.0
14,-79.0
15,-78.3
16,-78.3
17,-78.9
18,-78.9
19,-79.0
20,-79.3
21,-80.9
22,-81.6666666667
23,-82.0
24,-82.7
25,-84.9
26,-87.1
