frequency,pdr
11,-58.4
12,-62.4444444444
13,-59.2
14,-60.8888888889
15,-66.2
16,-63.7
17,-64.4
18,-67.0
19,-67.0
20,-64.0
21,-61.8
22,-61.0
23,-58.0
24,-60.9
25,-58.8888888889
26,-55.7
