frequency,pdr
11,-48.9
12,-47.0
13,-46.0
14,-49.6666666667
15,-47.0
16,-45.0
17,-49.1
18,-43.5
19,-43.0
20,-47.9090909091
21,-50.6
22,-73.2
23,-51.0
24,-46.0
25,-48.3
26,-59.0
