frequency,pdr
11,-61.0
12,-58.0
13,-58.0
14,-67.8888888889
15,-70.3
16,-65.0
17,-64.0
18,-63.7
19,-60.1
20,-64.9
21,-70.0
22,-70.4
23,-61.9
24,-62.4444444444
25,-63.7777777778
26,-75.6
