frequency,pdr
11,-71.6
12,-68.0
13,-62.5
14,-65.0
15,-67.7
16,-59.8
17,-63.7
18,-65.5
19,-62.7
20,-64.6
21,-70.7
22,-63.9
23,-64.0
24,-68.1111111111
25,-70.1111111111
26,-76.0
