frequency,pdr
11,-57.7
12,-66.2222222222
13,-59.1
14,-58.9
15,-62.2
16,-55.0
17,-55.3
18,-69.0
19,-58.9
20,-60.7
21,-64.0
22,-58.0
23,-58.0
24,-69.4444444444
25,-60.7
26,-64.9
