frequency,pdr
11,-64.3
12,-62.7777777778
13,-62.1
14,-66.8888888889
15,-65.1
16,-60.3
17,-67.9
18,-70.9
19,-65.0
20,-65.1
21,-68.0
22,-67.0
23,-67.0
24,-66.2222222222
25,-60.0
26,-74.1
