frequency,pdr
11,-67.8
12,-73.0
13,-62.0
14,-68.7777777778
15,-68.2
16,-71.1
17,-73.2
18,-65.0
19,-79.2
20,-67.0
21,-74.5
22,-77.8888888889
23,-63.9
24,-71.75
25,-60.8
26,-67.0
