frequency,pdr
11,-64.1
12,-69.7272727273
13,-71.2
14,-62.1
15,-64.0
16,-61.0
17,-69.1818181818
18,-65.2
19,-69.6
20,-62.9
21,-70.2
22,-70.9
23,-66.7
24,-67.0
25,-66.3333333333
26,-64.0
