frequency,pdr
11,-61.2
12,-58.0
13,-73.0
14,-56.8888888889
15,-55.0
16,-55.0
17,-61.6
18,-56.6
19,-53.6
20,-55.0
21,-55.0
22,-58.0
23,-58.0
24,-55.0
25,-57.0
26,-71.3333333333
