frequency,pdr
11,-66.3
12,-76.1111111111
13,-63.6
14,-63.6
15,-61.6
16,-64.0
17,-61.0
18,-58.8
19,-55.0
20,-59.5454545455
21,-56.3
22,-59.9
23,-69.0
24,-60.6666666667
25,-76.6666666667
26,-61.7
