frequency,pdr
11,-70.0
12,-63.5454545455
13,-61.0
14,-58.4444444444
15,-55.0
16,-68.4
17,-67.0
18,-63.9
19,-71.6
20,-60.5
21,-59.4
22,-59.1
23,-70.0
24,-67.0
25,-64.4444444444
26,-61.0
