frequency,pdr
11,-57.9
12,-55.0
13,-58.0
14,-57.0
15,-56.5
16,-57.3
17,-67.0
18,-58.6363636364
19,-63.5
20,-60.0
21,-59.8
22,-61.1
23,-56.6
24,-61.3
25,-66.4444444444
26,-64.0
