frequency,pdr
11,-65.4
12,-67.2222222222
13,-61.1
14,-58.2
15,-67.5
16,-58.8
17,-58.0
18,-63.0
19,-59.8
20,-64.0
21,-67.3
22,-58.9
23,-65.7
24,-65.375
25,-66.5555555556
26,-67.0
