frequency,pdr
11,-58.5
12,-64.7777777778
13,-71.6
14,-67.6666666667
15,-58.0
16,-59.2
17,-64.0
18,-68.1
19,-60.9
20,-69.7
21,-55.0
22,-55.0
23,-60.2
24,-62.0
25,-63.4
26,-72.7
