frequency,pdr
11,-58.8
12,-67.6363636364
13,-59.6
14,-55.0
15,-62.1
16,-52.2
17,-53.3
18,-58.0
19,-65.7
20,-56.8
21,-65.9
22,-67.7
23,-63.0
24,-63.9
25,-72.4444444444
26,-67.5
