frequency,pdr
11,-60.9
12,-64.1111111111
13,-57.4
14,-60.0
15,-58.5
16,-66.6
17,-67.0
18,-67.0
19,-67.0
20,-68.8
21,-64.0
22,-58.0
23,-75.4
24,-70.8888888889
25,-63.8888888889
26,-61.8
