frequency,pdr
11,-61.1
12,-65.8
13,-71.9
14,-65.8888888889
15,-66.2
16,-69.1
17,-66.7
18,-65.4
19,-61.9
20,-62.1
21,-67.0
22,-62.0
23,-65.1
24,-69.1111111111
25,-71.0
26,-69.3333333333
