frequency,pdr
11,-60.2
12,-56.3
13,-63.6
14,-66.6666666667
15,-65.7
16,-61.0
17,-77.4
18,-61.7
19,-58.0
20,-64.3
21,-55.0
22,-59.9
23,-61.5
24,-64.7777777778
25,-59.6
26,-65.1
