frequency,pdr
11,-59.9
12,-59.4444444444
13,-62.6
14,-69.5555555556
15,-61.6
16,-59.6
17,-64.3
18,-66.2
19,-58.0
20,-70.7
21,-65.9
22,-67.8
23,-67.0
24,-63.7777777778
25,-63.4
26,-66.6
