frequency,pdr
11,-69.7
12,-63.0
13,-64.8
14,-61.1111111111
15,-62.4
16,-65.8
17,-58.0
18,-64.9
19,-58.0
20,-61.0
21,-52.0
22,-55.0
23,-65.2
24,-76.1111111111
25,-77.3333333333
26,-55.0
