frequency,pdr
11,-64.9
12,-64.0
13,-61.9
14,-64.5555555556
15,-61.0
16,-70.0
17,-69.0
18,-61.5
19,-61.1
20,-70.9
21,-60.9
22,-58.3
23,-57.9
24,-70.5555555556
25,-73.0
26,-71.3
