frequency,pdr
11,-63.2
12,-57.9
13,-61.1
14,-66.2222222222
15,-61.0
16,-61.1
17,-63.4
18,-60.6
19,-76.3
20,-64.0
21,-64.0
22,-71.0
23,-61.0
24,-77.2222222222
25,-68.9
26,-79.0
