frequency,pdr
11,-59.1
12,-64.0
13,-68.0
14,-65.3333333333
15,-72.6
16,-66.7
17,-76.0
18,-63.7
19,-61.1
20,-65.3
21,-66.3
22,-61.0
23,-57.4
24,-61.0
25,-62.1111111111
26,-65.4
