frequency,pdr
11,-58.2
12,-66.7777777778
13,-65.0
14,-76.4
15,-61.2
16,-58.2
17,-60.7
18,-61.0
19,-67.0
20,-62.4
21,-64.0
22,-60.6
23,-71.4
24,-63.3
25,-67.0
26,-75.3333333333
