frequency,pdr
11,-59.8
12,-55.0
13,-63.7272727273
14,-65.1111111111
15,-62.0
16,-72.3
17,-63.2
18,-65.1
19,-58.0
20,-67.0
21,-61.0
22,-61.0
23,-61.5
24,-68.4444444444
25,-58.5555555556
26,-80.7
