frequency,pdr
11,-59.3
12,-68.1111111111
13,-74.7
14,-61.0
15,-61.0
16,-67.0
17,-67.0
18,-61.0
19,-58.7
20,-58.2
21,-64.0
22,-63.1
23,-66.7
24,-74.4444444444
25,-61.0
26,-67.0
