frequency,pdr
11,-61.0
12,-62.5555555556
13,-71.5
14,-68.5
15,-67.0
16,-64.0
17,-58.0
18,-59.0
19,-60.3
20,-67.0
21,-67.8
22,-66.0
23,-61.8
24,-80.1111111111
25,-66.4444444444
26,-64.3
