frequency,pdr
11,-58.7
12,-70.6666666667
13,-68.6
14,-65.4444444444
15,-66.0
16,-74.0
17,-67.5
18,-64.0
19,-61.0
20,-64.0
21,-63.0
22,-63.0
23,-66.0
24,-67.0
25,-68.8
26,-61.0
