frequency,pdr
11,-60.9
12,-55.0
13,-62.1
14,-58.0
15,-60.9
16,-61.0
17,-70.6
18,-61.1
19,-67.5
20,-59.7
21,-70.0
22,-64.1
23,-58.0
24,-79.0
25,-62.6666666667
26,-71.8888888889
