frequency,pdr
11,-55.1
12,-56.2222222222
13,-56.0
14,-56.5555555556
15,-63.8
16,-66.3
17,-55.0
18,-51.5
19,-61.1
20,-53.7
21,-54.0
22,-59.6
23,-58.4
24,-67.0
25,-58.0
26,-62.2
