frequency,pdr
11,-62.0
12,-58.2222222222
13,-58.0
14,-61.8888888889
15,-58.0
16,-55.0
17,-62.5
18,-65.9
19,-70.5
20,-63.0
21,-61.0
22,-63.7
23,-59.2
24,-61.0
25,-60.4
26,-73.0
