frequency,pdr
11,-66.8
12,-63.1111111111
13,-55.0
14,-58.0
15,-58.5
16,-55.0
17,-59.7
18,-65.7
19,-55.4
20,-62.0
21,-60.1
22,-63.0
23,-75.2
24,-65.6666666667
25,-66.7777777778
26,-63.0
