frequency,pdr
11,-61.0
12,-61.4444444444
13,-62.5
14,-71.2222222222
15,-68.4
16,-68.1
17,-68.2
18,-67.0
19,-68.3
20,-58.2
21,-64.0
22,-64.0
23,-67.9
24,-67.0
25,-61.0
26,-66.1
