frequency,pdr
11,-64.0
12,-75.1111111111
13,-65.0
14,-66.8888888889
15,-69.9
16,-68.0
17,-62.4
18,-64.0
19,-61.9
20,-70.0
21,-67.0
22,-66.1
23,-68.4
24,-74.1111111111
25,-67.0
26,-70.3
