frequency,pdr
11,-62.5
12,-62.0
13,-60.1
14,-58.1
15,-57.0
16,-59.0
17,-70.0
18,-74.9
19,-73.0
20,-67.7
21,-64.0
22,-62.7
23,-67.0
24,-64.0
25,-68.4444444444
26,-68.6666666667
