frequency,pdr
11,-55.0
12,-55.8888888889
13,-52.8
14,-46.0
15,-43.0
16,-42.5
17,-49.0
18,-51.1
19,-46.0
20,-45.8
21,-49.0
22,-53.6
23,-57.9
24,-77.5
25,-71.2222222222
26,-55.0
