frequency,pdr
11,-60.7
12,-61.1111111111
13,-60.6
14,-60.8888888889
15,-55.0
16,-61.0
17,-55.0
18,-58.0
19,-55.0
20,-67.0
21,-70.0
22,-65.6
23,-66.3
24,-65.625
25,-67.0
26,-62.9
