frequency,pdr
11,-64.0
12,-64.3333333333
13,-67.3
14,-58.7777777778
15,-68.7
16,-65.4
17,-63.6
18,-61.8
19,-62.5
20,-61.0
21,-76.4
22,-66.2
23,-67.0
24,-67.0
25,-54.0
26,-58.7
