frequency,pdr
11,-55.0
12,-60.2222222222
13,-67.0
14,-59.3333333333
15,-66.3
16,-65.2
17,-67.2
18,-65.7
19,-67.0
20,-61.0
21,-67.0
22,-67.0
23,-67.0
24,-58.0
25,-67.0
26,-67.0
