frequency,pdr
11,-59.4
12,-68.1111111111
13,-69.5
14,-66.2222222222
15,-59.8
16,-67.0
17,-64.0
18,-61.0
19,-62.3
20,-71.5
21,-75.9
22,-61.0
23,-61.0
24,-73.375
25,-67.0
26,-67.0
