frequency,pdr
11,-61.1
12,-70.5555555556
13,-60.5
14,-60.8
15,-65.3
16,-61.9
17,-67.0
18,-67.8
19,-70.3
20,-58.9
21,-61.0
22,-61.0
23,-71.5
24,-60.8888888889
25,-59.5454545455
26,-60.4
