frequency,pdr
11,-55.8
12,-66.5555555556
13,-52.5
14,-56.3333333333
15,-59.3
16,-61.0
17,-65.6
18,-55.0
19,-46.6
20,-47.0
21,-43.0
22,-54.3
23,-43.0
24,-43.0
25,-45.3
26,-47.6
