frequency,pdr
11,-57.9
12,-57.7777777778
13,-57.0
14,-58.0
15,-57.0
16,-60.9
17,-71.1
18,-67.0
19,-59.3
20,-61.0
21,-66.5
22,-61.1
23,-64.0
24,-62.0
25,-64.8888888889
26,-63.5
