frequency,pdr
11,-58.1
12,-56.3333333333
13,-57.0
14,-62.4444444444
15,-60.0
16,-62.3
17,-58.0
18,-62.3
19,-55.0
20,-55.0
21,-55.0
22,-69.9
23,-55.0
24,-55.0
25,-53.0
26,-55.1818181818
