frequency,pdr
11,-55.0
12,-56.1111111111
13,-55.0
14,-68.7777777778
15,-69.6
16,-64.0
17,-65.7
18,-70.3
19,-62.8
20,-61.0
21,-58.1
22,-71.5
23,-59.2
24,-64.125
25,-65.6666666667
26,-71.1
