frequency,pdr
11,-73.8
12,-66.5
13,-75.8
14,-78.4444444444
15,-70.0
16,-63.0
17,-60.0
18,-60.0
19,-65.5
20,-62.0
21,-62.0
22,-63.2
23,-61.0
24,-75.75
25,-63.7777777778
26,-63.9
