frequency,pdr
11,-63.8
12,-68.4444444444
13,-67.9
14,-66.8888888889
15,-68.7
16,-67.0
17,-74.9
18,-67.0
19,-66.2
20,-61.0
21,-69.6
22,-71.8
23,-71.3
24,-68.0
25,-67.0
26,-75.6666666667
