frequency,pdr
11,-73.8
12,-67.7777777778
13,-66.9
14,-59.6666666667
15,-61.0
16,-55.0
17,-62.3
18,-66.1
19,-71.5
20,-68.6
21,-64.0
22,-69.6
23,-61.7
24,-59.2222222222
25,-76.125
26,-65.0
