frequency,pdr
11,-64.3
12,-61.5
13,-74.4
14,-64.1111111111
15,-69.4
16,-72.9
17,-62.1
18,-66.1
19,-67.0
20,-67.0
21,-63.8
22,-68.6
23,-79.2222222222
24,-68.0
25,-70.2222222222
26,-67.0
