frequency,pdr
11,-58.1
12,-60.9
13,-66.1
14,-58.0
15,-63.5
16,-63.0
17,-66.9
18,-64.0
19,-61.0
20,-59.3
21,-69.2
22,-67.6
23,-64.0
24,-69.2222222222
25,-62.1111111111
26,-63.7
