frequency,pdr
11,-65.5
12,-65.1111111111
13,-63.6
14,-71.2
15,-69.3
16,-66.2
17,-61.9
18,-67.0
19,-67.0
20,-67.0
21,-68.7
22,-63.8
23,-71.4
24,-75.4444444444
25,-66.9
26,-67.0
