frequency,pdr
11,-67.1
12,-61.9
13,-68.2
14,-65.4444444444
15,-67.1
16,-60.9
17,-67.6
18,-67.4
19,-64.5
20,-64.0
21,-64.0
22,-64.8
23,-70.0
24,-67.625
25,-72.4444444444
26,-59.0
