frequency,pdr
11,-61.8
12,-66.9
13,-65.4
14,-68.5555555556
15,-61.0
16,-71.8
17,-68.1
18,-73.1
19,-65.0
20,-67.0
21,-77.4
22,-55.0
23,-58.4
24,-55.6666666667
25,-68.6
26,-58.0
