frequency,pdr
11,-64.0
12,-67.1111111111
13,-60.1
14,-65.6666666667
15,-66.2
16,-64.2
17,-64.0
18,-64.0
19,-68.0
20,-58.0
21,-60.2
22,-67.4
23,-64.0
24,-68.1111111111
25,-71.4444444444
26,-62.0
