frequency,pdr
11,-63.9
12,-58.3333333333
13,-62.8
14,-76.75
15,-65.4
16,-70.0
17,-68.0
18,-67.1
19,-59.7
20,-64.0
21,-66.7
22,-68.9
23,-61.0
24,-71.4444444444
25,-75.2
26,-63.3
