frequency,pdr
11,-73.0
12,-73.0
13,-72.2857142857
14,-77.3333333333
15,-84.8
16,-82.0
17,-79.2
18,-75.9
19,-79.0
20,-70.0
21,-68.7
22,-72.2
23,-73.0
24,-70.0
25,-70.0
26,-68.3
