frequency,pdr
11,-68.8888888889
12,-68.0
13,-67.25
14,-66.8
15,-67.0
16,-70.0
17,-69.9
18,-73.0
19,-77.0
20,-84.4
21,-82.0
22,-77.875
23,-72.7777777778
24,-76.7
25,-79.0
26,-82.1
