frequency,pdr
11,-90.4285714286
12,-90.3
13,-89.5
14,-91.0
15,-91.0
16,-91.0
17,-91.0
18,-90.4
19,-91.0
20,-91.0
21,-89.3333333333
22,-86.2222222222
23,-85.1111111111
24,-88.3
25,-88.0
26,-90.4
