frequency,pdr
11,-44.3
12,-44.0
13,-46.0
14,-44.6
15,-43.3
16,-43.0
17,-43.4
18,-46.0
19,-51.4
20,-49.4
21,-49.2222222222
22,-49.1
23,-54.8888888889
24,-66.0
25,-68.4
26,-67.0
