frequency,pdr
11,-80.6
12,-82.625
13,-85.0
14,-82.4444444444
15,-81.1
16,-79.0
17,-79.0
18,-79.0
19,-79.3
20,-82.0
21,-84.0
22,-85.5714285714
23,-82.9
24,-82.0
25,-82.0
26,-82.0
