frequency,pdr
11,-88.6666666667
12,-88.4545454545
13,-88.125
14,-88.7
15,-91.0
16,-91.0
17,-91.0
18,-90.0
19,-90.1
20,-87.2
21,-85.4
22,-87.8571428571
23,-91.0
24,-91.0
25,-85.7
26,-82.1
