frequency,pdr
11,-90.7777777778
12,-90.8888888889
13,-91.0
14,-89.0
15,-85.8
16,-84.0
17,-85.0
18,-87.2
19,-90.6
20,-91.0
23,-90.8888888889
24,-91.0
25,-91.0
26,-90.9
