frequency,pdr
11,-89.6666666667
12,-82.7
13,-80.8888888889
14,-81.0
15,-82.0
16,-83.4444444444
17,-89.5
18,-91.0
21,-91.0
23,-90.8333333333
24,-91.0
25,-91.0
26,-91.0
