frequency,pdr
11,-70.2857142857
12,-67.0
13,-69.0
14,-70.0
15,-70.3
16,-67.1
17,-66.0
18,-64.4
19,-65.0
20,-65.0
21,-64.6
22,-66.9
23,-69.7
24,-67.0
25,-66.0
26,-69.1818181818
