frequency,pdr
11,-78.2
12,-80.125
13,-82.8888888889
14,-83.6
15,-83.2
16,-88.2
17,-91.0
18,-90.7777777778
19,-85.9
20,-83.6
21,-82.0
23,-83.1
24,-85.0
25,-84.9
26,-86.0
