frequency,pdr
11,-88.6
12,-86.1111111111
13,-86.1428571429
14,-87.3333333333
15,-88.1
16,-91.0
17,-91.0
18,-91.0
19,-91.0
20,-91.0
21,-91.0
22,-90.0
23,-91.0
24,-91.0
25,-91.0
26,-90.3
