frequency,pdr
11,-82.0
12,-82.7777777778
13,-89.8333333333
14,-89.0
15,-85.1
16,-80.9
17,-78.1
18,-83.7
19,-84.6
20,-76.0
21,-76.0
22,-76.0
23,-75.7
24,-74.8
25,-73.0
26,-74.7
