frequency,pdr
11,-85.0
12,-86.875
13,-89.8333333333
15,-85.6
16,-86.0
17,-91.0
18,-90.8888888889
19,-87.25
20,-82.8
21,-81.7
22,-83.6
23,-87.6
24,-91.0
25,-90.0
26,-88.7
