frequency,pdr
11,-90.75
12,-89.1666666667
13,-82.2222222222
14,-80.3
15,-81.9
16,-82.0
17,-80.7
18,-79.0
19,-77.8
20,-79.0
21,-79.0
22,-79.0
23,-79.0
24,-79.0
25,-77.0
26,-79.0
