frequency,pdr
11,-79.0
12,-77.8
13,-78.8888888889
14,-79.0
15,-79.0
16,-81.9
17,-85.5
18,-89.1
19,-89.9
20,-90.7
21,-91.0
22,-88.3333333333
23,-86.2222222222
24,-84.0
25,-84.9
26,-85.0
